date,P,Tmax,Tmin,Tmean,ET0
2016-01-01,0.0,6.7,1.2,4.0,0.53
2016-01-02,5.1,5.5,1.6,3.8,0.49
2016-01-03,9.0,4.3,1.4,2.4,0.47
2016-01-04,7.2,4.0,1.7,2.6,0.42
2016-01-05,0.4,2.7,0.0,1.4,0.57
2016-01-06,2.5,2.7,0.0,1.2,0.47
2016-01-07,12.0,6.8,0.8,3.7,0.28
2016-01-08,2.2,9.2,1.6,6.0,0.56
2016-01-09,4.4,8.3,4.3,6.0,0.68
2016-01-10,12.0,5.5,1.4,3.7,0.42
2016-01-11,9.0,5.8,0.9,3.1,0.64
2016-01-12,3.5,2.3,-1.3,0.8,0.58
2016-01-13,0.0,2.1,-2.1,-0.6,0.81
2016-01-14,8.1,2.8,-1.6,0.2,0.36
2016-01-15,1.2,-1.2,-4.4,-2.7,0.8
2016-01-16,0.0,-2.5,-5.3,-4.2,0.68
2016-01-17,0.0,-1.3,-6.2,-3.6,0.65
2016-01-18,1.6,-0.8,-4.7,-2.3,0.57
2016-01-19,0.0,2.9,-2.1,0.1,0.52
2016-01-20,0.0,3.3,-1.5,0.7,0.52
2016-01-21,0.0,1.9,-2.5,-0.4,0.75
2016-01-22,2.3,6.0,-3.0,0.7,0.75
2016-01-23,0.2,5.6,-0.9,2.9,0.6
2016-01-24,0.0,10.0,-2.8,1.7,1.17
2016-01-25,0.0,10.6,-0.4,3.2,1.15
2016-01-26,0.0,12.8,-0.2,4.3,1.11
2016-01-27,0.0,12.4,-0.9,4.3,1.03
2016-01-28,0.4,8.7,1.4,4.7,0.68
2016-01-29,0.1,7.5,-0.8,4.0,0.7
2016-01-30,0.7,5.5,-1.3,2.2,0.82
2016-01-31,3.1,7.7,3.8,5.7,0.29
2016-02-01,0.1,7.5,3.7,6.0,0.76
2016-02-02,0.0,9.7,2.5,5.3,1.09
2016-02-03,4.4,4.9,-1.4,1.8,0.66
2016-02-04,0.1,2.3,-1.9,0.3,0.69
2016-02-05,0.0,8.0,2.3,4.1,0.75
2016-02-06,1.1,7.4,2.3,4.5,0.99
2016-02-07,8.0,5.2,1.2,3.0,0.86
2016-02-08,1.4,6.0,1.6,4.0,0.69
2016-02-09,17.6,5.8,-0.9,3.7,0.57
2016-02-10,0.8,1.5,-2.3,-0.8,1.07
2016-02-11,1.7,2.2,-2.8,-0.6,0.53
2016-02-12,11.2,3.5,-1.2,1.0,0.46
2016-02-13,2.6,6.2,1.1,3.2,0.63
2016-02-14,6.2,4.2,-0.6,1.6,0.84
2016-02-15,3.1,-0.7,-3.5,-2.0,0.77
2016-02-16,0.1,-2.1,-4.2,-3.3,0.61
2016-02-17,0.0,2.4,-5.4,-2.1,0.98
2016-02-18,0.5,1.6,-6.8,-1.5,0.68
2016-02-19,0.0,1.9,-4.0,-1.6,1.15
2016-02-20,0.0,4.2,-2.4,1.4,0.64
2016-02-21,0.0,13.5,2.3,6.2,1.54
2016-02-22,3.7,10.4,-0.1,4.5,1.04
2016-02-23,4.9,5.5,2.4,4.0,0.67
2016-02-24,2.2,7.3,1.5,4.0,0.7
2016-02-25,3.7,4.2,-1.5,1.8,0.63
2016-02-26,0.0,4.2,-3.2,-0.3,1.35
2016-02-27,10.3,3.6,-0.6,1.4,0.66
2016-02-28,4.0,6.2,-0.8,1.9,1.19
2016-02-29,1.0,-0.6,-3.4,-1.8,0.56
2016-03-01,0.6,4.5,-3.5,0.2,1.54
2016-03-02,6.2,4.6,-0.4,1.7,0.64
2016-03-03,6.7,2.1,-1.0,0.2,1.03
2016-03-04,11.2,4.5,-0.1,2.5,0.36
2016-03-05,2.9,2.8,-2.3,0.1,1.01
2016-03-06,1.9,1.2,-3.2,-1.6,1.22
2016-03-07,1.5,3.0,-4.0,-1.2,1.29
2016-03-08,0.2,0.0,-4.7,-2.8,1.17
2016-03-09,5.0,2.0,-4.5,-1.1,0.52
2016-03-10,0.0,3.9,-2.6,0.2,1.32
2016-03-11,0.0,4.9,-1.0,1.1,1.24
2016-03-12,0.0,5.8,-2.1,1.2,1.55
2016-03-13,0.3,4.3,-2.0,0.7,1.33
2016-03-14,0.1,8.8,-2.0,2.8,1.95
2016-03-15,0.2,7.9,-2.5,2.6,1.95
2016-03-16,4.6,1.1,-2.0,-0.7,0.91
2016-03-17,5.1,4.7,-2.1,0.9,0.97
2016-03-18,0.0,8.8,-1.1,3.4,2.27
2016-03-19,0.0,10.7,-0.3,4.4,2.38
2016-03-20,1.1,8.1,-1.8,3.3,1.4
2016-03-21,0.0,7.6,-0.0,3.3,1.93
2016-03-22,0.0,7.5,-2.4,2.1,2.14
2016-03-23,0.9,5.2,-1.8,1.4,1.48
2016-03-24,0.0,7.6,-0.9,2.7,1.99
2016-03-25,1.0,4.9,0.2,2.8,0.84
2016-03-26,0.0,14.5,2.1,7.5,3.07
2016-03-27,3.7,7.3,1.1,4.1,1.66
2016-03-28,0.2,10.7,1.3,6.0,2.03
2016-03-29,4.8,9.8,2.3,6.2,1.12
2016-03-30,0.0,12.9,3.1,8.0,2.47
2016-03-31,11.1,14.1,3.9,8.6,2.63
2016-04-01,4.6,3.1,0.2,1.8,0.76
2016-04-02,1.2,12.3,1.5,6.9,1.6
2016-04-03,1.5,11.7,5.3,8.5,1.83
2016-04-04,2.8,8.3,5.0,6.7,1.19
2016-04-05,14.4,8.1,4.9,6.8,0.62
2016-04-06,0.0,11.8,3.5,7.1,2.62
2016-04-07,0.2,6.4,0.7,4.0,1.86
2016-04-08,1.7,4.9,-1.0,1.5,1.7
2016-04-09,0.0,9.4,-0.4,3.9,2.5
2016-04-10,0.0,12.9,0.1,6.8,3.21
2016-04-11,0.2,9.7,4.5,6.9,2.04
2016-04-12,2.1,12.1,5.1,8.0,2.57
2016-04-13,3.1,11.4,2.6,6.5,2.4
2016-04-14,0.6,14.2,-0.8,7.1,3.23
2016-04-15,3.5,15.0,4.4,9.2,2.81
2016-04-16,8.1,14.9,6.3,9.9,2.79
2016-04-17,5.3,10.9,3.0,7.1,2.3
2016-04-18,2.6,6.0,0.1,3.1,2.25
2016-04-19,0.0,12.4,-2.4,5.3,3.27
2016-04-20,0.0,17.3,0.6,9.8,3.92
2016-04-21,2.1,11.8,6.4,9.0,1.99
2016-04-22,5.3,11.3,6.1,8.1,2.0
2016-04-23,9.7,9.3,2.2,6.4,1.35
2016-04-24,0.8,3.9,-0.8,1.3,1.97
2016-04-25,0.0,7.2,-2.2,2.2,2.41
2016-04-26,3.3,6.5,1.0,3.4,1.64
2016-04-27,1.1,7.4,-1.2,2.8,2.89
2016-04-28,0.0,9.2,-1.1,3.7,3.14
2016-04-29,0.0,11.1,-0.1,5.0,3.44
2016-04-30,7.5,5.6,-1.3,1.9,1.37
2016-05-01,1.4,5.3,-1.3,1.7,1.8
2016-05-02,0.0,10.2,2.0,5.8,2.53
2016-05-03,0.1,9.7,1.6,5.9,2.32
2016-05-04,0.0,12.5,0.3,6.9,3.69
2016-05-05,0.0,17.8,1.9,10.0,4.73
2016-05-06,0.0,14.2,6.3,10.1,3.89
2016-05-07,0.0,15.1,6.3,10.5,4.04
2016-05-08,0.4,13.7,6.9,9.8,2.99
2016-05-09,3.6,12.8,8.6,10.3,1.91
2016-05-10,2.9,15.4,8.7,11.4,2.8
2016-05-11,20.1,12.9,7.0,9.5,1.64
2016-05-12,7.1,11.1,5.0,8.0,2.31
2016-05-13,11.0,9.1,6.7,7.9,0.99
2016-05-14,3.6,11.9,5.8,9.0,2.03
2016-05-15,0.0,9.1,2.8,5.7,3.06
2016-05-16,0.0,12.7,-0.1,6.4,3.72
2016-05-17,0.0,12.5,2.7,8.1,3.22
2016-05-18,0.6,13.8,4.0,9.1,3.06
2016-05-19,2.1,9.8,4.2,7.0,2.79
2016-05-20,0.0,15.6,4.5,10.1,3.62
2016-05-21,0.0,20.6,5.5,13.5,5.16
2016-05-22,17.9,12.4,4.1,9.2,2.02
2016-05-23,2.0,9.9,2.7,6.1,2.92
2016-05-24,0.0,11.4,2.6,7.1,2.72
2016-05-25,0.1,17.1,2.2,10.5,3.38
2016-05-26,0.1,19.3,7.0,13.0,3.86
2016-05-27,0.1,21.7,6.6,14.8,4.87
2016-05-28,14.8,20.4,9.4,14.1,4.08
2016-05-29,13.6,13.5,8.4,10.6,1.98
2016-05-30,3.5,11.4,7.8,9.3,1.8
2016-05-31,17.9,9.7,7.7,8.6,1.11
2016-06-01,7.9,9.4,7.6,8.5,0.65
2016-06-02,5.8,12.0,8.6,9.9,0.78
2016-06-03,0.2,14.5,8.9,11.0,1.52
2016-06-04,7.2,16.9,9.1,12.5,3.02
2016-06-05,0.9,14.9,9.8,12.2,2.58
2016-06-06,0.1,19.2,8.9,14.2,3.49
2016-06-07,4.9,18.7,9.6,14.4,3.3
2016-06-08,0.0,18.9,11.5,14.8,4.07
2016-06-09,0.0,17.7,10.8,13.8,3.82
2016-06-10,1.7,17.8,9.2,13.6,3.14
2016-06-11,0.0,16.3,9.7,12.6,3.48
2016-06-12,0.3,15.9,6.4,11.2,2.87
2016-06-13,8.5,14.9,10.0,11.9,2.15
2016-06-14,0.9,12.7,8.1,10.3,2.73
2016-06-15,3.1,14.6,6.8,10.9,3.19
2016-06-16,0.9,13.8,7.2,10.3,3.5
2016-06-17,0.6,13.1,7.3,10.0,3.08
2016-06-18,9.0,12.4,8.0,9.4,2.08
2016-06-19,0.9,12.7,7.7,9.9,2.68
2016-06-20,0.0,16.3,7.4,12.1,3.16
2016-06-21,2.7,20.3,10.9,15.3,2.36
2016-06-22,0.0,24.8,10.3,18.5,5.12
2016-06-23,0.0,25.4,13.7,19.8,6.31
2016-06-24,9.5,24.1,11.3,17.5,4.49
2016-06-25,2.5,18.5,11.4,15.4,3.4
2016-06-26,0.0,15.9,9.0,12.3,3.94
2016-06-27,0.0,18.4,7.5,13.0,4.21
2016-06-28,0.0,21.8,9.7,15.4,4.71
2016-06-29,1.2,22.8,9.1,16.5,4.9
2016-06-30,0.1,21.2,12.2,16.5,4.5
2016-07-01,0.0,23.2,11.1,17.7,5.11
2016-07-02,0.0,18.0,10.9,14.9,3.18
2016-07-03,0.0,19.1,8.8,13.8,4.65
2016-07-04,0.0,22.6,9.6,16.4,5.02
2016-07-05,0.1,22.6,13.1,17.5,4.84
2016-07-06,0.0,20.7,10.3,15.5,4.92
2016-07-07,0.0,23.8,10.3,17.4,5.19
2016-07-08,0.0,24.6,11.8,18.9,5.43
2016-07-09,0.0,24.3,12.5,18.8,5.47
2016-07-10,0.0,27.9,11.8,21.0,6.14
2016-07-11,7.9,24.8,14.5,19.0,3.94
2016-07-12,3.4,15.7,10.6,14.2,2.2
2016-07-13,0.0,13.1,8.3,10.6,3.54
2016-07-14,3.0,11.3,7.1,9.1,2.86
2016-07-15,0.0,15.6,6.5,10.8,4.09
2016-07-16,0.0,19.4,7.0,13.5,5.04
2016-07-17,0.0,25.3,10.2,17.9,5.45
2016-07-18,0.0,27.8,10.3,20.4,5.77
2016-07-19,0.0,29.5,12.1,21.6,6.31
2016-07-20,0.2,31.2,12.9,22.2,6.15
2016-07-21,0.8,24.8,15.4,20.0,4.04
2016-07-22,32.0,16.9,12.7,15.3,1.32
2016-07-23,0.8,19.4,11.1,15.2,3.36
2016-07-24,0.0,20.3,11.0,16.1,3.93
2016-07-25,0.0,21.0,11.1,16.8,4.13
2016-07-26,0.0,21.3,12.0,17.1,4.0
2016-07-27,0.0,22.1,12.2,17.1,4.36
2016-07-28,0.0,22.0,11.4,16.8,4.15
2016-07-29,0.0,25.0,13.2,18.7,4.9
2016-07-30,7.1,27.2,11.7,19.2,4.79
2016-07-31,6.2,20.7,13.9,16.8,3.47
2016-08-01,0.0,19.8,11.7,15.5,4.26
2016-08-02,0.0,23.0,10.2,16.8,4.68
2016-08-03,0.0,25.6,12.2,19.2,5.12
2016-08-04,7.6,23.2,12.0,16.6,3.06
2016-08-05,0.5,16.7,10.3,12.9,3.42
2016-08-06,0.0,18.4,9.2,13.6,4.2
2016-08-07,0.0,21.8,9.0,15.7,4.78
2016-08-08,0.0,24.5,13.4,18.8,4.92
2016-08-09,0.2,16.9,10.8,14.3,2.68
2016-08-10,0.0,15.6,8.4,11.7,4.31
2016-08-11,0.0,16.2,6.4,11.3,3.96
2016-08-12,0.0,21.0,8.0,14.9,4.34
2016-08-13,0.0,25.5,9.2,18.4,4.73
2016-08-14,0.0,26.1,11.3,19.6,4.49
2016-08-15,0.0,26.4,12.2,19.6,4.9
2016-08-16,1.0,25.9,12.3,19.4,4.3
2016-08-17,2.7,25.4,13.2,18.8,4.29
2016-08-18,4.5,20.3,13.2,16.6,2.86
2016-08-19,0.0,25.0,10.2,17.6,4.25
2016-08-20,9.6,16.9,11.9,15.0,1.44
2016-08-21,0.0,16.8,8.8,12.8,3.61
2016-08-22,0.0,21.2,8.0,14.8,4.36
2016-08-23,0.0,27.6,10.0,19.4,4.65
2016-08-24,0.0,29.4,12.6,21.2,4.95
2016-08-25,0.0,28.4,13.9,21.2,5.15
2016-08-26,0.0,28.3,13.1,21.1,4.67
2016-08-27,0.0,27.0,13.8,20.5,5.13
2016-08-28,2.4,25.4,12.9,19.2,3.98
2016-08-29,0.0,20.9,12.4,16.5,3.84
2016-08-30,0.0,20.5,11.1,15.7,2.84
2016-08-31,0.0,22.8,10.7,17.6,3.37
2016-09-01,0.0,23.5,12.8,18.0,3.83
2016-09-02,0.0,24.8,14.2,19.3,4.27
2016-09-03,0.0,25.3,12.0,18.7,4.16
2016-09-04,0.0,26.1,12.1,18.9,4.29
2016-09-05,0.5,21.9,12.2,17.0,3.28
2016-09-06,0.7,22.0,13.6,17.5,3.73
2016-09-07,0.0,23.9,9.3,17.1,4.32
2016-09-08,0.0,22.4,11.9,17.1,3.09
2016-09-09,0.0,22.1,13.6,17.7,2.58
2016-09-10,4.0,22.9,13.2,18.0,2.97
2016-09-11,0.1,22.6,12.9,17.8,2.78
2016-09-12,0.0,25.0,14.2,19.2,4.48
2016-09-13,0.0,23.6,15.2,18.8,4.87
2016-09-14,19.3,16.4,11.4,15.0,1.32
2016-09-15,0.4,15.9,9.9,12.3,2.17
2016-09-16,2.7,15.4,9.8,11.8,2.21
2016-09-17,2.1,11.7,7.9,9.4,2.01
2016-09-18,3.3,11.3,8.0,9.3,0.89
2016-09-19,2.2,13.8,9.2,11.1,1.64
2016-09-20,0.0,14.1,8.4,10.9,1.93
2016-09-21,0.0,15.2,4.6,10.4,2.53
2016-09-22,0.0,18.3,7.6,12.6,2.85
2016-09-23,0.0,17.8,6.2,12.3,2.31
2016-09-24,0.0,19.1,5.9,13.1,2.98
2016-09-25,3.8,17.2,9.9,12.5,2.01
2016-09-26,0.0,15.9,8.5,11.5,1.78
2016-09-27,0.0,15.9,7.7,11.6,2.38
2016-09-28,0.0,20.0,6.2,13.6,2.88
2016-09-29,0.0,20.4,7.2,13.5,3.28
2016-09-30,0.0,18.4,9.4,13.2,2.51
2016-10-01,8.4,15.7,7.9,12.2,1.24
2016-10-02,0.0,14.4,5.8,9.8,1.89
2016-10-03,0.0,13.5,3.7,8.0,2.39
2016-10-04,0.0,16.0,3.0,9.3,2.5
2016-10-05,0.0,17.8,3.2,10.1,2.35
2016-10-06,0.0,12.1,3.0,7.8,1.24
2016-10-07,0.0,14.2,2.9,8.0,2.13
2016-10-08,0.0,9.3,2.2,5.8,1.29
2016-10-09,0.0,9.2,2.5,5.3,1.57
2016-10-10,0.0,7.9,-0.1,3.7,1.52
2016-10-11,0.0,8.0,0.9,3.5,1.69
2016-10-12,1.9,10.6,-1.7,5.3,1.68
2016-10-13,30.2,9.1,4.1,7.2,0.9
2016-10-14,10.0,11.0,6.6,9.1,0.51
2016-10-15,0.0,14.7,4.9,8.7,2.09
2016-10-16,0.0,13.3,3.8,9.0,1.26
2016-10-17,0.9,15.0,8.0,11.0,1.35
2016-10-18,0.2,11.5,4.4,7.9,1.46
2016-10-19,0.0,7.6,3.2,5.5,0.79
2016-10-20,0.0,6.7,2.6,4.2,1.08
2016-10-21,0.0,7.1,2.6,4.5,0.91
2016-10-22,0.0,11.2,-1.4,5.0,1.63
2016-10-23,0.0,12.5,5.9,9.6,1.07
2016-10-24,0.8,15.3,11.5,13.0,1.17
2016-10-25,2.4,14.8,8.9,12.1,0.71
2016-10-26,1.6,12.3,7.5,9.6,0.82
2016-10-27,0.0,11.4,4.6,7.6,1.35
2016-10-28,0.0,16.4,1.5,8.5,1.73
2016-10-29,0.0,15.0,2.1,8.9,1.67
2016-10-30,0.0,17.1,2.7,9.6,1.65
2016-10-31,0.0,16.8,1.1,8.1,1.86
2016-11-01,0.0,14.9,4.0,8.4,1.57
2016-11-02,0.0,11.8,3.2,6.7,1.11
2016-11-03,0.0,8.2,0.5,4.1,1.09
2016-11-04,0.5,13.5,0.6,6.5,1.39
2016-11-05,8.9,10.6,3.6,7.5,0.57
2016-11-06,1.7,3.8,-1.3,1.4,0.73
2016-11-07,0.8,2.4,-1.9,-0.3,0.93
2016-11-08,2.6,2.1,-1.8,-0.2,0.68
2016-11-09,4.1,4.1,-1.1,1.9,0.62
2016-11-10,8.9,5.0,2.4,3.8,0.34
2016-11-11,4.3,5.1,-0.2,2.8,0.84
2016-11-12,0.0,5.9,-2.0,1.7,0.94
2016-11-13,3.0,5.3,2.0,3.7,0.26
2016-11-14,1.5,3.9,-0.1,2.3,0.61
2016-11-15,0.0,6.6,-1.9,2.0,0.88
2016-11-16,0.0,9.6,2.6,5.9,0.56
2016-11-17,0.0,9.3,3.6,6.2,0.75
2016-11-18,3.6,7.2,4.7,6.2,0.37
2016-11-19,2.7,5.2,1.9,3.4,1.03
2016-11-20,0.0,8.7,3.8,6.8,1.01
2016-11-21,11.9,10.8,8.2,9.7,0.79
2016-11-22,60.8,8.9,4.6,6.9,0.37
2016-11-23,0.0,11.9,8.3,9.8,1.64
2016-11-24,13.0,9.6,5.2,7.5,0.86
2016-11-25,9.3,7.4,1.8,5.0,0.67
2016-11-26,0.0,8.1,1.1,4.1,0.87
2016-11-27,0.0,7.4,-0.3,2.9,0.71
2016-11-28,0.0,3.1,-0.9,1.2,0.49
2016-11-29,0.0,6.3,-1.6,1.9,0.47
2016-11-30,0.0,4.7,-0.4,1.5,0.56
2016-12-01,0.0,5.7,-0.4,1.7,0.78
2016-12-02,0.0,5.4,-2.2,1.0,0.8
2016-12-03,0.0,6.3,-3.3,1.0,0.82
2016-12-04,0.0,6.7,2.9,4.8,0.64
2016-12-05,0.0,9.1,-0.1,4.7,0.83
2016-12-06,0.0,7.5,-1.2,2.4,0.69
2016-12-07,0.0,7.3,-2.5,0.8,0.78
2016-12-08,0.0,8.5,-0.4,2.0,1.13
2016-12-09,0.0,8.7,-2.0,1.6,0.8
2016-12-10,0.0,8.8,-1.6,2.7,0.78
2016-12-11,0.1,6.2,-1.3,2.0,0.73
2016-12-12,0.0,4.2,-2.8,0.5,0.64
2016-12-13,0.0,7.9,-2.1,2.0,0.79
2016-12-14,0.0,6.5,1.9,4.3,0.35
2016-12-15,0.0,7.5,3.0,4.8,0.49
2016-12-16,0.3,7.6,1.0,5.1,0.54
2016-12-17,0.0,5.7,-1.2,1.4,0.56
2016-12-18,0.0,3.0,-1.3,0.3,0.38
2016-12-19,3.7,1.7,-1.6,0.0,0.31
2016-12-20,23.7,0.4,-0.3,0.0,0.17
2016-12-21,0.0,5.0,-3.0,0.2,0.52
2016-12-22,0.4,6.8,-4.4,0.5,0.56
2016-12-23,0.0,5.7,1.4,3.4,0.32
2016-12-24,0.0,6.3,2.2,4.4,0.24
2016-12-25,0.0,6.1,1.9,3.8,0.46
2016-12-26,0.0,7.4,-1.2,3.0,0.66
2016-12-27,0.0,5.0,-0.7,2.3,0.71
2016-12-28,0.0,6.2,-1.4,1.7,0.76
2016-12-29,0.0,7.4,-2.8,2.1,0.81
2016-12-30,0.0,4.9,-2.7,-0.3,0.64
2016-12-31,0.0,5.3,-4.3,-0.8,0.62
2017-01-01,0.0,6.8,-2.4,0.3,0.95
2017-01-02,0.0,4.2,-4.2,-1.7,0.64
2017-01-03,0.1,-2.1,-6.8,-4.7,0.43
2017-01-04,0.4,2.7,-6.0,-2.6,0.84
2017-01-05,1.8,-2.5,-6.0,-4.0,0.36
2017-01-06,0.0,-3.9,-8.8,-7.0,0.51
2017-01-07,0.0,1.0,-8.2,-4.2,1.0
2017-01-08,2.8,-1.2,-4.3,-2.4,0.24
2017-01-09,0.0,-0.4,-4.3,-2.6,0.29
2017-01-10,10.9,0.8,-2.6,-0.5,0.29
2017-01-11,0.9,3.2,-1.9,0.5,0.38
2017-01-12,2.6,5.2,0.6,3.2,0.67
2017-01-13,3.9,0.6,-4.2,-2.5,0.74
2017-01-14,2.9,-2.9,-4.7,-4.0,0.64
2017-01-15,5.1,-3.7,-6.9,-5.1,0.36
2017-01-16,4.7,-2.8,-8.4,-4.7,0.46
2017-01-17,0.4,-5.8,-10.3,-8.3,0.59
2017-01-18,0.0,-4.3,-10.7,-8.3,0.59
2017-01-19,0.0,3.8,-16.1,-6.3,0.87
2017-01-20,0.0,4.3,-10.9,-3.8,0.98
2017-01-21,0.0,4.0,-9.1,-2.7,1.02
2017-01-22,2.0,3.6,-5.0,-0.5,0.6
2017-01-23,0.0,1.9,-6.6,-2.2,0.85
2017-01-24,0.9,-2.6,-9.6,-6.2,0.63
2017-01-25,1.4,-2.0,-8.7,-5.5,0.55
2017-01-26,11.0,2.0,-5.1,-1.0,0.75
2017-01-27,3.3,4.2,1.6,2.5,0.86
2017-01-28,3.4,5.3,0.2,2.2,0.57
2017-01-29,0.0,5.2,-0.8,1.4,0.86
2017-01-30,0.8,5.1,0.5,3.1,0.55
2017-01-31,2.9,10.5,2.5,5.3,0.99
2017-02-01,0.0,11.1,3.6,5.8,1.14
2017-02-02,4.7,7.1,4.2,5.3,0.57
2017-02-03,3.5,4.3,-0.1,1.9,0.61
2017-02-04,6.4,3.4,0.6,2.1,0.75
2017-02-05,6.7,2.8,-0.1,1.5,0.43
2017-02-06,4.3,1.4,-2.7,-0.7,0.55
2017-02-07,2.9,6.1,-1.4,2.1,0.65
2017-02-08,3.3,1.1,-2.7,-0.5,0.52
2017-02-09,4.0,0.0,-2.7,-1.4,0.36
2017-02-10,0.0,4.8,-2.8,1.1,1.08
2017-02-11,0.6,5.6,2.2,3.4,0.76
2017-02-12,0.3,7.8,2.1,4.4,1.25
2017-02-13,2.7,9.3,4.1,5.9,1.92
2017-02-14,1.8,7.8,3.6,5.3,1.29
2017-02-15,0.1,9.4,2.6,5.5,1.28
2017-02-16,0.0,10.7,0.5,5.3,1.35
2017-02-17,0.0,10.1,1.3,5.1,1.53
2017-02-18,0.3,8.7,-1.0,3.1,1.56
2017-02-19,0.0,9.5,0.8,4.1,1.72
2017-02-20,0.0,8.6,-0.0,3.8,1.57
2017-02-21,0.0,9.4,4.4,6.1,0.74
2017-02-22,0.0,13.4,1.3,6.6,1.85
2017-02-23,0.0,13.4,3.1,7.8,2.35
2017-02-24,0.0,3.7,-2.7,1.2,0.99
2017-02-25,0.0,5.9,-3.5,0.2,1.43
2017-02-26,0.0,11.1,1.1,4.7,2.29
2017-02-27,1.4,10.4,1.8,5.3,1.59
2017-02-28,14.1,3.2,-1.3,1.3,0.51
2017-03-01,0.8,4.8,-1.0,2.3,0.71
2017-03-02,0.3,9.1,1.6,5.2,1.49
2017-03-03,0.1,9.0,4.2,6.1,1.56
2017-03-04,19.6,4.9,0.0,2.3,0.75
2017-03-05,2.9,3.7,-0.4,2.0,0.67
2017-03-06,7.5,6.1,0.4,2.6,0.86
2017-03-07,2.6,3.3,-0.4,1.2,1.08
2017-03-08,0.1,10.4,-0.1,5.2,1.22
2017-03-09,0.0,13.1,1.2,6.1,2.23
2017-03-10,0.0,12.1,2.2,6.0,1.93
2017-03-11,0.0,18.1,2.4,9.7,3.03
2017-03-12,3.6,10.7,5.0,7.1,1.3
2017-03-13,0.3,8.9,3.6,6.0,1.07
2017-03-14,0.1,9.7,3.0,5.1,1.34
2017-03-15,0.0,12.7,0.8,6.0,2.33
2017-03-16,0.0,16.5,2.2,9.0,2.94
2017-03-17,0.0,15.8,4.8,9.5,3.04
2017-03-18,0.0,10.2,3.4,6.8,1.57
2017-03-19,0.0,12.6,3.2,7.5,2.06
2017-03-20,0.0,14.3,4.4,8.2,2.23
2017-03-21,2.8,9.9,1.0,4.6,1.48
2017-03-22,0.2,9.5,0.6,4.1,2.1
2017-03-23,16.9,7.1,0.1,3.2,0.9
2017-03-24,14.8,5.9,1.3,3.9,0.4
2017-03-25,6.8,9.7,1.9,4.3,1.22
2017-03-26,0.0,12.9,0.8,5.8,2.71
2017-03-27,0.0,12.0,2.7,7.0,2.83
2017-03-28,0.2,13.0,3.8,8.0,2.82
2017-03-29,0.0,14.0,3.1,8.2,2.98
2017-03-30,0.0,17.4,4.1,10.4,4.12
2017-03-31,0.0,13.4,4.6,9.1,3.49
2017-04-01,8.2,8.3,2.2,4.5,1.3
2017-04-02,4.3,6.6,2.8,4.5,0.93
2017-04-03,0.7,11.2,3.8,7.1,1.61
2017-04-04,0.1,11.4,3.5,7.1,2.49
2017-04-05,1.6,9.3,2.8,5.7,1.72
2017-04-06,0.3,7.4,0.8,3.7,1.46
2017-04-07,0.0,14.1,0.1,6.2,3.01
2017-04-08,0.0,17.2,2.6,10.0,3.69
2017-04-09,0.0,18.0,7.6,12.1,4.16
2017-04-10,0.2,17.5,7.4,12.3,3.76
2017-04-11,0.2,10.4,2.8,6.8,2.37
2017-04-12,0.0,15.6,1.4,8.4,3.56
2017-04-13,0.0,15.3,4.1,9.7,3.58
2017-04-14,0.0,15.8,4.7,9.8,3.34
2017-04-15,0.9,9.7,4.0,6.8,1.35
2017-04-16,0.0,10.9,2.6,5.9,2.1
2017-04-17,0.0,11.5,0.3,5.6,2.93
2017-04-18,0.3,7.0,-1.4,3.2,2.86
2017-04-19,0.0,7.2,-4.1,1.0,2.74
2017-04-20,0.0,7.1,-5.3,0.7,2.82
2017-04-21,0.0,11.7,-2.2,4.6,3.52
2017-04-22,0.0,15.2,0.7,8.4,4.1
2017-04-23,0.0,13.4,1.8,6.8,3.35
2017-04-24,0.0,17.1,1.9,10.1,4.28
2017-04-25,16.5,11.2,3.6,7.4,1.21
2017-04-26,3.9,4.7,-1.3,2.0,1.16
2017-04-27,0.3,4.0,-2.8,0.1,2.19
2017-04-28,1.0,4.7,-2.2,1.2,1.99
2017-04-29,0.0,12.4,-1.3,4.9,3.72
2017-04-30,15.2,8.8,0.8,5.3,1.93
2017-05-01,2.0,7.2,0.4,3.3,2.3
2017-05-02,5.5,7.7,2.4,4.6,1.5
2017-05-03,1.9,10.4,1.1,5.6,2.54
2017-05-04,4.6,12.3,2.4,6.9,3.04
2017-05-05,0.8,17.6,2.6,9.3,3.56
2017-05-06,14.7,9.3,5.6,7.7,1.6
2017-05-07,0.6,10.8,5.1,7.5,2.12
2017-05-08,0.5,9.7,3.3,6.5,1.99
2017-05-09,0.0,12.0,1.6,5.9,3.3
2017-05-10,1.7,14.2,3.1,9.1,2.94
2017-05-11,7.9,11.7,6.7,8.9,1.55
2017-05-12,6.9,14.3,6.7,10.2,3.01
2017-05-13,1.3,14.5,6.4,10.2,2.79
2017-05-14,0.5,15.9,5.7,10.7,3.66
2017-05-15,0.0,17.7,7.2,12.5,4.36
2017-05-16,0.0,21.8,7.6,15.0,4.82
2017-05-17,2.2,20.8,10.6,15.5,5.18
2017-05-18,8.7,18.0,3.7,12.1,3.2
2017-05-19,7.7,9.9,2.1,6.0,3.01
2017-05-20,0.3,10.6,3.4,7.1,2.14
2017-05-21,0.0,16.4,2.8,10.2,4.16
2017-05-22,0.0,19.4,9.5,14.2,4.36
2017-05-23,0.0,18.5,9.8,14.6,4.02
2017-05-24,0.0,20.0,11.1,15.0,4.38
2017-05-25,0.0,21.8,9.6,15.3,4.8
2017-05-26,0.0,23.1,11.2,17.2,4.97
2017-05-27,0.0,23.1,12.5,17.8,5.88
2017-05-28,0.0,23.5,13.7,18.2,6.48
2017-05-29,0.0,22.4,11.3,17.2,5.88
2017-05-30,1.5,21.8,10.7,15.7,4.56
2017-05-31,3.6,19.0,12.2,15.1,3.23
2017-06-01,3.6,20.3,10.3,15.1,3.83
2017-06-02,0.7,20.5,10.7,16.1,4.18
2017-06-03,13.4,18.1,10.6,14.1,2.18
2017-06-04,1.5,14.4,8.3,11.5,3.39
2017-06-05,0.0,16.4,7.5,11.4,3.21
2017-06-06,0.2,13.5,6.0,10.4,3.51
2017-06-07,0.2,12.9,5.2,9.0,2.56
2017-06-08,0.0,23.0,6.2,15.5,5.91
2017-06-09,3.0,20.1,10.6,15.5,4.41
2017-06-10,0.0,21.9,10.6,16.7,4.84
2017-06-11,0.0,26.3,12.8,20.2,5.67
2017-06-12,0.7,24.6,15.3,19.5,4.81
2017-06-13,5.7,27.2,15.2,20.2,4.55
2017-06-14,1.7,25.1,15.5,19.8,4.53
2017-06-15,1.0,25.7,14.9,20.2,4.73
2017-06-16,0.1,21.1,12.0,17.1,5.18
2017-06-17,0.0,21.2,8.9,15.2,5.24
2017-06-18,0.0,27.0,10.6,18.8,5.69
2017-06-19,0.0,25.6,15.1,20.2,6.37
2017-06-20,0.4,26.9,15.8,21.5,5.29
2017-06-21,0.0,27.0,16.8,21.5,4.9
2017-06-22,0.4,28.1,16.9,22.8,5.31
2017-06-23,0.9,25.3,17.2,21.4,5.23
2017-06-24,0.2,25.0,15.2,19.3,5.05
2017-06-25,0.0,21.9,13.0,17.4,5.2
2017-06-26,4.5,23.6,12.9,17.2,3.79
2017-06-27,35.2,23.2,13.6,17.7,4.29
2017-06-28,6.2,16.0,10.3,12.8,2.88
2017-06-29,2.1,13.0,8.1,10.2,2.55
2017-06-30,3.8,12.0,7.3,9.0,1.76
2017-07-01,3.8,13.1,6.8,9.9,2.07
2017-07-02,4.9,15.9,9.7,11.7,2.09
2017-07-03,0.1,19.1,10.8,14.2,3.92
2017-07-04,0.5,25.3,10.8,18.0,5.34
2017-07-05,0.0,25.7,14.1,19.8,6.39
2017-07-06,0.0,26.6,14.2,20.5,6.31
2017-07-07,0.0,28.7,15.8,22.8,5.48
2017-07-08,4.7,29.4,16.6,22.6,5.26
2017-07-09,6.7,20.0,14.6,17.2,3.26
2017-07-10,9.2,22.2,12.7,16.0,2.99
2017-07-11,0.5,20.7,12.5,16.1,3.75
2017-07-12,0.1,20.1,13.3,16.5,3.98
2017-07-13,0.9,21.6,12.6,16.2,3.97
2017-07-14,0.8,19.8,11.2,14.9,4.04
2017-07-15,0.0,19.5,10.5,14.9,4.82
2017-07-16,0.0,25.5,10.9,17.6,5.35
2017-07-17,0.6,25.0,14.1,19.8,4.63
2017-07-18,0.0,26.2,15.7,20.5,7.2
2017-07-19,2.0,25.6,15.4,19.8,5.68
2017-07-20,15.1,20.4,12.2,16.0,3.58
2017-07-21,9.6,20.9,12.7,15.5,2.21
2017-07-22,11.9,21.1,13.6,16.5,3.26
2017-07-23,0.0,18.7,11.5,14.9,4.26
2017-07-24,4.8,17.2,11.6,13.2,2.5
2017-07-25,2.0,15.9,10.2,12.8,2.64
2017-07-26,0.1,18.1,10.7,13.8,2.83
2017-07-27,0.4,19.4,12.0,15.1,2.2
2017-07-28,0.0,22.1,11.4,16.3,4.73
2017-07-29,2.5,24.7,12.3,18.8,4.24
2017-07-30,1.8,25.0,15.6,19.9,4.76
2017-07-31,0.1,26.7,15.5,21.0,5.93
2017-08-01,0.8,25.7,17.4,21.2,4.36
2017-08-02,0.0,28.7,15.4,22.0,5.23
2017-08-03,0.0,27.1,16.8,22.4,5.08
2017-08-04,0.0,26.1,15.2,20.3,4.88
2017-08-05,6.1,23.0,12.3,18.2,3.16
2017-08-06,0.0,18.8,11.4,14.7,3.7
2017-08-07,0.1,26.2,9.7,18.0,5.11
2017-08-08,15.8,16.5,9.2,14.0,2.9
2017-08-09,0.0,15.1,6.2,10.6,2.94
2017-08-10,2.2,12.3,6.6,9.6,2.12
2017-08-11,7.1,11.8,7.9,9.5,1.73
2017-08-12,0.0,18.9,7.9,12.9,3.86
2017-08-13,0.0,19.8,9.3,14.9,3.46
2017-08-14,0.4,24.7,13.1,18.8,4.92
2017-08-15,2.6,25.5,15.9,18.5,4.06
2017-08-16,4.9,21.9,13.1,17.5,3.25
2017-08-17,0.0,24.6,13.0,18.4,4.44
2017-08-18,1.4,25.0,13.3,18.4,3.99
2017-08-19,0.0,17.6,9.2,13.1,3.9
2017-08-20,0.0,16.9,7.0,11.7,3.85
2017-08-21,0.0,22.5,7.6,15.1,4.31
2017-08-22,0.0,27.9,12.4,20.0,5.13
2017-08-23,1.7,27.0,15.9,20.9,4.83
2017-08-24,7.5,24.3,15.6,19.3,3.42
2017-08-25,0.0,25.2,15.8,20.1,5.38
2017-08-26,0.0,28.0,16.0,21.2,5.42
2017-08-27,0.5,28.2,17.1,20.8,3.58
2017-08-28,0.0,28.0,17.6,22.1,4.29
2017-08-29,0.8,27.9,17.3,22.1,4.63
2017-08-30,7.1,22.7,15.9,19.0,2.78
2017-08-31,15.3,14.8,9.3,11.5,0.7
2017-09-01,1.2,13.7,7.7,10.3,2.51
2017-09-02,6.7,11.4,6.8,8.6,1.78
2017-09-03,0.0,16.1,6.5,11.1,2.7
2017-09-04,0.0,19.6,8.7,14.0,2.96
2017-09-05,0.3,20.1,11.0,15.4,2.63
2017-09-06,0.1,17.0,9.3,13.5,3.08
2017-09-07,0.0,14.0,7.4,10.2,2.33
2017-09-08,0.0,16.1,6.2,11.0,2.95
2017-09-09,9.2,11.7,7.4,9.6,1.24
2017-09-10,0.3,12.1,5.7,8.6,1.84
2017-09-11,0.7,12.6,7.6,10.1,1.69
2017-09-12,0.8,12.5,6.6,9.5,1.97
2017-09-13,0.0,15.7,8.3,12.3,1.47
2017-09-14,2.3,12.9,5.5,10.3,1.58
2017-09-15,0.4,11.4,3.5,7.4,1.68
2017-09-16,0.5,10.9,4.8,6.9,1.7
2017-09-17,3.1,8.2,4.8,6.5,1.03
2017-09-18,4.9,11.3,5.0,7.5,1.62
2017-09-19,5.7,8.9,4.5,6.1,1.28
2017-09-20,0.4,11.6,4.6,7.2,1.92
2017-09-21,0.0,19.4,4.1,11.9,3.21
2017-09-22,0.0,17.9,8.9,13.0,2.71
2017-09-23,0.2,18.7,6.7,13.3,2.6
2017-09-24,0.0,19.3,9.3,14.0,2.87
2017-09-25,8.2,16.7,9.4,12.3,1.58
2017-09-26,0.1,16.2,9.4,11.7,1.66
2017-09-27,0.0,18.6,9.2,13.1,2.94
2017-09-28,0.0,19.6,8.8,14.1,2.72
2017-09-29,0.0,21.6,11.0,15.3,3.26
2017-09-30,10.6,13.8,7.6,11.2,0.61
2017-10-01,0.6,13.3,5.8,9.5,1.35
2017-10-02,1.0,17.5,10.1,13.0,1.16
2017-10-03,1.7,15.8,7.5,12.1,0.94
2017-10-04,0.0,18.4,5.2,11.7,2.44
2017-10-05,0.0,19.3,7.3,12.4,2.98
2017-10-06,1.4,9.6,3.6,6.9,1.34
2017-10-07,0.0,13.1,2.4,6.8,2.13
2017-10-08,0.0,13.4,4.8,8.5,1.56
2017-10-09,0.2,12.6,6.0,8.8,1.24
2017-10-10,0.0,14.9,6.1,10.0,1.92
2017-10-11,0.0,18.9,6.4,12.2,3.01
2017-10-12,0.0,18.9,7.7,12.9,2.5
2017-10-13,0.0,20.7,9.1,14.0,2.66
2017-10-14,0.0,22.2,9.6,14.8,3.02
2017-10-15,0.0,21.4,10.9,14.4,2.88
2017-10-16,0.0,20.5,10.6,14.6,3.57
2017-10-17,0.0,19.2,9.6,13.3,3.64
2017-10-18,0.0,15.0,10.4,12.4,1.65
2017-10-19,0.3,15.3,10.6,12.2,1.82
2017-10-20,0.3,13.6,10.3,11.6,0.9
2017-10-21,0.2,14.8,6.0,10.2,1.13
2017-10-22,2.4,7.3,3.9,5.5,0.97
2017-10-23,0.2,7.4,3.8,5.7,0.82
2017-10-24,0.0,12.3,6.1,9.1,0.79
2017-10-25,0.0,21.1,7.1,13.6,2.06
2017-10-26,0.0,21.2,11.6,15.1,2.71
2017-10-27,0.9,12.5,5.2,9.6,1.34
2017-10-28,0.2,6.1,1.0,3.4,0.89
2017-10-29,3.2,9.1,1.0,5.3,0.69
2017-10-30,1.7,6.3,-0.4,3.1,1.07
2017-10-31,0.0,9.8,-2.2,2.7,1.43
2017-11-01,0.0,13.6,0.2,7.0,1.83
2017-11-02,0.0,12.8,5.5,8.3,1.19
2017-11-03,0.0,16.2,4.0,9.4,1.72
2017-11-04,23.2,11.3,8.1,9.3,0.46
2017-11-05,4.6,7.6,-0.7,4.0,0.89
2017-11-06,6.6,0.2,-1.3,-0.6,0.39
2017-11-07,0.0,0.0,-2.0,-1.0,0.33
2017-11-08,4.6,2.2,-2.2,-0.1,0.48
2017-11-09,1.8,0.8,-1.7,-0.6,0.29
2017-11-10,1.1,4.8,-0.8,2.2,0.35
2017-11-11,1.9,7.0,3.4,5.3,0.41
2017-11-12,7.4,7.7,-1.2,5.0,0.42
2017-11-13,6.3,0.4,-2.3,-1.1,0.34
2017-11-14,0.7,0.2,-2.1,-1.0,0.34
2017-11-15,0.0,3.8,-3.2,-1.0,0.75
2017-11-16,0.0,6.3,-2.5,0.9,1.03
2017-11-17,0.0,4.7,-1.4,1.5,0.82
2017-11-18,0.4,2.2,-2.2,0.1,0.45
2017-11-19,0.5,3.9,-1.8,1.3,0.52
2017-11-20,0.4,7.1,0.1,3.3,0.83
2017-11-21,0.0,12.4,3.4,7.4,1.5
2017-11-22,0.0,13.1,5.7,8.0,1.95
2017-11-23,0.0,9.9,5.7,7.5,0.91
2017-11-24,0.5,9.2,5.3,7.4,0.52
2017-11-25,7.1,7.8,-2.4,3.3,0.69
2017-11-26,0.2,0.7,-3.8,-2.0,0.61
2017-11-27,0.0,3.2,-2.1,-0.3,0.7
2017-11-28,1.4,2.4,-1.8,0.4,0.61
2017-11-29,3.4,1.5,-3.6,-1.3,0.49
2017-11-30,1.9,-0.8,-3.5,-2.4,0.55
2017-12-01,8.6,-2.8,-6.6,-5.0,0.32
2017-12-02,4.2,-5.0,-6.9,-5.9,0.17
2017-12-03,0.3,-3.3,-7.4,-6.0,0.33
2017-12-04,2.2,-0.4,-2.6,-1.2,0.2
2017-12-05,0.2,1.0,-3.3,-1.3,0.41
2017-12-06,0.0,8.4,-4.2,0.6,0.96
2017-12-07,0.3,6.2,-1.6,1.9,1.25
2017-12-08,1.8,3.0,-3.0,0.9,0.59
2017-12-09,0.5,-0.9,-4.9,-3.4,0.57
2017-12-10,18.7,6.5,-2.5,2.5,0.36
2017-12-11,8.5,6.0,1.0,2.9,0.35
2017-12-12,2.7,1.6,-4.2,-1.1,0.48
2017-12-13,2.7,3.9,-3.7,1.1,0.46
2017-12-14,7.2,4.4,1.9,3.1,0.32
2017-12-15,8.2,1.5,-2.3,-0.0,0.48
2017-12-16,4.2,-0.6,-3.6,-2.2,0.37
2017-12-17,2.5,-0.6,-4.3,-2.5,0.34
2017-12-18,13.1,2.0,-2.4,0.0,0.23
2017-12-19,2.0,0.1,-1.2,-0.7,0.23
2017-12-20,3.2,-0.0,-1.7,-0.9,0.17
2017-12-21,1.7,2.1,0.4,1.3,0.19
2017-12-22,1.9,3.5,2.0,2.7,0.17
2017-12-23,0.5,3.0,0.5,1.8,0.32
2017-12-24,0.0,8.4,-2.0,2.5,0.78
2017-12-25,0.0,8.6,0.3,3.8,1.26
2017-12-26,1.2,4.3,0.1,2.0,0.7
2017-12-27,7.4,2.0,-3.0,0.1,0.67
2017-12-28,0.1,-1.1,-4.6,-3.0,0.6
2017-12-29,3.0,4.3,-4.2,0.3,0.35
2017-12-30,9.5,7.3,3.6,5.9,0.23
2017-12-31,1.6,11.4,2.3,5.9,1.11
2018-01-01,9.6,3.8,0.7,1.7,0.35
2018-01-02,0.8,7.4,-0.3,2.8,0.32
2018-01-03,14.9,8.9,3.6,6.2,0.45
2018-01-04,3.5,8.3,4.3,7.0,0.39
2018-01-05,1.4,7.9,4.8,6.5,0.47
2018-01-06,1.4,8.2,3.0,5.8,0.61
2018-01-07,0.7,7.7,2.2,4.8,0.62
2018-01-08,12.9,5.4,1.8,3.5,0.37
2018-01-09,0.5,4.6,0.7,2.3,0.5
2018-01-10,1.5,4.7,0.2,2.0,0.43
2018-01-11,3.9,2.7,-0.3,1.1,0.38
2018-01-12,4.3,1.3,-0.3,0.4,0.24
2018-01-13,0.0,6.2,-1.9,1.6,1.06
2018-01-14,1.6,4.0,-0.6,1.6,0.58
2018-01-15,3.0,2.4,0.6,1.6,0.41
2018-01-16,9.5,5.3,2.1,4.0,0.24
2018-01-17,4.0,2.7,-0.4,0.8,0.86
2018-01-18,1.8,3.7,0.1,2.4,0.28
2018-01-19,2.9,4.2,-0.0,2.7,0.59
2018-01-20,14.5,6.9,-0.1,2.8,0.29
2018-01-21,5.1,7.6,3.6,6.0,0.42
2018-01-22,1.0,7.1,3.0,5.5,0.43
2018-01-23,0.2,8.4,-0.1,4.2,0.89
2018-01-24,0.0,11.8,2.7,6.0,1.31
2018-01-25,2.9,6.8,4.2,5.2,0.6
2018-01-26,42.9,4.8,-0.9,0.1,0.16
2018-01-27,9.7,1.7,-1.9,-0.1,0.36
2018-01-28,0.0,5.8,-4.7,1.7,0.94
2018-01-29,0.1,5.4,1.4,2.9,0.52
2018-01-30,0.7,3.8,1.6,2.4,0.37
2018-01-31,0.0,8.1,-0.8,2.8,1.11
2018-02-01,5.1,2.1,-3.0,-0.0,0.93
2018-02-02,1.3,-0.8,-3.8,-2.7,0.6
2018-02-03,2.5,0.3,-3.5,-2.0,0.7
2018-02-04,1.1,2.2,-2.2,-0.4,0.65
2018-02-05,10.6,1.6,-3.2,-0.8,0.43
2018-02-06,2.5,2.1,-6.0,-1.6,0.62
2018-02-07,0.4,-3.4,-6.6,-5.1,0.59
2018-02-08,1.3,-3.5,-6.4,-5.2,0.39
2018-02-09,3.1,2.2,-5.1,-2.6,0.95
2018-02-10,1.6,-2.1,-5.6,-4.3,0.57
2018-02-11,1.7,2.9,-5.7,-0.4,0.44
2018-02-12,2.2,-0.9,-6.2,-3.6,0.81
2018-02-13,1.6,1.9,-7.7,-3.3,1.12
2018-02-14,3.4,3.3,-4.4,-0.5,1.19
2018-02-15,4.3,7.0,1.9,5.0,0.45
2018-02-16,4.5,11.1,4.1,6.5,0.74
2018-02-17,5.2,5.5,-0.3,3.8,0.68
2018-02-18,0.4,2.8,-3.0,-0.1,0.87
2018-02-19,0.1,4.3,-4.0,-0.5,1.19
2018-02-20,7.2,0.9,-2.9,-0.5,0.33
2018-02-21,0.3,-2.1,-6.9,-4.2,0.67
2018-02-22,0.4,-2.9,-6.7,-4.9,0.63
2018-02-23,0.0,1.2,-7.0,-4.4,1.01
2018-02-24,0.0,4.8,-6.6,-2.2,1.19
2018-02-25,0.0,-1.1,-8.9,-4.0,0.97
2018-02-26,0.0,-4.8,-12.0,-9.1,1.25
2018-02-27,0.0,-5.5,-14.5,-10.8,1.19
2018-02-28,3.5,-1.7,-13.2,-6.1,0.91
2018-03-01,2.0,6.8,-1.1,2.5,1.68
2018-03-02,12.2,4.6,-0.6,1.8,1.38
2018-03-03,2.4,7.1,0.2,2.9,1.25
2018-03-04,4.3,8.1,-0.0,3.4,0.88
2018-03-05,1.1,7.8,0.2,3.2,1.15
2018-03-06,1.2,6.4,0.4,2.6,1.43
2018-03-07,4.8,3.0,-0.8,0.8,1.01
2018-03-08,0.0,8.3,-1.7,3.2,1.96
2018-03-09,0.1,11.0,2.2,5.7,1.91
2018-03-10,2.5,12.6,4.9,8.0,1.77
2018-03-11,2.1,12.5,4.1,7.9,1.83
2018-03-12,2.5,5.2,0.9,3.1,0.86
2018-03-13,0.0,7.3,-1.1,2.4,1.56
2018-03-14,0.0,12.2,-1.1,4.8,2.58
2018-03-15,14.4,8.0,1.1,4.8,1.48
2018-03-16,3.2,8.8,0.7,3.4,1.59
2018-03-17,2.7,5.7,-2.1,1.7,1.45
2018-03-18,3.1,3.6,-1.6,0.5,1.07
2018-03-19,2.6,6.2,-2.5,0.9,1.73
2018-03-20,1.6,-1.0,-4.7,-3.2,0.74
2018-03-21,0.0,1.4,-6.0,-2.8,1.71
2018-03-22,0.1,1.2,-6.9,-2.7,1.38
2018-03-23,0.8,7.4,-3.2,0.8,1.98
2018-03-24,0.8,5.5,-0.2,2.2,1.1
2018-03-25,0.1,8.2,-0.9,3.5,1.8
2018-03-26,7.0,6.0,1.5,3.0,0.99
2018-03-27,6.4,5.5,0.7,3.1,0.54
2018-03-28,2.0,8.1,4.2,6.0,1.0
2018-03-29,2.5,7.8,0.5,3.7,2.31
2018-03-30,6.9,6.8,-2.1,3.0,1.72
2018-03-31,2.5,7.2,-2.4,1.5,1.91
2018-04-01,0.1,7.6,-1.7,2.6,2.46
2018-04-02,0.1,11.1,2.8,6.9,2.93
2018-04-03,0.6,10.9,2.8,6.7,2.26
2018-04-04,1.0,12.5,4.0,7.3,2.38
2018-04-05,0.1,10.5,2.0,5.5,2.21
2018-04-06,0.0,15.6,3.1,8.7,3.9
2018-04-07,0.5,13.8,6.0,9.3,3.72
2018-04-08,2.7,12.6,6.6,9.2,3.09
2018-04-09,1.4,8.9,4.6,6.5,1.28
2018-04-10,2.8,8.5,2.6,4.9,2.05
2018-04-11,19.7,6.2,1.4,3.4,0.77
2018-04-12,2.5,7.4,-0.2,3.5,1.77
2018-04-13,0.6,9.0,0.5,4.8,1.65
2018-04-14,2.7,10.0,4.2,7.0,1.36
2018-04-15,0.0,14.6,1.5,8.3,3.02
2018-04-16,0.0,12.2,4.6,7.7,2.09
2018-04-17,0.0,16.2,3.2,9.7,3.56
2018-04-18,0.0,19.3,8.3,13.6,4.08
2018-04-19,0.0,20.1,9.0,13.9,4.55
2018-04-20,0.0,20.4,8.7,14.4,4.37
2018-04-21,0.0,21.0,8.7,14.7,4.66
2018-04-22,0.1,20.2,9.9,14.5,4.72
2018-04-23,2.6,17.8,8.9,12.8,3.29
2018-04-24,0.0,18.1,6.9,12.6,3.93
2018-04-25,0.6,16.7,7.0,11.7,3.2
2018-04-26,0.0,10.8,4.0,7.1,3.0
2018-04-27,3.6,16.5,2.1,10.0,4.05
2018-04-28,2.9,14.8,7.1,10.4,2.29
2018-04-29,29.5,13.3,1.8,7.3,1.67
2018-04-30,1.6,8.5,2.5,4.9,2.39
2018-05-01,6.9,6.9,1.5,3.8,1.45
2018-05-02,0.0,10.2,1.6,5.9,2.16
2018-05-03,1.5,8.9,2.1,5.8,1.42
2018-05-04,0.5,11.8,3.4,7.6,1.21
2018-05-05,0.0,15.0,7.5,10.7,1.91
2018-05-06,3.5,18.7,8.4,13.2,3.37
2018-05-07,2.1,19.0,10.1,14.3,3.39
2018-05-08,0.4,17.5,9.6,12.8,3.65
2018-05-09,13.8,14.4,8.6,11.2,2.15
2018-05-10,3.0,11.2,5.0,8.6,2.15
2018-05-11,0.0,18.2,5.2,10.8,3.77
2018-05-12,10.1,17.4,3.6,10.9,3.64
2018-05-13,39.2,1.9,0.6,1.1,0.5
2018-05-14,16.4,5.1,0.8,3.2,0.62
2018-05-15,17.7,11.7,5.1,8.0,1.14
2018-05-16,4.9,13.0,8.0,9.7,1.95
2018-05-17,5.6,12.5,7.8,9.5,1.74
2018-05-18,0.4,15.7,7.9,11.0,2.8
2018-05-19,0.3,16.1,6.0,11.1,3.91
2018-05-20,2.8,16.0,6.5,11.2,3.47
2018-05-21,5.4,16.3,7.6,12.1,3.45
2018-05-22,1.9,16.1,8.9,12.2,3.41
2018-05-23,9.9,15.7,8.2,11.5,2.89
2018-05-24,0.2,18.9,7.4,13.3,3.92
2018-05-25,0.8,21.3,8.5,15.2,4.4
2018-05-26,0.1,20.8,13.3,16.8,5.71
2018-05-27,9.9,19.9,12.9,15.5,3.53
2018-05-28,10.0,15.4,9.9,13.0,2.09
2018-05-29,4.1,15.2,10.0,12.7,2.3
2018-05-30,10.7,15.7,9.6,12.8,2.56
2018-05-31,21.2,16.0,8.7,12.3,2.85
2018-06-01,0.0,17.1,7.7,13.0,3.73
2018-06-02,0.0,18.9,10.0,14.6,3.78
2018-06-03,2.4,18.8,11.7,14.5,2.98
2018-06-04,9.4,17.7,9.9,13.5,2.98
2018-06-05,13.7,18.3,10.7,14.1,3.28
2018-06-06,14.8,17.6,9.9,13.3,2.93
2018-06-07,3.6,17.3,10.1,13.4,3.19
2018-06-08,1.0,18.7,11.2,14.9,3.43
2018-06-09,1.2,21.7,10.6,16.7,4.35
2018-06-10,2.4,22.1,13.0,16.6,4.1
2018-06-11,18.0,16.2,10.6,13.6,2.17
2018-06-12,8.4,17.1,9.2,12.4,3.31
2018-06-13,5.9,12.5,7.5,10.5,2.05
2018-06-14,0.4,14.2,7.0,10.3,2.88
2018-06-15,2.8,13.4,9.4,11.3,1.68
2018-06-16,1.1,18.4,10.6,14.1,3.22
2018-06-17,0.8,15.7,10.5,12.7,2.47
2018-06-18,0.1,15.5,9.3,12.3,2.27
2018-06-19,0.0,20.8,11.1,15.4,4.19
2018-06-20,0.1,25.1,11.5,18.8,5.01
2018-06-21,0.2,22.9,13.8,18.7,5.03
2018-06-22,0.6,15.6,8.2,11.9,4.19
2018-06-23,0.0,18.2,5.7,12.2,4.82
2018-06-24,0.0,18.9,8.4,13.6,4.38
2018-06-25,0.0,20.9,7.3,13.7,4.7
2018-06-26,0.0,21.8,9.6,15.7,5.17
2018-06-27,0.0,21.9,11.1,16.8,5.29
2018-06-28,0.0,20.8,10.5,15.9,5.23
2018-06-29,0.0,20.9,9.5,16.0,4.39
2018-06-30,0.0,26.8,13.3,20.2,5.8
2018-07-01,0.0,27.2,15.4,21.5,6.31
2018-07-02,1.5,25.0,15.3,19.7,5.47
2018-07-03,4.5,23.5,13.5,18.7,4.48
2018-07-04,4.3,25.3,13.4,19.1,4.8
2018-07-05,6.2,18.6,12.2,15.1,3.59
2018-07-06,1.7,18.2,12.3,14.9,3.37
2018-07-07,0.0,21.7,12.5,16.9,4.37
2018-07-08,0.0,22.8,12.4,17.3,4.83
2018-07-09,0.0,22.3,12.1,17.0,5.17
2018-07-10,0.0,20.4,11.5,16.0,5.07
2018-07-11,0.0,18.4,9.7,13.9,4.63
2018-07-12,0.0,22.2,8.6,15.8,4.85
2018-07-13,0.0,23.2,11.8,18.1,4.63
2018-07-14,0.4,25.4,12.5,19.1,4.71
2018-07-15,1.3,22.9,13.7,18.9,4.48
2018-07-16,5.2,21.9,13.5,16.6,3.12
2018-07-17,0.0,20.6,12.3,16.6,4.44
2018-07-18,0.0,23.1,11.3,17.5,5.18
2018-07-19,0.0,23.5,15.4,19.7,5.05
2018-07-20,9.5,24.2,13.4,17.5,3.59
2018-07-21,14.8,18.3,12.3,14.6,3.12
2018-07-22,1.8,18.0,11.9,14.7,3.24
2018-07-23,0.1,21.9,11.5,16.9,4.25
2018-07-24,0.0,25.0,13.2,19.7,5.11
2018-07-25,0.0,24.3,16.3,20.0,4.96
2018-07-26,0.0,25.5,16.1,21.5,5.1
2018-07-27,0.0,28.5,18.6,23.3,5.09
2018-07-28,16.2,21.5,14.1,17.7,2.5
2018-07-29,0.0,26.4,12.7,20.0,5.31
2018-07-30,0.1,26.1,16.1,21.0,4.74
2018-07-31,0.0,26.9,16.0,20.9,4.11
2018-08-01,2.4,25.3,14.8,19.2,3.81
2018-08-02,0.0,25.4,17.3,21.5,5.04
2018-08-03,0.0,27.3,14.8,21.7,5.31
2018-08-04,0.0,27.7,17.6,22.7,5.77
2018-08-05,0.0,27.1,15.9,21.8,4.91
2018-08-06,0.0,27.3,17.5,22.4,4.71
2018-08-07,0.6,27.5,18.1,22.4,5.6
2018-08-08,10.9,23.5,15.4,19.2,3.86
2018-08-09,1.2,19.8,12.2,17.3,3.14
2018-08-10,0.0,20.8,9.7,14.9,4.5
2018-08-11,0.0,21.3,9.0,15.3,4.58
2018-08-12,0.0,26.0,11.5,19.2,5.34
2018-08-13,1.7,20.2,13.9,16.8,3.07
2018-08-14,1.4,17.6,12.0,14.7,2.9
2018-08-15,0.0,22.1,10.3,16.1,4.17
2018-08-16,0.1,25.5,11.6,19.2,4.75
2018-08-17,8.1,18.8,13.1,15.7,2.12
2018-08-18,0.9,18.7,11.4,14.8,2.28
2018-08-19,0.0,21.9,10.2,16.3,4.42
2018-08-20,0.0,23.1,11.6,17.4,4.44
2018-08-21,1.9,24.5,12.7,18.2,3.88
2018-08-22,0.6,24.9,14.7,19.6,3.9
2018-08-23,1.2,24.0,15.5,19.1,3.93
2018-08-24,0.0,20.1,11.5,15.4,3.35
2018-08-25,0.9,12.5,7.5,10.2,1.85
2018-08-26,0.1,16.9,7.5,11.6,3.48
2018-08-27,0.0,23.1,9.7,16.5,3.67
2018-08-28,0.0,26.6,12.9,19.8,4.76
2018-08-29,0.5,20.9,12.4,17.0,3.62
2018-08-30,0.1,15.4,9.9,12.2,2.63
2018-08-31,0.2,16.7,8.6,12.1,2.46
2018-09-01,0.0,16.4,8.1,11.9,3.04
2018-09-02,0.0,20.2,6.8,12.9,3.58
2018-09-03,0.0,20.5,9.0,14.7,3.9
2018-09-04,0.0,21.2,10.1,15.4,3.67
2018-09-05,1.0,23.1,11.4,16.5,3.68
2018-09-06,17.3,17.6,11.7,13.9,1.89
2018-09-07,1.7,17.2,8.8,13.4,2.44
2018-09-08,0.0,21.3,7.0,14.1,3.78
2018-09-09,0.0,23.4,11.3,17.1,3.69
2018-09-10,0.0,23.0,14.1,18.0,3.95
2018-09-11,0.0,25.6,11.8,18.7,4.08
2018-09-12,1.9,24.0,14.2,17.8,3.23
2018-09-13,2.8,22.0,13.3,17.3,3.17
2018-09-14,4.0,17.9,11.1,13.9,2.06
2018-09-15,0.0,19.0,7.4,13.0,3.23
2018-09-16,0.0,21.2,10.2,15.7,3.19
2018-09-17,0.0,24.0,11.7,17.2,3.8
2018-09-18,0.1,23.1,13.3,17.6,3.56
2018-09-19,0.2,23.4,12.5,18.1,3.14
2018-09-20,0.0,24.4,12.7,18.6,3.55
2018-09-21,1.3,19.9,9.2,15.6,2.56
2018-09-22,0.0,20.9,6.0,12.9,3.33
2018-09-23,1.7,23.0,12.1,16.9,3.39
2018-09-24,2.0,10.1,4.8,7.7,2.1
2018-09-25,0.0,15.3,2.1,8.4,2.46
2018-09-26,0.0,20.0,8.1,13.2,3.12
2018-09-27,0.0,23.9,8.5,15.3,3.69
2018-09-28,0.0,20.5,10.4,15.2,3.44
2018-09-29,0.0,16.8,6.6,10.5,1.89
2018-09-30,0.1,16.8,7.6,11.9,2.58
2018-10-01,4.4,7.6,3.5,5.5,1.35
2018-10-02,0.0,10.4,1.6,5.8,2.19
2018-10-03,0.9,11.1,5.7,8.6,0.76
2018-10-04,0.2,20.3,8.1,12.3,2.45
2018-10-05,0.0,20.3,10.9,14.6,3.42
2018-10-06,7.3,19.2,7.7,13.6,3.13
2018-10-07,5.3,10.5,6.9,8.4,1.19
2018-10-08,2.0,13.5,6.5,9.3,0.8
2018-10-09,0.0,17.7,7.9,12.4,2.39
2018-10-10,2.5,14.4,11.4,12.6,1.69
2018-10-11,0.2,18.5,10.7,13.9,2.27
2018-10-12,0.0,18.7,11.9,14.6,2.28
2018-10-13,0.0,18.9,11.4,13.9,2.6
2018-10-14,0.0,16.0,10.6,12.4,2.52
2018-10-15,2.4,13.4,9.8,10.9,1.49
2018-10-16,0.0,15.4,9.0,11.9,1.74
2018-10-17,0.0,16.4,9.2,12.4,1.67
2018-10-18,0.0,16.4,9.2,11.9,1.92
2018-10-19,0.0,18.9,6.8,11.9,1.95
2018-10-20,0.0,16.5,6.4,10.2,1.89
2018-10-21,0.0,15.0,5.9,9.2,1.85
2018-10-22,0.0,11.8,4.0,7.0,1.75
2018-10-23,0.0,10.3,3.4,5.7,1.32
2018-10-24,0.0,13.6,2.8,7.4,1.69
2018-10-25,0.7,15.5,5.5,9.2,1.51
2018-10-26,0.0,16.7,5.6,10.4,1.91
2018-10-27,4.8,6.2,0.3,2.9,0.24
2018-10-28,8.7,1.4,-1.4,0.2,0.29
2018-10-29,27.0,1.0,-1.3,-0.3,0.19
2018-10-30,5.4,4.5,-2.0,1.3,0.75
2018-10-31,20.4,8.2,4.5,6.4,0.82
2018-11-01,3.0,7.6,2.9,5.4,0.89
2018-11-02,3.2,7.5,2.4,4.3,0.56
2018-11-03,0.6,7.3,2.1,3.5,0.56
2018-11-04,0.0,16.0,1.9,9.1,1.55
2018-11-05,0.7,11.9,8.7,10.0,1.39
2018-11-06,18.6,9.6,4.1,6.6,0.99
2018-11-07,8.6,8.9,4.6,6.4,0.69
2018-11-08,0.0,10.8,1.6,6.3,1.3
2018-11-09,11.1,9.7,6.6,8.3,0.69
2018-11-10,1.2,11.5,8.1,9.0,1.03
2018-11-11,0.3,14.0,7.4,10.3,1.21
2018-11-12,0.5,12.6,10.0,11.4,1.4
2018-11-13,2.6,13.3,8.3,10.4,0.87
2018-11-14,0.0,14.8,6.3,10.0,1.31
2018-11-15,0.0,13.4,6.5,9.5,1.01
2018-11-16,0.0,13.1,3.6,7.8,1.13
2018-11-17,4.8,9.9,1.5,6.0,0.9
2018-11-18,0.0,6.7,-1.4,1.6,1.02
2018-11-19,0.6,-0.3,-2.9,-1.8,0.38
2018-11-20,11.2,3.6,-0.9,1.3,0.44
2018-11-21,1.4,8.7,0.4,3.5,0.89
2018-11-22,0.0,9.2,1.6,4.4,0.95
2018-11-23,14.6,6.6,3.1,5.0,0.37
2018-11-24,0.0,7.5,0.3,3.2,0.87
2018-11-25,2.5,4.3,0.9,2.3,0.46
2018-11-26,3.2,2.2,0.4,1.1,0.3
2018-11-27,0.4,2.5,-0.8,0.7,0.58
2018-11-28,0.2,8.0,1.0,4.1,0.84
2018-11-29,0.0,8.4,3.2,5.5,1.23
2018-11-30,5.2,5.0,1.5,3.8,0.31
2018-12-01,1.7,6.0,1.0,3.3,0.65
2018-12-02,5.0,7.3,4.5,6.4,0.35
2018-12-03,2.0,9.5,6.9,7.9,0.41
2018-12-04,0.3,8.6,2.2,6.2,0.69
2018-12-05,0.1,14.7,2.3,7.9,1.35
2018-12-06,2.2,8.9,6.5,7.3,0.38
2018-12-07,1.7,6.4,1.8,4.9,0.55
2018-12-08,1.1,4.8,0.8,2.9,0.31
2018-12-09,2.0,5.2,2.7,3.9,0.44
2018-12-10,0.1,3.2,-0.9,1.7,0.51
2018-12-11,0.0,1.8,-2.6,-0.5,0.37
2018-12-12,1.4,5.2,-3.9,-0.3,0.68
2018-12-13,3.7,4.6,-1.9,0.6,0.48
2018-12-14,0.6,1.5,-4.7,-0.9,0.28
2018-12-15,3.2,4.6,-4.1,0.5,0.54
2018-12-16,3.4,5.1,0.7,3.4,0.28
2018-12-17,1.0,4.5,-1.9,1.3,0.53
2018-12-18,0.0,7.3,-2.0,3.0,1.02
2018-12-19,1.6,6.5,1.2,3.8,0.54
2018-12-20,0.8,3.1,0.9,2.2,0.25
2018-12-21,1.5,7.1,2.9,5.4,0.5
2018-12-22,0.6,7.8,5.9,7.0,0.3
2018-12-23,0.4,10.4,5.5,7.3,0.56
2018-12-24,1.0,7.2,3.0,5.7,0.24
2018-12-25,0.0,5.7,-1.8,1.1,0.74
2018-12-26,0.0,11.1,-0.9,4.8,1.11
2018-12-27,0.0,11.6,-0.6,7.2,0.98
2018-12-28,0.0,4.8,-2.5,0.1,0.67
2018-12-29,0.0,2.1,-3.2,-1.5,0.47
2018-12-30,0.0,0.3,-3.5,-1.8,0.28
2018-12-31,0.2,2.6,-2.9,-0.4,0.35
2019-01-01,0.1,1.8,-2.0,-0.0,0.36
2019-01-02,0.5,-0.0,-5.4,-2.2,0.44
2019-01-03,0.0,-2.0,-6.9,-4.8,0.41
2019-01-04,0.0,-2.9,-7.0,-4.8,0.27
2019-01-05,0.0,-2.4,-5.4,-4.3,0.22
2019-01-06,0.0,-3.8,-5.5,-4.7,0.18
2019-01-07,0.0,-3.1,-5.3,-3.9,0.17
2019-01-08,1.1,1.5,-4.0,-0.9,0.2
2019-01-09,3.2,-1.8,-4.9,-3.2,0.28
2019-01-10,0.8,-3.6,-5.1,-4.5,0.31
2019-01-11,0.0,-3.2,-6.8,-4.9,0.43
2019-01-12,0.7,-0.1,-2.6,-1.1,0.23
2019-01-13,2.1,5.0,-0.0,2.7,0.46
2019-01-14,2.6,3.3,-1.0,1.4,0.27
2019-01-15,0.0,1.5,-3.1,-1.2,0.52
2019-01-16,0.0,9.2,-2.1,2.4,1.44
2019-01-17,0.9,3.2,-2.7,0.6,0.58
2019-01-18,1.4,-0.4,-5.3,-2.3,0.51
2019-01-19,0.0,4.3,-5.6,-1.1,0.76
2019-01-20,1.1,3.9,-1.6,0.3,0.73
2019-01-21,1.7,-1.3,-5.2,-2.4,0.15
2019-01-22,2.8,3.0,-6.3,-2.8,0.84
2019-01-23,7.6,-0.5,-6.4,-3.8,0.33
2019-01-24,1.1,-5.3,-7.6,-6.2,0.2
2019-01-25,0.4,-2.6,-8.0,-5.2,0.22
2019-01-26,0.2,3.6,-1.7,1.2,0.36
2019-01-27,6.0,2.1,-3.0,0.4,0.46
2019-01-28,3.4,-0.6,-4.3,-2.5,0.57
2019-01-29,3.6,1.7,-5.4,-1.8,0.74
2019-01-30,5.1,-0.3,-4.0,-2.1,0.68
2019-01-31,8.4,2.8,-1.1,1.0,0.55
2019-02-01,10.2,6.0,-1.9,1.7,0.75
2019-02-02,20.4,0.1,-3.8,-1.9,0.17
2019-02-03,6.2,-3.7,-4.9,-4.5,0.16
2019-02-04,1.1,0.9,-6.6,-3.1,0.82
2019-02-05,0.3,5.3,-5.0,-0.3,1.04
2019-02-06,0.0,3.9,-4.9,-0.8,0.82
2019-02-07,0.5,5.2,-1.1,2.4,0.7
2019-02-08,0.0,7.2,-2.1,2.2,1.33
2019-02-09,0.7,6.4,2.1,3.9,0.67
2019-02-10,4.4,6.0,-0.4,2.9,0.83
2019-02-11,0.4,2.2,-1.8,-0.1,0.73
2019-02-12,0.0,4.0,-2.6,-0.5,0.99
2019-02-13,0.0,11.4,-4.2,2.4,1.95
2019-02-14,0.0,13.0,2.4,5.9,2.61
2019-02-15,0.0,14.6,3.4,7.6,2.92
2019-02-16,0.0,13.6,4.6,7.8,3.35
2019-02-17,0.0,12.5,2.0,6.8,3.15
2019-02-18,0.0,6.6,0.3,3.2,1.38
2019-02-19,0.0,8.9,-0.6,3.9,1.56
2019-02-20,0.0,11.7,-1.4,4.6,1.88
2019-02-21,0.0,12.0,1.5,7.0,2.01
2019-02-22,0.0,10.7,1.3,5.0,1.75
2019-02-23,0.0,12.1,0.2,5.4,1.86
2019-02-24,0.0,13.2,2.8,7.2,1.84
2019-02-25,0.0,14.8,2.4,8.3,2.08
2019-02-26,0.0,18.2,2.9,9.9,2.5
2019-02-27,0.0,16.8,5.4,10.4,2.82
2019-02-28,0.0,12.8,3.5,7.5,2.38
2019-03-01,0.3,8.0,1.8,4.3,1.59
2019-03-02,0.7,6.2,0.4,3.1,0.93
2019-03-03,0.0,13.6,1.5,7.1,2.45
2019-03-04,2.3,8.0,1.3,4.3,1.69
2019-03-05,0.0,7.4,0.6,3.5,1.41
2019-03-06,0.8,8.9,3.9,6.2,1.42
2019-03-07,2.8,6.3,0.6,3.0,1.25
2019-03-08,0.2,6.2,0.7,3.1,1.16
2019-03-09,0.4,8.3,1.6,5.2,1.03
2019-03-10,1.5,7.9,1.9,6.4,0.87
2019-03-11,0.0,4.6,-2.1,1.3,1.55
2019-03-12,1.3,11.9,-3.2,4.5,2.79
2019-03-13,3.4,3.8,-1.0,1.3,0.98
2019-03-14,2.1,3.9,0.2,2.0,0.59
2019-03-15,3.5,8.8,3.5,5.5,1.11
2019-03-16,0.0,15.6,2.4,7.9,3.06
2019-03-17,0.6,7.5,-1.0,4.7,1.68
2019-03-18,0.2,4.7,-1.8,1.0,1.39
2019-03-19,3.9,4.2,-2.2,0.8,1.26
2019-03-20,0.0,7.7,-3.7,1.5,2.31
2019-03-21,0.0,10.3,-2.2,3.4,2.49
2019-03-22,0.0,15.3,0.4,8.4,3.15
2019-03-23,0.0,14.9,4.7,9.9,3.13
2019-03-24,0.0,14.2,4.3,8.8,3.0
2019-03-25,0.0,6.9,-1.0,2.9,1.86
2019-03-26,0.0,6.8,-2.0,1.6,2.24
2019-03-27,0.0,8.8,-3.2,2.4,2.44
2019-03-28,0.0,11.0,-2.2,4.0,2.57
2019-03-29,0.0,12.2,-0.1,5.9,2.99
2019-03-30,0.0,12.3,2.0,6.5,3.52
2019-03-31,0.0,14.7,0.2,7.1,3.3
2019-04-01,0.3,15.6,3.7,9.0,3.21
2019-04-02,1.9,10.5,3.5,5.9,1.88
2019-04-03,7.1,4.7,-1.5,2.1,1.12
2019-04-04,0.2,5.4,-2.8,0.4,2.13
2019-04-05,0.5,10.8,-2.5,4.2,3.01
2019-04-06,3.9,5.2,1.8,3.5,1.26
2019-04-07,1.0,7.6,0.4,3.6,1.97
2019-04-08,1.0,10.1,-0.1,4.8,2.11
2019-04-09,2.6,7.8,0.2,4.6,1.82
2019-04-10,2.8,9.7,0.9,4.7,1.99
2019-04-11,5.5,6.5,1.5,4.5,0.78
2019-04-12,0.0,8.3,-1.6,2.8,2.7
2019-04-13,0.0,7.9,-2.3,2.1,2.74
2019-04-14,0.0,6.0,-3.8,0.8,2.62
2019-04-15,0.2,13.7,-3.0,5.0,3.41
2019-04-16,6.3,10.6,2.6,5.8,1.45
2019-04-17,0.0,15.3,2.1,8.8,3.63
2019-04-18,0.0,15.2,5.7,10.3,4.31
2019-04-19,0.0,16.5,7.4,11.6,4.47
2019-04-20,4.0,15.6,6.4,10.2,3.26
2019-04-21,3.2,13.2,6.6,9.2,1.82
2019-04-22,1.7,17.2,4.0,10.5,3.28
2019-04-23,12.5,11.9,6.6,8.9,1.7
2019-04-24,5.1,9.1,5.2,7.6,2.23
2019-04-25,37.9,11.2,-0.2,6.1,1.32
2019-04-26,1.5,8.1,1.0,4.6,2.08
2019-04-27,1.4,8.5,2.3,4.7,1.45
2019-04-28,0.6,6.9,0.4,3.7,1.78
2019-04-29,0.2,8.1,0.5,3.8,2.11
2019-04-30,0.0,10.9,0.6,6.2,2.22
2019-05-01,0.0,15.2,4.6,9.3,3.72
2019-05-02,2.6,10.1,4.7,7.6,2.49
2019-05-03,5.1,8.8,3.5,5.5,1.7
2019-05-04,8.1,9.3,-1.8,3.7,1.71
2019-05-05,1.7,2.2,-2.9,-0.4,1.23
2019-05-06,0.0,7.6,-1.6,2.1,2.22
2019-05-07,0.9,14.9,-1.3,7.6,4.0
2019-05-08,17.1,11.6,3.6,7.0,1.34
2019-05-09,2.2,9.8,3.9,6.7,1.89
2019-05-10,0.2,15.1,6.1,10.3,2.54
2019-05-11,2.2,9.9,4.2,7.7,2.48
2019-05-12,3.5,8.4,2.9,5.1,1.99
2019-05-13,0.0,11.7,-0.3,6.1,3.57
2019-05-14,0.0,14.5,1.2,7.2,4.18
2019-05-15,0.0,11.7,0.8,6.1,3.71
2019-05-16,0.0,14.3,1.3,8.1,3.75
2019-05-17,7.1,7.7,4.7,5.9,1.11
2019-05-18,4.5,9.5,4.8,6.4,1.54
2019-05-19,9.4,9.4,4.7,6.8,1.44
2019-05-20,2.5,11.8,6.0,8.7,2.32
2019-05-21,4.7,13.0,6.9,9.4,2.42
2019-05-22,0.0,14.8,6.6,10.5,3.23
2019-05-23,0.0,18.3,6.4,12.4,4.66
2019-05-24,5.0,16.0,8.7,12.2,2.94
2019-05-25,6.0,14.9,8.8,10.6,2.19
2019-05-26,2.7,15.4,7.8,10.8,2.75
2019-05-27,1.3,13.6,8.8,10.5,2.06
2019-05-28,12.6,10.2,5.0,8.2,2.0
2019-05-29,1.3,11.3,4.5,7.4,2.41
2019-05-30,0.0,14.2,4.9,9.8,2.35
2019-05-31,0.0,20.2,6.7,13.9,4.61
2019-06-01,0.0,22.7,9.9,16.8,5.23
2019-06-02,0.0,23.9,11.9,18.3,5.43
2019-06-03,0.3,23.0,12.8,17.9,4.26
2019-06-04,0.0,23.3,12.9,17.6,6.06
2019-06-05,4.4,19.4,5.2,12.8,4.65
2019-06-06,0.0,16.8,3.9,10.5,3.79
2019-06-07,4.2,13.7,5.1,9.5,2.75
2019-06-08,0.0,16.3,3.7,10.8,4.52
2019-06-09,7.3,19.1,8.5,13.3,3.09
2019-06-10,12.3,15.1,8.5,11.2,2.68
2019-06-11,4.3,11.1,5.7,8.0,2.02
2019-06-12,0.0,12.8,4.0,8.3,2.9
2019-06-13,0.0,19.1,3.8,12.7,5.47
2019-06-14,16.7,18.5,11.2,13.9,2.56
2019-06-15,14.9,15.3,9.0,11.5,1.94
2019-06-16,0.1,17.8,8.2,12.6,4.42
2019-06-17,0.0,21.9,8.0,15.7,5.27
2019-06-18,0.1,24.0,13.2,18.3,5.83
2019-06-19,0.1,22.9,13.1,17.7,5.47
2019-06-20,4.9,19.2,12.0,15.5,3.92
2019-06-21,12.1,16.5,11.1,13.3,1.83
2019-06-22,1.1,18.8,10.9,14.0,3.59
2019-06-23,0.0,24.4,10.4,18.2,5.11
2019-06-24,0.0,27.1,13.5,20.4,6.35
2019-06-25,0.0,27.2,17.3,21.9,7.03
2019-06-26,0.0,31.8,19.4,25.2,8.41
2019-06-27,0.0,34.6,21.3,27.8,7.4
2019-06-28,0.0,32.8,20.0,26.5,6.9
2019-06-29,0.0,33.6,19.4,26.4,6.76
2019-06-30,0.4,30.3,19.7,24.4,5.91
2019-07-01,0.6,29.8,16.9,22.8,5.88
2019-07-02,6.1,24.5,15.3,18.5,4.2
2019-07-03,2.1,26.2,13.8,18.8,4.89
2019-07-04,0.0,26.2,14.6,20.5,5.28
2019-07-05,0.0,28.7,16.8,23.0,5.65
2019-07-06,0.7,28.4,17.8,22.9,5.72
2019-07-07,3.1,25.3,14.6,20.3,5.05
2019-07-08,0.0,25.7,15.3,20.7,5.12
2019-07-09,1.8,22.2,13.5,17.6,4.63
2019-07-10,0.0,21.3,10.2,15.9,5.49
2019-07-11,0.3,21.3,11.7,17.0,3.13
2019-07-12,0.1,23.6,14.9,18.8,4.43
2019-07-13,0.1,21.9,13.4,17.2,5.54
2019-07-14,0.0,21.7,10.6,15.8,5.41
2019-07-15,0.0,18.4,8.9,13.9,3.66
2019-07-16,0.0,23.4,9.6,16.9,5.25
2019-07-17,0.0,25.1,11.9,19.3,5.48
2019-07-18,0.0,22.8,12.6,17.4,5.44
2019-07-19,0.0,26.4,11.2,18.8,5.67
2019-07-20,0.4,25.5,16.6,20.7,5.3
2019-07-21,0.1,26.3,15.4,21.3,4.49
2019-07-22,0.1,30.4,15.9,23.8,5.67
2019-07-23,0.0,33.0,17.2,25.8,6.19
2019-07-24,0.0,32.4,20.1,26.2,5.99
2019-07-25,0.0,30.3,20.0,24.9,6.41
2019-07-26,2.5,27.7,15.5,20.7,5.13
2019-07-27,20.0,20.6,11.6,15.3,2.53
2019-07-28,3.7,17.8,10.6,13.7,3.85
2019-07-29,0.0,23.3,9.0,16.0,5.08
2019-07-30,4.5,18.4,10.7,14.6,3.17
2019-07-31,0.0,19.0,9.0,13.7,4.42
2019-08-01,0.1,23.6,9.7,16.2,4.23
2019-08-02,0.0,22.5,11.7,17.0,4.94
2019-08-03,0.0,24.1,11.9,18.1,5.2
2019-08-04,0.0,27.7,12.3,20.7,5.74
2019-08-05,1.5,27.1,16.5,21.7,4.97
2019-08-06,3.7,27.5,15.4,20.1,3.94
2019-08-07,6.7,21.1,14.0,17.6,3.25
2019-08-08,0.0,25.8,12.1,19.2,4.7
2019-08-09,2.1,28.7,18.6,22.8,5.27
2019-08-10,4.1,22.1,14.6,17.8,3.85
2019-08-11,11.3,23.4,11.4,14.5,2.27
2019-08-12,3.1,17.7,9.3,13.2,3.05
2019-08-13,0.0,15.9,8.4,11.8,3.77
2019-08-14,0.0,20.1,8.2,13.9,4.39
2019-08-15,0.0,18.9,11.6,14.6,3.39
2019-08-16,0.0,23.3,9.1,15.8,4.43
2019-08-17,0.0,25.7,14.0,19.9,5.65
2019-08-18,1.4,26.4,16.0,20.4,4.89
2019-08-19,10.8,19.7,12.3,15.8,2.82
2019-08-20,15.7,13.6,9.7,11.9,1.22
2019-08-21,0.0,18.8,8.1,12.8,3.51
2019-08-22,0.0,21.3,8.8,15.2,4.16
2019-08-23,0.0,24.9,12.5,17.8,4.71
2019-08-24,0.0,26.2,14.4,20.3,4.97
2019-08-25,0.0,26.9,15.4,20.9,4.7
2019-08-26,0.0,26.5,14.7,21.0,4.24
2019-08-27,0.0,23.5,15.0,19.5,3.02
2019-08-28,0.3,24.4,13.4,19.0,3.61
2019-08-29,0.0,25.5,14.2,19.5,3.99
2019-08-30,0.1,26.3,14.0,20.0,4.02
2019-08-31,1.0,26.1,15.5,20.5,4.4
2019-09-01,1.1,20.5,11.9,16.0,2.25
2019-09-02,0.4,15.6,9.7,12.2,2.58
2019-09-03,0.0,20.9,6.6,13.6,4.15
2019-09-04,0.0,23.9,9.7,16.6,4.74
2019-09-05,1.6,13.4,7.5,10.6,2.39
2019-09-06,0.0,13.5,4.9,8.9,2.53
2019-09-07,0.5,15.8,6.5,10.6,2.84
2019-09-08,1.4,12.3,6.2,8.5,2.15
2019-09-09,0.0,15.8,4.5,10.0,2.96
2019-09-10,1.8,14.2,7.4,10.5,1.87
2019-09-11,0.0,18.7,6.6,12.6,3.49
2019-09-12,0.0,22.4,7.8,14.9,3.86
2019-09-13,0.0,25.5,10.4,17.4,4.16
2019-09-14,0.4,25.0,12.3,18.7,3.58
2019-09-15,0.0,26.7,13.7,19.7,4.42
2019-09-16,0.0,27.6,15.6,21.2,3.89
2019-09-17,0.0,25.2,13.9,19.4,3.91
2019-09-18,0.0,22.2,10.8,15.3,3.44
2019-09-19,0.0,18.9,6.7,12.5,3.44
2019-09-20,0.0,22.0,8.3,15.0,3.32
2019-09-21,0.0,19.2,12.1,14.7,3.02
2019-09-22,15.8,19.4,8.9,13.8,1.71
2019-09-23,0.0,16.1,8.4,11.6,2.38
2019-09-24,7.8,15.9,8.6,12.0,1.39
2019-09-25,2.3,14.6,9.2,11.4,1.61
2019-09-26,0.3,16.9,10.4,12.7,1.88
2019-09-27,0.0,18.1,10.1,13.3,2.62
2019-09-28,0.3,14.9,8.0,11.1,2.22
2019-09-29,0.1,20.7,8.9,15.2,3.94
2019-09-30,0.0,18.8,9.8,13.6,2.65
2019-10-01,1.5,20.2,9.6,13.8,2.36
2019-10-02,1.5,12.9,6.2,9.9,1.66
2019-10-03,0.5,11.8,4.7,7.4,1.96
2019-10-04,0.0,13.4,6.0,9.3,1.39
2019-10-05,0.8,11.6,7.5,9.5,0.99
2019-10-06,3.0,12.9,6.5,9.6,1.09
2019-10-07,0.8,9.3,4.3,6.4,0.93
2019-10-08,0.0,19.6,5.9,13.2,2.58
2019-10-09,0.7,12.3,7.3,9.8,1.08
2019-10-10,0.2,12.6,6.4,8.9,1.44
2019-10-11,0.0,18.8,5.6,12.0,3.07
2019-10-12,0.0,17.5,11.5,13.9,1.84
2019-10-13,0.0,17.7,11.5,13.6,2.49
2019-10-14,1.2,18.2,11.7,14.2,2.35
2019-10-15,31.1,12.4,5.5,7.9,1.15
2019-10-16,0.0,14.7,5.2,9.7,2.23
2019-10-17,0.4,14.1,8.3,10.5,1.18
2019-10-18,2.4,13.4,9.8,11.1,0.95
2019-10-19,3.2,15.7,10.3,12.6,1.31
2019-10-20,34.9,14.4,8.2,12.1,1.02
2019-10-21,2.1,11.9,5.6,8.2,0.89
2019-10-22,13.2,11.5,7.5,9.2,0.44
2019-10-23,33.2,13.2,8.2,10.7,1.02
2019-10-24,0.1,12.5,6.9,8.9,1.48
2019-10-25,0.0,12.7,5.7,8.7,1.49
2019-10-26,0.0,17.9,7.3,12.5,2.63
2019-10-27,0.0,16.6,10.2,12.4,1.93
2019-10-28,1.5,16.3,9.7,12.1,1.12
2019-10-29,1.8,16.8,8.4,11.5,1.54
2019-10-30,0.4,15.4,7.6,11.1,1.37
2019-10-31,7.4,12.0,8.2,9.6,0.76
2019-11-01,4.4,10.8,6.6,8.9,0.72
2019-11-02,12.9,11.8,7.5,9.5,0.96
2019-11-03,16.4,8.0,5.0,6.6,0.7
2019-11-04,14.9,8.8,3.7,6.5,0.54
2019-11-05,3.1,5.4,2.9,4.0,0.5
2019-11-06,2.1,6.6,2.8,4.2,0.76
2019-11-07,4.0,4.6,0.6,3.3,0.56
2019-11-08,1.3,3.6,0.2,1.6,0.47
2019-11-09,3.2,4.7,-0.5,1.7,0.72
2019-11-10,0.0,3.8,-1.9,0.9,0.72
2019-11-11,0.6,5.1,-2.4,1.3,0.93
2019-11-12,0.1,4.9,-1.4,1.5,0.57
2019-11-13,0.3,3.4,-2.0,0.4,0.77
2019-11-14,18.0,2.2,-0.9,0.6,0.42
2019-11-15,0.1,2.9,-6.8,-1.4,0.75
2019-11-16,0.9,3.1,-5.2,-0.0,0.73
2019-11-17,0.2,2.6,-2.0,-0.0,0.4
2019-11-18,0.0,1.5,-3.1,-1.5,0.53
2019-11-19,0.0,1.8,-1.7,-0.1,0.25
2019-11-20,0.0,7.2,-0.9,2.8,0.81
2019-11-21,0.5,6.5,2.5,4.1,0.7
2019-11-22,3.5,7.4,1.6,5.0,0.81
2019-11-23,49.6,8.7,5.0,7.0,0.63
2019-11-24,5.2,5.1,1.0,3.4,0.4
2019-11-25,0.0,9.9,0.5,4.7,0.85
2019-11-26,0.0,11.9,5.1,7.6,1.26
2019-11-27,7.7,7.5,4.7,5.8,0.57
2019-11-28,3.9,6.1,3.8,4.7,0.59
2019-11-29,1.3,6.1,1.8,4.2,0.58
2019-11-30,4.5,9.0,0.1,3.9,0.76
2019-12-01,8.4,6.5,2.6,3.8,0.56
2019-12-02,1.2,3.3,-2.5,0.6,0.16
2019-12-03,0.0,1.6,-4.0,-1.8,0.53
2019-12-04,0.0,6.4,-0.4,1.8,0.64
2019-12-05,0.0,9.4,0.1,3.7,0.98
2019-12-06,0.2,9.0,1.1,4.5,1.13
2019-12-07,0.1,8.0,2.4,4.5,0.65
2019-12-08,1.5,7.2,3.1,5.4,0.45
2019-12-09,13.8,3.6,-1.3,1.8,0.28
2019-12-10,0.0,1.7,-2.7,-1.1,0.54
2019-12-11,3.6,5.3,-0.2,2.4,0.8
2019-12-12,6.3,1.7,-1.8,0.1,0.34
2019-12-13,20.4,5.6,1.4,3.1,0.33
2019-12-14,5.3,7.6,4.9,6.7,0.29
2019-12-15,0.0,9.5,4.1,6.1,0.85
2019-12-16,0.0,9.0,5.4,7.0,1.06
2019-12-17,2.7,9.7,7.0,7.9,0.99
2019-12-18,0.3,10.5,6.7,8.1,0.82
2019-12-19,0.1,10.4,7.4,8.3,0.97
2019-12-20,14.7,9.0,2.2,5.6,0.69
2019-12-21,8.2,6.5,2.6,4.1,0.79
2019-12-22,16.3,4.2,1.3,2.9,0.37
2019-12-23,2.6,3.3,1.2,2.3,0.44
2019-12-24,2.2,8.5,3.2,6.1,0.37
2019-12-25,0.0,8.2,-0.6,3.3,0.88
2019-12-26,0.2,9.1,-1.0,4.3,0.9
2019-12-27,5.0,5.3,1.1,3.5,0.25
2019-12-28,0.0,4.5,-0.4,1.6,0.43
2019-12-29,0.0,8.2,-1.4,3.1,0.89
2019-12-30,0.0,9.3,1.8,5.6,0.92
2019-12-31,0.0,9.4,0.6,5.1,0.93
2020-01-01,0.0,8.7,-1.8,3.1,0.86
2020-01-02,0.0,6.3,-1.6,2.4,0.99
2020-01-03,0.0,6.6,2.8,4.1,0.86
2020-01-04,0.5,3.3,-1.9,1.3,0.25
2020-01-05,0.0,1.9,-2.7,-1.2,0.31
2020-01-06,0.0,7.0,-1.2,3.0,0.93
2020-01-07,0.0,5.2,0.3,3.3,0.35
2020-01-08,0.0,8.7,4.2,5.8,0.4
2020-01-09,1.5,9.0,3.6,5.4,1.5
2020-01-10,3.3,4.5,-0.2,2.5,0.44
2020-01-11,0.0,2.4,-2.6,-0.3,0.45
2020-01-12,0.0,8.8,-3.4,2.9,1.03
2020-01-13,0.0,7.6,0.5,3.1,0.95
2020-01-14,0.0,6.7,1.5,3.7,0.89
2020-01-15,0.0,6.4,2.6,4.3,0.72
2020-01-16,0.0,8.8,1.1,4.3,0.98
2020-01-17,8.1,5.9,-0.1,3.3,0.34
2020-01-18,0.0,2.3,-3.5,-0.9,0.68
2020-01-19,0.0,0.0,-3.8,-2.6,0.69
2020-01-20,0.0,0.3,-4.9,-3.2,0.64
2020-01-21,0.7,5.0,-3.4,-0.0,0.69
2020-01-22,0.5,7.1,-1.7,2.2,0.82
2020-01-23,0.0,8.3,-0.4,4.8,1.22
2020-01-24,0.7,8.2,2.0,4.8,0.84
2020-01-25,0.7,7.2,0.8,3.4,0.72
2020-01-26,2.4,6.4,1.2,3.2,0.59
2020-01-27,2.9,5.6,0.2,2.7,0.61
2020-01-28,10.2,3.6,1.4,2.3,0.33
2020-01-29,1.3,4.7,-0.3,1.9,0.47
2020-01-30,2.8,7.7,-0.1,4.9,0.47
2020-01-31,0.0,9.9,6.1,7.4,0.67
2020-02-01,1.5,9.0,5.5,6.9,0.67
2020-02-02,2.7,10.3,6.2,8.6,0.55
2020-02-03,0.0,13.2,6.7,9.3,1.45
2020-02-04,1.9,8.6,-0.9,2.6,0.89
2020-02-05,0.0,3.2,-3.3,-0.4,0.73
2020-02-06,0.0,7.3,-4.1,0.9,1.26
2020-02-07,0.0,8.9,0.8,3.6,1.33
2020-02-08,0.0,7.0,0.1,3.4,0.91
2020-02-09,0.4,7.0,2.5,4.6,0.85
2020-02-10,1.6,8.2,3.6,6.2,0.95
2020-02-11,3.1,5.7,0.1,3.6,0.67
2020-02-12,0.0,4.1,-2.0,0.6,0.79
2020-02-13,2.1,6.7,-0.8,3.4,0.77
2020-02-14,0.1,5.5,0.7,2.9,0.67
2020-02-15,0.0,13.0,-1.0,5.7,2.33
2020-02-16,0.0,11.2,5.5,7.4,1.57
2020-02-17,2.5,8.0,1.2,4.9,0.51
2020-02-18,0.0,4.0,-0.3,1.3,0.88
2020-02-19,0.2,5.6,1.0,2.8,0.69
2020-02-20,0.0,11.3,-1.3,4.6,1.94
2020-02-21,0.0,6.2,-0.0,3.2,1.23
2020-02-22,0.0,13.9,1.8,7.1,2.16
2020-02-23,0.0,15.1,2.5,7.4,2.57
2020-02-24,0.0,14.5,3.8,7.9,2.44
2020-02-25,0.8,5.6,0.8,3.2,0.74
2020-02-26,8.8,1.4,-1.3,0.0,1.1
2020-02-27,6.8,6.3,-0.8,2.1,0.57
2020-02-28,0.0,7.1,-2.0,2.7,1.23
2020-02-29,5.4,8.5,2.4,5.1,0.82
2020-03-01,5.0,6.6,1.4,3.1,1.1
2020-03-02,15.4,5.3,-0.5,2.3,0.61
2020-03-03,3.6,2.7,-1.8,0.3,0.77
2020-03-04,5.3,5.1,-1.5,1.8,0.6
2020-03-05,13.2,8.4,1.0,4.9,0.61
2020-03-06,6.0,3.7,-1.1,0.8,0.72
2020-03-07,1.4,2.4,-1.4,0.1,0.91
2020-03-08,0.1,9.0,-0.4,3.8,1.89
2020-03-09,3.1,4.7,-0.3,1.9,1.23
2020-03-10,2.1,8.6,0.5,4.3,1.11
2020-03-11,0.0,14.9,4.2,8.3,2.03
2020-03-12,4.7,12.9,5.8,8.8,1.56
2020-03-13,0.0,6.3,-0.6,3.3,1.62
2020-03-14,0.0,7.6,-1.5,2.5,1.95
2020-03-15,0.0,10.9,-0.4,5.1,2.38
2020-03-16,0.2,8.8,2.6,5.3,1.49
2020-03-17,0.3,14.6,2.7,7.9,2.21
2020-03-18,0.0,15.2,3.7,9.5,2.81
2020-03-19,0.0,15.6,5.8,9.7,3.07
2020-03-20,0.0,14.2,3.9,8.4,3.17
2020-03-21,0.0,13.0,3.0,7.9,2.33
2020-03-22,2.6,11.4,2.6,6.8,2.06
2020-03-23,0.7,11.1,2.7,6.9,2.16
2020-03-24,0.0,10.2,1.3,4.9,2.32
2020-03-25,0.2,8.1,-2.3,2.6,2.35
2020-03-26,0.2,6.1,-2.6,1.1,2.28
2020-03-27,0.0,8.2,-2.6,2.7,2.3
2020-03-28,0.1,10.8,-0.2,5.9,2.66
2020-03-29,0.7,4.6,-2.6,1.2,0.85
2020-03-30,1.1,1.5,-2.9,-0.8,0.81
2020-03-31,0.0,8.3,-3.8,1.5,2.21
2020-04-01,0.0,12.7,-1.4,5.2,2.96
2020-04-02,0.0,10.0,-1.5,4.2,2.92
2020-04-03,0.0,7.8,-2.5,2.4,2.32
2020-04-04,0.0,15.1,-0.9,6.2,3.44
2020-04-05,0.0,13.8,4.0,8.2,4.27
2020-04-06,0.0,13.9,5.0,8.5,3.99
2020-04-07,0.0,15.2,4.0,9.2,3.81
2020-04-08,0.0,16.5,5.4,10.2,3.67
2020-04-09,0.0,17.2,2.1,10.2,4.05
2020-04-10,0.0,18.0,5.7,11.7,4.13
2020-04-11,0.0,18.4,6.6,11.6,4.03
2020-04-12,0.0,14.5,4.1,9.3,3.74
2020-04-13,0.0,13.8,5.7,9.5,3.28
2020-04-14,0.1,14.6,3.3,8.0,3.49
2020-04-15,0.0,16.0,1.3,9.2,4.1
2020-04-16,0.0,15.7,6.8,10.7,4.2
2020-04-17,0.1,18.0,7.2,11.7,4.01
2020-04-18,0.3,17.5,6.9,11.4,2.72
2020-04-19,4.5,12.6,8.0,10.1,1.31
2020-04-20,7.9,13.2,8.6,10.7,1.12
2020-04-21,7.1,14.3,8.5,10.5,1.46
2020-04-22,14.1,13.6,8.9,10.6,1.51
2020-04-23,1.8,16.3,8.5,11.9,2.98
2020-04-24,0.3,17.0,9.0,12.7,3.32
2020-04-25,0.4,16.3,8.1,12.2,2.34
2020-04-26,1.2,15.3,7.7,11.3,2.68
2020-04-27,13.5,14.2,6.8,10.4,2.36
2020-04-28,10.5,11.4,4.7,7.9,2.03
2020-04-29,0.1,11.3,4.5,7.7,2.18
2020-04-30,5.9,9.1,5.5,7.5,1.63
2020-05-01,13.9,11.5,4.5,8.2,1.29
2020-05-02,9.0,13.7,6.7,9.7,1.52
2020-05-03,1.0,16.2,8.3,12.1,2.59
2020-05-04,0.3,21.3,8.1,14.5,4.71
2020-05-05,0.5,18.7,9.9,14.1,3.57
2020-05-06,0.0,16.0,7.8,11.3,3.33
2020-05-07,0.0,20.1,6.7,13.2,4.42
2020-05-08,0.0,19.2,11.3,14.7,5.26
2020-05-09,0.3,19.5,9.6,13.5,4.51
2020-05-10,12.4,15.5,8.8,11.6,2.27
2020-05-11,4.4,14.9,3.0,9.0,2.49
2020-05-12,0.8,8.4,2.1,5.3,1.46
2020-05-13,21.9,11.4,6.9,8.6,1.05
2020-05-14,1.4,12.2,6.4,8.3,1.56
2020-05-15,1.6,10.1,5.1,7.3,1.34
2020-05-16,0.1,14.4,6.2,9.7,2.69
2020-05-17,0.0,14.3,3.9,9.0,3.79
2020-05-18,0.0,17.3,4.3,10.8,4.18
2020-05-19,0.0,18.3,6.9,12.2,4.27
2020-05-20,0.0,20.3,7.2,13.9,4.82
2020-05-21,0.0,21.6,9.5,16.0,4.85
2020-05-22,0.0,22.9,8.8,17.2,4.46
2020-05-23,9.8,17.3,5.2,10.9,1.41
2020-05-24,0.0,15.1,4.0,9.5,3.86
2020-05-25,0.0,17.9,5.4,11.6,4.57
2020-05-26,0.0,19.3,6.7,12.8,4.91
2020-05-27,0.0,19.5,6.6,13.4,4.79
2020-05-28,0.0,20.6,9.3,14.8,5.03
2020-05-29,0.0,20.0,8.0,13.9,5.14
2020-05-30,0.0,18.8,6.0,13.3,4.77
2020-05-31,0.5,19.2,8.3,14.7,4.4
2020-06-01,9.3,19.2,9.2,14.0,3.81
2020-06-02,0.1,20.1,9.6,14.9,4.29
2020-06-03,9.3,19.0,10.3,14.5,3.7
2020-06-04,2.4,14.2,8.0,11.3,3.36
2020-06-05,2.1,11.6,7.2,9.2,1.49
2020-06-06,2.7,15.4,9.3,12.1,3.04
2020-06-07,4.4,13.2,7.5,10.1,3.09
2020-06-08,3.2,12.0,5.1,8.4,3.01
2020-06-09,7.6,11.1,6.3,8.1,2.06
2020-06-10,0.9,13.5,6.3,9.2,2.57
2020-06-11,2.0,13.2,6.1,10.4,2.29
2020-06-12,54.4,13.7,9.6,11.0,1.36
2020-06-13,6.0,14.8,8.1,11.6,3.35
2020-06-14,0.1,16.3,7.5,11.9,3.89
2020-06-15,0.0,15.9,8.3,12.1,3.47
2020-06-16,4.4,15.8,7.9,11.5,3.16
2020-06-17,0.1,14.0,7.4,10.5,3.35
2020-06-18,0.1,14.9,7.9,10.8,3.49
2020-06-19,0.0,15.9,6.6,11.6,3.51
2020-06-20,0.2,17.0,9.0,13.1,3.63
2020-06-21,0.0,19.6,10.2,14.6,4.3
2020-06-22,0.0,18.4,11.1,14.7,3.79
2020-06-23,0.0,24.4,10.0,17.0,5.3
2020-06-24,0.0,25.3,14.6,19.9,5.91
2020-06-25,0.0,25.4,13.2,19.4,5.82
2020-06-26,1.7,23.6,14.0,19.0,4.48
2020-06-27,1.0,23.5,13.2,17.9,5.0
2020-06-28,0.8,21.8,13.1,17.2,3.96
2020-06-29,0.0,20.3,10.9,15.9,4.9
2020-06-30,0.0,23.3,8.5,16.4,5.24
2020-07-01,2.5,24.4,13.1,18.2,4.55
2020-07-02,1.0,20.5,11.6,16.0,4.24
2020-07-03,1.5,15.8,9.4,12.3,3.22
2020-07-04,0.0,20.9,8.4,14.6,5.06
2020-07-05,0.0,24.3,11.7,17.9,5.41
2020-07-06,0.2,19.1,9.7,14.6,3.96
2020-07-07,0.0,19.2,7.2,13.4,5.11
2020-07-08,0.0,23.9,9.9,17.2,5.57
2020-07-09,0.0,27.3,12.3,20.3,6.27
2020-07-10,12.2,24.5,13.6,18.8,4.71
2020-07-11,1.5,19.0,11.0,14.7,4.54
2020-07-12,0.0,22.2,8.2,15.9,5.43
2020-07-13,0.0,22.2,11.7,17.1,5.64
2020-07-14,0.0,20.4,11.6,15.8,4.32
2020-07-15,4.8,16.7,9.9,13.2,2.44
2020-07-16,0.2,15.8,9.4,12.4,2.37
2020-07-17,1.7,15.0,11.2,12.9,1.97
2020-07-18,0.0,21.6,9.7,15.6,4.72
2020-07-19,0.0,24.4,13.5,18.7,5.59
2020-07-20,0.1,27.1,14.0,20.7,5.91
2020-07-21,5.2,27.2,14.8,19.7,4.42
2020-07-22,10.7,23.7,15.3,18.8,3.85
2020-07-23,1.2,24.6,14.3,18.7,4.46
2020-07-24,0.0,22.6,14.0,18.2,4.95
2020-07-25,0.0,23.4,12.6,18.1,5.43
2020-07-26,1.7,23.3,13.9,18.0,4.68
2020-07-27,0.0,29.6,12.8,21.9,6.39
2020-07-28,0.3,27.0,16.1,21.3,4.86
2020-07-29,0.1,28.1,13.4,20.9,5.21
2020-07-30,0.0,30.0,16.8,23.7,5.77
2020-07-31,0.0,32.2,18.5,25.5,6.37
2020-08-01,0.7,30.2,17.2,22.7,5.27
2020-08-02,4.9,19.1,13.0,16.4,2.5
2020-08-03,1.0,16.7,9.8,13.4,3.51
2020-08-04,0.0,16.6,7.7,12.3,4.0
2020-08-05,0.0,23.3,8.1,16.0,5.16
2020-08-06,0.0,28.2,12.2,20.6,5.74
2020-08-07,0.0,31.4,15.7,23.8,6.17
2020-08-08,0.0,31.8,18.2,25.2,6.38
2020-08-09,0.1,29.9,19.0,24.2,4.34
2020-08-10,0.5,27.9,18.2,23.2,5.01
2020-08-11,0.7,29.3,17.2,22.9,4.78
2020-08-12,0.0,26.0,17.5,21.3,4.51
2020-08-13,1.4,23.5,14.6,18.2,3.86
2020-08-14,0.0,23.7,12.9,18.0,4.18
2020-08-15,0.0,25.9,12.1,19.4,4.5
2020-08-16,2.3,22.6,12.5,17.6,3.27
2020-08-17,0.0,20.6,10.7,16.1,3.63
2020-08-18,0.0,22.5,12.8,17.1,3.68
2020-08-19,0.0,26.3,12.9,19.6,4.97
2020-08-20,0.0,27.7,16.6,21.6,5.8
2020-08-21,0.0,27.4,17.3,22.0,5.7
2020-08-22,6.8,22.0,13.0,17.4,4.3
2020-08-23,0.0,19.2,10.1,14.4,3.83
2020-08-24,0.0,19.3,10.4,14.6,4.0
2020-08-25,0.0,25.2,9.6,18.1,5.41
2020-08-26,0.0,23.8,13.9,17.9,4.25
2020-08-27,0.0,24.3,10.8,17.6,4.4
2020-08-28,10.4,16.3,9.9,13.8,1.0
2020-08-29,0.0,16.9,8.5,12.0,3.05
2020-08-30,4.9,13.7,7.9,10.1,2.03
2020-08-31,1.5,13.4,7.1,10.1,1.98
2020-09-01,0.0,15.5,6.9,10.9,3.22
2020-09-02,0.0,16.3,5.2,10.8,3.22
2020-09-03,0.0,21.1,8.9,14.7,3.86
2020-09-04,0.0,26.9,10.5,18.7,4.97
2020-09-05,0.0,25.4,12.0,18.6,5.0
2020-09-06,0.1,16.5,8.2,12.6,2.94
2020-09-07,0.0,17.3,5.9,10.8,2.95
2020-09-08,0.0,22.1,6.8,14.3,3.85
2020-09-09,3.8,22.1,11.2,15.1,2.34
2020-09-10,0.0,21.5,12.5,16.8,3.42
2020-09-11,0.0,21.2,11.9,17.0,3.08
2020-09-12,0.0,24.0,14.0,18.5,4.07
2020-09-13,0.0,27.9,12.2,19.6,4.34
2020-09-14,0.0,27.0,16.3,20.8,5.19
2020-09-15,0.0,26.2,16.3,20.6,5.04
2020-09-16,0.4,24.7,15.2,19.3,3.56
2020-09-17,0.0,25.6,12.9,18.9,4.09
2020-09-18,0.9,24.6,15.1,19.2,4.74
2020-09-19,30.2,18.4,13.5,15.6,1.55
2020-09-20,0.4,19.3,11.5,14.5,2.38
2020-09-21,9.8,19.5,10.9,14.1,2.12
2020-09-22,1.1,17.4,10.1,12.6,1.82
2020-09-23,0.2,18.8,10.7,14.1,2.98
2020-09-24,5.0,15.2,8.0,11.8,1.62
2020-09-25,7.6,7.8,2.9,5.1,1.05
2020-09-26,1.2,6.8,1.7,3.9,1.33
2020-09-27,10.4,5.1,0.5,3.1,0.6
2020-09-28,5.7,8.0,5.1,6.4,0.69
2020-09-29,0.0,12.9,2.8,7.4,1.95
2020-09-30,0.0,17.4,4.2,10.3,2.74
2020-10-01,0.7,13.2,8.1,10.2,1.56
2020-10-02,21.6,12.1,3.5,7.3,0.76
2020-10-03,17.3,7.9,3.2,5.4,0.86
2020-10-04,4.6,8.3,4.5,5.8,0.96
2020-10-05,1.6,8.2,4.5,6.4,0.94
2020-10-06,2.7,11.5,6.4,8.8,0.77
2020-10-07,0.0,11.1,6.4,8.1,1.48
2020-10-08,0.0,17.3,7.5,11.0,2.14
2020-10-09,0.0,15.8,6.7,10.7,1.92
2020-10-10,2.9,8.4,4.0,6.6,0.78
2020-10-11,6.0,5.3,2.4,3.4,0.63
2020-10-12,0.5,5.6,1.2,2.9,0.84
2020-10-13,2.9,8.4,-0.9,4.0,0.84
2020-10-14,4.7,6.0,2.6,3.6,0.64
2020-10-15,2.0,2.7,1.0,1.7,0.26
2020-10-16,3.7,3.8,2.4,3.1,0.26
2020-10-17,0.1,5.9,3.1,4.0,0.67
2020-10-18,0.0,8.8,1.2,4.3,1.4
2020-10-19,0.0,13.9,-0.5,6.8,1.98
2020-10-20,0.4,11.6,8.7,9.7,1.44
2020-10-21,0.1,14.2,9.5,11.5,1.95
2020-10-22,2.4,14.0,10.5,11.8,1.34
2020-10-23,8.0,11.7,6.6,10.0,0.82
2020-10-24,1.5,12.3,6.5,8.5,1.36
2020-10-25,3.5,13.5,6.7,9.6,1.87
2020-10-26,9.2,7.6,2.5,4.6,0.84
2020-10-27,0.4,7.7,3.2,5.5,0.72
2020-10-28,1.7,9.6,6.5,7.9,0.58
2020-10-29,1.2,10.6,6.5,8.0,0.65
2020-10-30,0.0,15.2,2.5,8.6,1.65
2020-10-31,0.0,18.5,6.4,11.3,2.19
2020-11-01,0.0,17.7,6.9,11.8,1.57
2020-11-02,0.0,17.7,10.5,13.3,1.45
2020-11-03,3.7,10.9,3.5,7.8,0.36
2020-11-04,0.0,6.3,0.6,2.8,0.94
2020-11-05,0.0,10.6,1.6,5.1,1.11
2020-11-06,0.0,13.5,7.5,9.5,1.59
2020-11-07,2.0,13.3,8.7,9.8,1.38
2020-11-08,9.6,12.4,7.9,9.7,0.97
2020-11-09,0.0,13.3,6.1,9.2,1.23
2020-11-10,0.4,10.7,5.2,7.6,0.88
2020-11-11,0.0,12.3,4.3,7.7,1.29
2020-11-12,0.0,13.0,5.3,8.1,1.32
2020-11-13,0.0,11.8,6.0,8.1,1.16
2020-11-14,0.0,12.6,7.2,9.4,1.32
2020-11-15,6.2,12.2,7.9,10.1,1.05
2020-11-16,0.1,7.5,3.9,5.7,0.75
2020-11-17,0.0,10.2,3.5,5.7,1.0
2020-11-18,0.0,13.7,6.4,9.1,2.11
2020-11-19,0.6,10.0,0.5,5.6,0.55
2020-11-20,0.0,1.6,-2.0,0.1,0.28
2020-11-21,0.0,5.2,-3.6,0.0,0.91
2020-11-22,0.0,10.6,-1.2,5.4,1.3
2020-11-23,0.0,9.1,0.7,4.5,1.13
2020-11-24,0.0,11.2,0.9,5.2,1.25
2020-11-25,0.0,8.0,4.5,5.9,0.83
2020-11-26,0.0,9.3,5.1,6.4,0.87
2020-11-27,0.0,10.0,4.4,6.7,0.8
2020-11-28,0.0,9.4,2.4,5.2,0.97
2020-11-29,0.0,8.7,-1.5,2.8,0.94
2020-11-30,0.0,4.3,-1.9,0.0,0.78
2020-12-01,3.2,3.0,-1.5,0.6,0.42
2020-12-02,4.2,-0.4,-1.7,-1.1,0.16
2020-12-03,4.7,2.9,-1.4,0.7,0.35
2020-12-04,3.3,2.8,-1.7,0.6,0.42
2020-12-05,0.0,1.6,-3.2,-1.1,0.65
2020-12-06,2.7,1.9,-2.5,-0.7,0.38
2020-12-07,3.5,1.8,-1.8,-0.3,0.58
2020-12-08,5.2,1.5,-3.6,-0.4,0.35
2020-12-09,0.0,0.3,-3.2,-1.8,0.39
2020-12-10,7.9,2.7,-1.3,0.6,0.28
2020-12-11,11.1,4.9,1.3,2.9,0.36
2020-12-12,8.8,3.4,0.2,2.2,0.23
2020-12-13,0.0,5.4,-1.1,1.8,0.69
2020-12-14,0.2,9.3,3.7,6.0,0.91
2020-12-15,21.8,7.9,2.1,5.8,0.46
2020-12-16,0.0,8.4,1.7,5.2,0.68
2020-12-17,0.9,7.7,4.7,6.3,0.35
2020-12-18,0.0,10.0,1.8,5.8,0.73
2020-12-19,0.4,8.4,6.4,7.0,0.74
2020-12-20,2.6,7.0,1.3,4.7,0.48
2020-12-21,1.4,6.5,1.3,4.3,0.61
2020-12-22,0.0,13.2,6.9,8.9,0.87
2020-12-23,1.3,13.8,3.5,8.6,1.05
2020-12-24,7.7,3.9,-0.7,2.1,0.31
2020-12-25,8.1,-1.0,-4.4,-3.4,0.16
2020-12-26,0.0,-3.9,-5.2,-4.7,0.26
2020-12-27,10.3,1.7,-5.1,-1.0,0.75
2020-12-28,6.7,0.8,-1.4,-0.2,0.42
2020-12-29,2.9,0.8,-1.7,-0.5,0.32
2020-12-30,2.3,-1.0,-4.4,-2.2,0.38
2020-12-31,7.1,2.3,-1.8,0.6,0.36
2021-01-01,0.9,-0.4,-4.5,-2.7,0.34
2021-01-02,3.4,-4.5,-6.3,-5.5,0.15
2021-01-03,2.2,-4.3,-6.4,-5.7,0.25
2021-01-04,8.9,-2.9,-5.5,-4.7,0.28
2021-01-05,0.1,-3.8,-8.2,-5.5,0.25
2021-01-06,0.0,-4.8,-9.3,-6.9,0.3
2021-01-07,0.0,-3.2,-6.6,-4.9,0.35
2021-01-08,0.0,-3.3,-6.6,-5.2,0.31
2021-01-09,0.0,-3.8,-6.2,-5.3,0.34
2021-01-10,0.0,-5.3,-7.7,-6.3,0.25
2021-01-11,0.0,-3.4,-12.7,-7.4,0.54
2021-01-12,1.2,1.6,-11.8,-3.3,0.3
2021-01-13,6.6,4.2,1.2,2.6,0.3
2021-01-14,2.0,2.9,0.6,1.5,0.29
2021-01-15,3.7,2.0,-5.5,-1.4,0.19
2021-01-16,1.4,2.2,-7.5,-3.0,0.8
2021-01-17,2.9,1.0,-2.5,-0.3,0.3
2021-01-18,0.0,0.7,-5.1,-2.0,0.53
2021-01-19,0.0,7.8,-5.3,1.0,1.66
2021-01-20,0.4,5.9,-0.2,3.6,0.78
2021-01-21,3.4,6.4,3.5,4.6,0.6
2021-01-22,5.8,5.4,-1.4,2.3,0.48
2021-01-23,6.6,2.1,-0.9,0.4,0.39
2021-01-24,8.9,1.7,-2.9,-0.5,0.65
2021-01-25,2.1,1.3,-4.8,-1.4,0.9
2021-01-26,0.0,0.7,-6.5,-2.9,0.85
2021-01-27,4.2,6.4,-0.5,2.4,0.7
2021-01-28,2.4,8.4,4.9,6.6,0.41
2021-01-29,2.2,7.3,2.7,5.6,0.76
2021-01-30,4.1,6.5,2.4,4.2,0.41
2021-01-31,3.1,7.2,2.4,4.4,0.49
2021-02-01,19.8,6.1,4.1,5.1,0.33
2021-02-02,0.7,8.5,4.3,6.5,0.37
2021-02-03,0.6,8.7,1.8,6.2,0.56
2021-02-04,0.0,11.3,0.9,6.3,1.11
2021-02-05,0.0,13.6,5.4,7.8,1.32
2021-02-06,8.5,8.9,3.8,7.1,1.11
2021-02-07,3.6,3.8,-0.9,1.4,0.64
2021-02-08,2.0,4.2,-0.5,1.8,0.53
2021-02-09,3.9,5.2,-0.8,2.4,0.67
2021-02-10,4.6,5.2,-0.3,1.8,0.7
2021-02-11,0.0,4.6,-1.8,0.3,0.64
2021-02-12,13.0,7.1,-2.0,2.5,0.37
2021-02-13,0.0,3.3,-3.4,-1.2,0.97
2021-02-14,0.0,2.2,-4.9,-1.3,0.89
2021-02-15,0.0,6.3,-2.2,1.2,1.3
2021-02-16,0.0,11.6,2.3,5.9,1.71
2021-02-17,0.0,10.9,-0.1,5.3,1.85
2021-02-18,0.4,10.1,4.1,6.2,1.57
2021-02-19,0.0,11.3,3.9,6.4,1.71
2021-02-20,0.0,9.4,5.1,6.5,1.6
2021-02-21,0.0,9.5,5.0,6.5,1.89
2021-02-22,2.0,11.0,4.3,6.8,1.62
2021-02-23,0.0,12.2,6.0,8.5,1.64
2021-02-24,0.0,15.5,6.4,9.5,3.23
2021-02-25,0.0,14.6,4.0,8.3,3.02
2021-02-26,0.7,11.8,1.9,6.5,2.0
2021-02-27,0.0,3.5,0.1,1.4,0.47
2021-02-28,0.0,11.0,-1.9,3.8,1.95
2021-03-01,0.0,12.4,0.9,5.6,2.49
2021-03-02,0.5,11.9,4.1,6.9,3.13
2021-03-03,0.5,12.7,3.2,7.1,2.47
2021-03-04,0.0,11.3,1.9,6.0,1.85
2021-03-05,7.7,4.4,0.7,3.2,0.4
2021-03-06,0.0,9.4,-1.1,3.4,1.74
2021-03-07,5.6,5.9,1.9,3.3,0.72
2021-03-08,0.4,6.0,-0.1,2.5,1.29
2021-03-09,0.0,4.7,-2.7,0.1,1.62
2021-03-10,0.5,9.8,-3.4,2.3,2.34
2021-03-11,4.7,9.1,2.5,5.4,0.93
2021-03-12,0.2,5.1,0.0,2.3,1.35
2021-03-13,6.1,4.2,1.3,2.3,0.56
2021-03-14,1.9,4.3,-1.5,0.9,1.59
2021-03-15,6.2,4.0,-0.3,1.4,0.47
2021-03-16,3.8,3.9,-0.4,1.5,0.96
2021-03-17,8.0,3.5,-1.1,0.5,0.33
2021-03-18,1.8,-0.9,-3.1,-2.0,0.59
2021-03-19,3.0,1.9,-3.2,-1.2,1.4
2021-03-20,0.1,3.0,-4.9,-1.8,1.73
2021-03-21,0.6,2.8,-5.1,-1.3,1.25
2021-03-22,0.7,1.7,-1.4,-0.5,0.61
2021-03-23,0.0,8.3,-3.0,2.0,2.16
2021-03-24,0.0,14.1,-0.6,7.1,3.04
2021-03-25,0.0,12.0,0.8,5.8,2.58
2021-03-26,3.4,13.4,2.1,7.1,2.32
2021-03-27,0.0,7.6,-0.5,3.6,2.37
2021-03-28,0.0,15.1,-2.0,6.8,3.3
2021-03-29,0.0,17.4,3.6,9.6,3.85
2021-03-30,0.0,18.8,6.2,11.4,4.25
2021-03-31,0.0,18.6,6.7,11.6,4.36
2021-04-01,0.0,19.5,4.9,11.4,4.18
2021-04-02,0.7,17.0,4.5,10.8,3.56
2021-04-03,0.0,8.0,0.1,3.6,2.37
2021-04-04,0.0,9.5,-2.5,3.2,2.74
2021-04-05,0.0,13.6,-0.2,6.6,3.33
2021-04-06,1.0,2.3,-4.5,-1.7,1.95
2021-04-07,0.4,2.3,-5.5,-2.1,1.98
2021-04-08,0.0,11.8,-3.8,3.8,3.49
2021-04-09,0.4,9.0,1.3,4.9,2.28
2021-04-10,0.1,9.3,2.4,5.4,1.86
2021-04-11,11.4,9.1,0.3,5.0,1.1
2021-04-12,0.8,3.3,-2.9,-0.1,1.66
2021-04-13,0.0,5.8,-3.7,0.9,2.3
2021-04-14,0.0,7.1,-3.8,1.0,2.77
2021-04-15,0.0,5.9,-4.4,0.5,2.53
2021-04-16,2.8,4.4,-4.7,-0.5,1.9
2021-04-17,0.0,4.4,-3.4,0.2,1.62
2021-04-18,0.6,6.8,-0.6,2.7,1.66
2021-04-19,0.4,8.8,-0.4,4.5,1.94
2021-04-20,4.6,10.8,0.4,5.6,2.4
2021-04-21,6.3,8.4,2.7,5.3,1.35
2021-04-22,1.4,12.2,0.9,7.0,2.92
2021-04-23,0.0,15.8,5.1,10.1,3.79
2021-04-24,0.0,17.0,5.3,10.8,4.21
2021-04-25,1.9,16.7,5.4,10.7,3.7
2021-04-26,0.1,15.4,5.4,10.1,3.19
2021-04-27,0.9,14.5,6.2,9.9,2.49
2021-04-28,9.2,11.9,4.4,8.1,1.54
2021-04-29,2.5,10.3,4.1,6.9,1.56
2021-04-30,10.6,9.1,4.7,6.6,1.48
2021-05-01,11.2,6.4,2.8,5.0,0.83
2021-05-02,0.9,8.2,0.8,4.0,2.61
2021-05-03,0.0,12.0,-0.4,5.7,3.72
2021-05-04,0.4,12.5,2.0,7.6,3.1
2021-05-05,3.3,10.0,1.8,6.7,2.3
2021-05-06,6.9,10.0,3.9,6.9,1.27
2021-05-07,0.9,12.4,3.7,7.9,2.67
2021-05-08,0.0,19.9,3.6,12.3,4.15
2021-05-09,1.2,17.4,9.9,12.4,3.92
2021-05-10,49.4,10.7,5.3,8.3,0.96
2021-05-11,16.2,9.8,2.7,6.4,2.26
2021-05-12,1.6,11.4,1.9,6.6,2.86
2021-05-13,1.3,10.7,2.6,6.2,2.7
2021-05-14,1.0,10.9,3.8,6.5,2.85
2021-05-15,7.4,10.1,4.3,7.2,1.04
2021-05-16,6.3,12.3,4.4,8.3,1.61
2021-05-17,1.7,9.8,3.9,6.4,2.2
2021-05-18,8.4,7.4,3.2,5.1,1.19
2021-05-19,2.2,9.8,3.5,6.0,2.4
2021-05-20,0.0,14.6,2.4,8.4,3.97
2021-05-21,2.4,15.7,4.3,10.7,3.42
2021-05-22,0.6,12.0,3.1,6.4,2.61
2021-05-23,0.0,13.0,2.1,7.2,3.55
2021-05-24,0.6,13.1,4.5,7.6,2.48
2021-05-25,0.0,10.1,2.9,6.4,2.29
2021-05-26,0.0,15.2,4.5,9.4,4.14
2021-05-27,0.0,16.8,6.8,11.3,4.27
2021-05-28,0.0,20.7,6.4,13.5,4.21
2021-05-29,0.1,19.2,10.3,14.5,4.19
2021-05-30,0.2,18.0,8.0,13.5,4.16
2021-05-31,2.8,19.3,8.4,14.0,3.85
2021-06-01,1.7,19.4,10.1,14.3,4.3
2021-06-02,0.9,16.8,10.4,13.3,2.66
2021-06-03,0.7,19.3,10.6,14.8,4.02
2021-06-04,26.8,20.5,11.0,14.4,3.07
2021-06-05,0.4,14.6,9.6,11.9,3.13
2021-06-06,3.8,13.9,8.4,10.6,1.98
2021-06-07,5.6,13.7,9.6,11.1,1.26
2021-06-08,0.5,17.7,10.1,13.5,3.4
2021-06-09,0.0,20.0,9.7,14.7,4.31
2021-06-10,1.4,20.5,10.1,15.5,3.83
2021-06-11,0.8,21.5,12.7,16.8,4.42
2021-06-12,0.0,23.2,11.4,17.6,4.97
2021-06-13,0.0,23.2,12.1,18.2,4.87
2021-06-14,0.0,26.4,11.8,19.5,5.43
2021-06-15,0.0,25.7,13.2,20.1,5.74
2021-06-16,0.1,26.9,15.0,20.9,5.96
2021-06-17,0.8,24.1,16.0,19.0,4.69
2021-06-18,5.7,23.1,14.5,18.5,4.09
2021-06-19,1.1,24.8,13.6,18.5,4.54
2021-06-20,13.4,20.5,12.7,16.7,3.14
2021-06-21,24.5,17.5,10.7,14.0,2.66
2021-06-22,0.3,17.7,9.0,13.3,3.67
2021-06-23,12.9,18.0,9.3,12.9,3.41
2021-06-24,13.8,14.6,9.6,11.6,1.71
2021-06-25,0.2,18.0,9.2,13.0,3.89
2021-06-26,0.1,22.9,6.6,15.8,5.2
2021-06-27,7.6,21.6,12.8,17.1,3.78
2021-06-28,15.9,19.2,10.2,13.8,2.49
2021-06-29,3.6,14.2,9.0,11.0,2.62
2021-06-30,0.7,15.9,9.1,12.4,3.0
2021-07-01,0.0,19.6,8.4,14.2,4.1
2021-07-02,0.1,22.8,10.1,16.9,4.67
2021-07-03,8.3,18.9,12.4,15.8,1.98
2021-07-04,6.1,17.8,11.0,14.6,2.56
2021-07-05,0.0,22.3,10.9,17.0,4.28
2021-07-06,4.0,17.3,12.4,15.5,1.82
2021-07-07,8.7,19.3,10.5,14.2,3.84
2021-07-08,4.1,15.8,9.8,12.5,3.28
2021-07-09,0.0,18.4,8.5,13.4,3.77
2021-07-10,1.4,21.5,8.3,14.9,4.25
2021-07-11,0.4,23.9,9.6,16.4,5.02
2021-07-12,13.4,18.4,9.9,14.9,1.8
2021-07-13,16.4,14.3,8.0,10.0,2.04
2021-07-14,8.3,14.2,9.2,11.7,1.78
2021-07-15,2.3,15.7,11.1,12.8,2.09
2021-07-16,2.9,14.4,11.6,12.7,1.57
2021-07-17,3.2,16.1,11.1,13.2,1.71
2021-07-18,1.0,22.6,12.8,16.6,3.89
2021-07-19,0.0,23.8,11.2,17.4,4.75
2021-07-20,0.0,24.1,13.2,18.7,5.22
2021-07-21,0.3,23.3,13.3,18.8,4.64
2021-07-22,0.0,25.9,13.6,19.9,5.46
2021-07-23,0.1,30.4,15.0,22.4,5.72
2021-07-24,13.4,19.8,12.0,16.8,2.95
2021-07-25,0.5,18.8,11.1,14.7,3.6
2021-07-26,0.0,18.9,11.1,14.7,3.89
2021-07-27,2.7,21.9,9.7,16.0,4.41
2021-07-28,8.0,19.4,11.4,15.3,3.88
2021-07-29,0.5,23.8,10.1,16.8,4.75
2021-07-30,4.1,21.0,11.4,16.7,3.5
2021-07-31,4.1,15.2,10.5,12.9,2.01
2021-08-01,4.5,15.6,9.4,11.8,2.71
2021-08-02,0.2,17.5,8.4,12.7,3.26
2021-08-03,4.0,15.9,8.6,12.3,1.69
2021-08-04,5.7,16.4,11.1,13.1,2.15
2021-08-05,0.3,17.6,10.7,13.9,3.26
2021-08-06,0.1,18.6,11.1,14.2,3.75
2021-08-07,16.9,15.8,10.0,12.7,1.75
2021-08-08,0.0,15.4,8.7,11.9,2.95
2021-08-09,0.0,22.4,7.7,15.4,4.05
2021-08-10,0.7,25.3,12.0,19.3,4.36
2021-08-11,0.1,27.5,14.9,21.1,4.69
2021-08-12,7.4,27.8,16.4,20.9,4.07
2021-08-13,0.0,28.5,16.5,21.8,4.55
2021-08-14,0.0,30.6,16.4,23.5,4.93
2021-08-15,0.4,25.5,15.5,20.7,4.31
2021-08-16,0.4,17.9,12.0,14.5,3.23
2021-08-17,0.4,16.8,10.3,12.9,2.98
2021-08-18,0.0,16.6,8.1,12.3,2.93
2021-08-19,0.0,21.0,10.1,14.6,3.77
2021-08-20,0.1,24.4,10.3,17.0,4.37
2021-08-21,0.0,26.7,12.2,19.6,4.69
2021-08-22,1.4,21.8,13.2,17.3,3.73
2021-08-23,0.6,16.5,10.5,13.4,2.62
2021-08-24,2.8,15.9,10.6,12.9,1.73
2021-08-25,0.1,20.0,11.1,15.1,3.36
2021-08-26,0.0,20.9,9.4,15.0,4.1
2021-08-27,0.0,15.6,9.4,12.0,3.11
2021-08-28,0.0,15.8,5.7,10.6,2.88
2021-08-29,0.0,17.6,7.0,11.6,3.05
2021-08-30,0.0,18.0,8.4,12.1,3.18
2021-08-31,0.1,18.2,9.7,13.1,3.04
2021-09-01,0.0,22.7,6.7,14.7,3.85
2021-09-02,0.0,21.2,11.6,15.8,3.26
2021-09-03,6.1,18.7,11.8,14.8,2.24
2021-09-04,4.8,20.6,12.0,15.5,2.88
2021-09-05,0.0,22.5,11.4,16.7,3.59
2021-09-06,0.0,24.5,11.6,18.0,3.69
2021-09-07,0.0,24.5,13.8,18.4,4.2
2021-09-08,0.0,22.4,14.9,17.9,4.28
2021-09-09,4.0,18.6,13.1,15.5,2.54
2021-09-10,2.6,18.2,11.7,14.4,2.57
2021-09-11,0.0,19.9,10.9,14.8,2.79
2021-09-12,0.0,21.5,8.8,14.9,3.26
2021-09-13,0.0,23.2,11.1,17.3,3.75
2021-09-14,1.0,22.8,15.9,18.1,2.8
2021-09-15,4.6,20.4,14.5,16.8,2.62
2021-09-16,1.7,18.3,11.6,14.3,2.21
2021-09-17,0.8,17.9,11.9,14.2,2.08
2021-09-18,18.4,19.0,9.7,14.0,2.55
2021-09-19,3.9,12.7,6.5,9.7,1.27
2021-09-20,9.2,12.1,8.6,10.1,1.21
2021-09-21,2.3,14.0,8.9,10.5,1.64
2021-09-22,0.0,16.1,7.6,10.8,2.37
2021-09-23,0.0,19.8,6.1,13.1,3.08
2021-09-24,0.0,21.9,9.7,15.1,2.92
2021-09-25,3.8,20.0,12.5,15.4,2.53
2021-09-26,13.7,17.0,10.4,13.7,2.31
2021-09-27,0.3,17.7,8.1,13.0,2.14
2021-09-28,0.3,16.4,5.9,11.0,2.31
2021-09-29,1.1,13.7,7.4,10.3,1.66
2021-09-30,0.0,13.6,4.5,8.5,2.16
2021-10-01,0.4,17.4,4.2,11.4,3.0
2021-10-02,0.0,18.1,8.3,12.8,2.82
2021-10-03,45.2,16.2,7.9,12.5,1.08
2021-10-04,8.1,9.3,5.7,7.1,0.88
2021-10-05,3.1,11.4,5.6,8.0,0.94
2021-10-06,0.6,9.6,4.7,6.6,1.68
2021-10-07,0.9,8.6,4.2,6.2,0.82
2021-10-08,0.0,10.8,4.1,6.6,1.47
2021-10-09,0.2,11.0,6.0,7.6,1.19
2021-10-10,0.2,9.3,5.2,6.7,1.22
2021-10-11,0.0,9.9,3.8,5.8,1.53
2021-10-12,0.5,9.8,3.9,5.7,1.25
2021-10-13,1.5,7.8,2.0,5.0,0.9
2021-10-14,0.0,13.1,-1.1,5.9,2.08
2021-10-15,0.0,14.4,4.1,8.6,2.11
2021-10-16,0.0,13.7,3.8,8.4,2.04
2021-10-17,0.0,16.9,2.9,9.5,2.17
2021-10-18,0.0,16.5,5.9,11.1,2.02
2021-10-19,0.0,18.2,7.6,11.8,2.37
2021-10-20,1.2,14.9,11.7,12.9,1.47
2021-10-21,3.7,11.9,5.6,8.7,1.34
2021-10-22,0.5,9.5,-0.2,5.7,1.2
2021-10-23,0.0,9.0,0.0,3.2,1.46
2021-10-24,0.0,14.5,1.6,8.8,2.0
2021-10-25,0.0,13.0,6.2,8.6,1.73
2021-10-26,0.0,10.9,4.4,7.3,1.19
2021-10-27,0.0,14.8,3.3,8.1,1.78
2021-10-28,0.0,13.9,6.4,9.2,1.98
2021-10-29,0.1,12.5,8.4,10.0,1.5
2021-10-30,8.2,14.5,9.8,11.6,0.97
2021-10-31,3.9,14.4,9.4,11.6,1.47
2021-11-01,16.5,10.7,4.4,7.3,1.06
2021-11-02,6.7,7.1,3.5,5.2,0.79
2021-11-03,8.5,5.8,1.4,3.4,0.85
2021-11-04,1.5,4.4,0.2,1.7,0.63
2021-11-05,2.5,2.8,0.1,1.1,0.32
2021-11-06,0.2,4.0,-0.2,1.0,0.51
2021-11-07,0.7,5.6,-1.2,2.0,0.79
2021-11-08,1.3,4.0,0.7,2.4,0.4
2021-11-09,0.0,5.8,-0.5,2.0,0.84
2021-11-10,0.4,10.0,2.6,6.3,0.83
2021-11-11,0.7,13.1,2.4,7.2,1.26
2021-11-12,0.0,10.7,3.1,6.7,1.22
2021-11-13,2.9,9.5,2.8,5.6,0.79
2021-11-14,6.2,5.5,2.6,3.7,0.24
2021-11-15,2.0,3.7,2.7,3.1,0.26
2021-11-16,0.0,5.3,1.5,3.0,0.53
2021-11-17,0.8,1.8,-0.3,0.7,0.22
2021-11-18,0.3,6.0,0.5,2.7,0.66
2021-11-19,0.0,12.5,-1.6,4.0,1.08
2021-11-20,0.0,13.6,1.6,6.2,1.36
2021-11-21,1.0,7.1,2.2,4.2,0.63
2021-11-22,0.0,1.1,-0.5,0.2,0.21
2021-11-23,0.1,4.3,-0.7,1.1,0.43
2021-11-24,2.2,8.7,0.6,4.1,0.72
2021-11-25,4.0,3.6,0.3,2.3,0.33
2021-11-26,0.6,0.8,-3.4,-1.6,0.41
2021-11-27,2.5,1.1,-3.2,-1.0,0.62
2021-11-28,14.7,-0.3,-4.6,-2.5,0.45
2021-11-29,1.0,-2.8,-5.6,-4.7,0.32
2021-11-30,0.0,3.4,-5.3,-2.0,0.85
2021-12-01,2.2,3.9,-1.8,1.9,0.25
2021-12-02,5.8,0.4,-4.9,-1.7,0.27
2021-12-03,3.2,2.9,-4.9,-1.3,0.66
2021-12-04,9.4,6.2,-0.8,3.7,0.36
2021-12-05,4.6,0.5,-1.4,-0.8,0.44
2021-12-06,5.5,1.1,-2.2,-0.4,0.32
2021-12-07,8.8,5.0,-0.1,2.5,0.67
2021-12-08,6.2,2.4,-1.6,0.2,0.27
2021-12-09,0.7,0.7,-3.4,-1.9,0.52
2021-12-10,12.2,2.2,-2.9,-0.1,0.49
2021-12-11,0.5,-0.3,-3.1,-2.1,0.36
2021-12-12,0.0,5.1,-2.9,0.5,0.65
2021-12-13,0.0,10.8,0.2,3.9,0.84
2021-12-14,0.0,10.9,1.8,6.2,0.96
2021-12-15,0.0,7.9,-0.1,4.0,0.85
2021-12-16,0.0,5.3,-1.8,0.7,0.61
2021-12-17,0.0,10.4,-2.2,3.0,0.98
2021-12-18,0.0,9.1,-0.3,4.4,0.98
2021-12-19,0.0,8.3,-1.2,2.8,0.94
2021-12-20,0.0,4.7,-1.9,0.9,0.76
2021-12-21,0.0,9.2,-2.5,1.4,0.99
2021-12-22,0.0,8.9,-1.8,2.2,0.99
2021-12-23,0.0,6.9,1.9,3.7,0.57
2021-12-24,0.0,10.8,3.7,5.7,0.75
2021-12-25,0.1,10.1,2.7,6.0,0.75
2021-12-26,1.1,6.7,2.2,4.4,0.47
2021-12-27,10.4,6.2,3.7,5.1,0.46
2021-12-28,16.2,8.8,5.5,7.2,0.51
2021-12-29,3.2,10.7,7.0,9.0,0.37
2021-12-30,0.0,10.4,4.0,7.4,0.75
2021-12-31,0.0,15.5,6.2,10.8,1.78
2022-01-01,0.0,16.9,5.8,9.6,1.49
2022-01-02,0.0,12.0,4.6,8.2,1.49
2022-01-03,0.0,8.0,4.6,6.1,0.73
2022-01-04,4.9,11.7,2.1,7.6,1.48
2022-01-05,3.7,1.6,-4.2,-2.3,0.4
2022-01-06,1.6,-3.1,-4.9,-4.0,0.22
2022-01-07,2.4,0.7,-4.9,-2.2,0.42
2022-01-08,8.5,3.5,0.6,1.9,0.34
2022-01-09,5.1,2.7,-1.0,0.6,0.41
2022-01-10,6.9,1.5,-3.5,-0.7,0.35
2022-01-11,0.0,-0.4,-5.6,-3.5,0.49
2022-01-12,0.0,-0.1,-5.5,-3.7,0.59
2022-01-13,0.0,5.0,-5.1,-1.1,1.0
2022-01-14,0.0,9.6,-1.6,3.5,1.1
2022-01-15,0.0,10.3,-1.3,3.2,1.37
2022-01-16,0.0,5.4,-4.3,0.8,1.17
2022-01-17,0.0,1.4,-3.9,-1.2,0.31
2022-01-18,0.0,4.4,-2.2,0.1,0.72
2022-01-19,0.5,0.8,-2.5,-0.9,0.56
2022-01-20,2.4,-0.8,-3.2,-2.3,0.17
2022-01-21,1.2,-1.1,-6.0,-3.9,0.67
2022-01-22,0.0,-0.3,-6.1,-3.7,0.46
2022-01-23,0.0,3.4,-3.1,-1.0,0.75
2022-01-24,0.0,10.5,-2.2,3.8,1.47
2022-01-25,0.0,10.2,-0.9,4.6,1.38
2022-01-26,0.0,7.6,-2.7,2.6,1.25
2022-01-27,0.0,7.0,-4.1,1.0,1.32
2022-01-28,0.0,2.4,-4.8,-2.0,0.65
2022-01-29,0.0,4.5,-2.6,0.6,0.96
2022-01-30,0.0,1.5,-1.5,0.1,0.28
2022-01-31,3.1,2.1,-3.2,-0.3,0.28
2022-02-01,1.9,2.2,-5.3,-1.6,0.47
2022-02-02,0.2,4.6,0.2,2.4,0.38
2022-02-03,0.0,14.4,-2.2,5.2,1.81
2022-02-04,0.1,4.6,0.3,2.2,0.38
2022-02-05,0.6,2.2,-2.9,-0.0,0.75
2022-02-06,0.4,2.9,-3.0,-0.2,0.54
2022-02-07,2.2,3.8,-3.0,1.1,0.74
2022-02-08,0.0,7.1,-3.7,0.7,1.33
2022-02-09,0.0,11.8,-0.3,3.9,1.97
2022-02-10,0.0,10.8,1.6,5.4,1.8
2022-02-11,1.9,4.0,-4.7,0.7,0.63
2022-02-12,0.0,6.7,-5.3,1.0,1.28
2022-02-13,0.0,5.8,1.4,3.6,0.96
2022-02-14,10.9,5.0,0.4,2.6,0.63
2022-02-15,1.4,3.5,-0.7,1.0,0.78
2022-02-16,2.9,6.4,2.1,4.6,0.44
2022-02-17,0.5,10.7,6.1,7.5,0.7
2022-02-18,0.1,14.6,2.7,8.1,1.79
2022-02-19,0.0,3.9,-1.9,1.3,1.19
2022-02-20,0.0,6.4,-1.8,1.8,0.71
2022-02-21,4.9,4.0,0.8,2.3,0.88
2022-02-22,0.8,7.5,-1.1,2.5,1.09
2022-02-23,0.0,8.5,2.0,4.1,1.25
2022-02-24,0.1,9.8,2.2,5.1,1.46
2022-02-25,2.4,2.8,-3.3,-0.2,1.11
2022-02-26,0.0,4.9,-3.8,-0.6,1.51
2022-02-27,0.0,8.1,-1.8,2.3,1.94
2022-02-28,0.0,8.7,-0.0,3.1,1.95
2022-03-01,0.0,10.7,-1.6,4.1,2.08
2022-03-02,0.2,9.0,0.5,3.8,1.33
2022-03-03,0.2,10.2,2.2,5.5,1.2
2022-03-04,2.4,6.5,2.5,4.3,0.92
2022-03-05,0.0,5.6,-2.4,1.4,1.65
2022-03-06,0.0,3.5,-4.5,-1.4,1.6
2022-03-07,0.0,6.9,-5.5,0.1,2.08
2022-03-08,0.0,7.2,-2.5,2.0,1.75
2022-03-09,0.0,8.2,-2.1,3.5,1.68
2022-03-10,0.4,7.6,0.8,4.2,1.2
2022-03-11,0.6,6.4,2.6,4.2,1.17
2022-03-12,4.0,4.0,1.5,2.5,0.96
2022-03-13,11.5,4.3,-1.0,2.0,1.02
2022-03-14,3.4,7.8,-1.9,4.0,1.22
2022-03-15,1.2,10.1,5.4,7.0,1.82
2022-03-16,0.0,16.7,4.8,9.4,2.65
2022-03-17,9.1,8.3,2.7,6.0,0.44
2022-03-18,2.6,6.2,1.3,3.4,0.64
2022-03-19,0.0,12.1,2.1,6.5,2.64
2022-03-20,0.0,7.6,2.9,4.6,1.79
2022-03-21,0.1,8.2,1.4,4.2,2.03
2022-03-22,0.0,8.4,0.6,3.7,2.71
2022-03-23,0.0,10.2,-0.2,4.4,2.99
2022-03-24,0.0,12.7,0.7,6.1,3.3
2022-03-25,0.0,13.9,2.6,7.5,3.25
2022-03-26,0.0,14.2,2.0,7.8,3.38
2022-03-27,0.0,14.2,3.0,8.4,3.44
2022-03-28,0.0,15.0,4.5,9.2,3.78
2022-03-29,0.2,12.9,6.0,8.9,3.06
2022-03-30,5.0,8.6,3.8,5.7,1.49
2022-03-31,9.3,4.7,0.6,3.0,0.89
2022-04-01,12.7,0.0,-5.2,-3.2,1.21
2022-04-02,7.9,-3.9,-6.4,-5.1,0.53
2022-04-03,2.2,-2.3,-6.2,-4.2,0.69
2022-04-04,0.0,3.1,-5.9,-1.8,2.07
2022-04-05,0.0,8.9,-1.1,3.4,1.96
2022-04-06,2.6,11.2,3.1,5.7,1.87
2022-04-07,7.1,7.0,3.7,5.4,0.71
2022-04-08,2.8,10.4,2.8,6.9,1.47
2022-04-09,1.0,4.7,-1.1,1.5,1.68
2022-04-10,0.0,11.6,-3.1,4.1,3.11
2022-04-11,0.0,10.2,2.9,6.4,2.59
2022-04-12,1.4,12.7,4.9,8.4,3.17
2022-04-13,0.4,15.4,5.3,9.7,3.34
2022-04-14,0.5,15.3,6.4,10.2,2.64
2022-04-15,0.2,15.7,7.1,11.0,2.74
2022-04-16,0.0,15.3,4.8,9.9,3.13
2022-04-17,0.0,15.7,1.5,8.6,3.93
2022-04-18,0.0,15.3,3.6,9.4,3.78
2022-04-19,0.0,13.9,4.5,9.2,3.01
2022-04-20,10.4,11.7,5.3,7.8,1.6
2022-04-21,5.4,11.0,3.9,7.0,1.64
2022-04-22,8.5,14.0,4.0,9.0,2.92
2022-04-23,11.3,10.4,2.2,6.3,1.4
2022-04-24,6.0,9.2,1.7,5.7,1.34
2022-04-25,0.1,11.4,3.2,6.7,2.3
2022-04-26,0.0,13.6,4.2,8.3,2.98
2022-04-27,0.0,16.3,2.4,9.7,3.87
2022-04-28,0.0,18.1,5.1,11.8,4.13
2022-04-29,0.0,17.6,5.7,11.4,4.06
2022-04-30,0.5,13.6,5.0,9.0,3.13
2022-05-01,0.0,13.6,2.1,7.5,3.33
2022-05-02,0.0,14.3,3.9,9.1,3.03
2022-05-03,3.1,13.1,6.0,9.3,2.41
2022-05-04,7.3,14.6,4.7,9.0,3.07
2022-05-05,2.3,11.1,4.8,7.3,2.23
2022-05-06,4.3,10.1,5.5,7.4,1.28
2022-05-07,0.3,13.7,4.7,9.3,2.83
2022-05-08,1.5,14.1,6.0,9.6,2.41
2022-05-09,0.5,17.0,6.0,12.3,3.85
2022-05-10,0.0,20.6,7.5,14.4,4.41
2022-05-11,0.0,20.9,9.6,15.3,5.13
2022-05-12,0.0,21.4,10.1,15.5,4.53
2022-05-13,5.7,19.4,9.3,14.0,3.04
2022-05-14,0.5,20.7,9.5,15.3,4.16
2022-05-15,0.0,21.3,11.8,16.1,4.88
2022-05-16,0.7,21.2,10.9,16.1,4.67
2022-05-17,0.0,24.1,10.2,17.8,4.89
2022-05-18,1.1,23.8,12.4,18.4,4.82
2022-05-19,0.4,24.2,14.2,18.4,5.64
2022-05-20,0.0,23.5,14.3,18.6,5.89
2022-05-21,0.1,26.7,12.1,19.5,5.1
2022-05-22,3.2,29.0,15.5,21.5,5.55
2022-05-23,3.6,16.7,10.3,14.5,3.15
2022-05-24,0.5,14.4,8.0,10.9,3.42
2022-05-25,0.4,14.1,6.4,9.9,2.82
2022-05-26,0.1,14.9,6.3,10.5,2.82
2022-05-27,0.0,19.6,7.7,13.0,4.38
2022-05-28,0.0,17.0,7.2,11.7,4.23
2022-05-29,0.0,14.9,4.0,9.8,4.32
2022-05-30,0.0,18.5,3.8,11.3,4.62
2022-05-31,3.9,16.7,8.9,13.0,2.97
2022-06-01,2.3,23.9,7.9,15.9,4.73
2022-06-02,1.6,23.0,12.6,17.3,4.23
2022-06-03,2.0,24.6,12.8,18.1,4.82
2022-06-04,5.1,25.0,12.4,18.6,4.97
2022-06-05,10.8,19.2,10.4,15.5,4.31
2022-06-06,0.1,22.2,9.3,15.3,4.69
2022-06-07,0.0,19.6,10.0,14.0,4.67
2022-06-08,3.1,16.7,8.3,12.0,2.33
2022-06-09,0.4,14.2,7.4,10.5,2.63
2022-06-10,0.0,20.3,7.5,13.9,4.8
2022-06-11,0.0,26.0,9.3,18.5,5.76
2022-06-12,0.0,27.9,13.8,20.3,5.18
2022-06-13,0.2,22.9,13.0,17.3,4.29
2022-06-14,0.0,29.2,10.4,19.9,5.95
2022-06-15,1.1,29.5,16.8,21.9,5.16
2022-06-16,0.0,28.7,16.5,22.7,6.4
2022-06-17,0.0,30.6,17.3,23.4,6.67
2022-06-18,0.0,30.5,15.9,23.7,7.72
2022-06-19,0.0,27.1,18.1,22.0,7.95
2022-06-20,0.0,26.8,16.0,21.1,6.61
2022-06-21,3.8,29.6,15.6,21.1,5.22
2022-06-22,1.3,23.2,14.3,18.2,4.68
2022-06-23,11.6,20.2,12.3,15.7,3.13
2022-06-24,5.5,17.3,11.1,14.2,3.5
2022-06-25,12.6,21.9,10.0,15.7,4.69
2022-06-26,58.6,19.5,11.4,13.7,2.39
2022-06-27,11.0,16.5,11.0,13.0,2.04
2022-06-28,0.0,19.1,9.2,13.8,4.03
2022-06-29,0.0,23.0,9.5,16.9,5.32
2022-06-30,11.0,19.6,10.0,14.3,3.14
2022-07-01,0.6,16.4,7.7,11.8,3.97
2022-07-02,0.0,25.7,7.0,16.8,5.77
2022-07-03,1.6,26.5,13.8,19.9,5.26
2022-07-04,2.5,23.0,12.9,17.4,4.62
2022-07-05,0.4,20.9,12.5,16.1,4.4
2022-07-06,0.0,20.8,9.9,15.1,4.98
2022-07-07,0.0,21.3,8.6,14.4,4.57
2022-07-08,0.5,20.3,10.2,14.8,4.49
2022-07-09,0.0,22.4,9.0,16.2,5.28
2022-07-10,0.0,23.3,11.0,17.2,5.34
2022-07-11,0.0,25.4,11.5,18.5,5.72
2022-07-12,0.0,25.6,13.3,19.6,5.87
2022-07-13,0.0,27.9,13.6,21.2,5.88
2022-07-14,0.0,30.3,15.1,23.1,6.22
2022-07-15,0.0,27.0,15.0,20.8,6.15
2022-07-16,0.0,26.3,12.0,19.4,5.93
2022-07-17,0.0,28.6,12.6,20.8,6.32
2022-07-18,0.0,32.2,15.5,24.0,6.87
2022-07-19,0.0,30.8,19.6,24.7,7.56
2022-07-20,1.5,25.3,15.3,20.2,5.02
2022-07-21,0.0,27.3,12.4,19.7,5.78
2022-07-22,0.0,31.6,14.9,23.0,6.4
2022-07-23,4.3,24.6,15.7,19.5,5.08
2022-07-24,0.0,31.3,13.1,22.0,6.06
2022-07-25,0.2,27.4,14.9,20.6,5.19
2022-07-26,1.4,21.3,12.9,16.8,4.93
2022-07-27,0.0,21.1,10.0,15.5,4.97
2022-07-28,0.0,26.0,9.6,18.6,5.25
2022-07-29,1.5,23.6,14.0,18.0,4.17
2022-07-30,0.0,23.8,13.2,18.4,5.15
2022-07-31,0.0,25.8,13.5,20.1,5.68
2022-08-01,0.0,27.7,14.3,21.0,6.08
2022-08-02,0.0,27.3,14.8,20.9,5.7
2022-08-03,0.0,31.7,15.9,24.1,6.31
2022-08-04,0.0,31.8,19.3,25.5,5.52
2022-08-05,1.0,26.7,17.2,21.0,4.32
2022-08-06,0.0,24.6,13.4,19.0,5.0
2022-08-07,0.0,24.3,11.0,18.0,5.4
2022-08-08,0.0,26.0,11.1,18.8,5.66
2022-08-09,0.0,26.9,14.3,20.7,5.76
2022-08-10,0.0,30.1,16.3,23.0,5.31
2022-08-11,0.0,32.1,17.5,24.3,6.68
2022-08-12,0.0,31.5,16.3,24.2,6.3
2022-08-13,0.0,31.3,17.0,24.3,5.85
2022-08-14,21.0,21.4,13.8,17.3,2.9
2022-08-15,0.0,21.1,13.2,16.4,3.65
2022-08-16,1.6,25.8,11.8,18.3,4.44
2022-08-17,11.3,21.8,12.0,16.2,3.16
2022-08-18,4.2,17.5,11.5,13.8,2.42
2022-08-19,1.9,18.6,12.7,15.0,2.98
2022-08-20,0.0,20.8,13.2,16.1,3.3
2022-08-21,0.0,20.0,10.7,15.7,4.0
2022-08-22,0.0,19.1,12.4,15.6,2.77
2022-08-23,0.0,23.3,13.6,17.5,3.77
2022-08-24,0.0,25.2,14.7,19.9,4.67
2022-08-25,1.2,25.9,15.7,19.7,4.17
2022-08-26,0.5,20.9,13.6,16.4,3.22
2022-08-27,0.1,19.5,12.4,15.6,2.77
2022-08-28,0.0,23.2,12.6,17.2,3.86
2022-08-29,0.1,26.6,13.7,19.4,4.29
2022-08-30,4.1,22.7,11.5,17.3,3.6
2022-08-31,0.0,22.0,10.5,15.9,3.41
2022-09-01,0.5,22.6,11.8,17.5,3.69
2022-09-02,3.8,21.6,13.0,16.3,3.36
2022-09-03,2.6,20.6,11.9,15.0,2.82
2022-09-04,0.0,23.9,11.4,17.5,3.8
2022-09-05,0.1,24.5,15.3,18.7,3.96
2022-09-06,1.5,22.7,14.2,17.9,3.45
2022-09-07,4.9,22.5,13.4,16.2,2.72
2022-09-08,0.2,17.9,9.6,13.6,2.95
2022-09-09,0.0,16.2,9.7,12.6,2.46
2022-09-10,0.0,18.6,8.3,12.7,2.96
2022-09-11,0.0,20.7,8.5,14.0,3.47
2022-09-12,0.1,28.0,11.9,19.4,4.22
2022-09-13,0.1,23.7,16.6,19.3,3.38
2022-09-14,0.4,20.7,13.7,17.7,3.03
2022-09-15,1.4,20.4,11.9,15.6,3.01
2022-09-16,4.2,15.5,7.5,12.1,1.73
2022-09-17,1.1,10.9,4.3,7.2,2.37
2022-09-18,0.0,15.2,2.8,8.1,2.91
2022-09-19,0.0,14.1,2.6,8.3,2.74
2022-09-20,0.0,14.2,3.6,8.3,2.75
2022-09-21,0.0,15.0,3.7,8.7,2.66
2022-09-22,0.0,19.7,5.0,12.1,3.14
2022-09-23,17.9,17.7,7.0,12.4,2.33
2022-09-24,5.0,15.0,7.1,11.0,2.39
2022-09-25,4.2,12.2,7.0,8.8,1.54
2022-09-26,0.9,11.4,6.4,8.5,1.53
2022-09-27,2.4,9.3,5.8,7.7,1.25
2022-09-28,7.1,11.8,8.1,9.8,1.29
2022-09-29,0.3,10.2,4.5,7.2,1.51
2022-09-30,1.4,8.7,3.8,5.7,1.08
2022-10-01,1.2,13.2,5.1,9.6,0.79
2022-10-02,0.1,16.9,9.1,12.6,2.15
2022-10-03,0.2,16.5,7.7,11.1,1.62
2022-10-04,0.0,20.0,4.5,12.1,2.8
2022-10-05,0.0,18.6,8.8,13.1,3.02
2022-10-06,0.2,15.1,8.8,11.7,1.56
2022-10-07,0.1,18.8,7.5,12.9,2.3
2022-10-08,1.7,11.1,8.1,10.0,0.57
2022-10-09,0.0,17.9,4.2,11.1,2.36
2022-10-10,0.0,18.1,8.7,12.6,2.34
2022-10-11,0.1,17.0,8.7,12.0,2.02
2022-10-12,4.0,17.0,8.3,11.3,1.52
2022-10-13,0.9,15.2,7.3,10.7,1.43
2022-10-14,1.0,13.7,10.6,11.8,0.65
2022-10-15,0.0,18.9,10.6,13.9,2.2
2022-10-16,0.0,18.6,11.5,14.7,2.21
2022-10-17,0.0,17.8,11.7,14.1,2.07
2022-10-18,0.0,21.1,9.9,14.8,2.2
2022-10-19,0.0,22.7,8.4,15.2,2.65
2022-10-20,12.5,17.0,13.3,14.8,1.33
2022-10-21,2.4,19.0,11.5,14.3,2.02
2022-10-22,0.0,18.6,8.4,13.0,2.06
2022-10-23,0.9,20.0,12.1,15.2,1.8
2022-10-24,0.2,15.9,8.9,12.8,1.79
2022-10-25,0.0,18.6,6.1,12.7,2.19
2022-10-26,0.1,20.6,10.4,14.5,2.0
2022-10-27,0.0,22.1,11.8,16.0,2.63
2022-10-28,0.0,23.0,14.4,17.2,3.46
2022-10-29,0.0,22.0,13.9,16.7,4.07
2022-10-30,0.0,19.5,9.4,14.3,2.87
2022-10-31,9.4,17.1,10.4,13.3,1.8
2022-11-01,1.3,14.0,6.9,10.5,1.42
2022-11-02,0.0,12.5,5.7,8.6,1.51
2022-11-03,2.3,13.0,4.9,9.1,1.09
2022-11-04,9.7,5.4,2.4,3.9,0.59
2022-11-05,0.5,5.3,0.6,2.2,0.61
2022-11-06,0.0,13.4,0.4,7.6,1.99
2022-11-07,0.0,14.1,4.6,8.8,1.78
2022-11-08,1.7,14.2,7.4,10.7,1.4
2022-11-09,9.3,12.1,7.7,10.0,0.73
2022-11-10,1.4,9.6,3.7,6.8,0.84
2022-11-11,0.0,15.9,6.2,10.5,1.45
2022-11-12,0.0,17.9,8.7,12.7,1.73
2022-11-13,0.1,16.6,7.8,12.3,1.51
2022-11-14,2.6,12.0,6.8,8.6,0.92
2022-11-15,3.5,13.3,6.7,9.4,0.86
2022-11-16,0.0,10.0,4.4,7.1,1.08
2022-11-17,1.4,9.5,4.7,7.6,0.82
2022-11-18,0.4,6.2,1.8,3.8,0.73
2022-11-19,1.2,3.0,0.5,1.4,0.4
2022-11-20,0.5,6.0,-1.4,1.9,0.78
2022-11-21,4.4,5.4,0.5,3.2,0.46
2022-11-22,2.1,3.5,0.8,1.8,0.38
2022-11-23,7.1,7.8,1.9,4.8,0.42
2022-11-24,0.0,9.0,3.4,5.4,0.85
2022-11-25,4.6,5.9,2.8,4.0,0.32
2022-11-26,0.5,4.7,-0.1,2.3,0.54
2022-11-27,0.0,10.5,2.5,5.3,1.79
2022-11-28,3.8,5.7,2.5,4.3,0.51
2022-11-29,0.6,3.3,0.4,1.3,0.43
2022-11-30,1.0,2.9,0.3,1.2,0.25
2022-12-01,2.9,1.3,-1.1,0.6,0.3
2022-12-02,0.3,2.1,-2.1,-1.0,0.4
2022-12-03,8.7,1.4,-0.8,0.2,0.23
2022-12-04,5.3,3.3,-5.0,0.2,0.25
2022-12-05,0.0,4.2,-6.8,-1.9,0.74
2022-12-06,0.0,6.3,-7.9,-0.4,0.85
2022-12-07,0.0,-1.6,-6.2,-3.7,0.37
2022-12-08,0.8,6.1,-7.9,-0.3,0.76
2022-12-09,3.2,3.5,-0.7,1.1,0.3
2022-12-10,0.0,-1.5,-8.4,-5.1,0.23
2022-12-11,0.0,0.7,-8.9,-5.1,0.74
2022-12-12,7.7,2.1,-5.3,-1.7,0.73
2022-12-13,10.2,5.9,-0.3,3.3,0.42
2022-12-14,0.2,7.0,2.5,5.2,0.3
2022-12-15,21.9,4.8,-0.2,2.1,0.15
2022-12-16,1.0,0.1,-4.1,-2.2,0.21
2022-12-17,0.0,2.3,-6.1,-2.8,0.91
2022-12-18,0.0,7.4,-2.4,2.9,1.4
2022-12-19,0.0,8.8,4.5,6.6,0.62
2022-12-20,0.3,9.8,6.7,7.8,0.68
2022-12-21,1.7,8.7,5.1,6.9,0.78
2022-12-22,4.0,8.8,4.8,7.0,0.49
2022-12-23,1.7,10.5,8.0,8.8,0.38
2022-12-24,0.4,11.3,6.2,7.8,0.77
2022-12-25,0.0,13.0,5.4,7.7,1.2
2022-12-26,0.2,9.9,5.4,7.0,0.7
2022-12-27,0.0,7.2,1.5,3.9,0.69
2022-12-28,0.0,9.5,2.3,5.0,0.71
2022-12-29,3.5,7.8,4.2,5.7,0.54
2022-12-30,0.5,8.8,3.7,6.6,0.58
2022-12-31,0.0,12.7,7.7,9.4,1.13
2023-01-01,0.0,10.0,6.5,8.1,0.91
2023-01-02,5.1,9.1,5.2,7.2,0.54
2023-01-03,1.6,5.9,0.5,3.8,0.43
2023-01-04,0.0,7.5,-2.7,3.0,0.71
2023-01-05,0.0,7.3,4.2,5.6,0.33
2023-01-06,0.0,8.0,2.7,4.6,0.63
2023-01-07,0.0,8.2,2.1,4.9,0.92
2023-01-08,9.4,6.9,3.4,4.9,0.57
2023-01-09,4.3,2.9,0.0,1.0,0.43
2023-01-10,0.3,4.8,-0.6,2.1,0.35
2023-01-11,0.0,6.1,1.5,4.1,0.42
2023-01-12,0.2,4.7,2.0,3.4,0.29
2023-01-13,0.6,6.0,2.0,3.7,0.48
2023-01-14,0.0,7.8,1.8,5.3,0.92
2023-01-15,2.5,6.8,-0.7,3.0,0.75
2023-01-16,7.9,1.3,-0.7,0.3,0.47
2023-01-17,2.4,1.3,-2.0,-0.5,0.49
2023-01-18,6.5,-2.1,-8.8,-4.3,0.39
2023-01-19,2.5,-1.0,-6.9,-4.5,0.46
2023-01-20,2.5,-3.7,-7.9,-5.2,0.34
2023-01-21,4.0,-3.9,-7.0,-5.1,0.24
2023-01-22,2.9,-5.8,-8.4,-7.3,0.17
2023-01-23,3.2,-4.5,-6.3,-5.4,0.2
2023-01-24,0.2,-0.3,-5.8,-3.7,0.57
2023-01-25,0.1,-3.1,-5.2,-4.1,0.26
2023-01-26,1.6,-3.8,-7.4,-4.9,0.22
2023-01-27,1.6,-3.9,-8.6,-5.9,0.23
2023-01-28,3.5,-3.7,-5.9,-4.8,0.23
2023-01-29,0.7,-2.4,-6.3,-4.4,0.41
2023-01-30,0.1,-2.1,-10.8,-5.0,0.49
2023-01-31,0.3,2.2,-2.5,-0.9,0.55
2023-02-01,0.0,0.9,-2.6,-1.0,0.37
2023-02-02,0.0,1.2,-2.7,-1.2,0.38
2023-02-03,0.0,2.7,-3.3,-1.4,0.8
2023-02-04,0.4,2.9,-2.4,0.2,0.29
2023-02-05,2.0,2.7,-1.5,0.5,0.37
2023-02-06,1.6,2.0,-2.2,-0.6,0.65
2023-02-07,2.0,3.2,-4.1,-1.3,1.08
2023-02-08,0.0,2.4,-4.7,-1.8,1.06
2023-02-09,0.0,2.9,-4.5,-1.7,1.11
2023-02-10,0.0,3.4,-4.6,-1.9,1.2
2023-02-11,0.0,6.5,-5.5,0.6,1.53
2023-02-12,0.0,11.9,-3.4,3.8,1.77
2023-02-13,0.0,12.6,1.8,5.7,2.41
2023-02-14,0.0,12.6,2.2,5.9,2.59
2023-02-15,0.0,10.0,0.4,4.7,2.27
2023-02-16,0.0,10.6,1.8,6.1,1.78
2023-02-17,0.0,11.7,1.4,6.1,1.58
2023-02-18,0.0,12.1,3.5,7.2,1.55
2023-02-19,0.0,8.4,0.5,4.2,1.17
2023-02-20,0.0,12.8,-0.2,5.3,1.86
2023-02-21,0.0,15.4,2.4,8.1,1.94
2023-02-22,1.1,8.3,4.4,5.9,0.87
2023-02-23,1.4,8.9,1.9,5.1,1.17
2023-02-24,2.5,5.5,-1.9,2.8,0.57
2023-02-25,1.0,4.0,-1.6,0.5,0.87
2023-02-26,2.1,-1.7,-6.1,-4.2,1.17
2023-02-27,4.5,-0.8,-6.6,-4.2,0.96
2023-02-28,0.2,-2.4,-6.8,-5.0,0.71
2023-03-01,0.0,0.9,-6.4,-3.8,1.05
2023-03-02,0.8,5.0,-5.3,-1.5,1.04
2023-03-03,0.0,4.3,-3.7,-1.0,1.37
2023-03-04,0.0,5.3,-2.0,0.8,1.09
2023-03-05,0.0,5.9,-3.1,0.4,1.68
2023-03-06,0.0,6.0,-4.8,-0.0,1.83
2023-03-07,4.1,4.5,-4.0,-0.7,0.66
2023-03-08,5.9,9.4,-1.6,5.6,0.99
2023-03-09,2.9,11.5,2.8,6.6,1.94
2023-03-10,9.6,5.9,2.3,4.3,0.7
2023-03-11,18.2,10.1,5.8,8.2,0.89
2023-03-12,0.0,11.6,5.3,7.5,1.76
2023-03-13,8.0,17.9,4.8,10.6,2.72
2023-03-14,4.8,5.9,1.5,3.7,1.28
2023-03-15,0.0,6.9,-1.4,2.4,1.91
2023-03-16,0.0,15.3,-0.3,6.8,3.39
2023-03-17,0.0,10.0,2.9,5.8,2.41
2023-03-18,0.3,9.5,2.6,5.7,2.02
2023-03-19,2.6,8.7,4.0,5.9,1.4
2023-03-20,0.8,9.0,1.4,4.4,2.02
2023-03-21,0.6,12.4,0.4,6.5,2.12
2023-03-22,1.4,15.2,2.8,9.1,3.01
2023-03-23,0.0,15.0,7.4,10.6,2.51
2023-03-24,0.1,12.0,3.8,7.8,1.71
2023-03-25,0.2,9.1,2.8,5.6,1.5
2023-03-26,11.9,6.7,1.4,4.2,1.25
2023-03-27,2.8,2.8,-2.5,0.9,1.04
2023-03-28,0.0,13.4,-3.0,4.7,3.14
2023-03-29,0.0,19.3,6.8,12.5,3.84
2023-03-30,0.0,12.3,7.1,9.6,2.41
2023-03-31,2.1,9.7,3.6,6.7,1.82
2023-04-01,5.9,6.4,1.3,3.6,1.15
2023-04-02,5.8,5.4,1.3,2.6,0.73
2023-04-03,4.0,4.4,-0.6,1.9,0.59
2023-04-04,0.0,5.5,-3.7,0.1,1.91
2023-04-05,0.0,7.2,-3.5,1.2,2.61
2023-04-06,0.0,11.3,-1.1,4.7,2.95
2023-04-07,0.2,8.8,-0.8,4.0,2.13
2023-04-08,0.0,10.8,-1.1,4.2,2.53
2023-04-09,0.0,13.5,-0.2,7.0,3.19
2023-04-10,0.0,15.0,2.0,8.8,2.9
2023-04-11,0.0,11.5,6.4,8.3,2.46
2023-04-12,3.3,9.8,0.6,5.7,1.43
2023-04-13,8.2,5.4,-0.7,2.0,1.8
2023-04-14,5.7,6.2,-0.1,3.0,0.79
2023-04-15,4.1,6.9,2.1,3.9,1.74
2023-04-16,0.9,7.8,1.5,3.7,2.01
2023-04-17,3.1,7.0,1.6,3.9,1.13
2023-04-18,6.3,9.7,3.1,5.5,1.53
2023-04-19,0.5,14.1,3.1,8.8,3.14
2023-04-20,5.6,12.5,3.1,7.2,2.79
2023-04-21,0.0,13.9,4.1,8.8,2.72
2023-04-22,9.5,13.1,5.7,8.6,1.85
2023-04-23,5.1,11.9,2.9,6.6,1.72
2023-04-24,0.3,11.1,5.0,7.3,2.83
2023-04-25,0.4,10.3,5.1,7.0,1.98
2023-04-26,1.1,14.0,4.2,9.1,2.39
2023-04-27,0.4,16.5,5.9,11.4,3.26
2023-04-28,2.1,20.5,10.2,14.4,3.24
2023-04-29,6.8,15.2,9.9,12.3,1.9
2023-04-30,0.3,14.1,5.9,9.6,2.75
2023-05-01,2.3,11.9,5.8,8.3,2.72
2023-05-02,0.9,13.7,4.6,8.4,3.02
2023-05-03,0.0,18.9,4.2,11.1,4.41
2023-05-04,0.5,18.8,8.7,13.4,4.6
2023-05-05,1.4,18.5,9.6,13.6,3.68
2023-05-06,0.1,20.3,7.3,14.5,4.39
2023-05-07,26.2,13.9,8.3,11.0,1.93
2023-05-08,1.9,14.3,7.9,10.6,2.32
2023-05-09,3.6,13.7,7.9,10.1,1.41
2023-05-10,3.7,10.4,3.6,7.2,2.26
2023-05-11,14.5,9.1,3.9,6.3,1.54
2023-05-12,9.1,8.6,3.9,5.7,1.11
2023-05-13,6.6,9.8,5.5,7.1,1.48
2023-05-14,3.8,10.8,5.8,7.5,1.7
2023-05-15,1.3,12.1,5.8,8.3,2.52
2023-05-16,2.7,5.5,3.4,4.6,0.72
2023-05-17,0.5,10.3,1.6,5.5,2.47
2023-05-18,2.3,8.2,3.3,5.9,1.54
2023-05-19,3.1,11.8,4.6,7.7,1.87
2023-05-20,6.3,12.5,6.0,8.6,1.66
2023-05-21,6.6,12.9,8.4,10.5,1.72
2023-05-22,7.1,17.1,9.3,12.1,3.12
2023-05-23,6.5,16.2,9.1,12.2,2.29
2023-05-24,3.6,13.2,8.4,10.9,1.89
2023-05-25,0.1,13.7,4.2,9.2,2.24
2023-05-26,0.2,19.1,6.6,13.3,4.2
2023-05-27,4.0,20.4,11.5,15.3,4.23
2023-05-28,3.0,18.2,9.1,14.2,3.48
2023-05-29,0.1,20.1,9.5,15.0,4.62
2023-05-30,3.7,19.9,10.3,14.8,4.28
2023-05-31,0.1,18.3,10.3,14.1,4.24
2023-06-01,1.2,18.2,9.1,13.8,3.9
2023-06-02,3.9,18.3,10.0,14.1,3.62
2023-06-03,17.4,17.8,10.1,13.7,3.36
2023-06-04,6.7,18.8,9.1,13.8,3.73
2023-06-05,1.1,19.2,10.1,15.0,4.24
2023-06-06,0.0,20.0,10.5,15.5,4.25
2023-06-07,0.6,20.3,10.0,15.4,4.32
2023-06-08,1.2,20.9,10.6,16.0,4.42
2023-06-09,9.2,17.5,12.1,14.6,2.16
2023-06-10,7.5,20.1,11.7,15.1,3.8
2023-06-11,2.6,19.3,11.9,15.2,3.71
2023-06-12,5.2,20.4,12.1,15.3,3.23
2023-06-13,14.1,17.9,10.8,14.1,2.89
2023-06-14,0.0,20.1,11.2,15.5,4.87
2023-06-15,0.0,19.5,11.2,15.5,4.93
2023-06-16,0.0,20.8,11.3,16.2,4.86
2023-06-17,0.0,23.3,11.2,18.4,5.22
2023-06-18,3.2,22.9,15.2,18.3,4.58
2023-06-19,1.2,22.8,13.9,17.5,5.15
2023-06-20,1.2,23.3,15.1,18.5,4.52
2023-06-21,10.7,23.2,14.6,17.9,3.79
2023-06-22,7.7,18.2,12.6,16.0,2.7
2023-06-23,0.1,19.3,11.9,15.2,3.72
2023-06-24,0.0,22.1,10.4,16.5,5.21
2023-06-25,0.0,25.4,10.0,19.1,5.79
2023-06-26,0.2,22.7,13.7,18.1,4.84
2023-06-27,0.0,19.4,10.5,14.9,4.91
2023-06-28,0.0,20.7,9.6,15.5,4.88
2023-06-29,3.1,23.2,12.6,17.6,4.83
2023-06-30,13.2,16.7,11.2,14.0,3.01
2023-07-01,4.7,18.3,10.0,14.1,2.27
2023-07-02,0.2,19.9,11.7,15.3,3.76
2023-07-03,0.1,19.6,10.9,14.7,3.37
2023-07-04,0.1,21.0,11.0,16.0,4.68
2023-07-05,0.8,19.4,11.7,15.5,4.09
2023-07-06,1.3,21.5,10.5,16.1,4.55
2023-07-07,0.7,25.1,13.9,19.5,5.84
2023-07-08,0.2,26.7,14.9,21.0,5.74
2023-07-09,0.0,28.8,16.7,22.5,6.13
2023-07-10,0.2,29.4,16.8,22.6,5.35
2023-07-11,0.1,31.3,17.1,22.8,6.21
2023-07-12,4.3,23.3,15.0,19.0,3.83
2023-07-13,0.3,21.9,12.2,16.4,4.77
2023-07-14,0.0,26.9,10.7,19.6,6.22
2023-07-15,8.1,25.3,15.1,19.9,5.12
2023-07-16,0.9,23.6,12.3,17.3,4.35
2023-07-17,0.1,25.9,12.8,18.6,4.9
2023-07-18,0.1,31.5,14.7,23.7,6.82
2023-07-19,0.0,25.7,14.3,20.0,5.7
2023-07-20,0.0,23.6,11.4,17.7,5.15
2023-07-21,0.0,20.8,11.7,16.4,4.76
2023-07-22,0.0,21.7,11.9,16.5,4.33
2023-07-23,0.0,27.6,11.3,20.2,6.0
2023-07-24,1.7,20.9,12.9,17.2,3.6
2023-07-25,2.5,15.8,10.1,12.8,3.23
2023-07-26,0.1,19.1,8.4,13.1,3.89
2023-07-27,0.0,23.8,10.8,17.2,5.12
2023-07-28,0.3,23.1,13.2,18.0,4.18
2023-07-29,4.1,24.1,12.8,18.4,4.28
2023-07-30,0.0,21.4,11.7,16.1,4.85
2023-07-31,0.0,23.7,9.5,16.1,4.99
2023-08-01,1.7,19.7,11.7,15.2,2.65
2023-08-02,0.7,21.7,12.7,16.3,3.88
2023-08-03,0.4,16.2,10.3,12.9,3.29
2023-08-04,5.2,13.8,9.1,11.2,2.29
2023-08-05,1.3,16.7,9.0,12.4,3.23
2023-08-06,0.0,15.0,8.4,11.3,3.24
2023-08-07,0.0,16.4,7.5,11.7,3.91
2023-08-08,0.0,21.5,6.9,15.0,4.53
2023-08-09,0.0,25.0,10.2,18.1,4.98
2023-08-10,0.0,27.7,13.5,19.7,4.68
2023-08-11,0.0,27.3,15.0,20.9,4.47
2023-08-12,0.0,27.1,15.3,21.1,5.12
2023-08-13,1.6,27.6,14.9,20.9,4.55
2023-08-14,0.0,26.1,16.2,20.8,5.08
2023-08-15,2.1,26.8,16.1,20.4,4.75
2023-08-16,0.0,27.7,14.5,20.9,4.81
2023-08-17,1.9,28.1,15.4,21.3,5.31
2023-08-18,0.0,29.5,15.9,22.4,5.75
2023-08-19,0.0,30.7,16.5,23.5,5.33
2023-08-20,0.0,30.8,17.2,24.1,5.16
2023-08-21,0.0,32.0,18.3,25.3,5.19
2023-08-22,0.2,32.9,18.7,25.9,5.49
2023-08-23,0.0,33.8,21.6,26.4,5.26
2023-08-24,0.0,32.9,20.8,26.9,6.83
2023-08-25,2.2,27.8,14.7,21.5,4.74
2023-08-26,10.1,19.5,12.4,15.3,2.35
2023-08-27,1.4,14.8,10.3,12.3,2.0
2023-08-28,12.1,13.4,8.1,9.9,1.75
2023-08-29,2.3,14.2,8.3,10.7,2.28
2023-08-30,0.0,16.4,6.7,11.6,2.71
2023-08-31,0.0,20.6,8.1,13.1,3.5
2023-09-01,0.0,23.6,9.8,16.5,4.17
2023-09-02,0.1,22.7,13.1,17.5,3.79
2023-09-03,0.0,26.2,12.3,18.8,4.5
2023-09-04,0.0,29.2,16.5,22.2,5.94
2023-09-05,0.0,29.5,16.5,22.7,5.54
2023-09-06,0.0,27.8,14.1,20.3,4.6
2023-09-07,0.0,27.6,13.8,20.0,4.78
2023-09-08,0.0,28.1,13.3,20.4,4.54
2023-09-09,0.0,28.7,12.8,20.5,4.79
2023-09-10,0.0,29.0,14.2,21.0,4.99
2023-09-11,0.0,27.7,14.7,20.4,4.77
2023-09-12,14.9,23.8,12.9,17.4,3.5
2023-09-13,12.3,16.8,12.5,14.2,1.77
2023-09-14,0.1,19.0,11.9,14.7,2.46
2023-09-15,2.5,22.8,11.1,16.3,3.66
2023-09-16,41.4,20.3,13.6,16.6,2.83
2023-09-17,0.4,22.9,16.1,18.5,3.36
2023-09-18,14.6,19.5,12.7,16.0,3.11
2023-09-19,0.5,18.5,9.5,13.8,2.65
2023-09-20,0.5,21.1,8.3,14.1,2.7
2023-09-21,3.1,19.5,9.3,13.6,1.64
2023-09-22,1.0,12.6,6.4,9.4,1.97
2023-09-23,0.5,12.4,5.5,8.8,1.93
2023-09-24,0.0,17.0,4.0,9.9,2.78
2023-09-25,0.0,21.6,6.5,14.6,3.3
2023-09-26,0.0,23.3,7.9,16.1,3.38
2023-09-27,0.0,24.0,11.4,17.1,3.39
2023-09-28,0.0,23.9,11.3,17.1,3.27
2023-09-29,0.0,22.9,11.4,16.8,3.04
2023-09-30,0.0,21.3,11.4,15.1,2.79
2023-10-01,0.0,25.9,10.5,17.4,3.42
2023-10-02,0.0,25.2,12.4,17.5,3.84
2023-10-03,0.6,20.5,12.2,15.6,2.48
2023-10-04,0.5,15.3,7.1,11.2,2.05
2023-10-05,0.0,19.7,6.2,12.5,2.9
2023-10-06,0.0,22.5,6.7,14.7,3.22
2023-10-07,0.0,21.9,8.6,15.6,3.17
2023-10-08,0.0,26.2,10.3,17.2,3.32
2023-10-09,0.0,25.8,11.8,18.4,3.47
2023-10-10,0.0,25.2,11.4,17.6,2.99
2023-10-11,0.0,24.2,11.2,16.4,3.27
2023-10-12,0.0,22.9,9.3,15.4,3.07
2023-10-13,0.0,20.2,11.4,15.4,3.02
2023-10-14,0.4,16.2,7.7,12.7,1.88
2023-10-15,0.4,11.1,4.6,7.2,1.97
2023-10-16,0.0,16.9,1.8,9.8,2.08
2023-10-17,0.0,17.8,9.4,12.8,1.86
2023-10-18,4.5,16.6,11.8,14.3,1.32
2023-10-19,7.2,16.8,11.4,13.7,1.31
2023-10-20,16.0,14.0,8.0,10.4,1.21
2023-10-21,0.1,10.1,5.9,7.4,1.35
2023-10-22,0.0,12.7,2.9,7.9,1.65
2023-10-23,10.5,14.8,8.1,10.8,1.21
2023-10-24,4.2,12.0,6.1,9.0,1.44
2023-10-25,5.6,10.9,8.5,9.8,0.85
2023-10-26,11.0,11.2,8.0,10.0,0.53
2023-10-27,3.2,10.3,5.9,7.2,1.01
2023-10-28,0.1,12.4,5.4,8.7,1.73
2023-10-29,0.1,15.9,8.8,12.1,1.76
2023-10-30,3.6,12.8,5.9,9.8,0.87
2023-10-31,1.8,10.5,3.9,6.9,1.0
2023-11-01,1.3,10.7,4.0,6.9,0.98
2023-11-02,15.5,10.1,2.3,5.7,0.83
2023-11-03,5.6,3.8,1.4,2.5,0.42
2023-11-04,14.5,7.5,3.4,5.5,0.51
2023-11-05,5.6,7.0,4.8,5.6,0.73
2023-11-06,0.1,6.9,3.3,4.9,0.87
2023-11-07,0.0,6.5,0.2,3.3,0.87
2023-11-08,0.0,8.6,0.7,4.7,1.1
2023-11-09,8.7,7.7,4.1,5.8,0.62
2023-11-10,7.0,5.8,2.6,4.2,0.73
2023-11-11,6.0,7.7,2.3,4.4,1.02
2023-11-12,7.2,9.5,4.7,8.2,0.64
2023-11-13,2.0,13.1,7.6,10.6,0.75
2023-11-14,2.4,13.8,8.2,11.4,0.59
2023-11-15,0.0,9.4,1.5,6.1,0.98
2023-11-16,1.9,10.5,1.7,7.2,0.83
2023-11-17,0.8,7.2,4.0,5.4,0.87
2023-11-18,0.0,13.3,1.7,6.8,1.05
2023-11-19,0.0,11.8,4.2,8.0,0.69
2023-11-20,0.4,10.5,4.2,7.2,0.97
2023-11-21,3.2,4.2,2.4,3.3,0.27
2023-11-22,2.0,3.9,-2.1,1.6,0.42
2023-11-23,0.0,3.2,-3.5,-0.5,0.7
2023-11-24,1.8,3.9,0.3,2.3,0.25
2023-11-25,1.7,-0.8,-3.7,-2.8,0.26
2023-11-26,0.1,1.0,-4.3,-2.5,0.56
2023-11-27,5.7,5.5,-1.6,2.0,0.95
2023-11-28,2.5,3.4,-2.1,0.9,0.49
2023-11-29,2.9,5.8,-4.5,0.7,0.91
2023-11-30,10.5,7.8,4.4,5.8,0.38
2023-12-01,18.9,4.3,-0.5,1.9,0.16
2023-12-02,2.2,-0.6,-7.9,-4.1,0.33
2023-12-03,0.0,2.4,-7.5,-3.0,0.95
2023-12-04,3.4,5.1,0.2,2.5,0.63
2023-12-05,1.5,1.8,-2.4,-0.1,0.31
2023-12-06,0.0,0.9,-3.0,-1.3,0.42
2023-12-07,1.2,9.9,-3.9,2.5,1.26
2023-12-08,9.8,5.5,1.5,3.1,0.33
2023-12-09,5.8,7.5,0.3,4.4,0.35
2023-12-10,3.9,9.7,1.8,5.8,0.7
2023-12-11,9.3,10.1,8.4,9.2,0.37
2023-12-12,2.1,9.8,5.0,7.4,0.39
2023-12-13,5.6,5.4,2.0,3.7,0.34
2023-12-14,5.7,1.6,-0.1,0.8,0.14
2023-12-15,0.9,2.7,-0.8,1.0,0.22
2023-12-16,0.1,2.7,-1.5,0.2,0.39
2023-12-17,0.0,10.8,-1.8,2.6,1.02
2023-12-18,0.0,13.1,2.3,6.3,1.04
2023-12-19,0.0,11.4,-1.5,3.8,0.97
2023-12-20,2.6,2.7,-0.5,0.8,0.27
2023-12-21,0.4,6.3,0.6,4.2,0.32
2023-12-22,2.2,5.3,2.5,4.1,0.26
2023-12-23,0.1,5.0,1.5,2.8,0.51
2023-12-24,0.0,9.9,-0.3,3.6,0.77
2023-12-25,0.0,11.1,-0.3,3.4,1.11
2023-12-26,0.0,10.4,-0.1,4.2,1.03
2023-12-27,0.0,11.9,0.8,5.1,1.85
2023-12-28,0.0,7.9,1.3,4.4,0.69
2023-12-29,0.0,9.0,0.9,3.7,0.58
2023-12-30,0.0,8.9,1.3,4.8,0.85
2023-12-31,4.8,4.5,1.1,2.9,0.34
2024-01-01,0.5,3.4,1.1,2.1,0.27
2024-01-02,1.4,7.0,2.8,4.8,0.92
2024-01-03,0.3,7.0,3.9,5.4,0.58
2024-01-04,0.1,7.5,1.3,3.9,0.6
2024-01-05,6.5,4.3,0.9,2.8,0.26
2024-01-06,3.8,0.4,-2.7,-1.1,0.15
2024-01-07,6.0,-1.8,-4.0,-3.2,0.12
2024-01-08,3.6,-3.2,-7.2,-5.3,0.16
2024-01-09,0.0,0.3,-7.5,-5.3,0.61
2024-01-10,3.3,2.3,-4.8,-0.8,0.5
2024-01-11,0.5,1.2,-5.2,-2.2,0.45
2024-01-12,0.0,0.5,-10.6,-4.5,0.57
2024-01-13,0.0,6.4,-10.1,-2.8,0.9
2024-01-14,0.3,8.1,-4.0,0.9,0.85
2024-01-15,1.3,4.0,-0.7,1.3,0.28
2024-01-16,0.0,5.9,-0.1,3.2,0.35
2024-01-17,6.9,8.2,4.6,6.5,0.48
2024-01-18,13.1,6.3,-3.9,3.4,0.41
2024-01-19,0.4,-3.1,-7.6,-5.9,0.46
2024-01-20,0.0,2.5,-7.9,-3.5,1.06
2024-01-21,0.1,6.5,-3.4,0.4,0.91
2024-01-22,0.8,7.8,-0.7,4.1,0.73
2024-01-23,0.0,8.2,1.7,4.0,0.79
2024-01-24,0.0,9.8,2.5,5.7,0.6
2024-01-25,0.0,12.5,0.9,5.6,1.13
2024-01-26,0.1,12.2,2.5,7.1,1.19
2024-01-27,0.0,10.9,3.9,5.9,1.06
2024-01-28,0.0,12.8,4.3,7.3,2.3
2024-01-29,0.0,10.7,3.9,6.4,1.16
2024-01-30,0.0,12.0,2.1,5.5,1.08
2024-01-31,0.0,12.2,2.1,7.1,1.19
2024-02-01,0.4,8.4,3.5,5.1,0.66
2024-02-02,1.0,6.4,1.5,4.0,0.65
2024-02-03,0.0,12.7,3.0,7.6,1.47
2024-02-04,0.0,11.2,1.8,6.8,1.73
2024-02-05,0.0,14.3,1.5,8.5,1.65
2024-02-06,0.0,8.9,0.4,3.5,1.17
2024-02-07,1.5,8.2,-0.5,3.9,1.09
2024-02-08,0.1,11.8,4.9,7.2,1.21
2024-02-09,2.8,7.5,5.5,6.3,0.52
2024-02-10,21.2,6.5,1.1,3.9,0.29
2024-02-11,4.5,4.4,1.1,2.2,0.6
2024-02-12,3.4,4.4,-0.4,1.3,0.41
2024-02-13,0.0,10.2,0.1,3.3,1.61
2024-02-14,0.0,12.8,1.4,6.7,1.74
2024-02-15,0.2,12.9,4.9,8.0,1.74
2024-02-16,0.9,8.6,4.6,6.9,0.81
2024-02-17,2.2,5.4,3.3,4.0,0.34
2024-02-18,0.1,11.9,1.8,6.3,1.45
2024-02-19,1.1,7.1,2.9,4.7,0.76
2024-02-20,0.9,5.0,0.4,2.3,0.66
2024-02-21,1.0,12.0,0.5,6.2,1.87
2024-02-22,9.5,11.4,0.8,6.4,1.48
2024-02-23,1.1,2.5,-1.0,0.4,0.79
2024-02-24,1.3,2.6,-1.6,0.2,1.0
2024-02-25,11.8,3.6,0.0,2.0,0.56
2024-02-26,2.5,5.8,0.2,3.5,1.03
2024-02-27,6.8,1.7,-0.2,0.8,0.23
2024-02-28,0.8,1.7,-1.4,-0.3,0.41
2024-02-29,1.0,9.6,-2.8,2.5,1.88
2024-03-01,5.7,4.5,0.4,2.8,1.01
2024-03-02,0.8,8.4,3.1,5.3,1.46
2024-03-03,29.8,4.9,-1.3,0.1,0.29
2024-03-04,1.5,4.5,-1.8,0.3,1.04
2024-03-05,0.7,2.5,-1.4,0.5,0.87
2024-03-06,0.0,3.8,-7.0,-0.9,1.56
2024-03-07,0.0,7.1,-8.6,-0.0,1.89
2024-03-08,2.7,4.1,2.1,2.9,1.06
2024-03-09,58.7,3.9,2.1,3.0,0.54
2024-03-10,12.5,8.0,-1.4,2.6,1.96
2024-03-11,6.5,4.6,0.5,1.8,0.89
2024-03-12,0.2,6.5,1.0,3.3,1.12
2024-03-13,0.0,11.2,0.9,5.5,1.74
2024-03-14,0.0,14.7,3.0,8.0,2.6
2024-03-15,0.3,13.0,3.4,8.0,2.17
2024-03-16,0.2,11.3,4.7,7.5,1.6
2024-03-17,0.3,15.4,3.7,9.3,2.04
2024-03-18,1.2,12.9,5.3,9.3,1.86
2024-03-19,0.0,13.9,3.6,8.4,2.62
2024-03-20,0.0,16.6,5.5,10.1,2.96
2024-03-21,0.2,16.4,5.5,10.7,2.85
2024-03-22,0.0,18.0,5.1,10.5,3.23
2024-03-23,0.1,8.7,1.8,6.0,2.5
2024-03-24,0.5,5.7,1.5,3.2,1.49
2024-03-25,3.0,10.3,-2.2,4.1,2.39
2024-03-26,24.0,7.3,0.3,3.7,0.93
2024-03-27,4.2,7.2,-0.7,2.5,2.08
2024-03-28,3.4,9.1,0.6,4.9,2.43
2024-03-29,3.5,11.6,6.6,8.9,1.65
2024-03-30,25.5,10.9,4.2,6.9,1.82
2024-03-31,16.7,9.8,4.4,6.8,1.64
2024-04-01,1.8,8.7,0.9,4.3,2.16
2024-04-02,0.2,12.4,1.8,6.1,2.56
2024-04-03,0.7,10.9,4.2,7.1,1.96
2024-04-04,0.0,15.7,3.4,9.5,2.73
2024-04-05,0.0,17.4,9.0,12.0,3.98
2024-04-06,0.0,19.9,8.6,13.7,5.13
2024-04-07,0.0,19.5,11.5,14.7,4.91
2024-04-08,0.6,17.6,8.6,12.9,4.45
2024-04-09,8.4,7.9,1.8,4.5,1.96
2024-04-10,2.3,5.1,0.5,2.7,1.46
2024-04-11,0.0,12.2,-1.0,5.3,2.87
2024-04-12,0.0,18.6,3.4,11.4,3.82
2024-04-13,0.0,23.5,7.1,15.3,4.35
2024-04-14,0.0,23.6,10.1,16.4,4.47
2024-04-15,0.0,14.1,5.4,10.6,2.88
2024-04-16,1.8,7.5,2.2,4.6,1.94
2024-04-17,8.2,5.7,0.4,2.7,1.62
2024-04-18,11.8,3.0,-1.9,0.2,1.32
2024-04-19,0.0,11.4,-2.6,4.1,3.19
2024-04-20,1.2,4.3,-0.7,2.4,1.76
2024-04-21,0.3,2.9,-2.1,0.0,1.31
2024-04-22,2.9,2.9,-3.0,-0.8,1.35
2024-04-23,2.2,3.2,-3.7,-0.6,1.52
2024-04-24,2.9,4.1,-2.3,1.0,1.19
2024-04-25,1.1,8.3,-0.9,3.6,1.59
2024-04-26,3.1,10.1,2.9,5.8,2.02
2024-04-27,1.8,9.9,5.2,7.3,2.06
2024-04-28,38.3,8.7,4.4,6.6,0.98
2024-04-29,23.0,10.1,5.5,7.6,0.81
2024-04-30,5.7,11.9,6.0,9.4,1.63
2024-05-01,30.6,10.0,4.9,7.8,0.77
2024-05-02,15.3,5.9,1.8,3.6,0.79
2024-05-03,2.8,10.9,1.6,5.7,2.91
2024-05-04,3.4,11.9,1.6,8.2,1.72
2024-05-05,1.7,17.9,7.2,11.7,3.22
2024-05-06,11.7,9.5,4.9,8.0,1.29
2024-05-07,8.1,8.5,4.1,6.2,1.54
2024-05-08,3.2,12.2,5.8,8.5,1.97
2024-05-09,0.1,15.9,5.9,9.6,3.34
2024-05-10,0.0,20.1,5.1,13.1,4.55
2024-05-11,0.0,20.5,7.2,14.0,5.04
2024-05-12,1.2,18.0,7.7,12.6,3.68
2024-05-13,1.0,19.2,7.0,12.7,4.01
2024-05-14,22.4,11.5,6.6,9.3,1.14
2024-05-15,9.1,12.8,3.5,7.5,2.39
2024-05-16,1.9,12.4,1.8,7.1,3.12
2024-05-17,4.3,14.8,2.4,8.4,3.32
2024-05-18,16.7,13.4,5.6,8.9,2.36
2024-05-19,19.3,15.1,4.5,10.0,2.83
2024-05-20,6.9,13.6,6.0,9.8,2.76
2024-05-21,1.5,11.7,4.9,8.3,1.83
2024-05-22,0.9,13.4,5.1,9.1,3.0
2024-05-23,3.1,12.9,4.9,9.0,3.23
2024-05-24,0.4,13.9,4.2,9.2,3.67
2024-05-25,0.0,18.1,4.9,11.4,4.11
2024-05-26,3.4,18.2,8.2,13.0,3.1
2024-05-27,0.2,14.7,7.0,10.7,2.15
2024-05-28,0.1,15.5,6.1,10.5,3.28
2024-05-29,0.9,15.4,8.0,11.2,1.96
2024-05-30,1.9,16.1,6.0,11.3,3.06
2024-05-31,3.3,10.9,5.5,8.0,2.33
2024-06-01,4.5,11.9,6.2,8.6,2.37
2024-06-02,3.5,11.9,6.7,8.8,1.27
2024-06-03,2.4,13.0,8.2,10.2,2.06
2024-06-04,0.0,18.4,8.1,13.0,4.06
2024-06-05,0.0,20.3,7.2,14.1,4.98
2024-06-06,10.0,23.0,9.2,15.5,3.49
2024-06-07,0.5,22.2,12.7,17.4,3.87
2024-06-08,0.2,22.9,13.3,17.4,4.71
2024-06-09,16.4,18.0,9.9,13.7,2.5
2024-06-10,0.9,15.8,8.2,11.6,3.57
2024-06-11,6.8,12.8,5.9,9.5,2.5
2024-06-12,0.0,12.5,3.7,8.3,3.16
2024-06-13,0.0,16.4,4.1,10.5,4.44
2024-06-14,0.7,19.4,11.0,14.8,4.01
2024-06-15,3.4,13.8,8.2,10.9,2.91
2024-06-16,0.0,17.6,6.1,12.5,3.57
2024-06-17,1.6,21.9,11.6,16.4,4.76
2024-06-18,0.0,22.9,13.5,18.3,5.59
2024-06-19,0.3,23.4,14.1,18.4,4.69
2024-06-20,17.3,20.3,13.5,16.4,3.38
2024-06-21,1.6,16.9,10.2,13.9,3.71
2024-06-22,3.2,14.4,9.3,11.6,1.92
2024-06-23,4.9,13.4,8.3,10.8,2.04
2024-06-24,1.0,18.3,9.8,13.7,2.35
2024-06-25,5.7,22.0,11.8,16.8,4.39
2024-06-26,1.3,23.5,11.1,18.0,4.8
2024-06-27,8.1,24.1,13.3,18.5,3.99
2024-06-28,1.0,27.4,14.4,20.2,5.02
2024-06-29,3.5,22.6,13.1,17.9,3.77
2024-06-30,1.7,18.4,11.1,14.7,2.82
2024-07-01,3.8,17.5,11.6,14.3,3.56
2024-07-02,4.9,13.8,9.7,11.6,1.82
2024-07-03,2.1,15.9,9.8,12.5,2.86
2024-07-04,0.3,18.4,8.5,13.6,2.78
2024-07-05,0.0,24.7,10.8,17.7,5.44
2024-07-06,8.8,18.5,12.4,15.5,2.85
2024-07-07,0.2,19.2,9.4,13.8,4.55
2024-07-08,0.0,24.3,7.6,17.0,5.13
2024-07-09,0.5,25.2,15.6,19.9,5.39
2024-07-10,14.8,23.8,14.1,18.4,4.17
2024-07-11,2.7,23.9,12.7,18.5,4.19
2024-07-12,2.7,19.2,10.6,15.9,3.63
2024-07-13,0.0,18.9,8.2,13.3,4.36
2024-07-14,0.0,24.9,8.8,17.5,4.36
2024-07-15,1.9,25.1,14.8,18.8,4.31
2024-07-16,0.0,20.2,12.1,16.2,4.42
2024-07-17,0.0,21.1,10.1,15.6,4.75
2024-07-18,0.0,27.1,11.0,20.4,5.76
2024-07-19,5.8,25.4,13.6,19.3,3.94
2024-07-20,7.3,28.5,14.3,20.7,5.09
2024-07-21,10.4,18.4,14.0,16.1,3.17
2024-07-22,1.6,19.0,13.1,15.5,3.03
2024-07-23,0.0,23.6,11.6,16.6,4.05
2024-07-24,0.3,20.8,12.4,16.5,4.25
2024-07-25,0.0,23.1,10.2,16.6,4.99
2024-07-26,0.0,27.0,11.8,19.3,5.29
2024-07-27,0.4,27.3,15.5,21.4,5.4
2024-07-28,0.2,25.6,16.9,20.4,3.94
2024-07-29,0.0,32.1,16.9,24.1,5.46
2024-07-30,0.2,30.8,17.6,23.9,4.83
2024-07-31,0.1,30.0,17.3,23.5,5.3
2024-08-01,0.0,27.3,17.4,21.5,5.17
2024-08-02,11.2,25.3,15.5,18.6,3.7
2024-08-03,0.3,21.9,13.8,17.2,4.34
2024-08-04,0.0,21.2,11.7,16.2,4.34
2024-08-05,0.0,24.7,11.7,18.1,4.91
2024-08-06,0.4,26.9,13.0,20.3,4.82
2024-08-07,0.4,25.4,15.5,19.9,4.41
2024-08-08,0.2,24.4,15.1,18.7,4.53
2024-08-09,0.0,26.1,13.2,19.7,5.09
2024-08-10,0.0,27.3,14.9,20.7,5.03
2024-08-11,0.0,29.9,17.4,23.3,5.82
2024-08-12,0.0,28.8,16.8,22.4,5.56
2024-08-13,7.7,26.7,15.0,20.4,4.26
2024-08-14,26.9,22.0,13.6,16.6,2.58
2024-08-15,1.1,21.6,13.8,16.9,2.76
2024-08-16,1.3,22.8,14.2,17.8,3.45
2024-08-17,0.0,21.5,13.8,17.4,3.25
2024-08-18,0.8,17.8,10.1,14.0,3.25
2024-08-19,0.4,18.8,9.4,13.1,3.12
2024-08-20,0.0,23.6,9.9,16.2,4.56
2024-08-21,0.8,17.8,10.3,14.2,3.43
2024-08-22,0.0,25.1,8.7,16.5,4.76
2024-08-23,0.0,25.6,11.4,17.9,4.82
2024-08-24,3.1,25.7,15.0,20.4,4.73
2024-08-25,0.1,16.7,9.1,13.6,3.48
2024-08-26,0.0,18.3,6.1,11.8,3.62
2024-08-27,0.0,26.8,7.3,16.8,4.21
2024-08-28,0.0,25.9,14.7,20.1,4.87
2024-08-29,0.0,27.5,15.6,20.7,4.9
2024-08-30,0.0,26.8,13.4,20.2,4.39
2024-08-31,0.0,27.0,14.9,20.4,4.98
2024-09-01,2.5,21.2,12.1,17.3,2.2
2024-09-02,0.1,23.3,11.7,17.3,3.75
2024-09-03,6.4,19.8,12.9,16.2,1.62
2024-09-04,30.2,19.6,11.7,14.1,1.95
2024-09-05,15.5,16.2,9.1,12.4,2.67
2024-09-06,0.0,19.4,9.2,14.5,2.82
2024-09-07,2.6,20.4,13.2,16.1,2.84
2024-09-08,15.0,20.3,10.0,13.4,2.46
2024-09-09,2.4,16.3,10.1,12.7,2.25
2024-09-10,0.0,15.6,7.0,11.2,2.84
2024-09-11,7.6,12.7,6.8,9.8,1.11
2024-09-12,0.7,9.4,3.7,6.4,2.12
2024-09-13,2.3,7.6,2.9,4.8,1.41
2024-09-14,0.4,11.2,2.8,6.1,1.95
2024-09-15,0.0,10.8,1.6,5.7,2.22
2024-09-16,1.6,15.0,4.0,8.3,1.89
2024-09-17,8.9,12.2,7.4,9.6,0.98
2024-09-18,0.2,16.3,7.9,11.4,2.64
2024-09-19,0.2,18.4,6.9,12.4,2.85
2024-09-20,0.0,17.6,9.9,13.1,2.92
2024-09-21,0.1,16.8,11.0,13.5,2.43
2024-09-22,5.5,15.5,10.4,12.8,1.46
2024-09-23,0.1,14.1,8.2,10.6,2.19
2024-09-24,0.8,13.2,8.0,10.1,1.91
2024-09-25,1.9,15.9,7.4,11.5,1.53
2024-09-26,19.2,15.8,10.1,13.0,1.2
2024-09-27,3.2,10.2,6.2,8.3,1.26
2024-09-28,2.3,7.7,2.3,5.9,1.15
2024-09-29,0.0,15.0,1.2,8.3,2.62
2024-09-30,3.0,15.1,9.7,12.1,1.8
2024-10-01,2.4,18.4,10.6,13.7,1.58
2024-10-02,2.9,12.7,6.5,9.0,1.69
2024-10-03,5.8,9.2,5.0,6.8,1.01
2024-10-04,2.5,6.2,3.6,4.5,0.77
2024-10-05,0.0,12.9,3.3,7.0,2.1
2024-10-06,4.4,15.4,6.8,11.1,1.35
2024-10-07,14.7,17.7,12.4,14.7,1.65
2024-10-08,28.6,14.9,8.8,11.2,1.73
2024-10-09,8.8,17.3,9.9,13.6,2.4
2024-10-10,0.3,11.8,6.7,8.9,1.43
2024-10-11,0.3,12.1,5.1,8.0,1.52
2024-10-12,3.0,14.1,5.9,10.9,1.14
2024-10-13,0.0,18.3,9.4,13.1,2.18
2024-10-14,0.0,19.8,11.4,15.2,2.2
2024-10-15,1.9,21.4,12.9,16.1,2.72
2024-10-16,2.5,17.1,13.2,14.9,1.68
2024-10-17,4.9,16.2,11.1,13.9,1.16
2024-10-18,1.1,12.6,6.2,9.7,1.33
2024-10-19,0.2,14.4,6.6,9.9,1.69
2024-10-20,0.0,17.3,5.7,11.3,1.95
2024-10-21,0.0,18.1,9.7,13.1,2.15
2024-10-22,4.7,13.1,9.6,10.9,0.53
2024-10-23,0.2,13.6,8.2,10.0,1.1
2024-10-24,0.6,15.5,7.8,11.3,1.38
2024-10-25,0.2,15.5,10.5,12.5,1.5
2024-10-26,10.1,13.7,10.2,11.4,0.91
2024-10-27,0.7,14.0,8.7,10.7,1.0
2024-10-28,0.2,16.6,8.0,11.6,1.51
2024-10-29,0.0,17.2,7.6,11.5,1.61
2024-10-30,0.0,17.6,7.5,11.3,1.72
2024-10-31,0.0,18.7,8.0,12.4,1.92
2024-11-01,0.0,17.3,8.2,11.9,1.88
2024-11-02,0.0,14.4,7.1,10.9,1.56
2024-11-03,0.0,18.6,8.1,12.3,2.0
2024-11-04,0.0,17.7,9.2,12.0,1.88
2024-11-05,0.0,15.7,9.0,11.4,1.3
2024-11-06,1.1,13.4,5.4,9.8,1.03
2024-11-07,0.0,15.0,7.0,9.9,1.49
2024-11-08,0.4,14.1,6.5,9.3,1.61
2024-11-09,3.8,12.9,6.3,9.1,0.86
2024-11-10,1.2,9.8,7.0,8.3,0.58
2024-11-11,1.5,7.0,3.8,5.2,0.34
2024-11-12,4.2,3.9,1.2,2.0,0.36
2024-11-13,0.0,5.9,-0.1,2.1,0.77
2024-11-14,0.0,5.5,-1.0,1.3,0.73
2024-11-15,0.0,8.5,-0.3,3.2,1.01
2024-11-16,0.0,10.8,-0.6,3.8,1.24
2024-11-17,0.1,8.7,0.5,4.5,0.56
2024-11-18,0.0,6.2,1.7,3.9,0.51
2024-11-19,4.5,7.1,2.1,5.0,0.35
2024-11-20,15.7,7.5,0.8,3.2,0.65
2024-11-21,14.2,7.5,-0.8,2.9,0.33
2024-11-22,0.3,1.1,-4.8,-2.4,0.81
2024-11-23,0.0,6.9,-4.9,2.1,1.29
2024-11-24,0.0,10.3,5.8,8.4,0.88
2024-11-25,14.4,11.2,5.4,9.2,0.93
2024-11-26,0.0,8.0,2.3,4.6,0.67
2024-11-27,0.0,10.6,0.4,4.3,1.0
2024-11-28,0.0,12.2,2.7,6.6,0.91
2024-11-29,0.0,10.5,2.4,5.9,0.8
2024-11-30,0.0,12.4,2.2,6.9,0.99
2024-12-01,0.0,13.3,1.1,6.4,1.02
2024-12-02,1.1,11.4,3.9,6.7,0.73
2024-12-03,0.5,3.4,-1.8,1.4,0.41
2024-12-04,0.0,1.1,-3.9,-1.4,0.3
2024-12-05,0.1,7.2,-4.0,1.6,0.84
2024-12-06,2.9,7.8,0.2,4.4,0.42
2024-12-07,10.9,7.2,-0.5,3.0,0.31
2024-12-08,11.4,1.1,-0.5,0.2,0.32
2024-12-09,5.4,-0.1,-1.7,-0.8,0.12
2024-12-10,1.0,-1.3,-3.3,-2.2,0.25
2024-12-11,0.2,1.0,-8.5,-3.9,0.53
2024-12-12,0.0,4.5,-9.0,-3.4,0.73
2024-12-13,5.8,3.7,-4.1,-0.7,0.53
2024-12-14,0.6,1.9,-0.8,0.5,0.28
2024-12-15,0.5,-0.3,-3.6,-1.5,0.28
2024-12-16,0.0,6.4,-3.0,0.5,0.73
2024-12-17,0.0,9.8,-1.5,1.7,0.85
2024-12-18,0.0,8.0,-2.7,2.6,0.94
2024-12-19,7.0,6.5,-1.9,3.1,0.55
2024-12-20,0.8,-0.9,-4.7,-2.7,0.34
2024-12-21,0.0,2.7,-2.5,0.8,0.34
2024-12-22,11.1,4.9,-2.1,2.1,0.31
2024-12-23,3.6,-1.4,-2.5,-2.1,0.23
2024-12-24,0.3,0.1,-3.0,-1.5,0.21
2024-12-25,0.0,2.8,-0.5,1.0,0.3
2024-12-26,0.0,5.8,-6.8,-0.8,0.75
2024-12-27,0.0,7.9,-3.7,0.7,0.84
2024-12-28,0.0,8.8,-1.3,2.9,0.8
2024-12-29,0.0,7.0,-1.5,1.7,0.74
2024-12-30,0.0,8.4,-2.1,1.4,0.79
2024-12-31,0.0,6.9,-3.7,-0.2,0.8
2025-01-01,0.0,6.4,-4.7,0.0,0.89
2025-01-02,3.5,3.2,-0.5,1.5,0.42
2025-01-03,3.4,0.6,-4.5,-1.5,0.37
2025-01-04,1.2,4.3,-7.2,0.8,0.38
2025-01-05,0.8,6.4,3.2,4.6,0.46
2025-01-06,1.1,8.0,0.5,4.4,0.6
2025-01-07,4.9,3.4,0.3,1.7,0.35
2025-01-08,3.9,9.8,3.3,6.2,0.8
2025-01-09,3.4,6.8,-0.5,4.5,0.44
2025-01-10,2.7,7.0,-1.2,3.6,0.21
2025-01-11,0.3,6.5,-6.6,0.3,0.19
2025-01-12,0.0,-3.2,-7.0,-5.7,0.38
2025-01-13,0.0,-0.9,-8.3,-5.8,0.62
2025-01-14,0.0,5.2,-7.4,-3.1,0.91
2025-01-15,0.0,3.0,-5.7,-2.1,0.84
2025-01-16,0.0,4.4,-2.9,-1.1,0.72
2025-01-17,0.0,6.7,-3.4,0.1,1.01
2025-01-18,0.0,9.7,-4.2,0.7,1.27
2025-01-19,0.2,8.2,0.2,2.7,1.01
2025-01-20,3.4,7.0,0.1,2.2,0.71
2025-01-21,0.7,5.2,0.6,3.1,0.5
2025-01-22,5.5,10.4,3.8,6.3,1.01
2025-01-23,3.0,6.8,-2.2,3.1,0.76
2025-01-24,0.0,9.9,-1.3,5.3,1.76
2025-01-25,6.8,10.1,2.4,6.4,0.78
2025-01-26,3.3,7.3,-1.2,2.9,1.0
2025-01-27,5.0,7.2,1.5,5.1,0.61
2025-01-28,5.3,2.2,0.5,1.4,0.42
2025-01-29,0.1,5.5,0.4,2.2,0.8
2025-01-30,18.6,3.8,-0.0,2.0,0.39
2025-01-31,0.5,0.5,-6.2,-1.7,0.43
2025-02-01,0.0,2.0,-6.0,-2.6,0.69
2025-02-02,0.0,4.8,-5.3,-0.9,1.07
2025-02-03,0.0,3.8,-4.3,-1.2,1.04
2025-02-04,0.0,9.8,-3.1,1.5,1.32
2025-02-05,0.0,5.6,-4.5,-0.2,1.29
2025-02-06,0.0,5.2,-3.1,-0.4,1.06
2025-02-07,1.0,3.9,-0.1,2.2,0.87
2025-02-08,33.3,2.4,-4.3,-0.9,0.35
2025-02-09,0.1,4.5,-10.2,-1.3,1.14
2025-02-10,1.3,4.6,1.8,3.0,0.8
2025-02-11,0.9,6.6,2.8,4.3,0.65
2025-02-12,0.4,8.3,1.8,4.2,0.85
2025-02-13,1.7,6.8,1.1,3.5,0.63
2025-02-14,1.3,3.1,-5.2,-0.0,0.75
2025-02-15,0.0,7.9,-5.8,-0.0,1.59
2025-02-16,0.0,11.4,-2.7,3.9,1.73
2025-02-17,0.0,11.1,1.1,5.1,1.58
2025-02-18,0.0,12.8,-0.1,5.2,1.77
2025-02-19,0.0,10.5,3.5,6.1,1.39
2025-02-20,0.0,14.1,1.0,6.7,1.71
2025-02-21,0.0,10.1,3.3,5.8,1.41
2025-02-22,17.5,8.2,2.9,5.5,0.55
2025-02-23,0.2,9.9,0.8,4.5,1.26
2025-02-24,0.1,10.4,0.2,5.3,1.37
2025-02-25,4.0,6.3,0.5,3.9,1.14
2025-02-26,0.2,5.3,-1.4,1.2,1.24
2025-02-27,0.5,5.9,-1.4,1.9,0.76
2025-02-28,0.0,4.4,-3.0,-0.4,1.22
2025-03-01,0.3,1.7,-2.8,-1.3,0.73
2025-03-02,0.3,8.0,-3.1,1.5,1.78
2025-03-03,0.0,11.3,-1.4,3.9,2.2
2025-03-04,0.0,11.5,-0.3,4.6,2.37
2025-03-05,0.0,10.8,0.9,5.1,2.56
2025-03-06,0.0,9.2,3.4,5.5,2.35
2025-03-07,0.0,10.4,2.3,5.6,2.29
2025-03-08,0.0,9.8,4.7,6.4,2.04
2025-03-09,15.8,6.5,4.0,5.1,0.84
2025-03-10,3.6,9.0,2.6,4.9,1.25
2025-03-11,7.5,7.8,-0.6,2.9,0.75
2025-03-12,1.9,8.2,-0.4,3.6,1.55
2025-03-13,0.4,4.9,-2.4,0.9,1.49
2025-03-14,4.5,0.5,-2.0,-1.0,0.6
2025-03-15,2.8,-1.0,-5.3,-2.2,0.56
2025-03-16,0.0,2.3,-4.2,-1.4,1.03
2025-03-17,0.0,5.8,-4.0,-0.2,1.71
2025-03-18,0.0,9.3,-2.8,3.8,2.28
2025-03-19,0.0,8.9,1.3,4.6,2.0
2025-03-20,0.0,10.4,4.1,6.6,2.07
2025-03-21,8.5,10.3,5.7,7.6,1.33
2025-03-22,12.0,9.1,2.1,6.4,1.11
2025-03-23,2.4,8.9,2.1,4.7,1.29
2025-03-24,4.5,7.9,1.4,4.0,1.13
2025-03-25,2.3,9.1,2.8,5.2,1.54
2025-03-26,2.9,7.1,3.0,4.6,1.07
2025-03-27,2.6,7.9,2.5,4.3,0.97
2025-03-28,0.5,10.3,0.7,5.2,2.24
2025-03-29,7.8,3.7,-0.0,1.4,0.52
2025-03-30,0.1,8.7,-1.6,3.6,2.25
2025-03-31,0.8,10.8,0.0,5.3,2.23
2025-04-01,0.7,10.0,-2.8,3.5,2.62
2025-04-02,0.7,7.8,1.9,5.0,1.82
2025-04-03,0.0,12.7,5.0,8.5,2.8
2025-04-04,0.0,16.3,6.9,10.4,3.09
2025-04-05,0.6,17.0,6.6,11.0,3.3
2025-04-06,0.0,16.3,3.0,9.8,3.28
2025-04-07,0.0,14.2,1.7,7.3,3.49
2025-04-08,0.0,16.8,2.4,9.5,3.73
2025-04-09,0.0,14.8,2.7,8.8,3.45
2025-04-10,0.0,14.9,2.4,8.1,3.41
2025-04-11,0.0,19.1,2.8,10.7,4.03
2025-04-12,1.8,14.8,6.1,9.9,3.44
2025-04-13,5.4,10.9,6.4,8.6,1.06
2025-04-14,4.9,13.9,6.1,10.0,2.3
2025-04-15,16.8,11.9,5.5,8.6,1.72
2025-04-16,7.0,5.7,1.6,3.6,0.87
2025-04-17,3.6,6.1,1.5,3.1,1.1
2025-04-18,0.0,15.8,-1.3,7.2,3.61
2025-04-19,9.8,11.2,2.4,7.8,1.82
2025-04-20,1.6,11.5,-0.1,5.7,2.74
2025-04-21,1.5,10.6,2.8,6.5,1.77
2025-04-22,0.0,14.0,1.2,7.5,3.1
2025-04-23,6.2,7.6,5.1,6.1,0.96
2025-04-24,2.5,10.4,3.4,6.9,1.93
2025-04-25,0.0,13.2,3.8,7.1,2.65
2025-04-26,0.2,12.4,2.8,7.1,2.0
2025-04-27,0.9,12.4,4.1,8.1,2.22
2025-04-28,4.3,15.1,4.6,9.3,2.86
2025-04-29,0.5,16.5,6.1,11.5,3.81
2025-04-30,0.0,18.2,8.0,12.8,4.42
2025-05-01,0.0,19.1,8.2,13.4,5.01
2025-05-02,0.0,19.3,10.6,13.9,5.04
2025-05-03,6.3,19.8,10.3,14.2,4.32
2025-05-04,37.1,16.1,6.8,10.9,2.16
2025-05-05,4.1,7.3,3.9,5.4,1.35
2025-05-06,4.9,6.5,3.2,4.5,0.98
2025-05-07,1.8,7.1,3.4,5.1,1.28
2025-05-08,5.0,10.7,3.4,6.1,2.02
2025-05-09,4.9,13.4,1.2,7.4,2.97
2025-05-10,0.2,14.6,6.1,10.2,3.09
2025-05-11,6.2,13.6,6.4,9.1,2.0
2025-05-12,1.8,13.1,3.1,7.7,2.89
2025-05-13,1.1,14.9,3.1,9.0,3.42
2025-05-14,3.4,16.0,5.1,10.4,3.36
2025-05-15,0.0,15.2,5.9,10.6,3.38
2025-05-16,0.0,14.1,4.6,8.4,3.49
2025-05-17,0.0,13.7,2.5,8.4,3.82
2025-05-18,0.0,18.8,3.5,11.8,4.39
2025-05-19,10.3,18.0,8.0,12.0,2.69
2025-05-20,5.7,14.7,8.3,10.6,2.39
2025-05-21,1.8,15.9,5.0,10.5,3.58
2025-05-22,5.6,9.2,4.0,6.7,1.75
2025-05-23,0.6,11.7,3.7,7.6,2.5
2025-05-24,0.0,14.0,2.5,8.7,3.51
2025-05-25,0.0,17.1,5.8,11.7,3.91
2025-05-26,0.4,15.8,7.2,11.3,3.51
2025-05-27,0.0,15.0,7.5,10.9,3.7
2025-05-28,0.7,19.9,7.3,14.0,4.43
2025-05-29,0.6,18.5,10.2,13.7,3.83
2025-05-30,0.0,25.7,10.3,18.2,5.45
2025-05-31,0.8,24.1,12.9,18.1,4.6
2025-06-01,3.8,22.8,11.7,17.0,3.83
2025-06-02,10.1,17.5,10.0,14.0,2.48
2025-06-03,4.9,21.7,9.6,15.6,4.45
2025-06-04,11.3,16.5,9.5,13.2,2.78
2025-06-05,1.1,17.1,8.1,12.7,2.93
2025-06-06,1.5,20.2,10.5,15.4,3.87
2025-06-07,0.7,16.6,10.0,13.6,2.97
2025-06-08,0.5,17.3,8.3,12.6,4.02
2025-06-09,0.0,19.7,6.1,13.1,4.84
2025-06-10,0.0,25.3,7.8,17.7,5.78
2025-06-11,0.0,27.0,12.2,20.0,5.96
2025-06-12,0.3,27.3,15.3,21.0,6.26
2025-06-13,0.0,28.3,13.1,21.4,7.03
2025-06-14,0.9,29.0,16.1,22.5,6.32
2025-06-15,11.4,20.4,12.4,17.1,3.19
2025-06-16,0.3,19.1,9.8,13.9,4.18
2025-06-17,0.0,21.9,7.7,15.3,5.16
2025-06-18,0.0,24.8,10.6,18.1,5.65
2025-06-19,0.0,26.4,13.1,20.0,5.98
2025-06-20,0.0,27.8,14.5,21.6,6.17
2025-06-21,0.0,29.4,15.1,22.8,5.75
2025-06-22,3.2,29.7,15.9,22.6,5.66
2025-06-23,1.2,26.2,14.6,20.8,5.35
2025-06-24,0.0,28.6,13.0,21.4,5.96
2025-06-25,0.0,31.5,15.2,23.5,6.89
2025-06-26,0.0,22.3,13.6,18.2,4.54
2025-06-27,0.0,25.3,12.2,18.8,5.62
2025-06-28,0.0,28.2,13.7,21.0,5.98
2025-06-29,0.2,29.2,15.7,22.8,5.72
2025-06-30,0.0,30.9,17.1,24.7,6.25
2025-07-01,0.0,30.1,17.9,24.5,6.31
2025-07-02,0.0,29.8,17.6,24.1,5.98
2025-07-03,0.1,25.0,16.0,19.5,4.33
2025-07-04,0.0,25.3,14.6,19.3,5.49
2025-07-05,0.0,26.6,13.2,19.8,5.84
2025-07-06,0.7,18.1,11.3,14.9,3.33
2025-07-07,5.9,16.5,9.6,13.1,3.11
2025-07-08,1.6,16.2,8.5,11.9,3.79
2025-07-09,0.0,20.4,6.3,13.6,5.08
2025-07-10,0.0,22.6,8.7,15.7,5.46
2025-07-11,0.0,24.7,9.6,17.8,5.79
2025-07-12,6.1,26.5,12.2,18.1,4.82
2025-07-13,4.0,24.5,12.0,18.0,4.55
2025-07-14,1.2,25.1,12.6,19.0,4.76
2025-07-15,0.0,24.4,13.5,18.8,5.0
2025-07-16,0.0,23.8,10.5,17.4,5.55
2025-07-17,0.0,24.4,13.3,18.6,4.96
2025-07-18,0.1,28.1,13.2,21.4,4.74
2025-07-19,9.4,22.4,13.7,17.7,3.44
2025-07-20,15.3,24.0,11.9,17.3,4.21
2025-07-21,1.8,17.9,10.7,14.1,3.41
2025-07-22,0.0,21.5,10.5,15.5,4.61
2025-07-23,2.4,18.2,8.5,13.8,2.39
2025-07-24,1.9,16.6,9.2,12.7,3.51
2025-07-25,2.9,15.6,9.3,12.4,2.91
2025-07-26,1.1,19.5,10.8,14.9,3.68
2025-07-27,5.0,19.0,11.0,14.9,3.74
2025-07-28,4.6,14.7,9.5,11.6,2.55
2025-07-29,0.2,17.8,8.1,12.9,3.56
2025-07-30,0.2,18.9,10.5,14.5,3.39
2025-07-31,0.0,21.6,9.9,15.5,4.09
2025-08-01,0.4,21.8,10.9,16.1,4.04
2025-08-02,2.4,17.5,9.8,13.4,4.09
2025-08-03,0.0,18.9,6.9,13.1,4.4
2025-08-04,0.0,26.3,9.2,18.2,5.1
2025-08-05,0.0,26.6,12.3,19.3,5.73
2025-08-06,0.0,22.5,7.3,14.9,3.83
2025-08-07,0.0,29.3,11.0,20.2,5.95
2025-08-08,0.0,31.7,14.8,23.8,5.89
2025-08-09,0.0,32.6,17.5,25.2,5.57
2025-08-10,0.0,30.5,17.3,23.2,5.93
2025-08-11,0.0,33.0,15.5,24.2,5.93
2025-08-12,0.0,33.4,17.3,25.7,5.86
2025-08-13,0.4,32.8,19.2,25.2,5.62
2025-08-14,1.9,27.8,17.1,21.2,3.73
2025-08-15,0.2,28.9,15.4,22.8,5.26
2025-08-16,0.0,28.0,16.4,22.4,5.7
2025-08-17,0.0,25.3,12.3,18.7,5.22
2025-08-18,0.0,28.2,13.0,20.8,5.01
2025-08-19,12.1,23.5,12.5,17.3,2.94
2025-08-20,9.4,17.6,10.1,13.5,2.31
2025-08-21,3.1,16.6,8.7,12.3,2.26
2025-08-22,1.1,16.4,9.4,12.8,2.98
2025-08-23,0.0,18.3,6.9,12.1,3.64
2025-08-24,0.0,22.8,7.2,14.8,4.29
2025-08-25,0.0,24.7,10.7,17.8,4.26
2025-08-26,2.5,26.9,13.5,19.6,4.24
2025-08-27,12.3,23.1,14.4,18.4,3.1
2025-08-28,17.2,17.8,9.9,13.9,2.13
2025-08-29,2.7,13.8,9.4,11.3,1.78
2025-08-30,0.3,17.7,9.2,12.6,2.49
2025-08-31,8.4,23.5,10.2,16.4,3.86
2025-09-01,5.1,16.2,9.5,12.7,2.24
2025-09-02,0.0,15.9,8.1,12.2,2.68
2025-09-03,0.0,23.0,10.5,16.3,3.96
2025-09-04,11.5,16.1,8.8,13.1,1.43
2025-09-05,0.5,15.5,7.4,11.3,2.98
2025-09-06,0.0,23.8,6.1,14.9,4.39
2025-09-07,0.0,25.5,13.5,18.1,4.52
2025-09-08,5.8,17.6,10.9,14.0,1.5
2025-09-09,2.7,15.9,9.6,12.1,1.98
2025-09-10,2.1,17.8,7.7,12.5,3.11
2025-09-11,0.6,14.8,9.1,11.9,2.09
2025-09-12,0.0,15.5,7.3,10.8,2.32
2025-09-13,2.9,15.4,7.7,11.6,1.41
2025-09-14,0.2,16.6,9.6,13.4,1.57
2025-09-15,0.0,19.7,10.5,15.3,2.29
2025-09-16,0.0,15.6,8.1,10.9,2.75
2025-09-17,0.0,21.3,6.3,13.9,3.26
2025-09-18,0.0,26.6,10.6,18.0,3.68
2025-09-19,0.0,26.5,11.9,18.8,5.05
2025-09-20,0.6,24.3,15.1,19.0,4.89
2025-09-21,19.8,15.5,8.4,12.5,1.01
2025-09-22,6.4,11.8,5.9,8.6,1.5
2025-09-23,2.9,7.7,3.4,5.1,0.79
2025-09-24,2.2,8.8,4.1,5.9,1.13
2025-09-25,6.0,8.4,4.7,6.3,0.96
2025-09-26,2.3,8.5,2.2,5.8,0.92
2025-09-27,0.0,14.7,1.4,7.5,2.44
2025-09-28,0.0,17.0,3.4,9.8,2.08
2025-09-29,0.0,15.0,5.7,9.5,2.42
2025-09-30,0.0,13.1,6.0,8.9,1.87
2025-10-01,0.2,13.4,4.2,8.1,1.75
2025-10-02,0.0,13.4,3.4,7.7,2.18
2025-10-03,0.0,16.3,4.6,10.1,1.9
2025-10-04,2.0,14.8,5.7,10.6,0.72
2025-10-05,0.0,9.3,3.4,5.8,1.69
2025-10-06,0.0,10.2,3.0,5.8,1.56
2025-10-07,0.0,16.3,3.3,9.7,2.28
2025-10-08,0.0,17.8,7.2,12.2,2.2
2025-10-09,1.4,12.4,6.8,9.4,0.83
2025-10-10,0.0,14.2,4.9,8.4,1.56
2025-10-11,0.0,18.7,2.9,10.1,2.29
2025-10-12,0.0,18.8,6.5,11.6,2.37
2025-10-13,0.0,17.7,6.1,10.7,2.18
2025-10-14,0.0,15.6,6.3,9.5,2.02
2025-10-15,0.0,12.6,3.6,7.5,1.69
2025-10-16,0.0,13.7,2.6,7.3,1.9
2025-10-17,0.0,14.4,3.5,7.6,1.84
2025-10-18,0.0,16.2,2.9,8.6,2.02
2025-10-19,0.6,14.5,5.1,10.3,1.71
2025-10-20,10.0,13.2,8.5,10.5,1.38
2025-10-21,7.0,12.8,8.9,10.4,0.71
2025-10-22,14.8,14.3,10.4,11.9,1.0
2025-10-23,18.3,12.1,4.0,7.5,0.78
2025-10-24,2.7,7.7,3.7,5.8,0.58
2025-10-25,2.6,8.7,4.8,6.9,0.57
2025-10-26,0.1,5.7,3.2,4.1,1.01
2025-10-27,0.7,8.4,3.7,6.5,0.57
2025-10-28,0.2,13.8,5.1,8.4,1.41
2025-10-29,3.3,11.7,5.8,9.2,0.83
2025-10-30,0.4,11.9,5.9,8.2,1.23
2025-10-31,0.0,14.5,5.2,9.9,1.53
2025-11-01,5.5,15.3,10.2,12.3,1.05
2025-11-02,4.2,9.8,5.4,7.6,0.76
2025-11-03,0.0,9.7,3.6,6.2,1.04
2025-11-04,0.0,13.8,4.4,8.3,2.28
2025-11-05,0.0,12.8,6.2,9.4,1.34
2025-11-06,4.8,10.5,6.2,8.2,0.87
2025-11-07,0.4,11.9,2.7,6.8,1.01
2025-11-08,0.6,9.4,2.0,5.8,0.91
2025-11-09,1.1,6.7,1.2,4.7,0.52
2025-11-10,0.0,11.4,-0.4,4.3,1.21
2025-11-11,0.0,13.9,1.7,6.6,1.41
2025-11-12,0.0,12.8,6.2,9.6,1.1
2025-11-13,0.0,13.8,9.1,10.7,1.71
2025-11-14,9.5,12.4,9.2,10.2,0.89
2025-11-15,5.4,11.6,6.4,9.1,1.1
2025-11-16,0.7,10.4,3.7,7.9,0.87
2025-11-17,2.4,6.0,-0.9,3.2,0.29
2025-11-18,0.3,0.6,-3.6,-1.9,0.58
2025-11-19,1.0,4.1,-5.6,-0.9,0.87
2025-11-20,0.7,-1.1,-6.1,-3.1,0.62
2025-11-21,1.7,-4.3,-6.8,-5.5,0.21
2025-11-22,0.2,-3.2,-8.1,-6.3,0.47
2025-11-23,6.0,4.8,-7.1,0.9,0.61
2025-11-24,16.6,5.4,0.8,4.0,0.27
2025-11-25,5.9,1.8,-1.7,0.3,0.43
2025-11-26,3.1,-1.6,-2.5,-2.1,0.21
2025-11-27,0.5,-1.5,-6.2,-3.3,0.29
2025-11-28,0.0,4.5,-3.7,1.2,0.61
2025-11-29,0.1,8.3,2.4,4.0,0.61
2025-11-30,1.6,4.4,-1.4,1.8,0.21
2025-12-01,0.0,4.6,-2.0,0.6,0.94
2025-12-02,6.5,6.8,1.4,4.0,0.98
2025-12-03,16.3,3.1,-2.4,0.5,0.39
2025-12-04,0.8,2.5,-2.2,0.1,0.31
2025-12-05,0.6,2.2,-4.5,-0.1,0.47
2025-12-06,3.1,6.5,1.9,4.8,0.38
2025-12-07,1.0,8.6,4.0,6.4,0.28
2025-12-08,0.0,13.4,3.0,7.1,0.9
2025-12-09,0.2,10.0,5.6,6.9,0.89
2025-12-10,0.2,10.0,5.0,7.0,0.54
2025-12-11,0.6,10.4,3.1,6.2,0.7
2025-12-12,0.0,9.9,1.6,5.1,0.76
2025-12-13,0.0,8.0,-1.9,2.2,0.73
2025-12-14,0.0,10.3,-1.2,3.2,0.9
2025-12-15,1.7,7.6,5.4,6.5,0.64
2025-12-16,0.7,9.0,1.7,6.0,0.62
2025-12-17,0.0,9.0,1.6,4.5,0.67
2025-12-18,0.0,8.2,2.9,5.9,0.67
2025-12-19,21.1,10.4,5.9,7.6,0.54
2025-12-20,15.3,9.3,5.7,7.0,0.55
2025-12-21,22.8,7.2,4.9,6.1,0.37
2025-12-22,16.1,5.9,2.9,4.6,0.27
2025-12-23,1.4,4.0,2.1,3.2,0.26
2025-12-24,1.7,2.3,-3.8,-1.8,0.19
2025-12-25,1.9,0.9,-5.3,-2.7,0.5
2025-12-26,0.0,4.6,-4.2,-0.7,0.56
2025-12-27,0.0,8.1,-2.9,0.8,0.9
2025-12-28,0.0,9.7,-1.7,1.8,0.85
2025-12-29,0.0,9.8,-1.7,2.1,0.95
2025-12-30,0.0,-1.3,-5.8,-4.4,0.29
2025-12-31,0.0,-1.0,-8.1,-5.6,0.54
2026-01-01,0.0,5.3,-8.2,-3.0,0.97
2026-01-02,0.0,2.4,-7.1,-3.5,0.68
2026-01-03,0.0,-1.8,-7.6,-4.9,0.53
2026-01-04,0.0,-5.2,-8.5,-7.1,0.34
2026-01-05,0.0,-5.4,-10.8,-8.5,0.36
2026-01-06,0.0,-7.0,-10.6,-8.9,0.2
2026-01-07,3.0,-1.5,-10.6,-5.8,0.51
2026-01-08,12.8,4.3,-2.2,2.2,0.31
2026-01-09,13.4,2.8,-1.7,0.5,0.31
2026-01-10,3.7,-0.1,-4.4,-2.6,0.32
2026-01-11,0.0,0.1,-7.4,-4.6,0.7
2026-01-12,0.3,6.3,-2.6,1.7,0.88
2026-01-13,0.0,5.8,2.5,3.9,0.54
2026-01-14,0.0,6.7,3.5,4.7,0.53
2026-01-15,0.1,6.1,2.0,4.6,0.47
2026-01-16,2.9,5.8,3.9,4.6,0.43
2026-01-17,8.1,5.7,3.2,4.3,0.35
2026-01-18,7.8,6.3,2.1,3.6,0.51
2026-01-19,5.5,7.6,1.4,3.1,0.77
2026-01-20,0.0,8.2,-0.0,3.0,0.89
2026-01-21,0.0,5.7,1.7,3.3,0.72
2026-01-22,1.8,5.0,0.5,2.4,0.6
2026-01-23,3.2,3.4,-3.3,0.5,0.35
2026-01-24,2.8,2.8,-2.2,0.2,0.47
2026-01-25,2.4,2.1,-1.4,-0.1,0.33
2026-01-26,0.4,2.2,-3.6,-0.7,0.66
2026-01-27,9.2,5.7,-0.6,2.4,0.58
2026-01-28,3.3,1.8,-2.7,-0.1,0.56
2026-01-29,0.5,2.8,-2.7,0.3,0.82
2026-01-30,1.9,5.0,0.8,2.4,0.63
2026-01-31,2.1,3.9,-0.3,1.3,0.54
2026-02-01,2.4,4.1,-0.4,1.8,0.42
2026-02-02,2.8,5.1,1.2,3.7,0.49
2026-02-03,12.1,6.4,1.1,2.9,0.87
2026-02-04,0.9,5.4,1.6,3.0,0.66
2026-02-05,4.1,7.5,2.2,3.7,0.63
2026-02-06,0.9,5.9,-1.9,3.1,0.78
2026-02-07,0.2,6.5,-2.0,1.5,0.85
2026-02-08,0.0,6.8,-0.2,2.6,0.91
2026-02-09,1.7,7.4,-0.5,3.2,1.14
2026-02-10,10.1,7.8,3.0,5.2,0.45
2026-02-11,5.2,6.9,4.6,5.5,0.78
2026-02-12,22.4,5.3,1.7,3.1,0.33
2026-02-13,2.8,6.2,1.0,2.6,0.53
2026-02-14,8.2,2.1,-4.9,-0.4,0.17
2026-02-15,5.8,4.3,-5.6,-0.2,0.7
2026-02-16,19.5,5.7,0.5,3.2,0.75
2026-02-17,0.4,4.8,-0.1,1.5,0.96
2026-02-18,5.5,9.2,1.3,4.8,1.05
2026-02-19,12.3,3.7,0.9,1.8,0.41
2026-02-20,1.5,4.5,0.6,1.8,0.62
2026-02-21,0.0,9.1,1.3,3.9,1.27
2026-02-22,0.0,12.6,0.2,5.1,1.87
2026-02-23,0.0,11.4,-0.0,5.1,1.33
2026-02-24,0.0,15.4,1.0,7.3,1.97
2026-02-25,0.0,16.6,3.4,8.7,2.4
2026-02-26,0.0,15.0,1.6,7.3,2.16
2026-02-27,0.0,16.4,1.9,7.8,2.35
2026-02-28,1.2,7.4,0.1,4.5,0.75
2026-03-01,0.0,10.5,-0.1,4.1,1.91
2026-03-02,0.0,10.1,2.1,5.5,1.63
2026-03-03,0.0,11.7,2.7,6.5,1.73
2026-03-04,0.0,13.9,2.5,7.4,2.33
2026-03-05,3.5,13.2,5.4,8.2,2.34
2026-03-06,0.9,11.3,5.1,7.4,1.59
2026-03-07,1.4,9.8,4.8,6.6,1.3
2026-03-08,0.4,11.4,3.5,6.4,1.8
2026-03-09,22.9,6.8,2.6,4.5,0.67
2026-03-10,3.9,9.9,2.1,5.7,1.36
2026-03-11,2.4,8.7,2.5,4.9,0.86
2026-03-12,0.3,9.5,-1.1,3.9,1.98
2026-03-13,2.5,12.2,-1.1,5.7,2.23
2026-03-14,19.3,3.3,-2.5,0.2,1.13
2026-03-15,0.5,4.0,-3.2,-0.4,1.48
2026-03-16,0.0,8.6,-2.8,2.6,1.71
2026-03-17,0.0,12.0,-1.8,4.7,2.37
2026-03-18,0.9,11.8,1.9,5.8,2.47
2026-03-19,0.0,10.9,0.1,4.8,2.52
2026-03-20,0.0,12.1,-0.9,5.3,2.66
2026-03-21,0.0,11.6,-0.5,5.3,2.64
2026-03-22,1.2,7.9,-1.7,3.5,1.66
2026-03-23,0.0,8.7,-2.2,3.1,2.25
2026-03-24,0.0,11.1,0.6,5.0,2.58
2026-03-25,4.4,7.8,-2.6,2.5,1.36
2026-03-26,3.1,-0.3,-3.7,-2.5,1.22
2026-03-27,0.1,0.4,-5.1,-2.9,1.3
2026-03-28,3.5,2.9,-4.8,-0.9,0.81
2026-03-29,1.0,2.5,-4.2,-1.4,1.26
2026-03-30,2.6,5.1,-2.9,1.5,0.73
2026-03-31,1.6,2.8,-1.9,0.4,1.31
2026-04-01,1.4,1.4,-2.5,-0.3,0.51
2026-04-02,0.2,5.5,-2.1,1.0,1.33
2026-04-03,0.3,10.6,1.5,5.0,2.22
2026-04-04,0.0,15.8,4.6,8.7,2.4
2026-04-05,0.0,19.1,4.2,11.8,3.6
2026-04-06,0.0,20.1,4.7,12.5,3.64
2026-04-07,0.0,19.9,6.2,13.1,4.47
2026-04-08,0.0,19.9,3.3,12.5,4.07
2026-04-09,0.0,20.0,8.6,14.0,4.15
2026-04-10,0.4,18.8,7.7,12.8,3.51
2026-04-11,8.5,21.0,7.9,13.0,3.56
2026-04-12,28.7,6.1,-0.3,3.4,0.66
2026-04-13,12.7,2.6,-0.9,0.6,0.86
2026-04-14,0.5,7.5,0.8,3.4,1.44
2026-04-15,0.0,12.5,-0.3,6.1,3.26
2026-04-16,0.6,13.3,3.8,8.4,2.04
2026-04-17,0.0,16.4,3.9,10.0,3.68
2026-04-18,0.0,17.9,6.5,11.9,3.85
2026-04-19,0.6,13.9,6.0,9.9,2.48
2026-04-20,0.7,15.1,4.1,9.3,3.38
2026-04-21,0.0,15.2,2.8,8.6,3.57
2026-04-22,16.0,14.6,3.1,8.9,2.05
2026-04-23,0.9,15.7,6.4,10.8,3.22
2026-04-24,0.0,18.8,5.0,11.8,4.37
2026-04-25,0.0,17.9,7.3,12.5,3.81
2026-04-26,0.0,16.5,6.7,11.4,3.97
2026-04-27,0.0,18.6,5.9,12.6,3.69
2026-04-28,5.6,15.8,7.4,10.4,1.84
2026-04-29,0.0,18.1,6.5,12.0,4.29
2026-04-30,0.0,16.4,8.3,11.9,3.21
2026-05-01,0.1,17.3,7.6,12.2,3.57
2026-05-02,0.0,15.0,8.5,11.1,4.3
2026-05-03,3.9,14.4,6.7,10.4,3.47
2026-05-04,3.7,13.5,7.3,9.6,2.13
2026-05-05,5.5,12.4,6.1,8.7,2.64
2026-05-06,2.9,11.2,3.5,7.2,2.76
2026-05-07,0.4,13.4,3.6,8.4,2.35
2026-05-08,0.4,16.0,4.1,10.4,3.76
2026-05-09,0.0,16.6,6.7,11.3,3.83
2026-05-10,10.1,15.1,7.7,10.6,2.64
2026-05-11,0.8,12.1,4.7,8.4,2.77
2026-05-12,2.0,10.5,3.6,6.6,2.7
2026-05-13,0.6,10.9,3.7,7.0,2.33
2026-05-14,6.3,7.5,2.0,4.4,1.82
2026-05-15,4.3,5.7,0.8,2.6,1.66
2026-05-16,4.6,8.2,0.4,4.4,1.94
2026-05-17,2.9,11.6,1.0,6.9,3.06
2026-05-18,0.5,11.7,3.0,7.4,2.92
2026-05-19,0.2,15.7,2.8,9.3,2.91
2026-05-20,0.2,17.1,4.1,11.3,3.58
2026-05-21,0.0,21.8,7.0,14.6,4.93
2026-05-22,0.0,24.7,8.7,17.4,5.67
2026-05-23,0.0,24.8,10.7,18.6,5.47
2026-05-24,0.1,25.7,12.9,19.3,5.31
2026-05-25,0.0,26.8,13.8,20.3,5.48
2026-05-26,0.2,26.1,14.0,20.9,5.11
2026-05-27,0.0,25.9,13.4,20.4,5.53
2026-05-28,0.0,25.7,12.9,19.4,6.22
2026-05-29,0.0,25.7,12.4,19.2,5.97
2026-05-30,0.0,25.2,11.7,19.1,5.2
2026-05-31,0.5,22.9,12.8,17.1,4.42
2026-06-01,0.0,21.0,9.7,15.7,4.71
2026-06-02,4.5,16.8,8.7,12.7,2.79
2026-06-03,0.4,17.4,8.7,12.2,3.19
2026-06-04,14.2,12.8,7.7,10.5,0.85
2026-06-05,0.1,12.4,6.5,9.4,2.67
2026-06-06,0.0,18.9,5.3,12.4,4.4
2026-06-07,0.0,21.8,7.0,14.4,5.13
2026-06-08,4.5,22.2,11.4,16.4,4.46
2026-06-09,0.1,17.7,8.4,13.0,4.47
2026-06-10,0.0,14.0,5.6,10.4,3.23
2026-06-11,0.1,16.4,7.1,11.7,4.55
2026-06-12,0.0,21.2,7.7,15.0,5.24
2026-06-13,0.0,25.5,9.9,18.0,6.03
2026-06-14,0.0,24.6,12.2,18.4,6.08
2026-06-15,0.0,25.1,10.7,18.2,6.05
2026-06-16,0.0,27.3,12.3,20.3,6.04
2026-06-17,0.8,28.8,14.7,22.2,5.84
2026-06-18,0.2,30.0,15.2,22.7,6.53
2026-06-19,0.0,27.3,16.2,21.8,7.6
2026-06-20,0.2,30.4,15.2,23.2,6.56
2026-06-21,4.2,33.0,16.5,23.4,5.64
2026-06-22,0.0,30.8,18.1,25.0,6.07
2026-06-23,0.0,30.3,19.9,25.3,6.35
2026-06-24,0.3,30.8,17.1,24.3,6.27
2026-06-25,0.0,29.8,16.1,23.5,6.77
2026-06-26,0.0,32.1,18.6,25.3,7.19
2026-06-27,0.0,30.9,18.8,24.6,7.96
2026-06-28,0.5,31.2,17.1,23.8,6.26
2026-06-29,4.1,23.3,15.0,17.9,3.24
2026-06-30,0.0,25.7,14.3,20.3,5.26
2026-07-01,0.1,21.9,14.1,18.1,5.45
2026-07-02,0.0,22.1,10.8,16.9,5.84
2026-07-03,1.3,22.4,14.1,18.2,4.42
2026-07-04,0.0,25.6,10.9,18.8,6.6
2026-07-05,0.0,26.9,12.5,20.0,6.8
2026-07-06,0.0,28.4,13.4,21.1,6.74
2026-07-07,0.0,30.8,16.0,23.5,6.77
2026-07-08,0.0,29.5,19.0,24.1,7.33
2026-07-09,0.0,29.9,15.8,23.1,6.65
2026-07-10,4.0,30.7,16.7,22.5,5.25
2026-07-11,2.4,26.5,16.6,21.3,5.04
2026-07-12,0.0,30.8,14.8,23.9,7.01
2026-07-13,0.0,30.3,18.5,24.8,7.31
2026-07-14,0.0,32.5,15.8,24.8,6.55
2026-07-15,3.3,27.3,17.0,22.1,4.7
2026-07-16,7.8,29.8,16.2,21.6,4.55
2026-07-17,3.5,26.1,15.0,20.5,5.26
2026-07-18,0.1,27.5,14.5,20.8,5.69
2026-07-19,0.0,26.0,14.6,20.0,5.82
2026-07-20,0.0,26.4,11.9,19.1,5.7
2026-07-21,0.0,23.4,11.5,17.5,5.9
2026-07-22,0.0,25.3,9.4,17.7,5.95
2026-07-23,0.0,25.1,11.9,18.3,6.05
2026-07-24,0.0,29.8,11.3,20.5,6.15
2026-07-25,11.1,25.7,13.4,18.2,4.54
2026-07-26,4.3,19.6,12.1,15.3,3.31
2026-07-27,0.5,22.0,11.9,16.8,4.16
2026-07-28,0.0,28.8,10.9,20.1,6.15
2026-07-29,0.0,31.8,14.7,23.9,6.74
2026-07-30,0.3,31.3,20.0,25.2,6.86
2026-07-31,4.7,27.7,15.7,20.8,4.4
2026-08-01,0.0,24.4,14.6,19.3,4.73
2026-08-02,0.3,30.0,14.6,22.4,5.5
2026-08-03,0.1,30.5,17.9,24.2,6.65
2026-08-04,0.7,26.8,14.7,21.2,4.9
2026-08-05,0.8,26.1,15.7,20.9,5.03
2026-08-06,0.0,26.2,14.1,19.9,5.36
2026-08-07,0.0,25.8,11.8,18.8,5.42
2026-08-08,0.0,30.1,13.5,22.4,5.53
2026-08-09,1.0,30.1,17.0,23.5,5.79
2026-08-10,3.5,28.4,13.8,19.7,4.64
2026-08-11,11.9,26.9,14.1,19.0,3.95
2026-08-12,0.0,28.3,14.5,22.1,4.93
2026-08-13,0.0,30.5,16.6,23.5,4.92
2026-08-14,0.8,29.5,17.4,23.4,4.87
2026-08-15,0.1,30.0,16.5,22.0,4.73
2026-08-16,6.9,25.7,16.0,19.4,3.59
2026-08-17,3.6,24.6,14.3,18.9,4.09
2026-08-18,0.0,24.9,14.0,19.4,4.62
2026-08-19,0.0,27.9,13.0,21.2,5.55
2026-08-20,10.3,23.2,14.7,17.9,3.54
2026-08-21,6.1,18.7,9.3,14.2,3.21
2026-08-22,0.0,20.4,7.6,13.8,4.14
2026-08-23,0.5,25.8,9.2,17.7,4.47
2026-08-24,19.0,25.0,12.9,17.8,4.14
2026-08-25,0.2,23.0,10.3,16.5,3.93
2026-08-26,0.0,24.6,12.4,18.9,4.7
2026-08-27,0.7,26.1,16.4,20.7,3.75
2026-08-28,0.7,20.2,10.4,16.0,3.9
2026-08-29,0.0,21.4,9.6,15.5,3.75
2026-08-30,0.1,24.8,11.6,18.3,4.38
2026-08-31,0.5,22.5,12.0,16.5,4.07
2026-09-01,0.0,24.8,10.5,17.1,4.41
2026-09-02,0.0,24.9,12.0,17.9,4.36
2026-09-03,0.0,25.4,11.5,18.1,4.52
2026-09-04,0.0,30.5,14.1,21.5,5.14
2026-09-05,0.0,26.9,14.0,19.9,4.51
2026-09-06,0.0,32.5,13.3,22.3,4.75
2026-09-07,0.0,29.8,16.7,22.7,4.58
2026-09-08,0.0,29.3,14.3,20.6,5.06
2026-09-09,9.2,14.8,7.6,11.8,1.92
2026-09-10,0.1,16.1,6.2,10.2,2.89
2026-09-11,0.0,18.3,6.6,12.0,3.53
2026-09-12,0.0,20.7,7.5,13.6,3.69
2026-09-13,0.0,23.0,9.3,15.6,3.94
2026-09-14,0.0,25.6,12.0,18.2,4.04
2026-09-15,0.0,27.4,12.8,19.7,4.44
2026-09-16,2.0,17.6,8.0,12.7,1.76
2026-09-17,0.0,15.8,5.7,10.5,2.87
2026-09-18,0.0,17.8,7.3,11.9,2.87
2026-09-19,0.0,21.9,8.7,14.7,3.54
2026-09-20,0.0,23.9,11.0,16.7,4.03
2026-09-21,0.0,20.3,8.5,13.6,3.4
2026-09-22,0.0,21.5,5.6,13.1,3.64
2026-09-23,0.0,25.3,8.2,16.2,4.01
2026-09-24,0.0,23.7,10.3,16.3,3.44
2026-09-25,0.0,24.2,10.8,17.0,3.68
2026-09-26,0.0,25.9,10.3,17.8,3.63
2026-09-27,0.0,25.7,10.8,17.7,3.83
2026-09-28,0.0,22.0,11.0,16.3,2.86
2026-09-29,0.3,21.0,13.2,16.1,2.47
2026-09-30,2.3,21.2,14.1,16.7,2.23
2026-10-01,13.2,17.9,12.1,14.1,1.65
2026-10-02,0.9,18.6,11.1,13.6,2.05
2026-10-03,0.6,17.8,11.4,14.0,1.77
2026-10-04,0.0,19.9,11.1,14.6,2.86
2026-10-05,0.0,21.0,9.9,14.9,2.64
2026-10-06,1.2,20.6,9.0,14.3,2.6
2026-10-07,14.9,17.9,10.8,13.2,1.62
