date,SM_0_7,SM_7_28,SM_28_100
1991-04-01,0.4188,0.4311,0.4217
1991-04-02,0.4105,0.4279,0.4223
1991-04-03,0.4127,0.4253,0.4227
1991-04-04,0.4212,0.4241,0.4247
1991-04-05,0.4247,0.4107,0.4235
1991-04-06,0.4344,0.419,0.4159
1991-04-07,0.4354,0.4276,0.4097
1991-04-08,0.4274,0.4323,0.4075
1991-04-09,0.417,0.4303,0.4089
1991-04-10,0.4169,0.4276,0.4103
1991-04-11,0.4182,0.427,0.4118
1991-04-12,0.4088,0.4212,0.4147
1991-04-13,0.4179,0.4139,0.4152
1991-04-14,0.4392,0.4269,0.4123
1991-04-15,0.4305,0.4302,0.4105
1991-04-16,0.4193,0.4247,0.4072
1991-04-17,0.4108,0.4187,0.4031
1991-04-18,0.4043,0.4127,0.3987
1991-04-19,0.4056,0.4081,0.3943
1991-04-20,0.4102,0.4062,0.3905
1991-04-21,0.4092,0.4055,0.3873
1991-04-22,0.4178,0.406,0.3842
1991-04-23,0.4207,0.4086,0.3818
1991-04-24,0.4252,0.411,0.3797
1991-04-25,0.4305,0.4148,0.3782
1991-04-26,0.4373,0.422,0.3773
1991-04-27,0.4389,0.4263,0.3776
1991-04-28,0.4503,0.438,0.379
1991-04-29,0.4451,0.4416,0.3826
1991-04-30,0.4459,0.4396,0.3853
1991-05-01,0.4585,0.4544,0.3926
1991-05-02,0.4537,0.4494,0.3994
1991-05-03,0.4484,0.4472,0.4045
1991-05-04,0.4407,0.4412,0.407
1991-05-05,0.4375,0.4364,0.408
1991-05-06,0.4416,0.4358,0.408
1991-05-07,0.4412,0.4374,0.4088
1991-05-08,0.4402,0.4353,0.409
1991-05-09,0.4412,0.437,0.409
1991-05-10,0.4505,0.4402,0.4101
1991-05-11,0.4611,0.4563,0.4153
1991-05-12,0.4503,0.4513,0.4227
1991-05-13,0.4337,0.442,0.4249
1991-05-14,0.4189,0.4312,0.4241
1991-05-15,0.4187,0.424,0.4225
1991-05-16,0.4289,0.423,0.4209
1991-05-17,0.4351,0.4272,0.4196
1991-05-18,0.4313,0.4298,0.4186
1991-05-19,0.4193,0.4246,0.4171
1991-05-20,0.4068,0.4173,0.415
1991-05-21,0.3944,0.4088,0.4122
1991-05-22,0.382,0.4,0.4093
1991-05-23,0.3742,0.3921,0.4065
1991-05-24,0.3666,0.3854,0.4036
1991-05-25,0.3558,0.3778,0.4006
1991-05-26,0.3457,0.3705,0.3974
1991-05-27,0.3362,0.3633,0.3942
1991-05-28,0.3283,0.3562,0.3908
1991-05-29,0.3367,0.3507,0.3877
1991-05-30,0.3865,0.3515,0.3851
1991-05-31,0.4053,0.3649,0.383
1991-06-01,0.4163,0.3738,0.3807
1991-06-02,0.4324,0.4033,0.3795
1991-06-03,0.4409,0.4307,0.3809
1991-06-04,0.4213,0.4268,0.3827
1991-06-05,0.4031,0.4146,0.3825
1991-06-06,0.4383,0.4336,0.3854
1991-06-07,0.4441,0.4396,0.3922
1991-06-08,0.4338,0.4445,0.4062
1991-06-09,0.4171,0.43,0.4085
1991-06-10,0.4324,0.4248,0.408
1991-06-11,0.415,0.4218,0.4075
1991-06-12,0.3951,0.4112,0.4056
1991-06-13,0.3834,0.4002,0.403
1991-06-14,0.3827,0.3926,0.4007
1991-06-15,0.3682,0.3837,0.398
1991-06-16,0.4393,0.4158,0.3973
1991-06-17,0.4319,0.4405,0.4075
1991-06-18,0.4349,0.4345,0.4098
1991-06-19,0.4152,0.4256,0.4105
1991-06-20,0.4257,0.4223,0.41
1991-06-21,0.4301,0.4343,0.4103
1991-06-22,0.4119,0.4221,0.4095
1991-06-23,0.4052,0.4132,0.408
1991-06-24,0.3951,0.4052,0.406
1991-06-25,0.3789,0.3961,0.4037
1991-06-26,0.3956,0.39,0.4014
1991-06-27,0.4218,0.3994,0.3997
1991-06-28,0.4157,0.4016,0.3984
1991-06-29,0.4038,0.4022,0.3969
1991-06-30,0.3822,0.3947,0.3947
1991-07-01,0.364,0.3848,0.3921
1991-07-02,0.3477,0.3742,0.3893
1991-07-03,0.3394,0.3652,0.3866
1991-07-04,0.3322,0.3578,0.3839
1991-07-05,0.3167,0.349,0.3807
1991-07-06,0.3049,0.3409,0.3779
1991-07-07,0.3044,0.3346,0.3751
1991-07-08,0.3074,0.3302,0.3729
1991-07-09,0.3043,0.3265,0.3705
1991-07-10,0.3031,0.3228,0.3681
1991-07-11,0.2959,0.318,0.3656
1991-07-12,0.2892,0.3129,0.363
1991-07-13,0.293,0.3092,0.3605
1991-07-14,0.2914,0.3067,0.3585
1991-07-15,0.2892,0.3046,0.3569
1991-07-16,0.2763,0.3007,0.3542
1991-07-17,0.2814,0.2972,0.3522
1991-07-18,0.2818,0.2949,0.3501
1991-07-19,0.2673,0.2907,0.3476
1991-07-20,0.2555,0.2864,0.345
1991-07-21,0.2481,0.2822,0.3426
1991-07-22,0.2387,0.2782,0.3401
1991-07-23,0.2372,0.2744,0.3378
1991-07-24,0.2588,0.272,0.336
1991-07-25,0.2826,0.2715,0.3345
1991-07-26,0.3089,0.2717,0.3335
1991-07-27,0.3068,0.273,0.332
1991-07-28,0.2898,0.272,0.3302
1991-07-29,0.2743,0.2696,0.3282
1991-07-30,0.2776,0.2671,0.3265
1991-07-31,0.4025,0.2803,0.3257
1991-08-01,0.3815,0.3107,0.3248
1991-08-02,0.3494,0.3127,0.3237
1991-08-03,0.3269,0.3102,0.3226
1991-08-04,0.3088,0.3061,0.3215
1991-08-05,0.2933,0.3016,0.32
1991-08-06,0.2775,0.2962,0.3185
1991-08-07,0.2633,0.2905,0.3169
1991-08-08,0.3199,0.2888,0.316
1991-08-09,0.3815,0.3042,0.3154
1991-08-10,0.3603,0.309,0.3148
1991-08-11,0.3671,0.3108,0.3142
1991-08-12,0.3859,0.3173,0.3136
1991-08-13,0.3661,0.3224,0.313
1991-08-14,0.3382,0.3196,0.312
1991-08-15,0.3162,0.3142,0.3106
1991-08-16,0.2993,0.3088,0.3096
1991-08-17,0.2862,0.3038,0.3086
1991-08-18,0.2741,0.299,0.3076
1991-08-19,0.2643,0.2942,0.3066
1991-08-20,0.2547,0.2895,0.3055
1991-08-21,0.2454,0.2846,0.3045
1991-08-22,0.2364,0.2793,0.303
1991-08-23,0.2336,0.2748,0.3017
1991-08-24,0.2297,0.2712,0.3006
1991-08-25,0.2224,0.267,0.2995
1991-08-26,0.2155,0.263,0.2985
1991-08-27,0.2096,0.2592,0.2971
1991-08-28,0.2047,0.2557,0.2956
1991-08-29,0.2005,0.2526,0.2946
1991-08-30,0.1968,0.2497,0.2935
1991-08-31,0.1968,0.2471,0.2925
1991-09-01,0.2957,0.2471,0.292
1991-09-02,0.3593,0.2539,0.292
1991-09-03,0.3729,0.2655,0.292
1991-09-04,0.3771,0.2768,0.2915
1991-09-05,0.3702,0.2882,0.291
1991-09-06,0.3438,0.2912,0.2906
1991-09-07,0.3213,0.2901,0.29
1991-09-08,0.3057,0.2879,0.2896
1991-09-09,0.2924,0.2851,0.289
1991-09-10,0.2792,0.2816,0.2885
1991-09-11,0.2756,0.279,0.288
1991-09-12,0.3312,0.2791,0.288
1991-09-13,0.3928,0.2911,0.288
1991-09-14,0.3942,0.3129,0.288
1991-09-15,0.3721,0.322,0.288
1991-09-16,0.3492,0.3222,0.288
1991-09-17,0.3329,0.3196,0.288
1991-09-18,0.3203,0.3166,0.2876
1991-09-19,0.3083,0.313,0.2872
1991-09-20,0.3021,0.3088,0.287
1991-09-21,0.3052,0.306,0.287
1991-09-22,0.32,0.3035,0.2865
1991-09-23,0.4141,0.3357,0.2864
1991-09-24,0.3747,0.3432,0.287
1991-09-25,0.3583,0.3403,0.287
1991-09-26,0.4358,0.407,0.2917
1991-09-27,0.4334,0.4329,0.3116
1991-09-28,0.4359,0.4285,0.3174
1991-09-29,0.4476,0.455,0.3491
1991-09-30,0.4546,0.4507,0.3904
1991-10-01,0.4325,0.4415,0.3975
1991-10-02,0.4263,0.431,0.4004
1991-10-03,0.4127,0.423,0.4018
1991-10-04,0.4023,0.4149,0.402
1991-10-05,0.4076,0.4105,0.4015
1991-10-06,0.4505,0.455,0.4223
1991-10-07,0.4441,0.45,0.4344
1991-10-08,0.4332,0.4412,0.4356
1991-10-09,0.4255,0.434,0.4346
1991-10-10,0.417,0.427,0.4335
1991-10-11,0.4243,0.4242,0.4323
1991-10-12,0.4538,0.4449,0.4333
1991-10-13,0.4443,0.4532,0.4397
1991-10-14,0.4311,0.4409,0.4405
1991-10-15,0.4283,0.4349,0.4394
1991-10-16,0.4181,0.4284,0.438
1991-10-17,0.4212,0.4224,0.4365
1991-10-18,0.4462,0.4387,0.436
1991-10-19,0.4372,0.4392,0.436
1991-10-20,0.4303,0.4365,0.436
1991-10-21,0.4242,0.432,0.435
1991-10-22,0.4202,0.4274,0.4344
1991-10-23,0.4174,0.4232,0.4335
1991-10-24,0.4147,0.4193,0.4325
1991-10-25,0.411,0.4156,0.4314
1991-10-26,0.4068,0.4119,0.4299
1991-10-27,0.4301,0.4148,0.429
1991-10-28,0.4275,0.4215,0.4282
1991-10-29,0.4229,0.4232,0.428
1991-10-30,0.428,0.4232,0.4274
1991-10-31,0.437,0.4353,0.4277
1991-11-01,0.4243,0.4316,0.428
1991-11-02,0.4315,0.4291,0.4276
1991-11-03,0.4483,0.4478,0.4297
1991-11-04,0.4345,0.4499,0.4452
1991-11-05,0.4285,0.436,0.4495
1991-11-06,0.4211,0.4285,0.4471
1991-11-07,0.4181,0.4226,0.445
1991-11-08,0.4216,0.4191,0.443
1991-11-09,0.4334,0.4219,0.4414
1991-11-10,0.4264,0.4274,0.4402
1991-11-11,0.4222,0.4243,0.4392
1991-11-12,0.4262,0.4229,0.4382
1991-11-13,0.4358,0.4349,0.4388
1991-11-14,0.4312,0.4449,0.449
1991-11-15,0.4401,0.4399,0.4485
1991-11-16,0.4447,0.4434,0.449
1991-11-17,0.4315,0.4393,0.4485
1991-11-18,0.446,0.4389,0.4472
1991-11-19,0.452,0.4511,0.4473
1991-11-20,0.4428,0.4497,0.4486
1991-11-21,0.4383,0.4443,0.448
1991-11-22,0.4287,0.4379,0.4472
1991-11-23,0.4242,0.4305,0.4462
1991-11-24,0.4231,0.4255,0.4447
1991-11-25,0.4236,0.4226,0.4434
1991-11-26,0.4256,0.4221,0.442
1991-11-27,0.4266,0.4235,0.4409
1991-11-28,0.4263,0.425,0.44
1991-11-29,0.4255,0.4254,0.4393
1991-11-30,0.4243,0.4254,0.439
1992-04-01,0.4374,0.437,0.4284
1992-04-02,0.439,0.4367,0.4269
1992-04-03,0.4428,0.4445,0.4286
1992-04-04,0.4484,0.4546,0.4378
1992-04-05,0.4462,0.4516,0.4457
1992-04-06,0.4351,0.4486,0.4484
1992-04-07,0.4392,0.4417,0.4495
1992-04-08,0.438,0.4429,0.4508
1992-04-09,0.437,0.4407,0.4525
1992-04-10,0.4372,0.4415,0.4519
1992-04-11,0.4312,0.437,0.4515
1992-04-12,0.4245,0.431,0.4498
1992-04-13,0.4252,0.4259,0.4475
1992-04-14,0.4156,0.4208,0.4445
1992-04-15,0.4355,0.4205,0.441
1992-04-16,0.4342,0.4311,0.438
1992-04-17,0.4251,0.4288,0.4348
1992-04-18,0.4371,0.43,0.4315
1992-04-19,0.4436,0.4436,0.4325
1992-04-20,0.4422,0.4435,0.4352
1992-04-21,0.4344,0.4393,0.435
1992-04-22,0.4244,0.4328,0.4337
1992-04-23,0.4169,0.426,0.4312
1992-04-24,0.4064,0.4187,0.4277
1992-04-25,0.3934,0.4101,0.4231
1992-04-26,0.3833,0.4005,0.4182
1992-04-27,0.3847,0.3942,0.4135
1992-04-28,0.4211,0.4143,0.4102
1992-04-29,0.4496,0.4485,0.4133
1992-04-30,0.4344,0.4402,0.4143
1992-05-01,0.4291,0.431,0.4129
1992-05-02,0.4539,0.4509,0.4193
1992-05-03,0.4441,0.4495,0.4293
1992-05-04,0.4311,0.4396,0.4293
1992-05-05,0.4205,0.4312,0.4271
1992-05-06,0.412,0.424,0.4245
1992-05-07,0.4025,0.4163,0.4213
1992-05-08,0.3921,0.408,0.4177
1992-05-09,0.3821,0.3999,0.4142
1992-05-10,0.372,0.3918,0.4105
1992-05-11,0.3787,0.3858,0.4069
1992-05-12,0.3712,0.381,0.4033
1992-05-13,0.3567,0.3739,0.3995
1992-05-14,0.344,0.3664,0.3955
1992-05-15,0.345,0.3594,0.3917
1992-05-16,0.3494,0.355,0.3881
1992-05-17,0.3387,0.3495,0.3845
1992-05-18,0.3356,0.3451,0.3811
1992-05-19,0.3425,0.3411,0.3778
1992-05-20,0.4499,0.3813,0.3755
1992-05-21,0.4516,0.435,0.3771
1992-05-22,0.4398,0.4343,0.3801
1992-05-23,0.4254,0.4292,0.3818
1992-05-24,0.4243,0.4235,0.3818
1992-05-25,0.4285,0.4283,0.3829
1992-05-26,0.4262,0.4263,0.3833
1992-05-27,0.4163,0.4253,0.3842
1992-05-28,0.3998,0.4125,0.3834
1992-05-29,0.3976,0.4031,0.3816
1992-05-30,0.4233,0.4036,0.3805
1992-05-31,0.4389,0.4355,0.3827
1992-06-01,0.4264,0.44,0.3918
1992-06-02,0.442,0.4458,0.4023
1992-06-03,0.4364,0.4438,0.4073
1992-06-04,0.4213,0.4337,0.4144
1992-06-05,0.4428,0.4331,0.4157
1992-06-06,0.4377,0.4399,0.418
1992-06-07,0.4295,0.4358,0.424
1992-06-08,0.4474,0.4401,0.4258
1992-06-09,0.4311,0.4389,0.4273
1992-06-10,0.4482,0.4427,0.4279
1992-06-11,0.4316,0.4457,0.4377
1992-06-12,0.4436,0.4402,0.4403
1992-06-13,0.4324,0.4347,0.4406
1992-06-14,0.4154,0.4259,0.4391
1992-06-15,0.4203,0.418,0.4368
1992-06-16,0.4424,0.4461,0.4381
1992-06-17,0.4306,0.4439,0.4465
1992-06-18,0.446,0.4485,0.4482
1992-06-19,0.446,0.4494,0.4499
1992-06-20,0.4529,0.4513,0.4498
1992-06-21,0.434,0.4474,0.4502
1992-06-22,0.4356,0.4483,0.4546
1992-06-23,0.4443,0.4444,0.4552
1992-06-24,0.4443,0.4473,0.4538
1992-06-25,0.4441,0.452,0.4539
1992-06-26,0.4452,0.4451,0.4527
1992-06-27,0.4311,0.4385,0.4513
1992-06-28,0.4233,0.4266,0.4488
1992-06-29,0.4241,0.4208,0.4458
1992-06-30,0.4238,0.4172,0.4426
1992-07-01,0.4528,0.4385,0.4412
1992-07-02,0.4368,0.4417,0.4423
1992-07-03,0.4161,0.4301,0.4403
1992-07-04,0.4365,0.4387,0.4408
1992-07-05,0.4524,0.4516,0.4497
1992-07-06,0.4435,0.4467,0.45
1992-07-07,0.4466,0.4445,0.4495
1992-07-08,0.4379,0.4457,0.4506
1992-07-09,0.4354,0.444,0.4524
1992-07-10,0.4377,0.4477,0.4534
1992-07-11,0.4311,0.4342,0.4577
1992-07-12,0.425,0.4228,0.4521
1992-07-13,0.4163,0.4174,0.4465
1992-07-14,0.3938,0.4062,0.4404
1992-07-15,0.3759,0.395,0.4342
1992-07-16,0.3601,0.3843,0.4278
1992-07-17,0.3465,0.3749,0.4214
1992-07-18,0.3356,0.3667,0.4155
1992-07-19,0.3241,0.359,0.4096
1992-07-20,0.3345,0.3528,0.4043
1992-07-21,0.3727,0.3518,0.3996
1992-07-22,0.4085,0.366,0.3956
1992-07-23,0.3833,0.3686,0.3919
1992-07-24,0.3618,0.3635,0.3879
1992-07-25,0.3457,0.3573,0.384
1992-07-26,0.3295,0.3504,0.38
1992-07-27,0.3135,0.3427,0.376
1992-07-28,0.3008,0.3353,0.3722
1992-07-29,0.2912,0.329,0.3685
1992-07-30,0.2808,0.3224,0.3649
1992-07-31,0.2712,0.3161,0.3615
1992-08-01,0.2695,0.3103,0.3579
1992-08-02,0.2733,0.3056,0.3547
1992-08-03,0.2855,0.3015,0.352
1992-08-04,0.3323,0.302,0.3496
1992-08-05,0.3178,0.302,0.3472
1992-08-06,0.3039,0.2994,0.3448
1992-08-07,0.2901,0.296,0.3421
1992-08-08,0.2796,0.2917,0.3395
1992-08-09,0.2642,0.287,0.3367
1992-08-10,0.3685,0.2898,0.3345
1992-08-11,0.3468,0.2948,0.3328
1992-08-12,0.3217,0.2936,0.3309
1992-08-13,0.3025,0.2907,0.3289
1992-08-14,0.2882,0.2876,0.327
1992-08-15,0.282,0.2852,0.3255
1992-08-16,0.2733,0.2826,0.324
1992-08-17,0.2615,0.2792,0.3221
1992-08-18,0.2496,0.2752,0.3201
1992-08-19,0.2421,0.2711,0.3182
1992-08-20,0.254,0.2684,0.3166
1992-08-21,0.2948,0.2676,0.3155
1992-08-22,0.3343,0.272,0.3145
1992-08-23,0.3285,0.2745,0.3135
1992-08-24,0.3105,0.275,0.3121
1992-08-25,0.2906,0.2727,0.3106
1992-08-26,0.2745,0.2697,0.3091
1992-08-27,0.2635,0.267,0.3076
1992-08-28,0.2526,0.2642,0.3065
1992-08-29,0.3301,0.2809,0.3051
1992-08-30,0.4073,0.3578,0.305
1992-08-31,0.4022,0.378,0.3053
1992-09-01,0.4339,0.431,0.3107
1992-09-02,0.4075,0.4144,0.3148
1992-09-03,0.3978,0.4022,0.3165
1992-09-04,0.4237,0.4016,0.318
1992-09-05,0.4149,0.4072,0.3198
1992-09-06,0.3939,0.3982,0.321
1992-09-07,0.3781,0.3884,0.3217
1992-09-08,0.378,0.3806,0.322
1992-09-09,0.4445,0.4159,0.3236
1992-09-10,0.4498,0.4427,0.3332
1992-09-11,0.4246,0.4295,0.3393
1992-09-12,0.407,0.4153,0.3417
1992-09-13,0.3962,0.4047,0.343
1992-09-14,0.3926,0.3969,0.3432
1992-09-15,0.3843,0.3907,0.3438
1992-09-16,0.3725,0.3837,0.3435
1992-09-17,0.3622,0.3765,0.343
1992-09-18,0.3541,0.3702,0.3425
1992-09-19,0.3495,0.365,0.342
1992-09-20,0.3453,0.3603,0.3414
1992-09-21,0.3392,0.3552,0.3405
1992-09-22,0.3498,0.3513,0.34
1992-09-23,0.4153,0.3624,0.34
1992-09-24,0.39,0.3704,0.3395
1992-09-25,0.373,0.3682,0.339
1992-09-26,0.3589,0.3637,0.3385
1992-09-27,0.3655,0.3595,0.338
1992-09-28,0.4206,0.3708,0.338
1992-09-29,0.4233,0.3925,0.338
1992-09-30,0.3988,0.3934,0.3389
1992-10-01,0.3859,0.3886,0.339
1992-10-02,0.3836,0.384,0.339
1992-10-03,0.4379,0.3945,0.3399
1992-10-04,0.4563,0.4418,0.3443
1992-10-05,0.4448,0.4399,0.3522
1992-10-06,0.4474,0.4375,0.3582
1992-10-07,0.4385,0.4358,0.3636
1992-10-08,0.4218,0.4263,0.3673
1992-10-09,0.4203,0.4187,0.3691
1992-10-10,0.4329,0.4313,0.3748
1992-10-11,0.4158,0.4267,0.3807
1992-10-12,0.4105,0.4186,0.3824
1992-10-13,0.403,0.4119,0.383
1992-10-14,0.3963,0.406,0.3838
1992-10-15,0.3922,0.4011,0.384
1992-10-16,0.395,0.398,0.384
1992-10-17,0.431,0.4317,0.3888
1992-10-18,0.4193,0.4307,0.3947
1992-10-19,0.4235,0.4235,0.3966
1992-10-20,0.446,0.4503,0.4096
1992-10-21,0.4542,0.4537,0.4277
1992-10-22,0.4398,0.4467,0.4333
1992-10-23,0.4395,0.4412,0.4347
1992-10-24,0.4511,0.4483,0.436
1992-10-25,0.4492,0.4545,0.4452
1992-10-26,0.4371,0.4361,0.4588
1992-10-27,0.4475,0.4452,0.4559
1992-10-28,0.4463,0.4519,0.458
1992-10-29,0.4447,0.4402,0.4627
1992-10-30,0.4416,0.4399,0.4591
1992-10-31,0.4465,0.4356,0.4632
1992-11-01,0.449,0.4377,0.4585
1992-11-02,0.4352,0.4378,0.456
1992-11-03,0.4287,0.4291,0.4536
1992-11-04,0.4215,0.4229,0.451
1992-11-05,0.4151,0.4175,0.4483
1992-11-06,0.4078,0.4124,0.4455
1992-11-07,0.401,0.4075,0.4424
1992-11-08,0.396,0.4032,0.4392
1992-11-09,0.3913,0.3996,0.4358
1992-11-10,0.4091,0.3993,0.4325
1992-11-11,0.4341,0.4218,0.4315
1992-11-12,0.4454,0.4487,0.4365
1992-11-13,0.4358,0.4422,0.437
1992-11-14,0.4383,0.4395,0.4363
1992-11-15,0.4485,0.4463,0.4365
1992-11-16,0.4435,0.4515,0.4532
1992-11-17,0.4385,0.4416,0.4546
1992-11-18,0.425,0.432,0.4529
1992-11-19,0.4553,0.448,0.453
1992-11-20,0.4546,0.4581,0.456
1992-11-21,0.4527,0.4489,0.4628
1992-11-22,0.453,0.4453,0.4617
1992-11-23,0.4421,0.4412,0.4578
1992-11-24,0.4365,0.4369,0.4538
1992-11-25,0.4322,0.4328,0.4499
1992-11-26,0.4317,0.4317,0.4462
1992-11-27,0.4196,0.4312,0.4469
1992-11-28,0.421,0.4256,0.442
1992-11-29,0.4195,0.422,0.4369
1992-11-30,0.4162,0.4196,0.4317
1993-04-01,0.4087,0.3984,0.3876
1993-04-02,0.4233,0.406,0.387
1993-04-03,0.4259,0.4113,0.3876
1993-04-04,0.4308,0.4187,0.388
1993-04-05,0.4369,0.4239,0.3891
1993-04-06,0.455,0.4523,0.4014
1993-04-07,0.4487,0.4555,0.4275
1993-04-08,0.4433,0.4463,0.4445
1993-04-09,0.4302,0.4295,0.4462
1993-04-10,0.4541,0.4518,0.4478
1993-04-11,0.4441,0.4494,0.4525
1993-04-12,0.4445,0.4449,0.4511
1993-04-13,0.452,0.4475,0.45
1993-04-14,0.4471,0.4501,0.45
1993-04-15,0.4428,0.4452,0.4495
1993-04-16,0.4444,0.4435,0.4485
1993-04-17,0.4349,0.4416,0.4475
1993-04-18,0.4213,0.4315,0.446
1993-04-19,0.4095,0.421,0.4439
1993-04-20,0.3971,0.411,0.4411
1993-04-21,0.3842,0.4013,0.4377
1993-04-22,0.373,0.3925,0.4343
1993-04-23,0.3634,0.3847,0.4306
1993-04-24,0.3632,0.3785,0.4271
1993-04-25,0.4495,0.4047,0.4244
1993-04-26,0.4454,0.4498,0.4284
1993-04-27,0.4433,0.4435,0.434
1993-04-28,0.4403,0.4415,0.4349
1993-04-29,0.4488,0.4442,0.4352
1993-04-30,0.4503,0.4563,0.4416
1993-05-01,0.4424,0.4432,0.449
1993-05-02,0.4547,0.4528,0.4507
1993-05-03,0.4345,0.4454,0.4515
1993-05-04,0.4295,0.4333,0.4496
1993-05-05,0.4357,0.4298,0.4476
1993-05-06,0.428,0.4307,0.4456
1993-05-07,0.4211,0.4234,0.4435
1993-05-08,0.4238,0.4191,0.441
1993-05-09,0.4291,0.4241,0.4387
1993-05-10,0.4176,0.429,0.437
1993-05-11,0.4279,0.4232,0.4347
1993-05-12,0.4377,0.4292,0.4332
1993-05-13,0.4439,0.4371,0.4322
1993-05-14,0.442,0.442,0.433
1993-05-15,0.4405,0.4403,0.433
1993-05-16,0.4261,0.4366,0.4325
1993-05-17,0.4076,0.4244,0.4302
1993-05-18,0.3947,0.4126,0.4273
1993-05-19,0.4106,0.4058,0.4245
1993-05-20,0.4417,0.4343,0.4258
1993-05-21,0.4507,0.4507,0.4323
1993-05-22,0.4283,0.4397,0.4336
1993-05-23,0.4124,0.4271,0.4316
1993-05-24,0.3978,0.415,0.4288
1993-05-25,0.3833,0.4033,0.4255
1993-05-26,0.3701,0.3925,0.422
1993-05-27,0.3752,0.3843,0.4185
1993-05-28,0.4309,0.393,0.4156
1993-05-29,0.4054,0.4002,0.4128
1993-05-30,0.3927,0.3935,0.4098
1993-05-31,0.393,0.3902,0.407
1993-06-01,0.3724,0.3836,0.4037
1993-06-02,0.414,0.3883,0.4011
1993-06-03,0.4329,0.4103,0.3996
1993-06-04,0.4085,0.4112,0.3981
1993-06-05,0.3887,0.4025,0.3959
1993-06-06,0.3764,0.3932,0.3931
1993-06-07,0.3721,0.385,0.3907
1993-06-08,0.3877,0.38,0.3882
1993-06-09,0.4111,0.3842,0.3861
1993-06-10,0.4185,0.4002,0.3845
1993-06-11,0.4322,0.4224,0.387
1993-06-12,0.437,0.4354,0.3931
1993-06-13,0.4367,0.4301,0.3947
1993-06-14,0.4327,0.4312,0.396
1993-06-15,0.4186,0.4236,0.3963
1993-06-16,0.4037,0.415,0.3955
1993-06-17,0.391,0.4054,0.3941
1993-06-18,0.378,0.3962,0.392
1993-06-19,0.3631,0.386,0.3894
1993-06-20,0.3682,0.3779,0.387
1993-06-21,0.4048,0.3843,0.3854
1993-06-22,0.4288,0.4067,0.3842
1993-06-23,0.4586,0.4439,0.3862
1993-06-24,0.4384,0.4443,0.3942
1993-06-25,0.4138,0.4279,0.396
1993-06-26,0.396,0.4141,0.3951
1993-06-27,0.38,0.4018,0.3931
1993-06-28,0.3659,0.3906,0.3909
1993-06-29,0.3896,0.3913,0.3885
1993-06-30,0.447,0.429,0.3887
1993-07-01,0.445,0.4369,0.3909
1993-07-02,0.4398,0.4408,0.3942
1993-07-03,0.4282,0.4355,0.3978
1993-07-04,0.4083,0.4223,0.3978
1993-07-05,0.407,0.4142,0.3965
1993-07-06,0.4511,0.4498,0.4
1993-07-07,0.424,0.4363,0.4039
1993-07-08,0.4043,0.4214,0.4039
1993-07-09,0.3878,0.4083,0.4022
1993-07-10,0.4434,0.4338,0.4054
1993-07-11,0.4452,0.4487,0.4299
1993-07-12,0.445,0.4441,0.4324
1993-07-13,0.4244,0.4363,0.4327
1993-07-14,0.4074,0.4241,0.4312
1993-07-15,0.3926,0.4118,0.4291
1993-07-16,0.3775,0.3995,0.4267
1993-07-17,0.3722,0.3892,0.424
1993-07-18,0.4084,0.3952,0.4216
1993-07-19,0.4378,0.4293,0.421
1993-07-20,0.435,0.4312,0.421
1993-07-21,0.4292,0.4287,0.421
1993-07-22,0.4199,0.4252,0.4207
1993-07-23,0.4023,0.417,0.4195
1993-07-24,0.3857,0.4058,0.4176
1993-07-25,0.3992,0.3978,0.4155
1993-07-26,0.3996,0.3969,0.4139
1993-07-27,0.379,0.3905,0.4115
1993-07-28,0.3626,0.382,0.409
1993-07-29,0.3472,0.3728,0.4061
1993-07-30,0.3379,0.3636,0.403
1993-07-31,0.3955,0.364,0.4006
1993-08-01,0.3724,0.3645,0.3982
1993-08-02,0.3555,0.36,0.3957
1993-08-03,0.3487,0.3549,0.3931
1993-08-04,0.3403,0.35,0.3903
1993-08-05,0.3362,0.345,0.3877
1993-08-06,0.3402,0.3412,0.3851
1993-08-07,0.3229,0.3367,0.3823
1993-08-08,0.3094,0.3316,0.3795
1993-08-09,0.3002,0.3271,0.377
1993-08-10,0.2946,0.3235,0.3747
1993-08-11,0.29,0.3201,0.3725
1993-08-12,0.2787,0.3151,0.3698
1993-08-13,0.2689,0.3101,0.367
1993-08-14,0.2631,0.3055,0.3644
1993-08-15,0.2717,0.3015,0.362
1993-08-16,0.2854,0.2989,0.3599
1993-08-17,0.2731,0.296,0.3572
1993-08-18,0.2614,0.2922,0.3548
1993-08-19,0.2509,0.2882,0.3521
1993-08-20,0.2421,0.2848,0.35
1993-08-21,0.234,0.281,0.3472
1993-08-22,0.2276,0.277,0.3447
1993-08-23,0.3111,0.275,0.3425
1993-08-24,0.4314,0.3245,0.342
1993-08-25,0.4362,0.3947,0.342
1993-08-26,0.4086,0.401,0.3429
1993-08-27,0.4371,0.4192,0.344
1993-08-28,0.4478,0.4424,0.3513
1993-08-29,0.4259,0.4307,0.3567
1993-08-30,0.4082,0.4175,0.3589
1993-08-31,0.3939,0.4064,0.3594
1993-09-01,0.382,0.3969,0.3595
1993-09-02,0.3749,0.3888,0.359
1993-09-03,0.3662,0.3816,0.3585
1993-09-04,0.3707,0.3762,0.3578
1993-09-05,0.3668,0.3725,0.357
1993-09-06,0.3567,0.3672,0.3564
1993-09-07,0.3985,0.3673,0.3553
1993-09-08,0.4366,0.3976,0.3558
1993-09-09,0.4386,0.4244,0.3587
1993-09-10,0.4349,0.4463,0.398
1993-09-11,0.435,0.4347,0.4033
1993-09-12,0.4298,0.4326,0.4055
1993-09-13,0.4338,0.4407,0.4113
1993-09-14,0.449,0.4464,0.4233
1993-09-15,0.438,0.446,0.4275
1993-09-16,0.4315,0.4372,0.4288
1993-09-17,0.418,0.4296,0.4285
1993-09-18,0.41,0.4222,0.4275
1993-09-19,0.4039,0.4146,0.4264
1993-09-20,0.3969,0.4079,0.4247
1993-09-21,0.3863,0.4004,0.4231
1993-09-22,0.392,0.3945,0.4215
1993-09-23,0.446,0.437,0.4257
1993-09-24,0.4476,0.448,0.4493
1993-09-25,0.4553,0.4526,0.4551
1993-09-26,0.4436,0.4492,0.4554
1993-09-27,0.4311,0.4366,0.453
1993-09-28,0.4398,0.4327,0.4505
1993-09-29,0.4255,0.4297,0.4484
1993-09-30,0.432,0.435,0.448
1993-10-01,0.4399,0.4391,0.459
1993-10-02,0.4497,0.4432,0.4619
1993-10-03,0.4561,0.4525,0.4608
1993-10-04,0.4389,0.4415,0.4586
1993-10-05,0.4367,0.4366,0.4558
1993-10-06,0.4399,0.4488,0.4618
1993-10-07,0.421,0.4257,0.4585
1993-10-08,0.4464,0.4465,0.4546
1993-10-09,0.432,0.4319,0.4394
1993-10-10,0.4394,0.429,0.433
1993-10-11,0.428,0.4293,0.4285
1993-10-12,0.4278,0.4235,0.4241
1993-10-13,0.4255,0.4216,0.4198
1993-10-14,0.4488,0.4483,0.4234
1993-10-15,0.4389,0.4452,0.4244
1993-10-16,0.4306,0.4372,0.422
1993-10-17,0.4314,0.4489,0.4307
1993-10-18,0.4195,0.4341,0.4325
1993-10-19,0.429,0.4278,0.4292
1993-10-20,0.435,0.4358,0.4267
1993-10-21,0.4252,0.4303,0.4242
1993-10-22,0.4206,0.4257,0.4214
1993-10-23,0.4212,0.4225,0.4183
1993-10-24,0.4257,0.4215,0.4154
1993-10-25,0.4275,0.4229,0.4125
1993-10-26,0.4258,0.4232,0.4098
1993-10-27,0.4224,0.4218,0.4071
1993-10-28,0.4187,0.4192,0.4045
1993-10-29,0.414,0.4163,0.402
1993-10-30,0.4089,0.4131,0.3994
1993-10-31,0.4135,0.4107,0.397
1993-11-01,0.4394,0.4223,0.3953
1993-11-02,0.439,0.43,0.395
1993-11-03,0.4334,0.4312,0.395
1993-11-04,0.4223,0.4262,0.3949
1993-11-05,0.413,0.4202,0.3938
1993-11-06,0.4347,0.4207,0.393
1993-11-07,0.4368,0.4346,0.3936
1993-11-08,0.4214,0.4276,0.394
1993-11-09,0.4154,0.4218,0.394
1993-11-10,0.4104,0.4169,0.3931
1993-11-11,0.4362,0.4218,0.3921
1993-11-12,0.4317,0.4315,0.393
1993-11-13,0.4208,0.4257,0.393
1993-11-14,0.4213,0.4209,0.393
1993-11-15,0.4212,0.4203,0.393
1993-11-16,0.4123,0.4171,0.3923
1993-11-17,0.4125,0.4139,0.3918
1993-11-18,0.415,0.4125,0.391
1993-11-19,0.4125,0.4116,0.3902
1993-11-20,0.4075,0.41,0.3895
1993-11-21,0.405,0.4078,0.3888
1993-11-22,0.404,0.406,0.388
1993-11-23,0.4055,0.4044,0.387
1993-11-24,0.4154,0.405,0.3862
1993-11-25,0.4198,0.4079,0.3857
1993-11-26,0.419,0.4104,0.385
1993-11-27,0.4166,0.411,0.385
1993-11-28,0.4148,0.4102,0.3846
1993-11-29,0.4103,0.4093,0.384
1993-11-30,0.4068,0.4072,0.384
1994-04-01,0.4302,0.4415,0.4399
1994-04-02,0.4168,0.4346,0.4422
1994-04-03,0.4124,0.4256,0.4358
1994-04-04,0.4154,0.4207,0.4289
1994-04-05,0.4167,0.422,0.423
1994-04-06,0.4103,0.4176,0.4176
1994-04-07,0.4131,0.4151,0.4125
1994-04-08,0.4143,0.4164,0.4082
1994-04-09,0.41,0.414,0.4044
1994-04-10,0.405,0.4107,0.4006
1994-04-11,0.3998,0.4066,0.397
1994-04-12,0.3991,0.4035,0.3935
1994-04-13,0.4112,0.4051,0.3903
1994-04-14,0.4141,0.4091,0.3878
1994-04-15,0.4243,0.4129,0.3863
1994-04-16,0.4296,0.4183,0.385
1994-04-17,0.4463,0.4355,0.3856
1994-04-18,0.4492,0.4494,0.3944
1994-04-19,0.4385,0.4485,0.4063
1994-04-20,0.436,0.4501,0.4215
1994-04-21,0.4378,0.4501,0.4351
1994-04-22,0.4425,0.4527,0.4446
1994-04-23,0.439,0.4508,0.4528
1994-04-24,0.4407,0.45,0.4569
1994-04-25,0.4503,0.4466,0.4625
1994-04-26,0.4483,0.4394,0.4609
1994-04-27,0.436,0.4396,0.459
1994-04-28,0.4252,0.4293,0.4585
1994-04-29,0.4169,0.4227,0.451
1994-04-30,0.4124,0.4274,0.4472
1994-05-01,0.4063,0.42,0.4466
1994-05-02,0.4061,0.4126,0.4383
1994-05-03,0.4024,0.41,0.4196
1994-05-04,0.4122,0.4153,0.4204
1994-05-05,0.419,0.419,0.4263
1994-05-06,0.4183,0.4195,0.4238
1994-05-07,0.4178,0.4207,0.4188
1994-05-08,0.4296,0.4212,0.4137
1994-05-09,0.4445,0.4343,0.4118
1994-05-10,0.4292,0.4314,0.4091
1994-05-11,0.4142,0.4231,0.4047
1994-05-12,0.4261,0.4194,0.4001
1994-05-13,0.4208,0.4226,0.3967
1994-05-14,0.4382,0.426,0.3936
1994-05-15,0.4151,0.423,0.3914
1994-05-16,0.4078,0.4127,0.3881
1994-05-17,0.412,0.4076,0.385
1994-05-18,0.4441,0.437,0.3914
1994-05-19,0.4507,0.454,0.4155
1994-05-20,0.4349,0.446,0.4223
1994-05-21,0.4367,0.4378,0.4249
1994-05-22,0.4432,0.4375,0.4237
1994-05-23,0.428,0.4333,0.4221
1994-05-24,0.4337,0.4359,0.4207
1994-05-25,0.4105,0.4376,0.4286
1994-05-26,0.4247,0.4275,0.427
1994-05-27,0.431,0.436,0.4265
1994-05-28,0.4088,0.4234,0.424
1994-05-29,0.3964,0.4121,0.4205
1994-05-30,0.3951,0.4039,0.4166
1994-05-31,0.3894,0.3976,0.4127
1994-06-01,0.3698,0.3883,0.4083
1994-06-02,0.3714,0.3795,0.404
1994-06-03,0.3975,0.3791,0.4
1994-06-04,0.3943,0.3783,0.3965
1994-06-05,0.4244,0.389,0.3938
1994-06-06,0.3957,0.3919,0.3908
1994-06-07,0.376,0.3853,0.3876
1994-06-08,0.3598,0.3765,0.3841
1994-06-09,0.4252,0.3855,0.3811
1994-06-10,0.3959,0.3895,0.379
1994-06-11,0.4051,0.3883,0.3772
1994-06-12,0.4054,0.3922,0.3756
1994-06-13,0.3922,0.389,0.3738
1994-06-14,0.3851,0.3851,0.372
1994-06-15,0.3715,0.3794,0.37
1994-06-16,0.355,0.3714,0.3673
1994-06-17,0.3394,0.3627,0.3647
1994-06-18,0.3262,0.3538,0.362
1994-06-19,0.3582,0.348,0.3592
1994-06-20,0.4307,0.3763,0.3577
1994-06-21,0.3992,0.3858,0.3566
1994-06-22,0.3773,0.3802,0.3552
1994-06-23,0.3579,0.3714,0.3532
1994-06-24,0.341,0.362,0.3511
1994-06-25,0.3279,0.3523,0.349
1994-06-26,0.3961,0.364,0.3475
1994-06-27,0.4167,0.3933,0.347
1994-06-28,0.4065,0.3966,0.3473
1994-06-29,0.3831,0.3885,0.3465
1994-06-30,0.3634,0.3783,0.3451
1994-07-01,0.3437,0.3671,0.3431
1994-07-02,0.3278,0.3559,0.3411
1994-07-03,0.3162,0.346,0.3391
1994-07-04,0.3077,0.3369,0.3371
1994-07-05,0.3011,0.3296,0.3352
1994-07-06,0.2918,0.3234,0.3335
1994-07-07,0.2902,0.3185,0.3324
1994-07-08,0.2815,0.3136,0.3308
1994-07-09,0.2721,0.3085,0.3292
1994-07-10,0.2626,0.3029,0.3275
1994-07-11,0.2533,0.2971,0.3255
1994-07-12,0.2457,0.2911,0.3237
1994-07-13,0.2388,0.2856,0.3219
1994-07-14,0.2437,0.2809,0.32
1994-07-15,0.2897,0.2785,0.3185
1994-07-16,0.2708,0.2747,0.3169
1994-07-17,0.2648,0.2706,0.3149
1994-07-18,0.271,0.268,0.3135
1994-07-19,0.298,0.2671,0.3123
1994-07-20,0.3735,0.2769,0.3116
1994-07-21,0.3452,0.2835,0.3106
1994-07-22,0.3393,0.2843,0.3097
1994-07-23,0.3813,0.292,0.309
1994-07-24,0.3836,0.3166,0.3085
1994-07-25,0.3567,0.3173,0.3076
1994-07-26,0.3405,0.3149,0.3066
1994-07-27,0.3202,0.3102,0.3056
1994-07-28,0.323,0.3055,0.3047
1994-07-29,0.3418,0.3033,0.3039
1994-07-30,0.4165,0.3177,0.3034
1994-07-31,0.3898,0.3366,0.303
1994-08-01,0.4047,0.3438,0.303
1994-08-02,0.3809,0.3506,0.3026
1994-08-03,0.3506,0.3448,0.3022
1994-08-04,0.3302,0.3374,0.3015
1994-08-05,0.3138,0.3298,0.3005
1994-08-06,0.2974,0.322,0.2995
1994-08-07,0.3153,0.3156,0.2985
1994-08-08,0.358,0.3152,0.298
1994-08-09,0.3408,0.3137,0.2975
1994-08-10,0.3395,0.3097,0.2965
1994-08-11,0.3724,0.3146,0.296
1994-08-12,0.3653,0.3176,0.296
1994-08-13,0.3479,0.317,0.2955
1994-08-14,0.3375,0.3148,0.295
1994-08-15,0.3183,0.3108,0.2945
1994-08-16,0.3001,0.3055,0.2935
1994-08-17,0.3354,0.3022,0.293
1994-08-18,0.37,0.3081,0.293
1994-08-19,0.3403,0.308,0.2925
1994-08-20,0.3175,0.3038,0.2915
1994-08-21,0.3016,0.2991,0.2906
1994-08-22,0.2906,0.2946,0.2897
1994-08-23,0.2839,0.2901,0.2894
1994-08-24,0.2997,0.2876,0.289
1994-08-25,0.3001,0.2862,0.2886
1994-08-26,0.2943,0.285,0.2882
1994-08-27,0.2834,0.2822,0.2877
1994-08-28,0.2721,0.2785,0.2871
1994-08-29,0.265,0.2755,0.2865
1994-08-30,0.2874,0.2729,0.286
1994-08-31,0.3685,0.2777,0.286
1994-09-01,0.4243,0.3213,0.286
1994-09-02,0.452,0.4405,0.2939
1994-09-03,0.4308,0.4323,0.3066
1994-09-04,0.41,0.4157,0.311
1994-09-05,0.3933,0.4026,0.313
1994-09-06,0.378,0.391,0.314
1994-09-07,0.3631,0.38,0.3142
1994-09-08,0.4035,0.3956,0.3152
1994-09-09,0.4174,0.4271,0.3206
1994-09-10,0.4075,0.4125,0.3237
1994-09-11,0.4,0.4024,0.3253
1994-09-12,0.3981,0.395,0.3262
1994-09-13,0.4302,0.4388,0.3341
1994-09-14,0.4381,0.4427,0.355
1994-09-15,0.4518,0.4498,0.3761
1994-09-16,0.4466,0.4491,0.3972
1994-09-17,0.4514,0.4496,0.4143
1994-09-18,0.4384,0.4422,0.4186
1994-09-19,0.4307,0.4356,0.4202
1994-09-20,0.4406,0.4352,0.4211
1994-09-21,0.456,0.4507,0.4245
1994-09-22,0.439,0.447,0.429
1994-09-23,0.4442,0.443,0.4304
1994-09-24,0.4276,0.445,0.437
1994-09-25,0.415,0.4318,0.4385
1994-09-26,0.4378,0.442,0.438
1994-09-27,0.432,0.4434,0.4393
1994-09-28,0.42,0.4335,0.4385
1994-09-29,0.4119,0.4245,0.4369
1994-09-30,0.4407,0.4278,0.4355
1994-10-01,0.4259,0.4311,0.4345
1994-10-02,0.4157,0.425,0.4335
1994-10-03,0.44,0.4264,0.4323
1994-10-04,0.4395,0.442,0.4327
1994-10-05,0.4228,0.435,0.433
1994-10-06,0.4145,0.4276,0.4324
1994-10-07,0.4094,0.421,0.4314
1994-10-08,0.403,0.4149,0.4303
1994-10-09,0.3958,0.4085,0.4286
1994-10-10,0.4065,0.4045,0.4274
1994-10-11,0.4289,0.4159,0.4265
1994-10-12,0.4107,0.4155,0.4255
1994-10-13,0.4018,0.4109,0.4245
1994-10-14,0.3946,0.4057,0.4235
1994-10-15,0.3887,0.4006,0.4223
1994-10-16,0.3838,0.3959,0.4207
1994-10-17,0.3803,0.3922,0.4196
1994-10-18,0.3761,0.3886,0.4185
1994-10-19,0.374,0.3845,0.4169
1994-10-20,0.4312,0.3962,0.416
1994-10-21,0.4495,0.4284,0.4163
1994-10-22,0.4293,0.4331,0.418
1994-10-23,0.4376,0.4492,0.4313
1994-10-24,0.4286,0.4378,0.4378
1994-10-25,0.4205,0.4287,0.4372
1994-10-26,0.4418,0.4303,0.4361
1994-10-27,0.4277,0.4329,0.436
1994-10-28,0.4339,0.4425,0.4382
1994-10-29,0.4212,0.4379,0.4434
1994-10-30,0.4233,0.4295,0.4425
1994-10-31,0.4203,0.4246,0.4407
1994-11-01,0.4152,0.42,0.4392
1994-11-02,0.4104,0.4156,0.4375
1994-11-03,0.4214,0.415,0.4361
1994-11-04,0.413,0.4138,0.4347
1994-11-05,0.4377,0.4358,0.4377
1994-11-06,0.4551,0.4539,0.456
1994-11-07,0.4484,0.4481,0.456
1994-11-08,0.45,0.4563,0.4558
1994-11-09,0.4423,0.4474,0.4547
1994-11-10,0.4454,0.4383,0.458
1994-11-11,0.4526,0.4458,0.4568
1994-11-12,0.435,0.4389,0.4552
1994-11-13,0.4275,0.4298,0.4527
1994-11-14,0.4227,0.4235,0.4497
1994-11-15,0.4164,0.4182,0.4467
1994-11-16,0.4142,0.4145,0.4437
1994-11-17,0.4084,0.4112,0.4408
1994-11-18,0.4168,0.4138,0.438
1994-11-19,0.4372,0.4396,0.437
1994-11-20,0.4248,0.4347,0.436
1994-11-21,0.4176,0.4282,0.4345
1994-11-22,0.4121,0.4221,0.4327
1994-11-23,0.4076,0.417,0.4307
1994-11-24,0.4036,0.4127,0.4286
1994-11-25,0.4011,0.4091,0.4264
1994-11-26,0.3985,0.4061,0.4242
1994-11-27,0.3955,0.4034,0.4219
1994-11-28,0.3931,0.4009,0.4196
1994-11-29,0.391,0.3986,0.4173
1994-11-30,0.389,0.3964,0.415
1995-04-01,0.4079,0.4166,0.4195
1995-04-02,0.4178,0.4167,0.4184
1995-04-03,0.4307,0.4285,0.4182
1995-04-04,0.4373,0.4407,0.4216
1995-04-05,0.4371,0.4476,0.4303
1995-04-06,0.4416,0.4503,0.4427
1995-04-07,0.445,0.4521,0.4519
1995-04-08,0.4444,0.4482,0.4577
1995-04-09,0.4412,0.4352,0.458
1995-04-10,0.4423,0.4439,0.4557
1995-04-11,0.4402,0.4495,0.457
1995-04-12,0.4311,0.4457,0.4597
1995-04-13,0.4304,0.4331,0.4597
1995-04-14,0.4413,0.4438,0.456
1995-04-15,0.435,0.4465,0.4542
1995-04-16,0.4384,0.4433,0.4547
1995-04-17,0.4459,0.451,0.4532
1995-04-18,0.442,0.4538,0.4545
1995-04-19,0.4394,0.4514,0.4605
1995-04-20,0.4463,0.4416,0.4635
1995-04-21,0.4501,0.4464,0.4627
1995-04-22,0.4525,0.4483,0.4513
1995-04-23,0.4438,0.4517,0.4404
1995-04-24,0.4434,0.451,0.4396
1995-04-25,0.4458,0.4523,0.439
1995-04-26,0.4377,0.4485,0.4396
1995-04-27,0.4447,0.4492,0.4407
1995-04-28,0.4293,0.4447,0.4412
1995-04-29,0.4267,0.4394,0.4411
1995-04-30,0.4344,0.4383,0.4406
1995-05-01,0.4252,0.432,0.4293
1995-05-02,0.4163,0.4357,0.4254
1995-05-03,0.4062,0.4272,0.4266
1995-05-04,0.4073,0.4238,0.4263
1995-05-05,0.4036,0.4149,0.4214
1995-05-06,0.3977,0.4084,0.4036
1995-05-07,0.3881,0.4098,0.405
1995-05-08,0.3832,0.4056,0.4082
1995-05-09,0.3825,0.4041,0.4091
1995-05-10,0.3834,0.3945,0.4073
1995-05-11,0.4015,0.3987,0.4021
1995-05-12,0.4455,0.4174,0.4036
1995-05-13,0.446,0.4414,0.4035
1995-05-14,0.4426,0.4398,0.4007
1995-05-15,0.4543,0.4477,0.4002
1995-05-16,0.4518,0.4543,0.4083
1995-05-17,0.4491,0.4449,0.4182
1995-05-18,0.4445,0.4493,0.426
1995-05-19,0.4078,0.4261,0.4319
1995-05-20,0.3949,0.4135,0.4241
1995-05-21,0.3836,0.4034,0.4166
1995-05-22,0.3727,0.3944,0.4098
1995-05-23,0.3608,0.3855,0.4034
1995-05-24,0.3486,0.3764,0.3974
1995-05-25,0.3451,0.3682,0.392
1995-05-26,0.4242,0.3997,0.3883
1995-05-27,0.4233,0.4301,0.388
1995-05-28,0.401,0.4162,0.3859
1995-05-29,0.4062,0.4059,0.383
1995-05-30,0.434,0.4145,0.3814
1995-05-31,0.4469,0.4439,0.3883
1995-06-01,0.453,0.4515,0.4055
1995-06-02,0.4299,0.4401,0.4105
1995-06-03,0.416,0.4275,0.4095
1995-06-04,0.423,0.4213,0.4076
1995-06-05,0.4252,0.42,0.4058
1995-06-06,0.4107,0.4168,0.4039
1995-06-07,0.3946,0.4084,0.4012
1995-06-08,0.3823,0.3998,0.3984
1995-06-09,0.392,0.3939,0.3958
1995-06-10,0.4147,0.395,0.3935
1995-06-11,0.4352,0.4169,0.3921
1995-06-12,0.4301,0.4203,0.3915
1995-06-13,0.4243,0.4209,0.3908
1995-06-14,0.4085,0.4147,0.3896
1995-06-15,0.3947,0.4064,0.3881
1995-06-16,0.383,0.3982,0.386
1995-06-17,0.3688,0.3888,0.3835
1995-06-18,0.3594,0.3805,0.381
1995-06-19,0.3508,0.3733,0.3785
1995-06-20,0.3408,0.3646,0.3756
1995-06-21,0.3631,0.3589,0.373
1995-06-22,0.388,0.3617,0.371
1995-06-23,0.3702,0.3603,0.3689
1995-06-24,0.3531,0.3562,0.3665
1995-06-25,0.3391,0.3512,0.3641
1995-06-26,0.3229,0.3442,0.3615
1995-06-27,0.3178,0.3371,0.359
1995-06-28,0.3828,0.3376,0.3569
1995-06-29,0.4133,0.356,0.3555
1995-06-30,0.4004,0.3667,0.354
1995-07-01,0.386,0.3667,0.3521
1995-07-02,0.3639,0.3608,0.35
1995-07-03,0.3945,0.3713,0.3487
1995-07-04,0.408,0.3975,0.3488
1995-07-05,0.4252,0.4012,0.349
1995-07-06,0.4094,0.4033,0.3493
1995-07-07,0.4066,0.3975,0.349
1995-07-08,0.4046,0.395,0.349
1995-07-09,0.3882,0.3882,0.3483
1995-07-10,0.3821,0.3799,0.3473
1995-07-11,0.41,0.3804,0.3463
1995-07-12,0.4136,0.3925,0.346
1995-07-13,0.405,0.3898,0.3456
1995-07-14,0.4111,0.3966,0.3454
1995-07-15,0.4042,0.4114,0.3462
1995-07-16,0.3917,0.4,0.3467
1995-07-17,0.3776,0.3902,0.3465
1995-07-18,0.3606,0.3796,0.3455
1995-07-19,0.3454,0.3692,0.344
1995-07-20,0.331,0.359,0.3422
1995-07-21,0.318,0.3495,0.3405
1995-07-22,0.3077,0.3405,0.3385
1995-07-23,0.3105,0.3345,0.3375
1995-07-24,0.3024,0.329,0.336
1995-07-25,0.2915,0.3222,0.3341
1995-07-26,0.2765,0.3146,0.3321
1995-07-27,0.2687,0.308,0.3305
1995-07-28,0.266,0.3034,0.3289
1995-07-29,0.256,0.2978,0.3271
1995-07-30,0.2512,0.293,0.3255
1995-07-31,0.2784,0.2899,0.3244
1995-08-01,0.3377,0.2904,0.3235
1995-08-02,0.3489,0.2955,0.3222
1995-08-03,0.32,0.2935,0.3205
1995-08-04,0.2971,0.2895,0.319
1995-08-05,0.321,0.2867,0.3175
1995-08-06,0.3662,0.2918,0.3165
1995-08-07,0.4046,0.3041,0.316
1995-08-08,0.4232,0.3372,0.3159
1995-08-09,0.3949,0.3609,0.3155
1995-08-10,0.3683,0.3582,0.315
1995-08-11,0.4077,0.3607,0.315
1995-08-12,0.4067,0.3767,0.315
1995-08-13,0.3978,0.3768,0.3151
1995-08-14,0.3895,0.3755,0.316
1995-08-15,0.3747,0.3711,0.316
1995-08-16,0.3607,0.3653,0.3157
1995-08-17,0.3486,0.3582,0.3154
1995-08-18,0.3665,0.3535,0.315
1995-08-19,0.3829,0.3555,0.3145
1995-08-20,0.3667,0.3525,0.314
1995-08-21,0.3605,0.3496,0.314
1995-08-22,0.3927,0.3518,0.314
1995-08-23,0.397,0.3638,0.314
1995-08-24,0.4144,0.3702,0.314
1995-08-25,0.403,0.3792,0.3149
1995-08-26,0.3939,0.3781,0.315
1995-08-27,0.3793,0.3743,0.3152
1995-08-28,0.4014,0.3724,0.3158
1995-08-29,0.3995,0.3768,0.316
1995-08-30,0.381,0.3742,0.316
1995-08-31,0.3667,0.3691,0.3163
1995-09-01,0.3539,0.3633,0.316
1995-09-02,0.3437,0.3573,0.316
1995-09-03,0.337,0.3515,0.316
1995-09-04,0.3427,0.3472,0.3155
1995-09-05,0.334,0.3429,0.315
1995-09-06,0.3261,0.3382,0.3146
1995-09-07,0.3827,0.356,0.3142
1995-09-08,0.4422,0.4087,0.316
1995-09-09,0.4293,0.4224,0.3197
1995-09-10,0.4045,0.41,0.3225
1995-09-11,0.4165,0.4028,0.3239
1995-09-12,0.4344,0.4074,0.3256
1995-09-13,0.4518,0.4467,0.3391
1995-09-14,0.4371,0.4367,0.3518
1995-09-15,0.419,0.4238,0.3557
1995-09-16,0.4205,0.4152,0.3576
1995-09-17,0.4173,0.4144,0.359
1995-09-18,0.4006,0.4068,0.36
1995-09-19,0.4301,0.4132,0.3608
1995-09-20,0.4503,0.4405,0.3658
1995-09-21,0.44,0.4353,0.3716
1995-09-22,0.4284,0.4289,0.3751
1995-09-23,0.4175,0.4215,0.3773
1995-09-24,0.4242,0.4175,0.3787
1995-09-25,0.4375,0.4382,0.3858
1995-09-26,0.4277,0.4324,0.3918
1995-09-27,0.419,0.4234,0.3938
1995-09-28,0.429,0.4215,0.3947
1995-09-29,0.412,0.4176,0.3954
1995-09-30,0.4014,0.4112,0.396
1995-10-01,0.3936,0.4052,0.3955
1995-10-02,0.3862,0.3995,0.395
1995-10-03,0.3885,0.3945,0.3945
1995-10-04,0.4132,0.3962,0.394
1995-10-05,0.4185,0.4013,0.394
1995-10-06,0.4142,0.407,0.394
1995-10-07,0.4035,0.4053,0.394
1995-10-08,0.3924,0.4008,0.3936
1995-10-09,0.3842,0.3958,0.393
1995-10-10,0.3815,0.3914,0.3925
1995-10-11,0.3844,0.3887,0.392
1995-10-12,0.386,0.3867,0.3915
1995-10-13,0.3808,0.3846,0.3906
1995-10-14,0.3739,0.3814,0.39
1995-10-15,0.3856,0.3796,0.3893
1995-10-16,0.3938,0.382,0.3889
1995-10-17,0.3816,0.3811,0.388
1995-10-18,0.3735,0.379,0.3875
1995-10-19,0.3685,0.3762,0.3866
1995-10-20,0.3641,0.374,0.386
1995-10-21,0.3608,0.3715,0.3855
1995-10-22,0.357,0.3689,0.3846
1995-10-23,0.3525,0.3659,0.3837
1995-10-24,0.3481,0.3627,0.3827
1995-10-25,0.3447,0.36,0.382
1995-10-26,0.3428,0.358,0.3814
1995-10-27,0.3405,0.3558,0.3805
1995-10-28,0.3381,0.3533,0.3795
1995-10-29,0.3708,0.3531,0.379
1995-10-30,0.4152,0.3657,0.3783
1995-10-31,0.3977,0.3763,0.378
1995-11-01,0.3844,0.3775,0.378
1995-11-02,0.3885,0.378,0.377
1995-11-03,0.3854,0.379,0.377
1995-11-04,0.3858,0.3793,0.377
1995-11-05,0.3798,0.379,0.377
1995-11-06,0.3773,0.3787,0.377
1995-11-07,0.3764,0.3778,0.3762
1995-11-08,0.3753,0.3766,0.376
1995-11-09,0.3742,0.3756,0.376
1995-11-10,0.3747,0.3747,0.3755
1995-11-11,0.3743,0.374,0.375
1995-11-12,0.3771,0.3726,0.375
1995-11-13,0.4559,0.4136,0.375
1995-11-14,0.45,0.4453,0.3807
1995-11-15,0.4336,0.4361,0.3861
1995-11-16,0.4472,0.4414,0.3938
1995-11-17,0.4438,0.4494,0.4056
1995-11-18,0.4305,0.4407,0.4163
1995-11-19,0.4213,0.4315,0.4185
1995-11-20,0.4172,0.4259,0.4191
1995-11-21,0.4195,0.4224,0.42
1995-11-22,0.4318,0.4237,0.42
1995-11-23,0.4343,0.4301,0.4202
1995-11-24,0.4318,0.4305,0.421
1995-11-25,0.4284,0.4295,0.4213
1995-11-26,0.4247,0.4275,0.422
1995-11-27,0.4416,0.4315,0.4221
1995-11-28,0.4368,0.4375,0.4235
1995-11-29,0.4305,0.4345,0.4247
1995-11-30,0.4267,0.4313,0.425
1996-04-01,0.421,0.411,0.4455
1996-04-02,0.4302,0.4186,0.4435
1996-04-03,0.4191,0.4195,0.4417
1996-04-04,0.4119,0.4163,0.4399
1996-04-05,0.418,0.4149,0.4379
1996-04-06,0.4301,0.4208,0.4357
1996-04-07,0.4387,0.4342,0.4344
1996-04-08,0.4321,0.4398,0.4371
1996-04-09,0.4227,0.4378,0.4414
1996-04-10,0.4191,0.4301,0.4437
1996-04-11,0.4264,0.427,0.4437
1996-04-12,0.4246,0.4248,0.4425
1996-04-13,0.418,0.4223,0.4418
1996-04-14,0.4096,0.418,0.4409
1996-04-15,0.4068,0.4171,0.4387
1996-04-16,0.4105,0.4203,0.4359
1996-04-17,0.411,0.4179,0.4358
1996-04-18,0.4229,0.4198,0.4351
1996-04-19,0.4179,0.424,0.4335
1996-04-20,0.4104,0.4119,0.4257
1996-04-21,0.3971,0.4109,0.4093
1996-04-22,0.3973,0.4084,0.4093
1996-04-23,0.4292,0.4212,0.4132
1996-04-24,0.4382,0.4423,0.416
1996-04-25,0.4296,0.4344,0.413
1996-04-26,0.4242,0.4284,0.4094
1996-04-27,0.4319,0.4256,0.406
1996-04-28,0.4482,0.4343,0.4037
1996-04-29,0.4445,0.4457,0.4059
1996-04-30,0.4468,0.4451,0.4128
1996-05-01,0.4453,0.4425,0.414
1996-05-02,0.4386,0.4477,0.417
1996-05-03,0.4406,0.443,0.423
1996-05-04,0.4385,0.4412,0.423
1996-05-05,0.425,0.4326,0.4213
1996-05-06,0.4126,0.4239,0.4186
1996-05-07,0.4145,0.4171,0.4155
1996-05-08,0.433,0.4213,0.4128
1996-05-09,0.451,0.442,0.4125
1996-05-10,0.4387,0.4421,0.4147
1996-05-11,0.4403,0.4384,0.415
1996-05-12,0.4575,0.45,0.4174
1996-05-13,0.4494,0.4546,0.4281
1996-05-14,0.4285,0.4411,0.4302
1996-05-15,0.4154,0.4299,0.4287
1996-05-16,0.4017,0.4189,0.4257
1996-05-17,0.4049,0.4098,0.4225
1996-05-18,0.4149,0.4065,0.4194
1996-05-19,0.4361,0.4245,0.4175
1996-05-20,0.4307,0.4437,0.4263
1996-05-21,0.4305,0.4336,0.4265
1996-05-22,0.4248,0.4296,0.4252
1996-05-23,0.4074,0.4206,0.423
1996-05-24,0.3956,0.4107,0.4202
1996-05-25,0.4054,0.4061,0.4171
1996-05-26,0.4385,0.4375,0.416
1996-05-27,0.4413,0.435,0.416
1996-05-28,0.4431,0.446,0.4177
1996-05-29,0.4172,0.4324,0.4182
1996-05-30,0.4002,0.419,0.416
1996-05-31,0.3844,0.4062,0.4128
1996-06-01,0.3787,0.3955,0.4098
1996-06-02,0.4485,0.4228,0.4091
1996-06-03,0.4323,0.4424,0.4173
1996-06-04,0.4219,0.4318,0.4185
1996-06-05,0.4076,0.4213,0.417
1996-06-06,0.4078,0.4117,0.4147
1996-06-07,0.4186,0.4096,0.4122
1996-06-08,0.4234,0.4098,0.4101
1996-06-09,0.4235,0.4143,0.4083
1996-06-10,0.4179,0.4115,0.4063
1996-06-11,0.4085,0.408,0.4041
1996-06-12,0.4022,0.4018,0.402
1996-06-13,0.3953,0.398,0.3999
1996-06-14,0.387,0.3925,0.3978
1996-06-15,0.3893,0.3876,0.3952
1996-06-16,0.3886,0.3845,0.393
1996-06-17,0.3753,0.3793,0.3903
1996-06-18,0.3622,0.3729,0.3877
1996-06-19,0.3482,0.3655,0.3847
1996-06-20,0.3635,0.3593,0.3819
1996-06-21,0.4337,0.3977,0.3801
1996-06-22,0.4497,0.448,0.3899
1996-06-23,0.4438,0.4411,0.3954
1996-06-24,0.4355,0.4364,0.3981
1996-06-25,0.425,0.4283,0.399
1996-06-26,0.4171,0.4215,0.3991
1996-06-27,0.4014,0.413,0.3981
1996-06-28,0.3838,0.4021,0.396
1996-06-29,0.3757,0.3926,0.3939
1996-06-30,0.3684,0.3852,0.3917
1996-07-01,0.3578,0.3778,0.3893
1996-07-02,0.3822,0.3748,0.3877
1996-07-03,0.3832,0.3751,0.386
1996-07-04,0.3739,0.3706,0.3836
1996-07-05,0.421,0.3782,0.3821
1996-07-06,0.4426,0.4202,0.3818
1996-07-07,0.4379,0.4328,0.3853
1996-07-08,0.4455,0.4518,0.4169
1996-07-09,0.432,0.441,0.4268
1996-07-10,0.4154,0.429,0.4266
1996-07-11,0.4059,0.4198,0.4255
1996-07-12,0.3957,0.411,0.424
1996-07-13,0.3934,0.4027,0.4221
1996-07-14,0.3947,0.397,0.4201
1996-07-15,0.4041,0.3939,0.418
1996-07-16,0.4015,0.396,0.4161
1996-07-17,0.3842,0.3911,0.414
1996-07-18,0.3683,0.3838,0.4112
1996-07-19,0.3537,0.3754,0.4085
1996-07-20,0.3405,0.3673,0.4056
1996-07-21,0.3299,0.3598,0.4026
1996-07-22,0.3191,0.3523,0.3995
1996-07-23,0.3072,0.3446,0.3958
1996-07-24,0.3988,0.3661,0.3931
1996-07-25,0.4059,0.406,0.3916
1996-07-26,0.3843,0.3974,0.39
1996-07-27,0.4007,0.3914,0.3885
1996-07-28,0.4248,0.4019,0.3875
1996-07-29,0.402,0.4015,0.3862
1996-07-30,0.3867,0.3943,0.3846
1996-07-31,0.3727,0.3869,0.383
1996-08-01,0.3587,0.3781,0.381
1996-08-02,0.3784,0.3714,0.3787
1996-08-03,0.4148,0.3832,0.3774
1996-08-04,0.3885,0.3833,0.3757
1996-08-05,0.4158,0.3922,0.3745
1996-08-06,0.4285,0.4239,0.3756
1996-08-07,0.4367,0.4234,0.3767
1996-08-08,0.4242,0.422,0.3779
1996-08-09,0.414,0.4151,0.3783
1996-08-10,0.4127,0.4078,0.3782
1996-08-11,0.4385,0.4301,0.3803
1996-08-12,0.4273,0.4329,0.3874
1996-08-13,0.4128,0.4224,0.389
1996-08-14,0.4014,0.413,0.389
1996-08-15,0.3936,0.4052,0.3886
1996-08-16,0.3811,0.397,0.3875
1996-08-17,0.368,0.388,0.386
1996-08-18,0.3575,0.3796,0.3841
1996-08-19,0.3497,0.372,0.3822
1996-08-20,0.3425,0.3647,0.3802
1996-08-21,0.3674,0.36,0.3785
1996-08-22,0.4399,0.3934,0.378
1996-08-23,0.4072,0.405,0.3775
1996-08-24,0.4111,0.4015,0.377
1996-08-25,0.4078,0.4033,0.377
1996-08-26,0.4009,0.3993,0.3765
1996-08-27,0.4283,0.4145,0.3776
1996-08-28,0.4319,0.438,0.387
1996-08-29,0.4125,0.4247,0.389
1996-08-30,0.3997,0.4139,0.3895
1996-08-31,0.3913,0.4056,0.389
1996-09-01,0.3852,0.3989,0.3885
1996-09-02,0.384,0.3937,0.3877
1996-09-03,0.3964,0.3912,0.387
1996-09-04,0.4008,0.3928,0.3866
1996-09-05,0.3879,0.3902,0.3856
1996-09-06,0.3749,0.3848,0.3845
1996-09-07,0.3638,0.379,0.383
1996-09-08,0.3552,0.3733,0.3815
1996-09-09,0.3639,0.369,0.3805
1996-09-10,0.3737,0.3681,0.3795
1996-09-11,0.3606,0.365,0.378
1996-09-12,0.3502,0.361,0.3765
1996-09-13,0.3541,0.358,0.3755
1996-09-14,0.3534,0.3561,0.3744
1996-09-15,0.3453,0.3537,0.3731
1996-09-16,0.3369,0.3503,0.3716
1996-09-17,0.3293,0.3465,0.3705
1996-09-18,0.3566,0.345,0.3691
1996-09-19,0.3912,0.3495,0.3685
1996-09-20,0.4303,0.3787,0.3677
1996-09-21,0.4401,0.4054,0.368
1996-09-22,0.4515,0.441,0.3732
1996-09-23,0.4314,0.4392,0.386
1996-09-24,0.4188,0.4278,0.3898
1996-09-25,0.4258,0.422,0.3913
1996-09-26,0.4192,0.4209,0.3926
1996-09-27,0.4197,0.4163,0.393
1996-09-28,0.426,0.4204,0.3939
1996-09-29,0.4083,0.4153,0.394
1996-09-30,0.3967,0.4081,0.3937
1996-10-01,0.4118,0.4109,0.3933
1996-10-02,0.4364,0.4342,0.3954
1996-10-03,0.4191,0.4269,0.3973
1996-10-04,0.4085,0.4192,0.398
1996-10-05,0.4084,0.4137,0.3985
1996-10-06,0.4118,0.4115,0.399
1996-10-07,0.4162,0.4118,0.399
1996-10-08,0.4207,0.4127,0.399
1996-10-09,0.423,0.4158,0.3998
1996-10-10,0.4188,0.416,0.4
1996-10-11,0.4117,0.4145,0.4005
1996-10-12,0.4017,0.4101,0.4005
1996-10-13,0.394,0.4049,0.4
1996-10-14,0.3941,0.4006,0.3995
1996-10-15,0.435,0.4105,0.3993
1996-10-16,0.4548,0.4537,0.4129
1996-10-17,0.4451,0.4497,0.4225
1996-10-18,0.4339,0.4405,0.4257
1996-10-19,0.4435,0.4403,0.4269
1996-10-20,0.4325,0.4404,0.4287
1996-10-21,0.424,0.4335,0.429
1996-10-22,0.418,0.428,0.429
1996-10-23,0.4104,0.4218,0.4284
1996-10-24,0.4044,0.4159,0.4275
1996-10-25,0.3993,0.4104,0.4264
1996-10-26,0.3963,0.406,0.4253
1996-10-27,0.3925,0.4022,0.4243
1996-10-28,0.3879,0.3984,0.423
1996-10-29,0.4239,0.4042,0.422
1996-10-30,0.4271,0.4194,0.422
1996-10-31,0.4145,0.4187,0.421
1996-11-01,0.4111,0.4159,0.421
1996-11-02,0.4075,0.4137,0.4205
1996-11-03,0.4017,0.41,0.42
1996-11-04,0.3967,0.4061,0.419
1996-11-05,0.4219,0.4205,0.419
1996-11-06,0.4262,0.4298,0.4199
1996-11-07,0.4301,0.4294,0.4205
1996-11-08,0.4219,0.4372,0.4269
1996-11-09,0.4172,0.4285,0.428
1996-11-10,0.4247,0.424,0.428
1996-11-11,0.4462,0.4423,0.4312
1996-11-12,0.4492,0.4495,0.459
1996-11-13,0.4538,0.446,0.4643
1996-11-14,0.4485,0.4434,0.4612
1996-11-15,0.4359,0.433,0.4575
1996-11-16,0.4493,0.4387,0.4545
1996-11-17,0.4454,0.4422,0.4525
1996-11-18,0.4479,0.4535,0.452
1996-11-19,0.4305,0.4426,0.4515
1996-11-20,0.4253,0.4327,0.4494
1996-11-21,0.4199,0.4261,0.447
1996-11-22,0.4138,0.4204,0.4445
1996-11-23,0.4094,0.4158,0.4417
1996-11-24,0.406,0.412,0.4388
1996-11-25,0.4045,0.409,0.436
1996-11-26,0.4079,0.408,0.4332
1996-11-27,0.4036,0.4066,0.4305
1996-11-28,0.4034,0.4056,0.4279
1996-11-29,0.3997,0.4042,0.4252
1996-11-30,0.418,0.4105,0.4228
1997-04-01,0.4458,0.4489,0.4458
1997-04-02,0.4387,0.453,0.4507
1997-04-03,0.4431,0.4482,0.4549
1997-04-04,0.4388,0.4479,0.4568
1997-04-05,0.432,0.4399,0.457
1997-04-06,0.4279,0.4379,0.4557
1997-04-07,0.4291,0.4333,0.4545
1997-04-08,0.4281,0.4295,0.4519
1997-04-09,0.4278,0.425,0.4458
1997-04-10,0.427,0.4323,0.4408
1997-04-11,0.4129,0.4275,0.4408
1997-04-12,0.4027,0.4191,0.4403
1997-04-13,0.4062,0.4211,0.4356
1997-04-14,0.3992,0.4175,0.4341
1997-04-15,0.3976,0.4138,0.4322
1997-04-16,0.4014,0.4143,0.4296
1997-04-17,0.4043,0.4086,0.4267
1997-04-18,0.3997,0.4096,0.4232
1997-04-19,0.3973,0.4005,0.4156
1997-04-20,0.4095,0.403,0.3987
1997-04-21,0.3996,0.4057,0.398
1997-04-22,0.3986,0.4003,0.3967
1997-04-23,0.4009,0.4024,0.3928
1997-04-24,0.3987,0.4032,0.3913
1997-04-25,0.3938,0.4005,0.3907
1997-04-26,0.4101,0.4014,0.3923
1997-04-27,0.4473,0.431,0.4002
1997-04-28,0.4344,0.4354,0.3989
1997-04-29,0.4493,0.4371,0.397
1997-04-30,0.4442,0.4416,0.3973
1997-05-01,0.4273,0.4324,0.3965
1997-05-02,0.412,0.4216,0.3938
1997-05-03,0.3965,0.4106,0.3903
1997-05-04,0.4108,0.4043,0.3868
1997-05-05,0.4327,0.421,0.385
1997-05-06,0.4403,0.4371,0.3891
1997-05-07,0.4454,0.4411,0.3942
1997-05-08,0.4394,0.4378,0.3958
1997-05-09,0.4507,0.4438,0.397
1997-05-10,0.4515,0.4507,0.4033
1997-05-11,0.4409,0.4416,0.4069
1997-05-12,0.4458,0.4453,0.41
1997-05-13,0.4335,0.4367,0.4168
1997-05-14,0.418,0.4258,0.4163
1997-05-15,0.4257,0.4194,0.4143
1997-05-16,0.421,0.4205,0.4123
1997-05-17,0.4088,0.4132,0.41
1997-05-18,0.4152,0.4094,0.4074
1997-05-19,0.397,0.4036,0.4045
1997-05-20,0.4171,0.4047,0.4016
1997-05-21,0.4259,0.4224,0.4003
1997-05-22,0.4218,0.4187,0.3987
1997-05-23,0.4061,0.4132,0.397
1997-05-24,0.3911,0.4042,0.3945
1997-05-25,0.393,0.3965,0.3919
1997-05-26,0.4042,0.3966,0.3893
1997-05-27,0.3793,0.3894,0.3864
1997-05-28,0.3621,0.3806,0.3833
1997-05-29,0.3541,0.3728,0.3805
1997-05-30,0.344,0.3654,0.3777
1997-05-31,0.3404,0.3584,0.3749
1997-06-01,0.4119,0.3644,0.3728
1997-06-02,0.4183,0.3879,0.3718
1997-06-03,0.4181,0.3942,0.3706
1997-06-04,0.4089,0.3994,0.3695
1997-06-05,0.4341,0.4062,0.369
1997-06-06,0.4138,0.4135,0.3691
1997-06-07,0.3935,0.4031,0.3685
1997-06-08,0.3828,0.393,0.3666
1997-06-09,0.3704,0.3839,0.365
1997-06-10,0.3523,0.3734,0.3627
1997-06-11,0.3425,0.3638,0.3602
1997-06-12,0.3506,0.3575,0.3585
1997-06-13,0.3538,0.3537,0.3566
1997-06-14,0.3815,0.3533,0.3555
1997-06-15,0.3773,0.3561,0.354
1997-06-16,0.3816,0.354,0.3524
1997-06-17,0.415,0.3794,0.3512
1997-06-18,0.3829,0.3777,0.3496
1997-06-19,0.3795,0.3732,0.3487
1997-06-20,0.3792,0.37,0.3476
1997-06-21,0.3879,0.3685,0.3466
1997-06-22,0.4457,0.4458,0.3587
1997-06-23,0.4312,0.4318,0.3662
1997-06-24,0.4233,0.422,0.368
1997-06-25,0.4114,0.4137,0.3687
1997-06-26,0.4434,0.4208,0.3694
1997-06-27,0.4184,0.4288,0.3758
1997-06-28,0.4053,0.4154,0.3786
1997-06-29,0.4322,0.4155,0.379
1997-06-30,0.4498,0.4292,0.3799
1997-07-01,0.4403,0.4404,0.3842
1997-07-02,0.4261,0.428,0.3862
1997-07-03,0.4404,0.4353,0.3897
1997-07-04,0.4428,0.4465,0.3985
1997-07-05,0.4363,0.4523,0.4219
1997-07-06,0.4236,0.4347,0.4321
1997-07-07,0.4074,0.4226,0.4313
1997-07-08,0.3916,0.4109,0.4291
1997-07-09,0.3792,0.4004,0.4267
1997-07-10,0.3999,0.3951,0.4244
1997-07-11,0.4225,0.4043,0.4226
1997-07-12,0.4095,0.4057,0.4211
1997-07-13,0.3895,0.399,0.419
1997-07-14,0.3943,0.3926,0.4167
1997-07-15,0.3905,0.3902,0.4146
1997-07-16,0.3695,0.3831,0.412
1997-07-17,0.4093,0.3945,0.4098
1997-07-18,0.4515,0.4406,0.4111
1997-07-19,0.4323,0.4375,0.4138
1997-07-20,0.4123,0.4263,0.4143
1997-07-21,0.3957,0.4143,0.4129
1997-07-22,0.3817,0.4031,0.411
1997-07-23,0.3792,0.3942,0.4089
1997-07-24,0.3935,0.3892,0.4072
1997-07-25,0.413,0.3931,0.4056
1997-07-26,0.4226,0.3995,0.4045
1997-07-27,0.3977,0.3998,0.4028
1997-07-28,0.3781,0.392,0.4007
1997-07-29,0.3634,0.3832,0.3982
1997-07-30,0.349,0.374,0.396
1997-07-31,0.3374,0.3657,0.3933
1997-08-01,0.3298,0.3592,0.3912
1997-08-02,0.3212,0.353,0.389
1997-08-03,0.3134,0.3465,0.3864
1997-08-04,0.3042,0.3399,0.3837
1997-08-05,0.326,0.3343,0.381
1997-08-06,0.3975,0.3394,0.3793
1997-08-07,0.4119,0.3567,0.3775
1997-08-08,0.3893,0.3647,0.376
1997-08-09,0.361,0.3599,0.3737
1997-08-10,0.3406,0.3527,0.3711
1997-08-11,0.3757,0.3556,0.3696
1997-08-12,0.3883,0.3785,0.3686
1997-08-13,0.371,0.3747,0.3675
1997-08-14,0.357,0.3687,0.3659
1997-08-15,0.3478,0.3622,0.3644
1997-08-16,0.3417,0.3563,0.3626
1997-08-17,0.3428,0.3516,0.3615
1997-08-18,0.3355,0.3471,0.3598
1997-08-19,0.3252,0.3416,0.3581
1997-08-20,0.3214,0.337,0.3565
1997-08-21,0.3177,0.333,0.355
1997-08-22,0.3099,0.328,0.3533
1997-08-23,0.2989,0.3232,0.3515
1997-08-24,0.29,0.3185,0.3499
1997-08-25,0.2813,0.3135,0.348
1997-08-26,0.2896,0.3105,0.347
1997-08-27,0.2962,0.3088,0.3456
1997-08-28,0.4025,0.3689,0.3451
1997-08-29,0.4306,0.4205,0.347
1997-08-30,0.4084,0.4127,0.3488
1997-08-31,0.3913,0.4021,0.3493
1997-09-01,0.379,0.3916,0.3491
1997-09-02,0.4315,0.3979,0.3491
1997-09-03,0.4279,0.419,0.351
1997-09-04,0.4107,0.4127,0.3528
1997-09-05,0.3938,0.4028,0.353
1997-09-06,0.3799,0.3929,0.353
1997-09-07,0.3728,0.3853,0.3526
1997-09-08,0.3656,0.3791,0.3522
1997-09-09,0.3561,0.3723,0.3515
1997-09-10,0.3472,0.366,0.3506
1997-09-11,0.3385,0.3598,0.3496
1997-09-12,0.3307,0.3533,0.3485
1997-09-13,0.415,0.3682,0.348
1997-09-14,0.4042,0.3897,0.348
1997-09-15,0.4052,0.3885,0.348
1997-09-16,0.401,0.3913,0.3483
1997-09-17,0.3833,0.3862,0.3481
1997-09-18,0.3702,0.3798,0.348
1997-09-19,0.3594,0.3731,0.3474
1997-09-20,0.3502,0.3668,0.3465
1997-09-21,0.3515,0.3617,0.346
1997-09-22,0.3607,0.359,0.3455
1997-09-23,0.3639,0.357,0.345
1997-09-24,0.3601,0.3547,0.3445
1997-09-25,0.3498,0.3516,0.3435
1997-09-26,0.3399,0.348,0.3426
1997-09-27,0.3306,0.3439,0.3417
1997-09-28,0.3223,0.3393,0.341
1997-09-29,0.315,0.3352,0.3404
1997-09-30,0.3086,0.3315,0.3394
1997-10-01,0.3031,0.3276,0.3385
1997-10-02,0.2978,0.3242,0.3375
1997-10-03,0.2932,0.3208,0.3367
1997-10-04,0.289,0.3176,0.336
1997-10-05,0.2842,0.3145,0.3354
1997-10-06,0.2819,0.3117,0.3345
1997-10-07,0.373,0.3147,0.334
1997-10-08,0.3867,0.331,0.3335
1997-10-09,0.3613,0.3335,0.333
1997-10-10,0.3956,0.3432,0.333
1997-10-11,0.4265,0.3905,0.333
1997-10-12,0.4481,0.432,0.3387
1997-10-13,0.4311,0.4337,0.3513
1997-10-14,0.423,0.4234,0.3553
1997-10-15,0.4232,0.4169,0.3578
1997-10-16,0.4373,0.4225,0.36
1997-10-17,0.4215,0.4203,0.3626
1997-10-18,0.4108,0.4134,0.364
1997-10-19,0.4013,0.4068,0.365
1997-10-20,0.3944,0.401,0.3654
1997-10-21,0.4002,0.3977,0.366
1997-10-22,0.3998,0.396,0.366
1997-10-23,0.4483,0.4212,0.3676
1997-10-24,0.4334,0.4352,0.3724
1997-10-25,0.4186,0.4255,0.3756
1997-10-26,0.4089,0.4174,0.3773
1997-10-27,0.4018,0.4106,0.378
1997-10-28,0.4052,0.4064,0.379
1997-10-29,0.4042,0.4047,0.3793
1997-10-30,0.3971,0.4016,0.38
1997-10-31,0.3927,0.3988,0.38
1997-11-01,0.3895,0.396,0.38
1997-11-02,0.3858,0.393,0.38
1997-11-03,0.3822,0.39,0.38
1997-11-04,0.3875,0.388,0.38
1997-11-05,0.4346,0.4002,0.38
1997-11-06,0.4475,0.4435,0.3959
1997-11-07,0.4478,0.4508,0.4274
1997-11-08,0.4404,0.4437,0.4301
1997-11-09,0.4301,0.443,0.4349
1997-11-10,0.4327,0.4346,0.437
1997-11-11,0.4422,0.4345,0.437
1997-11-12,0.4307,0.446,0.4446
1997-11-13,0.4279,0.435,0.4457
1997-11-14,0.4241,0.4293,0.4441
1997-11-15,0.4239,0.4252,0.4425
1997-11-16,0.4307,0.4247,0.4407
1997-11-17,0.432,0.4278,0.4395
1997-11-18,0.4304,0.429,0.4385
1997-11-19,0.432,0.4294,0.4376
1997-11-20,0.4441,0.4361,0.437
1997-11-21,0.4395,0.4425,0.438
1997-11-22,0.4328,0.4391,0.438
1997-11-23,0.427,0.435,0.438
1997-11-24,0.4235,0.4305,0.4371
1997-11-25,0.423,0.4269,0.4365
1997-11-26,0.4221,0.4246,0.4357
1997-11-27,0.4198,0.4226,0.4349
1997-11-28,0.426,0.4214,0.434
1997-11-29,0.44,0.4343,0.434
1997-11-30,0.4428,0.4367,0.434
1998-04-01,0.4095,0.407,0.4283
1998-04-02,0.418,0.4071,0.4294
1998-04-03,0.4251,0.4097,0.4235
1998-04-04,0.4377,0.4291,0.4082
1998-04-05,0.4449,0.4443,0.4095
1998-04-06,0.4414,0.4509,0.4164
1998-04-07,0.4439,0.4483,0.4203
1998-04-08,0.433,0.4443,0.4249
1998-04-09,0.4313,0.4343,0.4265
1998-04-10,0.45,0.4433,0.4251
1998-04-11,0.4367,0.4432,0.426
1998-04-12,0.4335,0.4367,0.4247
1998-04-13,0.4281,0.4332,0.4232
1998-04-14,0.4201,0.4277,0.4211
1998-04-15,0.4302,0.4268,0.4186
1998-04-16,0.4366,0.4348,0.4177
1998-04-17,0.4443,0.4393,0.4173
1998-04-18,0.4384,0.4408,0.4192
1998-04-19,0.433,0.4362,0.4196
1998-04-20,0.4378,0.4363,0.419
1998-04-21,0.4409,0.4446,0.423
1998-04-22,0.4361,0.4497,0.4321
1998-04-23,0.43,0.4472,0.4415
1998-04-24,0.4358,0.4468,0.447
1998-04-25,0.4378,0.4462,0.4512
1998-04-26,0.426,0.4343,0.4551
1998-04-27,0.43,0.4332,0.4548
1998-04-28,0.4309,0.4255,0.45
1998-04-29,0.4416,0.4325,0.4434
1998-04-30,0.444,0.4462,0.4415
1998-05-01,0.4403,0.446,0.4448
1998-05-02,0.4407,0.4464,0.4483
1998-05-03,0.4383,0.4434,0.4509
1998-05-04,0.4355,0.439,0.4532
1998-05-05,0.4341,0.4334,0.4525
1998-05-06,0.4263,0.4299,0.4485
1998-05-07,0.4186,0.4252,0.444
1998-05-08,0.4077,0.4175,0.4395
1998-05-09,0.3953,0.4094,0.433
1998-05-10,0.3856,0.4022,0.4261
1998-05-11,0.3745,0.3939,0.4193
1998-05-12,0.3621,0.3849,0.413
1998-05-13,0.3518,0.3766,0.4068
1998-05-14,0.3453,0.3689,0.4013
1998-05-15,0.3595,0.3638,0.3963
1998-05-16,0.374,0.3633,0.3921
1998-05-17,0.3567,0.3597,0.3878
1998-05-18,0.3413,0.3546,0.3835
1998-05-19,0.33,0.349,0.3795
1998-05-20,0.3271,0.344,0.3757
1998-05-21,0.3347,0.3405,0.3724
1998-05-22,0.3373,0.338,0.3693
1998-05-23,0.3276,0.3352,0.3665
1998-05-24,0.3156,0.3312,0.3634
1998-05-25,0.3058,0.3272,0.3606
1998-05-26,0.302,0.3232,0.358
1998-05-27,0.3333,0.3211,0.3556
1998-05-28,0.403,0.3393,0.354
1998-05-29,0.4358,0.3873,0.353
1998-05-30,0.4073,0.3961,0.3525
1998-05-31,0.4111,0.398,0.352
1998-06-01,0.4069,0.4085,0.3524
1998-06-02,0.3985,0.3982,0.3518
1998-06-03,0.4374,0.4062,0.3517
1998-06-04,0.4278,0.4169,0.3522
1998-06-05,0.4021,0.407,0.3525
1998-06-06,0.4084,0.399,0.3519
1998-06-07,0.4392,0.4279,0.3564
1998-06-08,0.412,0.4239,0.3625
1998-06-09,0.3921,0.409,0.3625
1998-06-10,0.4222,0.4175,0.3625
1998-06-11,0.4525,0.4444,0.3673
1998-06-12,0.458,0.4522,0.3759
1998-06-13,0.439,0.4412,0.3838
1998-06-14,0.4292,0.4298,0.3859
1998-06-15,0.4273,0.4232,0.3867
1998-06-16,0.4166,0.4179,0.3866
1998-06-17,0.3974,0.4089,0.3855
1998-06-18,0.3804,0.3982,0.384
1998-06-19,0.3652,0.3874,0.3818
1998-06-20,0.3504,0.3768,0.3791
1998-06-21,0.3349,0.3658,0.3764
1998-06-22,0.3226,0.3558,0.3735
1998-06-23,0.3169,0.3484,0.3711
1998-06-24,0.3093,0.3418,0.3689
1998-06-25,0.3097,0.3354,0.3662
1998-06-26,0.3617,0.3344,0.3645
1998-06-27,0.389,0.3447,0.363
1998-06-28,0.3692,0.3451,0.361
1998-06-29,0.3471,0.3412,0.359
1998-06-30,0.35,0.337,0.3568
1998-07-01,0.3473,0.3334,0.355
1998-07-02,0.4047,0.3365,0.3529
1998-07-03,0.4187,0.395,0.3521
1998-07-04,0.3952,0.4078,0.353
1998-07-05,0.3778,0.3959,0.3525
1998-07-06,0.3608,0.384,0.3515
1998-07-07,0.3962,0.3891,0.351
1998-07-08,0.4188,0.4171,0.3519
1998-07-09,0.3945,0.4055,0.3524
1998-07-10,0.3771,0.3939,0.352
1998-07-11,0.3664,0.3841,0.3515
1998-07-12,0.3523,0.3742,0.3501
1998-07-13,0.3704,0.3668,0.3485
1998-07-14,0.411,0.3855,0.3477
1998-07-15,0.3807,0.3809,0.3467
1998-07-16,0.3598,0.3722,0.3456
1998-07-17,0.343,0.3632,0.3445
1998-07-18,0.3265,0.3537,0.3429
1998-07-19,0.3126,0.344,0.341
1998-07-20,0.2995,0.3348,0.339
1998-07-21,0.2838,0.3255,0.3369
1998-07-22,0.2793,0.3185,0.3351
1998-07-23,0.2757,0.3126,0.3332
1998-07-24,0.2633,0.306,0.3314
1998-07-25,0.2535,0.2997,0.3295
1998-07-26,0.2466,0.294,0.3279
1998-07-27,0.3695,0.3109,0.3268
1998-07-28,0.393,0.3656,0.3265
1998-07-29,0.3659,0.362,0.3256
1998-07-30,0.3467,0.3546,0.3246
1998-07-31,0.3969,0.3558,0.324
1998-08-01,0.4418,0.413,0.3266
1998-08-02,0.4408,0.4442,0.3397
1998-08-03,0.4515,0.4468,0.3549
1998-08-04,0.4299,0.4362,0.3636
1998-08-05,0.4125,0.4219,0.3664
1998-08-06,0.3949,0.4092,0.3668
1998-08-07,0.3834,0.3978,0.3665
1998-08-08,0.3782,0.3887,0.3655
1998-08-09,0.3735,0.3806,0.3645
1998-08-10,0.3671,0.3735,0.363
1998-08-11,0.357,0.3665,0.3615
1998-08-12,0.3432,0.3586,0.3596
1998-08-13,0.3397,0.3524,0.3581
1998-08-14,0.333,0.3468,0.3565
1998-08-15,0.3181,0.3401,0.355
1998-08-16,0.3171,0.334,0.3533
1998-08-17,0.3433,0.331,0.3516
1998-08-18,0.3679,0.3312,0.3506
1998-08-19,0.362,0.333,0.3495
1998-08-20,0.3426,0.3306,0.3482
1998-08-21,0.3287,0.3275,0.3466
1998-08-22,0.3391,0.3256,0.346
1998-08-23,0.3789,0.329,0.3449
1998-08-24,0.3565,0.3304,0.3436
1998-08-25,0.3463,0.3293,0.3426
1998-08-26,0.3288,0.3263,0.3415
1998-08-27,0.3141,0.3222,0.3404
1998-08-28,0.3051,0.3188,0.3394
1998-08-29,0.2961,0.3154,0.3382
1998-08-30,0.2863,0.3112,0.3366
1998-08-31,0.2766,0.3068,0.3355
1998-09-01,0.2684,0.3021,0.334
1998-09-02,0.2629,0.298,0.3325
1998-09-03,0.3327,0.2964,0.3315
1998-09-04,0.3587,0.2988,0.3305
1998-09-05,0.4227,0.3759,0.33
1998-09-06,0.3899,0.3822,0.3304
1998-09-07,0.4014,0.3793,0.3309
1998-09-08,0.4178,0.3924,0.331
1998-09-09,0.3896,0.3884,0.3316
1998-09-10,0.3711,0.38,0.3315
1998-09-11,0.427,0.3926,0.3316
1998-09-12,0.4563,0.4478,0.3383
1998-09-13,0.4548,0.4465,0.3505
1998-09-14,0.4507,0.4461,0.3597
1998-09-15,0.4457,0.4385,0.3662
1998-09-16,0.4433,0.4376,0.3713
1998-09-17,0.4281,0.4291,0.3748
1998-09-18,0.4125,0.4197,0.3767
1998-09-19,0.3997,0.4105,0.377
1998-09-20,0.3907,0.4027,0.377
1998-09-21,0.385,0.3963,0.377
1998-09-22,0.3897,0.3915,0.3765
1998-09-23,0.3936,0.3897,0.3763
1998-09-24,0.3942,0.3875,0.376
1998-09-25,0.3935,0.3871,0.3755
1998-09-26,0.4127,0.3896,0.375
1998-09-27,0.4331,0.4059,0.3751
1998-09-28,0.44,0.4269,0.3769
1998-09-29,0.427,0.4273,0.3795
1998-09-30,0.4395,0.4462,0.3957
1998-10-01,0.4378,0.4394,0.4116
1998-10-02,0.452,0.4465,0.4152
1998-10-03,0.4428,0.4435,0.4195
1998-10-04,0.4356,0.4386,0.422
1998-10-05,0.4341,0.4351,0.4231
1998-10-06,0.4468,0.4492,0.4313
1998-10-07,0.4382,0.4425,0.438
1998-10-08,0.4395,0.4405,0.438
1998-10-09,0.4394,0.4392,0.438
1998-10-10,0.4339,0.442,0.438
1998-10-11,0.4274,0.4351,0.4376
1998-10-12,0.4325,0.434,0.4367
1998-10-13,0.4197,0.4293,0.4357
1998-10-14,0.4109,0.4224,0.4345
1998-10-15,0.4037,0.4157,0.4332
1998-10-16,0.3975,0.4094,0.4315
1998-10-17,0.3915,0.4037,0.4298
1998-10-18,0.438,0.4249,0.429
1998-10-19,0.4258,0.4288,0.4285
1998-10-20,0.4184,0.4261,0.428
1998-10-21,0.4107,0.421,0.4275
1998-10-22,0.4049,0.4156,0.4265
1998-10-23,0.3994,0.4104,0.4255
1998-10-24,0.4189,0.4094,0.4245
1998-10-25,0.453,0.4498,0.4321
1998-10-26,0.4489,0.4515,0.4402
1998-10-27,0.4483,0.4515,0.4426
1998-10-28,0.4408,0.4455,0.443
1998-10-29,0.427,0.4442,0.4449
1998-10-30,0.4156,0.4345,0.4472
1998-10-31,0.4258,0.4285,0.4452
1998-11-01,0.4517,0.4494,0.446
1998-11-02,0.4404,0.4512,0.45
1998-11-03,0.4491,0.4484,0.453
1998-11-04,0.4444,0.4427,0.4589
1998-11-05,0.4273,0.4292,0.4565
1998-11-06,0.4168,0.4204,0.4529
1998-11-07,0.4099,0.4136,0.4496
1998-11-08,0.4046,0.4085,0.4466
1998-11-09,0.4013,0.4045,0.4438
1998-11-10,0.4259,0.4292,0.4441
1998-11-11,0.4268,0.4407,0.448
1998-11-12,0.4245,0.4316,0.4474
1998-11-13,0.4247,0.4274,0.446
1998-11-14,0.4407,0.4307,0.445
1998-11-15,0.4319,0.4345,0.4444
1998-11-16,0.4232,0.4298,0.4435
1998-11-17,0.4169,0.4244,0.4423
1998-11-18,0.4127,0.4193,0.4406
1998-11-19,0.4087,0.4151,0.439
1998-11-20,0.4053,0.4115,0.4373
1998-11-21,0.4025,0.4085,0.4355
1998-11-22,0.4001,0.4059,0.4335
1998-11-23,0.398,0.4036,0.4317
1998-11-24,0.3974,0.4017,0.4298
1998-11-25,0.4014,0.401,0.4279
1998-11-26,0.4009,0.401,0.426
1998-11-27,0.4025,0.4003,0.4242
1998-11-28,0.4017,0.401,0.4223
1998-11-29,0.3974,0.4001,0.4205
1998-11-30,0.395,0.3993,0.4187
1999-04-01,0.4359,0.4423,0.4419
1999-04-02,0.4399,0.4501,0.446
1999-04-03,0.4437,0.4515,0.4523
1999-04-04,0.4467,0.4467,0.4577
1999-04-05,0.4447,0.4461,0.4596
1999-04-06,0.4437,0.4456,0.4611
1999-04-07,0.4446,0.4438,0.4637
1999-04-08,0.4502,0.4388,0.4623
1999-04-09,0.4446,0.4431,0.4568
1999-04-10,0.4383,0.4501,0.4523
1999-04-11,0.4447,0.4498,0.4525
1999-04-12,0.4516,0.4532,0.4497
1999-04-13,0.4505,0.455,0.4491
1999-04-14,0.4477,0.4515,0.446
1999-04-15,0.4434,0.4491,0.4426
1999-04-16,0.428,0.4393,0.4382
1999-04-17,0.4199,0.431,0.4325
1999-04-18,0.4159,0.4249,0.4268
1999-04-19,0.423,0.4227,0.4216
1999-04-20,0.4419,0.4333,0.4177
1999-04-21,0.4495,0.4543,0.4325
1999-04-22,0.4494,0.4535,0.4479
1999-04-23,0.4411,0.4498,0.4548
1999-04-24,0.44,0.4382,0.4592
1999-04-25,0.4449,0.4452,0.4574
1999-04-26,0.4455,0.4508,0.4575
1999-04-27,0.4428,0.4512,0.4614
1999-04-28,0.4342,0.4369,0.4628
1999-04-29,0.4369,0.4371,0.4541
1999-04-30,0.4351,0.4471,0.4479
1999-05-01,0.425,0.4421,0.4462
1999-05-02,0.419,0.4369,0.4435
1999-05-03,0.4171,0.4326,0.4411
1999-05-04,0.4458,0.435,0.4304
1999-05-05,0.4456,0.4466,0.416
1999-05-06,0.4376,0.4483,0.4255
1999-05-07,0.4308,0.4392,0.43
1999-05-08,0.4395,0.4421,0.4305
1999-05-09,0.4188,0.4338,0.4087
1999-05-10,0.4219,0.431,0.4081
1999-05-11,0.4238,0.429,0.4055
1999-05-12,0.4238,0.4231,0.4037
1999-05-13,0.4344,0.4284,0.4002
1999-05-14,0.4293,0.4329,0.3993
1999-05-15,0.4277,0.4331,0.401
1999-05-16,0.4144,0.4242,0.3975
1999-05-17,0.4244,0.4259,0.3938
1999-05-18,0.4186,0.4245,0.3915
1999-05-19,0.4327,0.4218,0.3887
1999-05-20,0.443,0.4308,0.3875
1999-05-21,0.4581,0.4488,0.39
1999-05-22,0.4463,0.448,0.3955
1999-05-23,0.424,0.4343,0.3968
1999-05-24,0.4065,0.4211,0.3951
1999-05-25,0.3992,0.4101,0.3921
1999-05-26,0.3935,0.4029,0.3892
1999-05-27,0.3781,0.394,0.3856
1999-05-28,0.3898,0.3862,0.382
1999-05-29,0.3758,0.3802,0.3785
1999-05-30,0.3619,0.3726,0.375
1999-05-31,0.354,0.3655,0.3717
1999-06-01,0.3474,0.3587,0.3685
1999-06-02,0.3606,0.3582,0.3653
1999-06-03,0.3851,0.3819,0.3629
1999-06-04,0.411,0.4081,0.361
1999-06-05,0.3913,0.4,0.36
1999-06-06,0.4306,0.4298,0.3638
1999-06-07,0.423,0.4277,0.3699
1999-06-08,0.4352,0.4469,0.377
1999-06-09,0.413,0.4265,0.3797
1999-06-10,0.4314,0.4221,0.38
1999-06-11,0.4196,0.4234,0.3805
1999-06-12,0.4,0.4124,0.3796
1999-06-13,0.3848,0.4013,0.3781
1999-06-14,0.4147,0.3985,0.3768
1999-06-15,0.423,0.413,0.3764
1999-06-16,0.4102,0.4085,0.3755
1999-06-17,0.4,0.4024,0.3745
1999-06-18,0.386,0.3949,0.373
1999-06-19,0.3726,0.387,0.3712
1999-06-20,0.3594,0.3786,0.3692
1999-06-21,0.3704,0.373,0.3676
1999-06-22,0.3747,0.3707,0.366
1999-06-23,0.3547,0.3643,0.364
1999-06-24,0.3368,0.3563,0.3612
1999-06-25,0.3218,0.348,0.3589
1999-06-26,0.3112,0.3399,0.3561
1999-06-27,0.3467,0.3349,0.3541
1999-06-28,0.4035,0.3545,0.3523
1999-06-29,0.3733,0.3542,0.3505
1999-06-30,0.3701,0.3523,0.3488
1999-07-01,0.3499,0.348,0.3471
1999-07-02,0.3275,0.3404,0.345
1999-07-03,0.3085,0.3323,0.3428
1999-07-04,0.2913,0.3241,0.3401
1999-07-05,0.2954,0.3166,0.338
1999-07-06,0.427,0.3456,0.337
1999-07-07,0.388,0.3612,0.3364
1999-07-08,0.3637,0.3574,0.3351
1999-07-09,0.3524,0.352,0.334
1999-07-10,0.3563,0.3478,0.333
1999-07-11,0.3882,0.3485,0.332
1999-07-12,0.401,0.3597,0.3317
1999-07-13,0.3953,0.3627,0.331
1999-07-14,0.4266,0.3835,0.3309
1999-07-15,0.3913,0.386,0.3306
1999-07-16,0.3698,0.3777,0.3303
1999-07-17,0.3513,0.368,0.3295
1999-07-18,0.3593,0.3593,0.3284
1999-07-19,0.3824,0.3586,0.3275
1999-07-20,0.3586,0.354,0.3265
1999-07-21,0.3464,0.348,0.3255
1999-07-22,0.341,0.3439,0.3248
1999-07-23,0.3297,0.3392,0.324
1999-07-24,0.3167,0.3335,0.3231
1999-07-25,0.3049,0.3272,0.3216
1999-07-26,0.2942,0.3211,0.3205
1999-07-27,0.2828,0.3142,0.3191
1999-07-28,0.3372,0.311,0.318
1999-07-29,0.3869,0.3177,0.318
1999-07-30,0.408,0.3343,0.3175
1999-07-31,0.4119,0.3628,0.3175
1999-08-01,0.3935,0.3784,0.318
1999-08-02,0.3686,0.3709,0.3175
1999-08-03,0.3587,0.3623,0.317
1999-08-04,0.3644,0.3576,0.317
1999-08-05,0.3622,0.3535,0.3165
1999-08-06,0.3702,0.3493,0.3157
1999-08-07,0.3965,0.3537,0.3152
1999-08-08,0.369,0.3518,0.3145
1999-08-09,0.3633,0.3475,0.3139
1999-08-10,0.4183,0.387,0.314
1999-08-11,0.4002,0.3931,0.315
1999-08-12,0.3975,0.3884,0.3159
1999-08-13,0.3945,0.3859,0.3169
1999-08-14,0.3743,0.3785,0.317
1999-08-15,0.3574,0.3695,0.3166
1999-08-16,0.4012,0.3894,0.3172
1999-08-17,0.4254,0.4293,0.3219
1999-08-18,0.414,0.4142,0.3251
1999-08-19,0.4194,0.4077,0.327
1999-08-20,0.4416,0.4333,0.3308
1999-08-21,0.415,0.423,0.3357
1999-08-22,0.3953,0.4079,0.3372
1999-08-23,0.3799,0.3953,0.3379
1999-08-24,0.3655,0.384,0.3375
1999-08-25,0.3503,0.373,0.3366
1999-08-26,0.348,0.365,0.336
1999-08-27,0.3466,0.3598,0.3355
1999-08-28,0.3408,0.354,0.335
1999-08-29,0.3453,0.3504,0.3345
1999-08-30,0.3413,0.3472,0.3337
1999-08-31,0.329,0.3425,0.3331
1999-09-01,0.3174,0.3368,0.3321
1999-09-02,0.3072,0.3316,0.3308
1999-09-03,0.3087,0.3272,0.33
1999-09-04,0.3126,0.3243,0.3295
1999-09-05,0.305,0.3206,0.3285
1999-09-06,0.3124,0.3172,0.328
1999-09-07,0.3326,0.3163,0.3272
1999-09-08,0.3189,0.3145,0.3265
1999-09-09,0.3083,0.3116,0.3255
1999-09-10,0.3031,0.309,0.3245
1999-09-11,0.3044,0.3066,0.3237
1999-09-12,0.2988,0.3037,0.3229
1999-09-13,0.2911,0.3007,0.322
1999-09-14,0.2822,0.2975,0.3211
1999-09-15,0.2784,0.295,0.32
1999-09-16,0.2828,0.2936,0.32
1999-09-17,0.2933,0.2921,0.3193
1999-09-18,0.347,0.2932,0.3185
1999-09-19,0.3664,0.2985,0.318
1999-09-20,0.438,0.4028,0.319
1999-09-21,0.4179,0.4155,0.3221
1999-09-22,0.4012,0.4055,0.3242
1999-09-23,0.3895,0.3965,0.3257
1999-09-24,0.3779,0.388,0.326
1999-09-25,0.3773,0.3805,0.3263
1999-09-26,0.4375,0.3981,0.3273
1999-09-27,0.4195,0.413,0.3295
1999-09-28,0.4444,0.4269,0.3327
1999-09-29,0.4193,0.4219,0.3368
1999-09-30,0.4226,0.428,0.3422
1999-10-01,0.4257,0.4316,0.3524
1999-10-02,0.4128,0.4187,0.3557
1999-10-03,0.4347,0.4376,0.3669
1999-10-04,0.4178,0.4314,0.3838
1999-10-05,0.4238,0.4249,0.3867
1999-10-06,0.4151,0.4189,0.3883
1999-10-07,0.4075,0.4126,0.389
1999-10-08,0.401,0.4072,0.3894
1999-10-09,0.3949,0.4024,0.3895
1999-10-10,0.3897,0.3981,0.3895
1999-10-11,0.3837,0.3938,0.389
1999-10-12,0.3777,0.3893,0.3885
1999-10-13,0.4191,0.3933,0.388
1999-10-14,0.4123,0.403,0.3884
1999-10-15,0.4015,0.4021,0.389
1999-10-16,0.3951,0.3996,0.389
1999-10-17,0.3883,0.396,0.3885
1999-10-18,0.4051,0.3948,0.388
1999-10-19,0.4466,0.4166,0.3887
1999-10-20,0.4398,0.4371,0.3929
1999-10-21,0.4378,0.4499,0.4179
1999-10-22,0.4332,0.4372,0.4288
1999-10-23,0.4485,0.4523,0.4396
1999-10-24,0.4443,0.4429,0.4465
1999-10-25,0.4514,0.4537,0.4501
1999-10-26,0.4322,0.444,0.4504
1999-10-27,0.4203,0.4316,0.448
1999-10-28,0.4115,0.4218,0.4453
1999-10-29,0.4045,0.4143,0.4427
1999-10-30,0.4057,0.4092,0.4403
1999-10-31,0.4155,0.4087,0.4383
1999-11-01,0.4037,0.4067,0.4364
1999-11-02,0.4045,0.4039,0.4345
1999-11-03,0.447,0.4425,0.4342
1999-11-04,0.4423,0.4455,0.4357
1999-11-05,0.4265,0.4385,0.4365
1999-11-06,0.4344,0.4438,0.4398
1999-11-07,0.4281,0.4398,0.444
1999-11-08,0.4234,0.4313,0.4433
1999-11-09,0.4231,0.4263,0.4417
1999-11-10,0.4214,0.423,0.4405
1999-11-11,0.4207,0.4204,0.4392
1999-11-12,0.4303,0.4211,0.4379
1999-11-13,0.4352,0.4274,0.437
1999-11-14,0.4447,0.4365,0.437
1999-11-15,0.4306,0.4377,0.437
1999-11-16,0.4267,0.4334,0.4364
1999-11-17,0.4219,0.4298,0.436
1999-11-18,0.4163,0.4253,0.4355
1999-11-19,0.4124,0.4209,0.4349
1999-11-20,0.4092,0.4171,0.434
1999-11-21,0.4062,0.4137,0.4332
1999-11-22,0.4038,0.4107,0.4323
1999-11-23,0.4013,0.408,0.4312
1999-11-24,0.3991,0.4055,0.4302
1999-11-25,0.3972,0.4034,0.4291
1999-11-26,0.3954,0.4015,0.428
1999-11-27,0.3935,0.3995,0.4267
1999-11-28,0.392,0.3978,0.4256
1999-11-29,0.3905,0.3965,0.4245
1999-11-30,0.3895,0.3951,0.4234
2000-04-01,0.436,0.4289,0.4445
2000-04-02,0.4365,0.434,0.4427
2000-04-03,0.4483,0.4483,0.4466
2000-04-04,0.4423,0.4505,0.453
2000-04-05,0.4448,0.4487,0.458
2000-04-06,0.4441,0.439,0.459
2000-04-07,0.4436,0.4471,0.4573
2000-04-08,0.4372,0.4514,0.4584
2000-04-09,0.4438,0.4467,0.46
2000-04-10,0.4552,0.4537,0.4598
2000-04-11,0.4474,0.4478,0.4625
2000-04-12,0.4526,0.4433,0.4616
2000-04-13,0.4446,0.4501,0.4614
2000-04-14,0.4483,0.448,0.4617
2000-04-15,0.4492,0.4489,0.4619
2000-04-16,0.4446,0.4395,0.4554
2000-04-17,0.4467,0.4539,0.4557
2000-04-18,0.4359,0.446,0.4519
2000-04-19,0.4349,0.4394,0.4475
2000-04-20,0.4349,0.4429,0.4422
2000-04-21,0.4241,0.4399,0.4407
2000-04-22,0.4136,0.4332,0.4399
2000-04-23,0.431,0.438,0.4393
2000-04-24,0.4451,0.4475,0.4431
2000-04-25,0.4298,0.4313,0.4358
2000-04-26,0.4262,0.437,0.4283
2000-04-27,0.4145,0.4344,0.4267
2000-04-28,0.4403,0.4467,0.4333
2000-04-29,0.4396,0.4439,0.4394
2000-04-30,0.4281,0.4344,0.4212
2000-05-01,0.4267,0.4393,0.4187
2000-05-02,0.4195,0.4346,0.422
2000-05-03,0.4261,0.4328,0.4247
2000-05-04,0.4205,0.4331,0.4278
2000-05-05,0.4188,0.4303,0.4319
2000-05-06,0.4204,0.4251,0.4325
2000-05-07,0.4245,0.4181,0.427
2000-05-08,0.4285,0.4261,0.42
2000-05-09,0.4258,0.4255,0.4138
2000-05-10,0.433,0.426,0.4096
2000-05-11,0.4263,0.4249,0.4057
2000-05-12,0.4113,0.4169,0.4004
2000-05-13,0.4045,0.409,0.395
2000-05-14,0.4015,0.4037,0.3901
2000-05-15,0.3889,0.3967,0.3855
2000-05-16,0.376,0.3887,0.3809
2000-05-17,0.366,0.3802,0.3765
2000-05-18,0.3723,0.3755,0.3728
2000-05-19,0.3729,0.3722,0.3695
2000-05-20,0.3588,0.3674,0.3662
2000-05-21,0.3503,0.361,0.3629
2000-05-22,0.374,0.358,0.36
2000-05-23,0.3547,0.3546,0.357
2000-05-24,0.3434,0.3498,0.3542
2000-05-25,0.3355,0.345,0.3519
2000-05-26,0.3578,0.3421,0.3496
2000-05-27,0.429,0.3888,0.348
2000-05-28,0.435,0.4125,0.3483
2000-05-29,0.4288,0.4234,0.3505
2000-05-30,0.4135,0.4148,0.3517
2000-05-31,0.4087,0.4082,0.352
2000-06-01,0.3912,0.3993,0.3515
2000-06-02,0.3726,0.388,0.35
2000-06-03,0.3629,0.3775,0.3481
2000-06-04,0.3562,0.3687,0.3462
2000-06-05,0.363,0.3615,0.3445
2000-06-06,0.4061,0.3665,0.3434
2000-06-07,0.3853,0.3694,0.3425
2000-06-08,0.3617,0.3638,0.341
2000-06-09,0.3413,0.3556,0.339
2000-06-10,0.3645,0.3504,0.3374
2000-06-11,0.4275,0.371,0.337
2000-06-12,0.4026,0.3822,0.337
2000-06-13,0.3995,0.3809,0.3365
2000-06-14,0.4228,0.3886,0.3361
2000-06-15,0.4115,0.4005,0.337
2000-06-16,0.3868,0.392,0.3365
2000-06-17,0.3673,0.3815,0.3356
2000-06-18,0.3698,0.3726,0.3347
2000-06-19,0.3732,0.3678,0.3336
2000-06-20,0.3499,0.3593,0.3322
2000-06-21,0.328,0.3493,0.3305
2000-06-22,0.3117,0.3402,0.3289
2000-06-23,0.3065,0.3334,0.3275
2000-06-24,0.2978,0.3276,0.3264
2000-06-25,0.2912,0.3225,0.3252
2000-06-26,0.2827,0.3169,0.3236
2000-06-27,0.2738,0.3101,0.3221
2000-06-28,0.3297,0.3064,0.321
2000-06-29,0.3382,0.3074,0.32
2000-06-30,0.3143,0.304,0.3185
2000-07-01,0.2983,0.2996,0.317
2000-07-02,0.2846,0.2942,0.3152
2000-07-03,0.284,0.289,0.3135
2000-07-04,0.3907,0.3011,0.313
2000-07-05,0.3717,0.3179,0.3121
2000-07-06,0.3373,0.3152,0.3106
2000-07-07,0.3206,0.3096,0.3095
2000-07-08,0.3483,0.3081,0.309
2000-07-09,0.346,0.3096,0.3084
2000-07-10,0.3945,0.3229,0.308
2000-07-11,0.4418,0.3834,0.3085
2000-07-12,0.4371,0.4085,0.3108
2000-07-13,0.4164,0.409,0.3134
2000-07-14,0.4447,0.4154,0.3157
2000-07-15,0.4346,0.4256,0.3201
2000-07-16,0.4176,0.416,0.3235
2000-07-17,0.3973,0.4042,0.325
2000-07-18,0.3779,0.392,0.3257
2000-07-19,0.3618,0.3804,0.3255
2000-07-20,0.3483,0.3701,0.325
2000-07-21,0.335,0.3602,0.3244
2000-07-22,0.3202,0.3503,0.3231
2000-07-23,0.3146,0.3411,0.3216
2000-07-24,0.44,0.4073,0.3263
2000-07-25,0.4311,0.4336,0.3443
2000-07-26,0.4327,0.4314,0.3485
2000-07-27,0.406,0.4159,0.3505
2000-07-28,0.4101,0.4056,0.351
2000-07-29,0.4018,0.4003,0.3518
2000-07-30,0.3853,0.3926,0.3515
2000-07-31,0.3673,0.383,0.3506
2000-08-01,0.3506,0.3723,0.3495
2000-08-02,0.3792,0.3706,0.3484
2000-08-03,0.4441,0.4218,0.3495
2000-08-04,0.4304,0.4296,0.354
2000-08-05,0.4298,0.4306,0.359
2000-08-06,0.4183,0.4292,0.3677
2000-08-07,0.4069,0.4182,0.3699
2000-08-08,0.3913,0.4064,0.3704
2000-08-09,0.3818,0.3966,0.3702
2000-08-10,0.3704,0.3876,0.3695
2000-08-11,0.3559,0.3777,0.368
2000-08-12,0.3809,0.3722,0.3666
2000-08-13,0.4143,0.3805,0.366
2000-08-14,0.3975,0.3846,0.3655
2000-08-15,0.377,0.3793,0.3645
2000-08-16,0.3602,0.3724,0.3631
2000-08-17,0.3645,0.3652,0.3615
2000-08-18,0.3901,0.3673,0.3603
2000-08-19,0.3599,0.3618,0.3585
2000-08-20,0.3377,0.3541,0.357
2000-08-21,0.3537,0.349,0.3551
2000-08-22,0.4027,0.3691,0.3537
2000-08-23,0.3707,0.3659,0.3526
2000-08-24,0.3491,0.3587,0.3513
2000-08-25,0.3317,0.3508,0.3496
2000-08-26,0.3179,0.3428,0.348
2000-08-27,0.37,0.3406,0.347
2000-08-28,0.3593,0.3416,0.346
2000-08-29,0.3394,0.3378,0.3446
2000-08-30,0.3596,0.3355,0.3436
2000-08-31,0.4259,0.3533,0.343
2000-09-01,0.3942,0.3702,0.343
2000-09-02,0.377,0.3677,0.3425
2000-09-03,0.3745,0.3652,0.342
2000-09-04,0.3685,0.3634,0.342
2000-09-05,0.3569,0.3597,0.3414
2000-09-06,0.3437,0.3546,0.3405
2000-09-07,0.3444,0.3504,0.34
2000-09-08,0.339,0.3471,0.3394
2000-09-09,0.3272,0.3421,0.3385
2000-09-10,0.3166,0.3369,0.3374
2000-09-11,0.3072,0.3317,0.3364
2000-09-12,0.2978,0.3265,0.335
2000-09-13,0.2955,0.3215,0.334
2000-09-14,0.2968,0.3182,0.3334
2000-09-15,0.2873,0.3139,0.332
2000-09-16,0.2908,0.3105,0.331
2000-09-17,0.2939,0.3085,0.3305
2000-09-18,0.2857,0.3055,0.3295
2000-09-19,0.281,0.3025,0.3285
2000-09-20,0.4057,0.3487,0.3282
2000-09-21,0.4405,0.4332,0.3329
2000-09-22,0.4153,0.4205,0.3371
2000-09-23,0.3993,0.4082,0.3389
2000-09-24,0.3862,0.3978,0.34
2000-09-25,0.3768,0.3894,0.34
2000-09-26,0.369,0.3822,0.34
2000-09-27,0.3615,0.3755,0.34
2000-09-28,0.3534,0.3691,0.3396
2000-09-29,0.367,0.3652,0.339
2000-09-30,0.4427,0.4277,0.3414
2000-10-01,0.431,0.426,0.3458
2000-10-02,0.4385,0.4251,0.3492
2000-10-03,0.4296,0.4273,0.3529
2000-10-04,0.413,0.4182,0.3556
2000-10-05,0.403,0.4099,0.3571
2000-10-06,0.408,0.4047,0.3582
2000-10-07,0.4005,0.4013,0.359
2000-10-08,0.3909,0.3965,0.3595
2000-10-09,0.3894,0.3921,0.36
2000-10-10,0.4291,0.4157,0.3607
2000-10-11,0.4474,0.4413,0.369
2000-10-12,0.4538,0.4548,0.3885
2000-10-13,0.4435,0.4545,0.4272
2000-10-14,0.4466,0.4494,0.4425
2000-10-15,0.4469,0.4514,0.4554
2000-10-16,0.4431,0.4421,0.4574
2000-10-17,0.434,0.4353,0.4537
2000-10-18,0.4175,0.4255,0.4503
2000-10-19,0.4076,0.4165,0.447
2000-10-20,0.3997,0.4095,0.4439
2000-10-21,0.3929,0.4035,0.441
2000-10-22,0.3871,0.3982,0.4381
2000-10-23,0.3822,0.3939,0.4356
2000-10-24,0.3783,0.3903,0.4332
2000-10-25,0.3748,0.387,0.431
2000-10-26,0.3802,0.385,0.429
2000-10-27,0.383,0.385,0.4273
2000-10-28,0.3777,0.384,0.4255
2000-10-29,0.3814,0.3824,0.4239
2000-10-30,0.3865,0.383,0.4225
2000-10-31,0.4278,0.4254,0.4254
2000-11-01,0.4258,0.4354,0.4292
2000-11-02,0.4336,0.4313,0.43
2000-11-03,0.455,0.4531,0.4385
2000-11-04,0.4423,0.4473,0.446
2000-11-05,0.4356,0.4406,0.4456
2000-11-06,0.4485,0.4511,0.4531
2000-11-07,0.45,0.4476,0.4564
2000-11-08,0.439,0.4427,0.4547
2000-11-09,0.4377,0.4374,0.4526
2000-11-10,0.431,0.433,0.4507
2000-11-11,0.424,0.4278,0.4488
2000-11-12,0.4339,0.4258,0.4469
2000-11-13,0.4418,0.4394,0.4475
2000-11-14,0.447,0.4522,0.4634
2000-11-15,0.4335,0.436,0.4611
2000-11-16,0.4335,0.4259,0.4567
2000-11-17,0.4396,0.4364,0.454
2000-11-18,0.4244,0.4294,0.4518
2000-11-19,0.4264,0.4239,0.449
2000-11-20,0.4447,0.4343,0.4466
2000-11-21,0.4348,0.438,0.4452
2000-11-22,0.4456,0.4403,0.4436
2000-11-23,0.4438,0.4517,0.45
2000-11-24,0.4226,0.4358,0.4607
2000-11-25,0.4207,0.4237,0.4564
2000-11-26,0.4402,0.4329,0.4532
2000-11-27,0.4327,0.4335,0.451
2000-11-28,0.4418,0.4351,0.4486
2000-11-29,0.4361,0.4387,0.4467
2000-11-30,0.4394,0.4373,0.4446
2001-04-01,0.4297,0.4403,0.4276
2001-04-02,0.426,0.4371,0.4271
2001-04-03,0.4244,0.4362,0.427
2001-04-04,0.4308,0.4335,0.4292
2001-04-05,0.4449,0.4417,0.4309
2001-04-06,0.4455,0.444,0.4321
2001-04-07,0.4419,0.443,0.4404
2001-04-08,0.449,0.4434,0.4379
2001-04-09,0.4534,0.45,0.4358
2001-04-10,0.4532,0.4539,0.4391
2001-04-11,0.4569,0.4562,0.4423
2001-04-12,0.4383,0.4514,0.4458
2001-04-13,0.4307,0.4399,0.4457
2001-04-14,0.426,0.434,0.4412
2001-04-15,0.4264,0.4284,0.4367
2001-04-16,0.4411,0.4391,0.4353
2001-04-17,0.4338,0.4397,0.4352
2001-04-18,0.4239,0.4377,0.434
2001-04-19,0.424,0.435,0.4338
2001-04-20,0.4285,0.4356,0.4314
2001-04-21,0.4247,0.4309,0.4283
2001-04-22,0.4239,0.4271,0.4246
2001-04-23,0.4327,0.4283,0.4212
2001-04-24,0.4364,0.4418,0.4209
2001-04-25,0.435,0.4492,0.433
2001-04-26,0.4271,0.443,0.4431
2001-04-27,0.4267,0.4388,0.445
2001-04-28,0.4303,0.4327,0.4462
2001-04-29,0.4171,0.4247,0.4466
2001-04-30,0.4133,0.4218,0.4417
2001-05-01,0.4413,0.4393,0.4423
2001-05-02,0.4459,0.4463,0.4295
2001-05-03,0.4455,0.4515,0.4323
2001-05-04,0.4464,0.4528,0.4344
2001-05-05,0.4468,0.4504,0.4412
2001-05-06,0.445,0.4478,0.4403
2001-05-07,0.4383,0.443,0.4392
2001-05-08,0.4278,0.4351,0.4374
2001-05-09,0.4158,0.4257,0.4344
2001-05-10,0.4177,0.4181,0.4287
2001-05-11,0.4257,0.4187,0.4238
2001-05-12,0.4132,0.4158,0.4191
2001-05-13,0.3951,0.4068,0.414
2001-05-14,0.3866,0.3982,0.409
2001-05-15,0.4077,0.3955,0.4048
2001-05-16,0.4103,0.3983,0.4013
2001-05-17,0.4279,0.411,0.3982
2001-05-18,0.4164,0.4421,0.405
2001-05-19,0.3963,0.4224,0.4057
2001-05-20,0.3885,0.4098,0.4026
2001-05-21,0.4033,0.4033,0.3994
2001-05-22,0.4313,0.41,0.3967
2001-05-23,0.4334,0.4303,0.3958
2001-05-24,0.4355,0.4438,0.3976
2001-05-25,0.4304,0.4382,0.4002
2001-05-26,0.4194,0.4275,0.4001
2001-05-27,0.4029,0.4162,0.398
2001-05-28,0.3852,0.4043,0.3949
2001-05-29,0.3696,0.3929,0.3916
2001-05-30,0.3555,0.382,0.3881
2001-05-31,0.363,0.3737,0.3849
2001-06-01,0.3703,0.3707,0.3822
2001-06-02,0.3538,0.3651,0.3792
2001-06-03,0.3814,0.363,0.3768
2001-06-04,0.3727,0.3628,0.3742
2001-06-05,0.3509,0.3571,0.3712
2001-06-06,0.3993,0.3585,0.3685
2001-06-07,0.3771,0.3614,0.3661
2001-06-08,0.3565,0.3562,0.3635
2001-06-09,0.425,0.3686,0.3617
2001-06-10,0.4515,0.4358,0.365
2001-06-11,0.4248,0.4358,0.3766
2001-06-12,0.4041,0.4194,0.3778
2001-06-13,0.3927,0.4066,0.377
2001-06-14,0.3837,0.3968,0.3753
2001-06-15,0.3759,0.3867,0.3731
2001-06-16,0.4438,0.4183,0.3721
2001-06-17,0.4543,0.4454,0.3761
2001-06-18,0.4543,0.4489,0.3832
2001-06-19,0.4281,0.4373,0.3885
2001-06-20,0.4072,0.4221,0.3888
2001-06-21,0.3893,0.4083,0.3875
2001-06-22,0.3728,0.396,0.3853
2001-06-23,0.3575,0.384,0.3828
2001-06-24,0.3426,0.3727,0.38
2001-06-25,0.3277,0.362,0.3768
2001-06-26,0.3202,0.3521,0.374
2001-06-27,0.3414,0.3457,0.3713
2001-06-28,0.4113,0.3583,0.3695
2001-06-29,0.384,0.3648,0.368
2001-06-30,0.3578,0.3593,0.3656
2001-07-01,0.3386,0.3521,0.3632
2001-07-02,0.3235,0.3448,0.361
2001-07-03,0.3103,0.3376,0.3585
2001-07-04,0.3001,0.3305,0.356
2001-07-05,0.2899,0.3235,0.3537
2001-07-06,0.2863,0.3165,0.351
2001-07-07,0.3927,0.353,0.3496
2001-07-08,0.3858,0.3721,0.3486
2001-07-09,0.3676,0.3668,0.3475
2001-07-10,0.3633,0.3609,0.3465
2001-07-11,0.363,0.3571,0.3455
2001-07-12,0.3458,0.3513,0.344
2001-07-13,0.3301,0.3443,0.3422
2001-07-14,0.3563,0.3397,0.3405
2001-07-15,0.4352,0.3986,0.3428
2001-07-16,0.4077,0.4293,0.3578
2001-07-17,0.3956,0.413,0.3593
2001-07-18,0.4299,0.4111,0.36
2001-07-19,0.4173,0.4155,0.361
2001-07-20,0.4359,0.4181,0.3619
2001-07-21,0.4081,0.4138,0.363
2001-07-22,0.3869,0.4015,0.3625
2001-07-23,0.3785,0.3906,0.3615
2001-07-24,0.3737,0.383,0.3605
2001-07-25,0.3615,0.375,0.3592
2001-07-26,0.3521,0.3675,0.3576
2001-07-27,0.3443,0.36,0.3561
2001-07-28,0.3415,0.3536,0.3545
2001-07-29,0.3382,0.3486,0.3531
2001-07-30,0.3317,0.3434,0.3515
2001-07-31,0.3161,0.3368,0.3498
2001-08-01,0.3012,0.3297,0.3479
2001-08-02,0.2867,0.3222,0.3454
2001-08-03,0.3658,0.3308,0.344
2001-08-04,0.4254,0.3915,0.344
2001-08-05,0.3952,0.3899,0.3446
2001-08-06,0.3777,0.3827,0.3443
2001-08-07,0.3639,0.375,0.3436
2001-08-08,0.4132,0.3791,0.343
2001-08-09,0.4478,0.4276,0.3466
2001-08-10,0.4312,0.4376,0.3654
2001-08-11,0.4084,0.4211,0.3679
2001-08-12,0.391,0.4074,0.3682
2001-08-13,0.3756,0.3955,0.3675
2001-08-14,0.361,0.3842,0.3661
2001-08-15,0.3467,0.3734,0.3642
2001-08-16,0.336,0.3641,0.3625
2001-08-17,0.3541,0.3583,0.3614
2001-08-18,0.3677,0.3572,0.3604
2001-08-19,0.3501,0.3527,0.3585
2001-08-20,0.3866,0.3525,0.3575
2001-08-21,0.3692,0.3535,0.3561
2001-08-22,0.3485,0.3494,0.3545
2001-08-23,0.3324,0.3437,0.3531
2001-08-24,0.3183,0.338,0.3515
2001-08-25,0.3051,0.3314,0.35
2001-08-26,0.2946,0.3253,0.3481
2001-08-27,0.2858,0.3195,0.3462
2001-08-28,0.276,0.3138,0.3445
2001-08-29,0.2913,0.3089,0.343
2001-08-30,0.3912,0.3195,0.3416
2001-08-31,0.3938,0.3306,0.341
2001-09-01,0.4223,0.3513,0.341
2001-09-02,0.3973,0.3687,0.341
2001-09-03,0.3727,0.3652,0.3405
2001-09-04,0.4267,0.3796,0.3402
2001-09-05,0.4307,0.4075,0.3421
2001-09-06,0.4059,0.4033,0.3439
2001-09-07,0.3915,0.3955,0.3449
2001-09-08,0.3798,0.3883,0.345
2001-09-09,0.3843,0.3825,0.345
2001-09-10,0.3771,0.3784,0.345
2001-09-11,0.3662,0.3737,0.3446
2001-09-12,0.3558,0.3683,0.3441
2001-09-13,0.346,0.3623,0.3435
2001-09-14,0.4204,0.3772,0.3431
2001-09-15,0.4145,0.3993,0.344
2001-09-16,0.4092,0.3969,0.345
2001-09-17,0.4221,0.4003,0.3459
2001-09-18,0.4114,0.4018,0.347
2001-09-19,0.4069,0.3989,0.348
2001-09-20,0.4018,0.3961,0.3488
2001-09-21,0.3911,0.3916,0.349
2001-09-22,0.4352,0.4027,0.3493
2001-09-23,0.4503,0.451,0.3665
2001-09-24,0.4403,0.4449,0.4083
2001-09-25,0.4298,0.4373,0.4118
2001-09-26,0.4152,0.4275,0.413
2001-09-27,0.4051,0.4189,0.4126
2001-09-28,0.3956,0.4109,0.4116
2001-09-29,0.4325,0.43,0.4158
2001-09-30,0.4312,0.4431,0.4314
2001-10-01,0.4167,0.4314,0.432
2001-10-02,0.4065,0.4218,0.4306
2001-10-03,0.4025,0.4134,0.4295
2001-10-04,0.421,0.4438,0.4345
2001-10-05,0.41,0.4296,0.4364
2001-10-06,0.413,0.4218,0.435
2001-10-07,0.4459,0.4439,0.4353
2001-10-08,0.4347,0.4432,0.438
2001-10-09,0.4307,0.4376,0.4375
2001-10-10,0.422,0.4317,0.4365
2001-10-11,0.4116,0.4241,0.4355
2001-10-12,0.4029,0.416,0.4335
2001-10-13,0.3952,0.4086,0.4319
2001-10-14,0.4104,0.405,0.4304
2001-10-15,0.4022,0.4036,0.4285
2001-10-16,0.3924,0.3998,0.4271
2001-10-17,0.3856,0.3958,0.4255
2001-10-18,0.3988,0.3932,0.424
2001-10-19,0.404,0.3961,0.4226
2001-10-20,0.4154,0.4035,0.4216
2001-10-21,0.447,0.4427,0.4237
2001-10-22,0.4304,0.4383,0.4259
2001-10-23,0.4274,0.4369,0.4285
2001-10-24,0.4227,0.4382,0.4338
2001-10-25,0.4145,0.428,0.4336
2001-10-26,0.4079,0.4208,0.4325
2001-10-27,0.4023,0.4145,0.4314
2001-10-28,0.3976,0.4092,0.43
2001-10-29,0.3931,0.4044,0.4285
2001-10-30,0.3882,0.3999,0.4273
2001-10-31,0.386,0.396,0.4256
2001-11-01,0.4057,0.3965,0.4245
2001-11-02,0.3947,0.3961,0.4234
2001-11-03,0.388,0.394,0.4223
2001-11-04,0.3831,0.3914,0.4209
2001-11-05,0.3813,0.3894,0.4199
2001-11-06,0.3864,0.3887,0.419
2001-11-07,0.3953,0.3889,0.4181
2001-11-08,0.4214,0.3958,0.4175
2001-11-09,0.4212,0.4128,0.417
2001-11-10,0.4112,0.4131,0.417
2001-11-11,0.4165,0.4129,0.417
2001-11-12,0.4209,0.4158,0.417
2001-11-13,0.4187,0.4171,0.417
2001-11-14,0.4151,0.4175,0.417
2001-11-15,0.413,0.4163,0.417
2001-11-16,0.4219,0.4165,0.4161
2001-11-17,0.4302,0.4212,0.4162
2001-11-18,0.433,0.4268,0.417
2001-11-19,0.4305,0.4288,0.4179
2001-11-20,0.426,0.428,0.4188
2001-11-21,0.4253,0.4263,0.4192
2001-11-22,0.4237,0.4255,0.42
2001-11-23,0.4181,0.424,0.42
2001-11-24,0.413,0.4212,0.4204
2001-11-25,0.4152,0.4191,0.4203
2001-11-26,0.4205,0.4185,0.42
2001-11-27,0.4347,0.4231,0.4203
2001-11-28,0.4323,0.4285,0.421
2001-11-29,0.4265,0.429,0.4218
2001-11-30,0.4552,0.4446,0.4233
2002-04-01,0.3969,0.4062,0.4065
2002-04-02,0.3912,0.4015,0.4033
2002-04-03,0.386,0.3964,0.3998
2002-04-04,0.3829,0.3916,0.3965
2002-04-05,0.386,0.3888,0.3933
2002-04-06,0.3835,0.3857,0.3903
2002-04-07,0.4032,0.3863,0.3876
2002-04-08,0.4024,0.3905,0.3852
2002-04-09,0.4311,0.4022,0.3833
2002-04-10,0.4198,0.408,0.3822
2002-04-11,0.4228,0.4105,0.3807
2002-04-12,0.4187,0.4102,0.3796
2002-04-13,0.4423,0.4187,0.379
2002-04-14,0.444,0.436,0.3809
2002-04-15,0.4284,0.4301,0.3828
2002-04-16,0.4199,0.4222,0.383
2002-04-17,0.4137,0.4159,0.3824
2002-04-18,0.4063,0.4098,0.3812
2002-04-19,0.3971,0.4035,0.3795
2002-04-20,0.391,0.3977,0.3779
2002-04-21,0.3867,0.3927,0.3762
2002-04-22,0.3773,0.3871,0.3742
2002-04-23,0.3681,0.3813,0.3721
2002-04-24,0.3594,0.3755,0.3701
2002-04-25,0.3502,0.3693,0.368
2002-04-26,0.3439,0.363,0.3658
2002-04-27,0.3744,0.3601,0.3638
2002-04-28,0.3623,0.3579,0.3618
2002-04-29,0.3594,0.355,0.3598
2002-04-30,0.3472,0.3516,0.358
2002-05-01,0.3528,0.3475,0.3562
2002-05-02,0.4525,0.4009,0.3555
2002-05-03,0.4548,0.4531,0.3723
2002-05-04,0.4587,0.4554,0.3866
2002-05-05,0.4514,0.4503,0.3967
2002-05-06,0.4438,0.447,0.4059
2002-05-07,0.4453,0.4449,0.4132
2002-05-08,0.4434,0.4434,0.4172
2002-05-09,0.4446,0.4427,0.4203
2002-05-10,0.4428,0.4414,0.423
2002-05-11,0.44,0.4394,0.425
2002-05-12,0.4362,0.438,0.426
2002-05-13,0.4206,0.431,0.426
2002-05-14,0.4047,0.4199,0.4245
2002-05-15,0.3908,0.409,0.4222
2002-05-16,0.3779,0.3983,0.4198
2002-05-17,0.3644,0.388,0.4167
2002-05-18,0.407,0.3887,0.4144
2002-05-19,0.4159,0.4042,0.4129
2002-05-20,0.3965,0.4013,0.411
2002-05-21,0.38,0.3936,0.4086
2002-05-22,0.3673,0.3854,0.406
2002-05-23,0.4182,0.4097,0.4056
2002-05-24,0.4094,0.43,0.411
2002-05-25,0.4112,0.4197,0.411
2002-05-26,0.4047,0.4135,0.4104
2002-05-27,0.4127,0.4084,0.409
2002-05-28,0.4164,0.4098,0.4082
2002-05-29,0.3995,0.4053,0.4066
2002-05-30,0.3847,0.3983,0.405
2002-05-31,0.3698,0.3893,0.4023
2002-06-01,0.3618,0.3809,0.3999
2002-06-02,0.3695,0.3745,0.3973
2002-06-03,0.4007,0.3745,0.3953
2002-06-04,0.4112,0.3845,0.3935
2002-06-05,0.4339,0.4259,0.3964
2002-06-06,0.4483,0.4498,0.4078
2002-06-07,0.434,0.4428,0.4296
2002-06-08,0.4425,0.4365,0.4309
2002-06-09,0.4535,0.4525,0.4339
2002-06-10,0.4365,0.4449,0.4367
2002-06-11,0.417,0.4323,0.436
2002-06-12,0.4002,0.4185,0.434
2002-06-13,0.3842,0.4053,0.4312
2002-06-14,0.369,0.3933,0.4283
2002-06-15,0.354,0.382,0.4247
2002-06-16,0.3389,0.3713,0.421
2002-06-17,0.3253,0.3616,0.4169
2002-06-18,0.3129,0.3532,0.4128
2002-06-19,0.308,0.3458,0.4087
2002-06-20,0.3064,0.3398,0.4049
2002-06-21,0.297,0.3338,0.4008
2002-06-22,0.2866,0.3281,0.3968
2002-06-23,0.2802,0.3225,0.3928
2002-06-24,0.2884,0.3194,0.3896
2002-06-25,0.286,0.3172,0.3867
2002-06-26,0.2755,0.3136,0.3835
2002-06-27,0.282,0.309,0.3797
2002-06-28,0.3997,0.3199,0.3771
2002-06-29,0.3647,0.3288,0.3745
2002-06-30,0.3452,0.3271,0.372
2002-07-01,0.3376,0.3249,0.3695
2002-07-02,0.3246,0.3218,0.3671
2002-07-03,0.325,0.318,0.3647
2002-07-04,0.3855,0.3229,0.3623
2002-07-05,0.3513,0.3242,0.3601
2002-07-06,0.3858,0.327,0.3585
2002-07-07,0.3713,0.3345,0.3568
2002-07-08,0.342,0.3312,0.3543
2002-07-09,0.337,0.3264,0.3522
2002-07-10,0.3648,0.3258,0.3507
2002-07-11,0.3573,0.3275,0.3491
2002-07-12,0.3342,0.3236,0.3471
2002-07-13,0.3738,0.3235,0.3458
2002-07-14,0.3864,0.3316,0.3448
2002-07-15,0.4188,0.346,0.344
2002-07-16,0.4233,0.3783,0.344
2002-07-17,0.4451,0.4119,0.3449
2002-07-18,0.4181,0.4161,0.347
2002-07-19,0.3971,0.4051,0.3479
2002-07-20,0.3753,0.3923,0.3475
2002-07-21,0.3759,0.3822,0.3466
2002-07-22,0.3712,0.3757,0.3456
2002-07-23,0.352,0.367,0.3445
2002-07-24,0.34,0.359,0.3435
2002-07-25,0.3369,0.3528,0.3425
2002-07-26,0.3239,0.346,0.341
2002-07-27,0.3128,0.3391,0.3395
2002-07-28,0.3123,0.3337,0.3384
2002-07-29,0.3118,0.3287,0.337
2002-07-30,0.3288,0.3245,0.3355
2002-07-31,0.3808,0.3267,0.335
2002-08-01,0.4146,0.3552,0.335
2002-08-02,0.3929,0.3753,0.3345
2002-08-03,0.4098,0.3755,0.334
2002-08-04,0.4373,0.4102,0.3346
2002-08-05,0.4271,0.4148,0.336
2002-08-06,0.4511,0.4491,0.3525
2002-08-07,0.4395,0.4401,0.3646
2002-08-08,0.4197,0.4252,0.3678
2002-08-09,0.4507,0.4339,0.3702
2002-08-10,0.4489,0.4481,0.3833
2002-08-11,0.4486,0.4427,0.3917
2002-08-12,0.4372,0.442,0.3972
2002-08-13,0.4189,0.4295,0.3998
2002-08-14,0.4033,0.418,0.3996
2002-08-15,0.3887,0.407,0.3988
2002-08-16,0.3754,0.3966,0.3972
2002-08-17,0.3647,0.3873,0.3955
2002-08-18,0.3531,0.378,0.3939
2002-08-19,0.3516,0.3694,0.3916
2002-08-20,0.3685,0.3647,0.3898
2002-08-21,0.3741,0.3628,0.3881
2002-08-22,0.3571,0.3597,0.3862
2002-08-23,0.3634,0.3559,0.3845
2002-08-24,0.4069,0.3609,0.3835
2002-08-25,0.4161,0.3745,0.3824
2002-08-26,0.4273,0.4057,0.3819
2002-08-27,0.4274,0.4214,0.3829
2002-08-28,0.4307,0.4265,0.3846
2002-08-29,0.4155,0.42,0.3859
2002-08-30,0.4136,0.4127,0.386
2002-08-31,0.4318,0.4159,0.3862
2002-09-01,0.4263,0.421,0.3874
2002-09-02,0.4393,0.4285,0.389
2002-09-03,0.4407,0.4407,0.3941
2002-09-04,0.4366,0.435,0.3971
2002-09-05,0.4395,0.4425,0.4043
2002-09-06,0.4434,0.4477,0.4179
2002-09-07,0.435,0.4383,0.4208
2002-09-08,0.426,0.4338,0.4217
2002-09-09,0.4287,0.4309,0.4226
2002-09-10,0.4114,0.434,0.428
2002-09-11,0.4033,0.4221,0.4275
2002-09-12,0.4162,0.416,0.4264
2002-09-13,0.418,0.4161,0.4255
2002-09-14,0.4101,0.4133,0.4245
2002-09-15,0.3979,0.408,0.423
2002-09-16,0.3873,0.4013,0.4215
2002-09-17,0.3784,0.3946,0.4198
2002-09-18,0.3699,0.3879,0.418
2002-09-19,0.3764,0.383,0.4165
2002-09-20,0.3792,0.381,0.4147
2002-09-21,0.3777,0.3785,0.4135
2002-09-22,0.3918,0.3788,0.4121
2002-09-23,0.3961,0.3809,0.411
2002-09-24,0.4046,0.3845,0.41
2002-09-25,0.4019,0.3887,0.4094
2002-09-26,0.3933,0.3889,0.4085
2002-09-27,0.39,0.3875,0.4075
2002-09-28,0.3824,0.3857,0.4065
2002-09-29,0.3745,0.3825,0.4055
2002-09-30,0.3675,0.3788,0.4042
2002-10-01,0.3606,0.3749,0.4026
2002-10-02,0.3553,0.371,0.4015
2002-10-03,0.3587,0.3685,0.4003
2002-10-04,0.3628,0.3675,0.3992
2002-10-05,0.365,0.3666,0.3983
2002-10-06,0.3637,0.3655,0.3972
2002-10-07,0.3675,0.3655,0.3962
2002-10-08,0.3601,0.3641,0.3948
2002-10-09,0.3563,0.3625,0.3937
2002-10-10,0.3867,0.3639,0.393
2002-10-11,0.3942,0.371,0.3922
2002-10-12,0.4028,0.3758,0.3915
2002-10-13,0.4034,0.3822,0.3907
2002-10-14,0.3893,0.3835,0.39
2002-10-15,0.3808,0.3821,0.3894
2002-10-16,0.373,0.3795,0.3885
2002-10-17,0.4263,0.4104,0.3884
2002-10-18,0.4499,0.4442,0.3927
2002-10-19,0.4393,0.4415,0.3979
2002-10-20,0.4266,0.4319,0.4008
2002-10-21,0.429,0.4279,0.4022
2002-10-22,0.4265,0.4431,0.4117
2002-10-23,0.4379,0.4432,0.418
2002-10-24,0.4188,0.4367,0.4259
2002-10-25,0.4431,0.4398,0.4286
2002-10-26,0.4125,0.4388,0.4372
2002-10-27,0.4105,0.4263,0.4367
2002-10-28,0.4082,0.4197,0.4355
2002-10-29,0.4015,0.4138,0.4338
2002-10-30,0.3964,0.4084,0.4324
2002-10-31,0.3928,0.404,0.4306
2002-11-01,0.39,0.4003,0.4293
2002-11-02,0.3935,0.3975,0.4278
2002-11-03,0.4397,0.4268,0.4272
2002-11-04,0.4524,0.4449,0.429
2002-11-05,0.444,0.4469,0.4323
2002-11-06,0.4305,0.4396,0.4339
2002-11-07,0.4418,0.4385,0.434
2002-11-08,0.4306,0.4385,0.4348
2002-11-09,0.4478,0.4472,0.4376
2002-11-10,0.4588,0.4559,0.4509
2002-11-11,0.4466,0.4544,0.4578
2002-11-12,0.4385,0.439,0.4587
2002-11-13,0.4459,0.4387,0.4552
2002-11-14,0.4484,0.4527,0.4595
2002-11-15,0.4506,0.4486,0.465
2002-11-16,0.4378,0.4409,0.465
2002-11-17,0.4265,0.4234,0.4589
2002-11-18,0.4276,0.4184,0.4519
2002-11-19,0.4333,0.4205,0.4459
2002-11-20,0.4265,0.4212,0.4408
2002-11-21,0.4395,0.4267,0.4363
2002-11-22,0.4455,0.446,0.4343
2002-11-23,0.444,0.4429,0.4326
2002-11-24,0.4401,0.4551,0.4497
2002-11-25,0.4565,0.4489,0.4587
2002-11-26,0.4559,0.4571,0.458
2002-11-27,0.4437,0.4471,0.4572
2002-11-28,0.4413,0.4408,0.4549
2002-11-29,0.4319,0.4418,0.4574
2002-11-30,0.4371,0.4348,0.454
2003-04-01,0.4227,0.4245,0.4403
2003-04-02,0.4498,0.4353,0.4389
2003-04-03,0.4333,0.4376,0.4384
2003-04-04,0.4322,0.433,0.4359
2003-04-05,0.4337,0.4324,0.4335
2003-04-06,0.4312,0.4323,0.4313
2003-04-07,0.4228,0.429,0.429
2003-04-08,0.4182,0.4239,0.4262
2003-04-09,0.4282,0.4225,0.4235
2003-04-10,0.4446,0.4344,0.4215
2003-04-11,0.4445,0.4399,0.4207
2003-04-12,0.4384,0.4451,0.4237
2003-04-13,0.4417,0.4436,0.4272
2003-04-14,0.4461,0.4468,0.4286
2003-04-15,0.4394,0.4433,0.4304
2003-04-16,0.4298,0.4362,0.4304
2003-04-17,0.419,0.4283,0.4282
2003-04-18,0.4096,0.4201,0.4258
2003-04-19,0.4112,0.4132,0.4228
2003-04-20,0.4304,0.4183,0.4201
2003-04-21,0.4133,0.4167,0.4176
2003-04-22,0.4008,0.4101,0.4147
2003-04-23,0.3923,0.4034,0.4116
2003-04-24,0.3813,0.3964,0.4084
2003-04-25,0.3712,0.3888,0.4049
2003-04-26,0.3849,0.3838,0.4017
2003-04-27,0.4105,0.3936,0.3988
2003-04-28,0.3847,0.3898,0.3956
2003-04-29,0.3712,0.3831,0.3925
2003-04-30,0.4142,0.3943,0.3904
2003-05-01,0.4239,0.4312,0.3913
2003-05-02,0.4268,0.4236,0.391
2003-05-03,0.4252,0.4322,0.3921
2003-05-04,0.4033,0.4185,0.3914
2003-05-05,0.3868,0.4058,0.3892
2003-05-06,0.3732,0.3945,0.3867
2003-05-07,0.361,0.3844,0.384
2003-05-08,0.357,0.3764,0.3813
2003-05-09,0.3655,0.3705,0.379
2003-05-10,0.3818,0.3693,0.377
2003-05-11,0.396,0.3704,0.3753
2003-05-12,0.41,0.3808,0.3735
2003-05-13,0.3944,0.3814,0.3717
2003-05-14,0.3837,0.3798,0.3702
2003-05-15,0.3655,0.3742,0.3682
2003-05-16,0.3515,0.3672,0.3661
2003-05-17,0.3531,0.3624,0.3645
2003-05-18,0.3541,0.359,0.3628
2003-05-19,0.3785,0.3646,0.361
2003-05-20,0.4329,0.4142,0.3609
2003-05-21,0.4232,0.4156,0.3618
2003-05-22,0.4064,0.4096,0.362
2003-05-23,0.3885,0.4,0.3615
2003-05-24,0.3722,0.3885,0.36
2003-05-25,0.3883,0.3823,0.359
2003-05-26,0.4295,0.3922,0.359
2003-05-27,0.4167,0.4017,0.359
2003-05-28,0.4083,0.4003,0.3586
2003-05-29,0.4096,0.3972,0.3581
2003-05-30,0.4015,0.3957,0.3575
2003-05-31,0.3823,0.388,0.3565
2003-06-01,0.3894,0.3817,0.3554
2003-06-02,0.4113,0.3878,0.3545
2003-06-03,0.4065,0.4047,0.3545
2003-06-04,0.3835,0.3942,0.3537
2003-06-05,0.364,0.3825,0.3525
2003-06-06,0.3604,0.3732,0.3514
2003-06-07,0.363,0.3665,0.3499
2003-06-08,0.3554,0.36,0.3482
2003-06-09,0.3404,0.353,0.3465
2003-06-10,0.3275,0.3456,0.345
2003-06-11,0.3123,0.3374,0.343
2003-06-12,0.3215,0.3305,0.341
2003-06-13,0.3333,0.3265,0.3392
2003-06-14,0.325,0.3218,0.3375
2003-06-15,0.3378,0.3181,0.336
2003-06-16,0.3616,0.3195,0.3347
2003-06-17,0.3641,0.3207,0.3336
2003-06-18,0.3635,0.3232,0.3326
2003-06-19,0.339,0.3214,0.3312
2003-06-20,0.3156,0.3161,0.3295
2003-06-21,0.295,0.3097,0.3275
2003-06-22,0.277,0.3028,0.3258
2003-06-23,0.2611,0.2958,0.3233
2003-06-24,0.2462,0.2888,0.3211
2003-06-25,0.2338,0.2822,0.3191
2003-06-26,0.2288,0.2766,0.3171
2003-06-27,0.2269,0.2722,0.3154
2003-06-28,0.2204,0.2681,0.3136
2003-06-29,0.2142,0.2637,0.312
2003-06-30,0.2063,0.259,0.31
2003-07-01,0.2864,0.2574,0.3088
2003-07-02,0.3204,0.2602,0.3077
2003-07-03,0.3108,0.261,0.307
2003-07-04,0.3027,0.2613,0.3062
2003-07-05,0.2891,0.2601,0.305
2003-07-06,0.2713,0.258,0.3035
2003-07-07,0.2556,0.2555,0.3022
2003-07-08,0.2425,0.2525,0.3006
2003-07-09,0.2336,0.25,0.2995
2003-07-10,0.2262,0.2475,0.298
2003-07-11,0.2165,0.2445,0.2963
2003-07-12,0.2082,0.2415,0.2949
2003-07-13,0.2007,0.2385,0.293
2003-07-14,0.1956,0.236,0.2915
2003-07-15,0.1939,0.2335,0.29
2003-07-16,0.211,0.2315,0.2886
2003-07-17,0.2501,0.2307,0.2877
2003-07-18,0.2377,0.2296,0.2865
2003-07-19,0.2245,0.228,0.285
2003-07-20,0.2162,0.2261,0.2835
2003-07-21,0.2205,0.2246,0.2824
2003-07-22,0.2352,0.2236,0.2814
2003-07-23,0.2486,0.2234,0.2801
2003-07-24,0.2523,0.223,0.279
2003-07-25,0.246,0.2225,0.2785
2003-07-26,0.2343,0.2216,0.2774
2003-07-27,0.277,0.2216,0.2764
2003-07-28,0.353,0.2327,0.2756
2003-07-29,0.315,0.2369,0.275
2003-07-30,0.2901,0.2374,0.2744
2003-07-31,0.2777,0.2366,0.2736
2003-08-01,0.2667,0.236,0.273
2003-08-02,0.2509,0.2341,0.2724
2003-08-03,0.2385,0.2325,0.2714
2003-08-04,0.2425,0.2309,0.2705
2003-08-05,0.2511,0.2296,0.2696
2003-08-06,0.2464,0.2285,0.269
2003-08-07,0.2513,0.2275,0.2684
2003-08-08,0.2635,0.2265,0.2675
2003-08-09,0.2632,0.2256,0.267
2003-08-10,0.2478,0.2246,0.2664
2003-08-11,0.2334,0.2235,0.2655
2003-08-12,0.2203,0.222,0.2645
2003-08-13,0.2097,0.2205,0.2635
2003-08-14,0.2054,0.2195,0.2625
2003-08-15,0.2192,0.2185,0.262
2003-08-16,0.2848,0.2188,0.2615
2003-08-17,0.3235,0.2247,0.261
2003-08-18,0.3192,0.2275,0.261
2003-08-19,0.3244,0.2318,0.2605
2003-08-20,0.3007,0.2331,0.26
2003-08-21,0.3053,0.2339,0.2596
2003-08-22,0.2926,0.2346,0.2594
2003-08-23,0.2718,0.2339,0.2586
2003-08-24,0.2615,0.2325,0.258
2003-08-25,0.2745,0.232,0.258
2003-08-26,0.2844,0.2319,0.2576
2003-08-27,0.2685,0.2311,0.257
2003-08-28,0.2547,0.2298,0.2566
2003-08-29,0.3889,0.2574,0.2566
2003-08-30,0.3974,0.3105,0.257
2003-08-31,0.4116,0.333,0.257
2003-09-01,0.3724,0.3396,0.2579
2003-09-02,0.3497,0.3362,0.258
2003-09-03,0.3345,0.3312,0.258
2003-09-04,0.3218,0.3261,0.259
2003-09-05,0.3252,0.3219,0.259
2003-09-06,0.3296,0.3192,0.259
2003-09-07,0.3497,0.3176,0.259
2003-09-08,0.4103,0.3548,0.2599
2003-09-09,0.4232,0.3658,0.2607
2003-09-10,0.4123,0.3838,0.2625
2003-09-11,0.4007,0.3821,0.2643
2003-09-12,0.3855,0.3776,0.2658
2003-09-13,0.3685,0.3703,0.2669
2003-09-14,0.3579,0.3628,0.2679
2003-09-15,0.3449,0.3554,0.268
2003-09-16,0.3335,0.3481,0.269
2003-09-17,0.3234,0.3415,0.269
2003-09-18,0.3131,0.3349,0.269
2003-09-19,0.3037,0.3283,0.269
2003-09-20,0.2955,0.3222,0.269
2003-09-21,0.2872,0.3166,0.269
2003-09-22,0.3053,0.3118,0.269
2003-09-23,0.4212,0.3382,0.269
2003-09-24,0.3861,0.3507,0.2697
2003-09-25,0.3656,0.3494,0.27
2003-09-26,0.3512,0.3452,0.2705
2003-09-27,0.3657,0.3426,0.271
2003-09-28,0.4272,0.3764,0.2717
2003-09-29,0.4162,0.4054,0.2745
2003-09-30,0.3965,0.3962,0.277
2003-10-01,0.4172,0.3939,0.279
2003-10-02,0.3996,0.3924,0.2809
2003-10-03,0.4451,0.4195,0.284
2003-10-04,0.4241,0.4358,0.3018
2003-10-05,0.4536,0.4484,0.3145
2003-10-06,0.4425,0.4384,0.3265
2003-10-07,0.44,0.4334,0.3331
2003-10-08,0.4412,0.4415,0.35
2003-10-09,0.4415,0.4337,0.3559
2003-10-10,0.4264,0.4269,0.3598
2003-10-11,0.4136,0.4178,0.3621
2003-10-12,0.404,0.41,0.3634
2003-10-13,0.3964,0.4038,0.3641
2003-10-14,0.4018,0.3992,0.365
2003-10-15,0.4053,0.3991,0.3651
2003-10-16,0.394,0.3959,0.366
2003-10-17,0.3851,0.3915,0.366
2003-10-18,0.3795,0.3875,0.366
2003-10-19,0.386,0.3842,0.366
2003-10-20,0.45,0.4203,0.367
2003-10-21,0.4267,0.4418,0.3787
2003-10-22,0.4133,0.4268,0.384
2003-10-23,0.4205,0.4196,0.386
2003-10-24,0.4178,0.4178,0.3875
2003-10-25,0.4127,0.4141,0.3887
2003-10-26,0.4114,0.4113,0.3895
2003-10-27,0.4169,0.4104,0.39
2003-10-28,0.4214,0.412,0.391
2003-10-29,0.4502,0.433,0.3922
2003-10-30,0.4481,0.4457,0.3983
2003-10-31,0.4538,0.4564,0.4181
2003-11-01,0.4501,0.4533,0.4553
2003-11-02,0.4436,0.4465,0.453
2003-11-03,0.4425,0.4432,0.4503
2003-11-04,0.4399,0.4422,0.4482
2003-11-05,0.4385,0.4408,0.4465
2003-11-06,0.4358,0.4396,0.4454
2003-11-07,0.4356,0.4369,0.4446
2003-11-08,0.4324,0.435,0.4434
2003-11-09,0.4379,0.4344,0.4418
2003-11-10,0.4432,0.441,0.441
2003-11-11,0.4432,0.4456,0.441
2003-11-12,0.4422,0.4471,0.4427
2003-11-13,0.4495,0.4494,0.4498
2003-11-14,0.4374,0.4421,0.4493
2003-11-15,0.4343,0.4369,0.4473
2003-11-16,0.4513,0.4427,0.446
2003-11-17,0.447,0.4519,0.4477
2003-11-18,0.4333,0.4426,0.4474
2003-11-19,0.4272,0.4345,0.4455
2003-11-20,0.4217,0.4277,0.4438
2003-11-21,0.4163,0.4219,0.442
2003-11-22,0.4112,0.4168,0.4403
2003-11-23,0.4062,0.4123,0.4385
2003-11-24,0.415,0.41,0.4366
2003-11-25,0.4205,0.4139,0.4354
2003-11-26,0.4115,0.4132,0.4343
2003-11-27,0.4261,0.4149,0.433
2003-11-28,0.418,0.4185,0.4322
2003-11-29,0.411,0.4163,0.4315
2003-11-30,0.4258,0.4165,0.4308
2004-04-01,0.4321,0.4477,0.4512
2004-04-02,0.4325,0.4459,0.4566
2004-04-03,0.4397,0.4492,0.4592
2004-04-04,0.4303,0.4392,0.4592
2004-04-05,0.4378,0.4457,0.4591
2004-04-06,0.4279,0.4291,0.4583
2004-04-07,0.4362,0.4301,0.4541
2004-04-08,0.4307,0.4263,0.4499
2004-04-09,0.4287,0.4243,0.4458
2004-04-10,0.433,0.4258,0.4417
2004-04-11,0.4391,0.4333,0.438
2004-04-12,0.4318,0.438,0.437
2004-04-13,0.4324,0.4361,0.4375
2004-04-14,0.4422,0.443,0.435
2004-04-15,0.4347,0.4447,0.4374
2004-04-16,0.4371,0.4408,0.4387
2004-04-17,0.4432,0.4443,0.4409
2004-04-18,0.4468,0.4459,0.4452
2004-04-19,0.4487,0.4483,0.4464
2004-04-20,0.4317,0.437,0.4452
2004-04-21,0.4255,0.4301,0.441
2004-04-22,0.4225,0.4371,0.4374
2004-04-23,0.4208,0.4335,0.4383
2004-04-24,0.422,0.4324,0.4396
2004-04-25,0.4104,0.4254,0.4365
2004-04-26,0.4075,0.4172,0.4138
2004-04-27,0.4098,0.4232,0.4112
2004-04-28,0.409,0.4168,0.4104
2004-04-29,0.4201,0.4168,0.4071
2004-04-30,0.4442,0.429,0.4062
2004-05-01,0.4364,0.4291,0.4042
2004-05-02,0.4345,0.4303,0.401
2004-05-03,0.4441,0.433,0.3992
2004-05-04,0.44,0.4376,0.3993
2004-05-05,0.4401,0.4398,0.405
2004-05-06,0.4496,0.4441,0.406
2004-05-07,0.4491,0.4458,0.4073
2004-05-08,0.4478,0.4446,0.4088
2004-05-09,0.4507,0.4467,0.4101
2004-05-10,0.4387,0.4405,0.411
2004-05-11,0.4308,0.4328,0.4099
2004-05-12,0.4326,0.4284,0.4079
2004-05-13,0.4367,0.4335,0.4068
2004-05-14,0.4205,0.4278,0.4056
2004-05-15,0.4096,0.419,0.4034
2004-05-16,0.3986,0.4108,0.4006
2004-05-17,0.3865,0.4018,0.3974
2004-05-18,0.3765,0.3937,0.3941
2004-05-19,0.3641,0.3849,0.3905
2004-05-20,0.3678,0.3765,0.387
2004-05-21,0.4028,0.3768,0.384
2004-05-22,0.4274,0.3927,0.3819
2004-05-23,0.4047,0.3988,0.3801
2004-05-24,0.3858,0.3925,0.3779
2004-05-25,0.3724,0.385,0.3753
2004-05-26,0.3658,0.3776,0.3729
2004-05-27,0.3775,0.3727,0.3706
2004-05-28,0.3854,0.3721,0.3684
2004-05-29,0.364,0.3672,0.366
2004-05-30,0.3483,0.3605,0.3634
2004-05-31,0.3639,0.357,0.3616
2004-06-01,0.3917,0.3592,0.3604
2004-06-02,0.437,0.389,0.3593
2004-06-03,0.4225,0.4023,0.359
2004-06-04,0.404,0.4013,0.3586
2004-06-05,0.3879,0.3944,0.3577
2004-06-06,0.3729,0.386,0.3565
2004-06-07,0.3641,0.377,0.355
2004-06-08,0.3844,0.3719,0.3535
2004-06-09,0.3977,0.375,0.3519
2004-06-10,0.3762,0.3708,0.3501
2004-06-11,0.3547,0.3634,0.3482
2004-06-12,0.349,0.3575,0.3466
2004-06-13,0.3498,0.3532,0.3455
2004-06-14,0.3431,0.3487,0.344
2004-06-15,0.3494,0.3443,0.3425
2004-06-16,0.3642,0.343,0.3414
2004-06-17,0.3523,0.3408,0.3397
2004-06-18,0.3299,0.3348,0.338
2004-06-19,0.3197,0.3291,0.3364
2004-06-20,0.337,0.3266,0.335
2004-06-21,0.3356,0.3247,0.334
2004-06-22,0.3545,0.3227,0.3326
2004-06-23,0.3735,0.3257,0.3315
2004-06-24,0.3573,0.3275,0.3305
2004-06-25,0.3347,0.3244,0.3291
2004-06-26,0.3139,0.3188,0.3272
2004-06-27,0.2952,0.3122,0.3255
2004-06-28,0.2858,0.3065,0.3237
2004-06-29,0.2773,0.3015,0.3222
2004-06-30,0.263,0.2952,0.3202
2004-07-01,0.2515,0.2895,0.3185
2004-07-02,0.2458,0.2851,0.3171
2004-07-03,0.2387,0.2807,0.3155
2004-07-04,0.2299,0.2757,0.314
2004-07-05,0.2321,0.2708,0.312
2004-07-06,0.312,0.2697,0.311
2004-07-07,0.3298,0.2724,0.3105
2004-07-08,0.4005,0.3072,0.31
2004-07-09,0.4089,0.3735,0.31
2004-07-10,0.3749,0.3697,0.3096
2004-07-11,0.3554,0.362,0.3092
2004-07-12,0.3679,0.3574,0.309
2004-07-13,0.3775,0.3572,0.309
2004-07-14,0.3589,0.3534,0.309
2004-07-15,0.3384,0.3464,0.3085
2004-07-16,0.3375,0.3393,0.3075
2004-07-17,0.3562,0.3357,0.307
2004-07-18,0.3446,0.3314,0.3064
2004-07-19,0.3465,0.3263,0.3054
2004-07-20,0.3889,0.329,0.3048
2004-07-21,0.3878,0.3412,0.3044
2004-07-22,0.3562,0.3385,0.3035
2004-07-23,0.3303,0.3316,0.3025
2004-07-24,0.3423,0.3268,0.302
2004-07-25,0.3375,0.3242,0.3015
2004-07-26,0.3178,0.3196,0.3005
2004-07-27,0.3024,0.3146,0.2997
2004-07-28,0.2893,0.309,0.299
2004-07-29,0.277,0.3032,0.2981
2004-07-30,0.2654,0.2975,0.2968
2004-07-31,0.255,0.2913,0.2959
2004-08-01,0.2429,0.2852,0.2945
2004-08-02,0.2363,0.2795,0.2935
2004-08-03,0.2522,0.2747,0.2925
2004-08-04,0.3552,0.277,0.292
2004-08-05,0.3925,0.2971,0.2914
2004-08-06,0.3962,0.3292,0.2915
2004-08-07,0.3704,0.3324,0.2914
2004-08-08,0.3466,0.3283,0.291
2004-08-09,0.3269,0.3225,0.2905
2004-08-10,0.3338,0.3177,0.29
2004-08-11,0.4042,0.3327,0.29
2004-08-12,0.4017,0.3458,0.29
2004-08-13,0.4054,0.3733,0.291
2004-08-14,0.3779,0.3682,0.292
2004-08-15,0.3564,0.3597,0.292
2004-08-16,0.3382,0.3507,0.292
2004-08-17,0.3285,0.3422,0.292
2004-08-18,0.3563,0.3367,0.2915
2004-08-19,0.3425,0.3318,0.291
2004-08-20,0.3805,0.3332,0.291
2004-08-21,0.3589,0.3331,0.291
2004-08-22,0.3403,0.3296,0.2906
2004-08-23,0.3212,0.3236,0.2902
2004-08-24,0.3885,0.3325,0.29
2004-08-25,0.3894,0.3526,0.2902
2004-08-26,0.4259,0.3677,0.2908
2004-08-27,0.3921,0.3754,0.2919
2004-08-28,0.3702,0.3685,0.292
2004-08-29,0.3608,0.3617,0.2929
2004-08-30,0.3578,0.3568,0.293
2004-08-31,0.3473,0.3518,0.293
2004-09-01,0.3344,0.3459,0.2931
2004-09-02,0.3242,0.3391,0.293
2004-09-03,0.321,0.3335,0.2928
2004-09-04,0.3119,0.3279,0.2925
2004-09-05,0.3035,0.3225,0.292
2004-09-06,0.3239,0.3189,0.292
2004-09-07,0.3366,0.3171,0.2916
2004-09-08,0.33,0.3151,0.2912
2004-09-09,0.316,0.3116,0.2909
2004-09-10,0.3014,0.307,0.2904
2004-09-11,0.2893,0.3025,0.2896
2004-09-12,0.3284,0.3002,0.289
2004-09-13,0.3192,0.2988,0.289
2004-09-14,0.3722,0.3019,0.289
2004-09-15,0.3979,0.3302,0.289
2004-09-16,0.369,0.3345,0.289
2004-09-17,0.3511,0.3335,0.289
2004-09-18,0.3356,0.3299,0.289
2004-09-19,0.3234,0.3255,0.2885
2004-09-20,0.3153,0.3223,0.2885
2004-09-21,0.3078,0.3189,0.288
2004-09-22,0.3018,0.3158,0.288
2004-09-23,0.297,0.3131,0.288
2004-09-24,0.3561,0.314,0.288
2004-09-25,0.3531,0.3175,0.288
2004-09-26,0.3449,0.3185,0.288
2004-09-27,0.333,0.318,0.2881
2004-09-28,0.3226,0.316,0.288
2004-09-29,0.3151,0.314,0.288
2004-09-30,0.3076,0.3115,0.288
2004-10-01,0.2995,0.3085,0.288
2004-10-02,0.2925,0.3055,0.288
2004-10-03,0.2854,0.3025,0.2875
2004-10-04,0.2782,0.2991,0.287
2004-10-05,0.2711,0.2956,0.287
2004-10-06,0.2657,0.2925,0.2865
2004-10-07,0.2683,0.29,0.286
2004-10-08,0.2724,0.288,0.286
2004-10-09,0.2666,0.2857,0.286
2004-10-10,0.3549,0.2937,0.286
2004-10-11,0.3801,0.3151,0.286
2004-10-12,0.3732,0.319,0.286
2004-10-13,0.395,0.3284,0.286
2004-10-14,0.4148,0.3441,0.2867
2004-10-15,0.4343,0.3813,0.2877
2004-10-16,0.4298,0.4037,0.2902
2004-10-17,0.4405,0.4172,0.2938
2004-10-18,0.435,0.4204,0.2983
2004-10-19,0.4435,0.4324,0.3072
2004-10-20,0.439,0.4315,0.3178
2004-10-21,0.438,0.4338,0.3237
2004-10-22,0.4213,0.424,0.3289
2004-10-23,0.4098,0.4135,0.3319
2004-10-24,0.3991,0.4047,0.3337
2004-10-25,0.3965,0.3975,0.3349
2004-10-26,0.4425,0.44,0.3503
2004-10-27,0.42,0.4327,0.3695
2004-10-28,0.44,0.4363,0.375
2004-10-29,0.4329,0.4471,0.4025
2004-10-30,0.4305,0.4443,0.4096
2004-10-31,0.444,0.4382,0.4124
2004-11-01,0.4397,0.449,0.4225
2004-11-02,0.4407,0.4411,0.427
2004-11-03,0.4355,0.4427,0.4289
2004-11-04,0.4271,0.4353,0.43
2004-11-05,0.427,0.4318,0.4292
2004-11-06,0.42,0.4284,0.429
2004-11-07,0.414,0.4241,0.4281
2004-11-08,0.4101,0.4199,0.4274
2004-11-09,0.4062,0.4158,0.4265
2004-11-10,0.4031,0.4123,0.4256
2004-11-11,0.4008,0.4091,0.4246
2004-11-12,0.401,0.4066,0.4236
2004-11-13,0.3996,0.4045,0.4227
2004-11-14,0.3965,0.4026,0.4218
2004-11-15,0.3946,0.401,0.421
2004-11-16,0.3937,0.3995,0.42
2004-11-17,0.3937,0.3983,0.4192
2004-11-18,0.3942,0.3973,0.4185
2004-11-19,0.4193,0.4012,0.4177
2004-11-20,0.416,0.4103,0.417
2004-11-21,0.4122,0.4109,0.417
2004-11-22,0.4135,0.411,0.4165
2004-11-23,0.4128,0.4116,0.416
2004-11-24,0.4119,0.4114,0.416
2004-11-25,0.4107,0.411,0.4154
2004-11-26,0.4091,0.4106,0.415
2004-11-27,0.4068,0.4095,0.415
2004-11-28,0.4042,0.4084,0.4141
2004-11-29,0.4286,0.4126,0.414
2004-11-30,0.4243,0.4204,0.414
2005-04-01,0.4408,0.4407,0.4611
2005-04-02,0.4405,0.4354,0.4564
2005-04-03,0.4332,0.4387,0.4519
2005-04-04,0.432,0.4365,0.4483
2005-04-05,0.4288,0.4337,0.4463
2005-04-06,0.4238,0.4288,0.4454
2005-04-07,0.4284,0.427,0.4417
2005-04-08,0.4326,0.435,0.4382
2005-04-09,0.4109,0.4279,0.4369
2005-04-10,0.4091,0.4205,0.4303
2005-04-11,0.4234,0.4179,0.4237
2005-04-12,0.4446,0.4315,0.418
2005-04-13,0.4399,0.4438,0.418
2005-04-14,0.4321,0.4424,0.4215
2005-04-15,0.4327,0.4358,0.4234
2005-04-16,0.4365,0.4377,0.4218
2005-04-17,0.4285,0.4325,0.4189
2005-04-18,0.4452,0.4399,0.4161
2005-04-19,0.4438,0.4515,0.421
2005-04-20,0.4464,0.4485,0.4266
2005-04-21,0.4404,0.4503,0.4312
2005-04-22,0.441,0.4502,0.4365
2005-04-23,0.4448,0.4536,0.4428
2005-04-24,0.4505,0.4541,0.4538
2005-04-25,0.4474,0.4437,0.4624
2005-04-26,0.4435,0.4407,0.4567
2005-04-27,0.4349,0.4348,0.4506
2005-04-28,0.4226,0.4278,0.4445
2005-04-29,0.4085,0.4196,0.4373
2005-04-30,0.3944,0.4098,0.4295
2005-05-01,0.381,0.4,0.422
2005-05-02,0.3672,0.3901,0.4146
2005-05-03,0.3929,0.3849,0.4082
2005-05-04,0.4121,0.3945,0.403
2005-05-05,0.4107,0.3953,0.3985
2005-05-06,0.4077,0.3979,0.3946
2005-05-07,0.3947,0.3953,0.3907
2005-05-08,0.383,0.3904,0.3869
2005-05-09,0.3693,0.3838,0.383
2005-05-10,0.3658,0.3778,0.3794
2005-05-11,0.3637,0.3728,0.3761
2005-05-12,0.3666,0.3682,0.3728
2005-05-13,0.3755,0.3665,0.3698
2005-05-14,0.411,0.3742,0.3673
2005-05-15,0.3993,0.3871,0.3651
2005-05-16,0.4289,0.3983,0.3633
2005-05-17,0.4215,0.4114,0.363
2005-05-18,0.438,0.4183,0.363
2005-05-19,0.4149,0.4172,0.3633
2005-05-20,0.3942,0.4057,0.3622
2005-05-21,0.3763,0.3937,0.3602
2005-05-22,0.364,0.3829,0.3581
2005-05-23,0.4245,0.3875,0.3566
2005-05-24,0.4008,0.3938,0.3555
2005-05-25,0.3776,0.3856,0.354
2005-05-26,0.3609,0.3763,0.352
2005-05-27,0.3484,0.3672,0.3499
2005-05-28,0.3417,0.3592,0.3479
2005-05-29,0.3397,0.352,0.3459
2005-05-30,0.343,0.3474,0.344
2005-05-31,0.3368,0.3437,0.3425
2005-06-01,0.3222,0.338,0.3406
2005-06-02,0.3106,0.3321,0.3387
2005-06-03,0.3129,0.3263,0.3368
2005-06-04,0.3515,0.324,0.3354
2005-06-05,0.3331,0.3217,0.3335
2005-06-06,0.3174,0.3175,0.3318
2005-06-07,0.3103,0.3142,0.3305
2005-06-08,0.297,0.3101,0.3287
2005-06-09,0.2846,0.3057,0.3271
2005-06-10,0.2737,0.3011,0.3255
2005-06-11,0.2631,0.2961,0.3239
2005-06-12,0.2611,0.2915,0.3221
2005-06-13,0.2787,0.288,0.3205
2005-06-14,0.4077,0.3043,0.32
2005-06-15,0.3902,0.336,0.3194
2005-06-16,0.3584,0.336,0.3184
2005-06-17,0.3385,0.332,0.3174
2005-06-18,0.3318,0.327,0.3164
2005-06-19,0.3311,0.3228,0.3152
2005-06-20,0.3165,0.3172,0.3136
2005-06-21,0.3032,0.3115,0.3125
2005-06-22,0.3318,0.3075,0.3114
2005-06-23,0.3712,0.3115,0.3105
2005-06-24,0.3762,0.3135,0.3094
2005-06-25,0.3957,0.3258,0.3085
2005-06-26,0.374,0.3333,0.3076
2005-06-27,0.3401,0.3284,0.3065
2005-06-28,0.3158,0.3212,0.3054
2005-06-29,0.3503,0.3175,0.3044
2005-06-30,0.3862,0.3294,0.3037
2005-07-01,0.373,0.3318,0.303
2005-07-02,0.3533,0.3312,0.3027
2005-07-03,0.3329,0.3262,0.302
2005-07-04,0.362,0.3296,0.3014
2005-07-05,0.3827,0.3644,0.3013
2005-07-06,0.3929,0.3645,0.3019
2005-07-07,0.4033,0.3752,0.302
2005-07-08,0.3848,0.3731,0.303
2005-07-09,0.3726,0.3677,0.303
2005-07-10,0.3778,0.3634,0.303
2005-07-11,0.3708,0.3602,0.303
2005-07-12,0.3573,0.3542,0.303
2005-07-13,0.3555,0.349,0.3027
2005-07-14,0.3467,0.3438,0.3024
2005-07-15,0.325,0.3358,0.3015
2005-07-16,0.3081,0.3275,0.3005
2005-07-17,0.2954,0.3195,0.2995
2005-07-18,0.3503,0.33,0.2984
2005-07-19,0.4163,0.3982,0.2992
2005-07-20,0.386,0.3891,0.3002
2005-07-21,0.3644,0.3776,0.301
2005-07-22,0.3469,0.3667,0.3008
2005-07-23,0.3326,0.3567,0.3005
2005-07-24,0.3212,0.3475,0.3
2005-07-25,0.3372,0.3393,0.2994
2005-07-26,0.3765,0.3399,0.299
2005-07-27,0.3502,0.3363,0.2985
2005-07-28,0.3238,0.3291,0.2975
2005-07-29,0.3344,0.3227,0.297
2005-07-30,0.401,0.3432,0.2965
2005-07-31,0.3641,0.3433,0.296
2005-08-01,0.346,0.3385,0.2958
2005-08-02,0.428,0.3654,0.2961
2005-08-03,0.426,0.4029,0.2978
2005-08-04,0.3976,0.3966,0.2997
2005-08-05,0.3746,0.3847,0.3004
2005-08-06,0.3571,0.3734,0.301
2005-08-07,0.3462,0.3647,0.301
2005-08-08,0.335,0.3566,0.301
2005-08-09,0.3205,0.3475,0.3005
2005-08-10,0.3111,0.3386,0.2996
2005-08-11,0.401,0.3452,0.2998
2005-08-12,0.3955,0.3671,0.3
2005-08-13,0.3675,0.3623,0.3
2005-08-14,0.3596,0.3558,0.3
2005-08-15,0.3756,0.354,0.3
2005-08-16,0.3569,0.3506,0.3
2005-08-17,0.3377,0.3438,0.2995
2005-08-18,0.3617,0.3399,0.299
2005-08-19,0.3862,0.3445,0.299
2005-08-20,0.4038,0.3508,0.2995
2005-08-21,0.4281,0.3721,0.3001
2005-08-22,0.4607,0.4435,0.3064
2005-08-23,0.4358,0.4378,0.3196
2005-08-24,0.4136,0.4196,0.3244
2005-08-25,0.3985,0.4065,0.3262
2005-08-26,0.3887,0.3963,0.3272
2005-08-27,0.3982,0.3901,0.3281
2005-08-28,0.4032,0.3915,0.329
2005-08-29,0.3836,0.3856,0.329
2005-08-30,0.3695,0.3776,0.329
2005-08-31,0.3599,0.3701,0.3288
2005-09-01,0.3487,0.3627,0.3284
2005-09-02,0.338,0.3556,0.3275
2005-09-03,0.3289,0.3491,0.3267
2005-09-04,0.3187,0.3424,0.3257
2005-09-05,0.3616,0.3406,0.325
2005-09-06,0.4015,0.357,0.325
2005-09-07,0.4034,0.3633,0.325
2005-09-08,0.4004,0.375,0.325
2005-09-09,0.4096,0.3784,0.3258
2005-09-10,0.4186,0.3913,0.3262
2005-09-11,0.4505,0.4312,0.3296
2005-09-12,0.4296,0.4288,0.3352
2005-09-13,0.4133,0.417,0.3384
2005-09-14,0.4006,0.4072,0.3401
2005-09-15,0.3887,0.3983,0.341
2005-09-16,0.3767,0.3895,0.3411
2005-09-17,0.3865,0.3842,0.3415
2005-09-18,0.4119,0.3862,0.342
2005-09-19,0.4164,0.3976,0.3429
2005-09-20,0.4012,0.3968,0.344
2005-09-21,0.3902,0.3924,0.3445
2005-09-22,0.3825,0.3871,0.345
2005-09-23,0.3745,0.3816,0.345
2005-09-24,0.3638,0.3753,0.3445
2005-09-25,0.3854,0.3718,0.344
2005-09-26,0.3986,0.377,0.344
2005-09-27,0.3827,0.3761,0.344
2005-09-28,0.3718,0.373,0.344
2005-09-29,0.3651,0.3694,0.344
2005-09-30,0.3599,0.366,0.344
2005-10-01,0.3747,0.364,0.344
2005-10-02,0.4315,0.3794,0.344
2005-10-03,0.4297,0.4031,0.3449
2005-10-04,0.4308,0.411,0.3465
2005-10-05,0.4182,0.4118,0.3482
2005-10-06,0.4172,0.4089,0.3498
2005-10-07,0.4194,0.4074,0.3511
2005-10-08,0.4145,0.4095,0.3526
2005-10-09,0.3991,0.4034,0.3538
2005-10-10,0.3888,0.3966,0.354
2005-10-11,0.3816,0.3907,0.3541
2005-10-12,0.3763,0.3858,0.3548
2005-10-13,0.372,0.3815,0.3548
2005-10-14,0.3663,0.3771,0.3545
2005-10-15,0.3611,0.3727,0.354
2005-10-16,0.3602,0.369,0.354
2005-10-17,0.3587,0.366,0.3536
2005-10-18,0.359,0.3631,0.353
2005-10-19,0.4447,0.407,0.3538
2005-10-20,0.438,0.4299,0.3582
2005-10-21,0.4225,0.4235,0.3618
2005-10-22,0.4184,0.4173,0.364
2005-10-23,0.4392,0.434,0.3673
2005-10-24,0.4291,0.4363,0.3741
2005-10-25,0.4156,0.4244,0.3771
2005-10-26,0.4068,0.4159,0.3787
2005-10-27,0.3987,0.4089,0.3793
2005-10-28,0.3917,0.4025,0.38
2005-10-29,0.3865,0.3973,0.38
2005-10-30,0.3819,0.3928,0.3799
2005-10-31,0.3778,0.3885,0.3795
2005-11-01,0.4373,0.4063,0.3796
2005-11-02,0.4154,0.4143,0.3808
2005-11-03,0.4041,0.4097,0.3818
2005-11-04,0.417,0.4143,0.3824
2005-11-05,0.4408,0.4455,0.3944
2005-11-06,0.4278,0.4343,0.399
2005-11-07,0.4181,0.4264,0.4009
2005-11-08,0.4112,0.4198,0.402
2005-11-09,0.406,0.4147,0.402
2005-11-10,0.4042,0.4109,0.4022
2005-11-11,0.4009,0.4081,0.4025
2005-11-12,0.405,0.4056,0.402
2005-11-13,0.4165,0.4084,0.402
2005-11-14,0.4054,0.408,0.402
2005-11-15,0.4032,0.4057,0.402
2005-11-16,0.4061,0.405,0.402
2005-11-17,0.4118,0.4066,0.402
2005-11-18,0.4032,0.4059,0.402
2005-11-19,0.399,0.4045,0.402
2005-11-20,0.3973,0.4028,0.402
2005-11-21,0.3962,0.4017,0.402
2005-11-22,0.3948,0.4005,0.402
2005-11-23,0.3935,0.3995,0.402
2005-11-24,0.3922,0.3983,0.402
2005-11-25,0.3913,0.3972,0.4013
2005-11-26,0.393,0.3961,0.401
2005-11-27,0.3942,0.396,0.401
2005-11-28,0.3948,0.395,0.401
2005-11-29,0.3967,0.395,0.401
2005-11-30,0.3958,0.395,0.401
2006-04-01,0.4447,0.439,0.4607
2006-04-02,0.4445,0.4463,0.4618
2006-04-03,0.4493,0.44,0.4616
2006-04-04,0.4458,0.448,0.4588
2006-04-05,0.4436,0.4493,0.462
2006-04-06,0.4392,0.4332,0.4615
2006-04-07,0.4432,0.4407,0.4553
2006-04-08,0.4377,0.446,0.4533
2006-04-09,0.4363,0.4441,0.4547
2006-04-10,0.4363,0.4495,0.459
2006-04-11,0.4243,0.4327,0.4564
2006-04-12,0.4237,0.4248,0.4485
2006-04-13,0.4328,0.4267,0.4406
2006-04-14,0.4433,0.4435,0.4362
2006-04-15,0.4445,0.4516,0.4387
2006-04-16,0.4462,0.4518,0.4475
2006-04-17,0.442,0.4489,0.4504
2006-04-18,0.435,0.4412,0.451
2006-04-19,0.4307,0.4342,0.446
2006-04-20,0.4337,0.4404,0.4411
2006-04-21,0.4194,0.4359,0.4407
2006-04-22,0.407,0.4236,0.4378
2006-04-23,0.4104,0.4218,0.4145
2006-04-24,0.4158,0.4273,0.4147
2006-04-25,0.4231,0.4264,0.4191
2006-04-26,0.4175,0.4267,0.4227
2006-04-27,0.4185,0.4258,0.4263
2006-04-28,0.4297,0.4206,0.4268
2006-04-29,0.4332,0.4207,0.4174
2006-04-30,0.4251,0.4252,0.4083
2006-05-01,0.4191,0.4228,0.402
2006-05-02,0.4117,0.4175,0.3968
2006-05-03,0.403,0.4105,0.3921
2006-05-04,0.3935,0.4029,0.3874
2006-05-05,0.4017,0.3982,0.3832
2006-05-06,0.422,0.4064,0.3804
2006-05-07,0.4353,0.4253,0.3822
2006-05-08,0.4409,0.4404,0.388
2006-05-09,0.4377,0.4427,0.3991
2006-05-10,0.4447,0.4407,0.4011
2006-05-11,0.4391,0.438,0.4016
2006-05-12,0.4287,0.4301,0.4005
2006-05-13,0.4329,0.426,0.3987
2006-05-14,0.4267,0.4294,0.3975
2006-05-15,0.4072,0.4183,0.3952
2006-05-16,0.411,0.4109,0.3927
2006-05-17,0.3993,0.4055,0.3898
2006-05-18,0.408,0.4033,0.3868
2006-05-19,0.4266,0.4286,0.3861
2006-05-20,0.4242,0.4222,0.3857
2006-05-21,0.4067,0.4274,0.3913
2006-05-22,0.4099,0.4163,0.3899
2006-05-23,0.433,0.4329,0.3898
2006-05-24,0.4116,0.422,0.3895
2006-05-25,0.3958,0.4109,0.3879
2006-05-26,0.3827,0.4006,0.3853
2006-05-27,0.3727,0.3919,0.383
2006-05-28,0.3618,0.3833,0.3804
2006-05-29,0.3715,0.3767,0.3779
2006-05-30,0.4041,0.3789,0.376
2006-05-31,0.4063,0.3832,0.3744
2006-06-01,0.4049,0.3864,0.3727
2006-06-02,0.3995,0.3865,0.3713
2006-06-03,0.3872,0.383,0.3693
2006-06-04,0.3742,0.3776,0.3674
2006-06-05,0.3633,0.372,0.3654
2006-06-06,0.3509,0.3655,0.3632
2006-06-07,0.3368,0.358,0.361
2006-06-08,0.3253,0.3506,0.3586
2006-06-09,0.3147,0.3433,0.3561
2006-06-10,0.3033,0.3358,0.3537
2006-06-11,0.2997,0.3291,0.3512
2006-06-12,0.3051,0.3242,0.3492
2006-06-13,0.3043,0.3196,0.3471
2006-06-14,0.2998,0.3146,0.345
2006-06-15,0.2851,0.3086,0.3424
2006-06-16,0.2865,0.3028,0.34
2006-06-17,0.3192,0.3005,0.3384
2006-06-18,0.3216,0.2991,0.3367
2006-06-19,0.3127,0.2962,0.3348
2006-06-20,0.3028,0.2929,0.3328
2006-06-21,0.3125,0.29,0.3306
2006-06-22,0.3273,0.2898,0.3295
2006-06-23,0.3092,0.2885,0.3276
2006-06-24,0.3104,0.2859,0.3259
2006-06-25,0.3567,0.2872,0.3245
2006-06-26,0.358,0.2932,0.3235
2006-06-27,0.3382,0.293,0.3216
2006-06-28,0.3597,0.295,0.3205
2006-06-29,0.3308,0.2946,0.319
2006-06-30,0.3062,0.2912,0.3172
2006-07-01,0.288,0.287,0.3155
2006-07-02,0.2726,0.2825,0.314
2006-07-03,0.2715,0.2782,0.3124
2006-07-04,0.2971,0.2755,0.3112
2006-07-05,0.359,0.2775,0.31
2006-07-06,0.411,0.3102,0.3095
2006-07-07,0.4034,0.3475,0.3095
2006-07-08,0.3741,0.35,0.3091
2006-07-09,0.3503,0.3447,0.3085
2006-07-10,0.3305,0.338,0.3076
2006-07-11,0.3107,0.3295,0.3065
2006-07-12,0.2995,0.322,0.3055
2006-07-13,0.2984,0.3157,0.3045
2006-07-14,0.3175,0.3113,0.3036
2006-07-15,0.3693,0.3121,0.303
2006-07-16,0.3938,0.3261,0.3025
2006-07-17,0.3734,0.3317,0.3019
2006-07-18,0.3514,0.3282,0.3014
2006-07-19,0.3401,0.3242,0.3005
2006-07-20,0.3176,0.3178,0.2995
2006-07-21,0.2985,0.3108,0.2984
2006-07-22,0.2909,0.304,0.2974
2006-07-23,0.2934,0.2989,0.2964
2006-07-24,0.282,0.294,0.2954
2006-07-25,0.296,0.2898,0.2945
2006-07-26,0.3116,0.2872,0.2935
2006-07-27,0.3033,0.2833,0.2925
2006-07-28,0.3294,0.2812,0.2916
2006-07-29,0.3406,0.2827,0.2912
2006-07-30,0.3152,0.2815,0.2905
2006-07-31,0.3212,0.2791,0.2895
2006-08-01,0.3705,0.2859,0.289
2006-08-02,0.3396,0.2886,0.2885
2006-08-03,0.4105,0.3052,0.288
2006-08-04,0.4338,0.3507,0.2888
2006-08-05,0.4132,0.3818,0.2898
2006-08-06,0.3904,0.3787,0.291
2006-08-07,0.3755,0.3724,0.292
2006-08-08,0.359,0.3646,0.292
2006-08-09,0.3453,0.3568,0.2922
2006-08-10,0.3344,0.35,0.2923
2006-08-11,0.3262,0.3437,0.2924
2006-08-12,0.3678,0.3413,0.2928
2006-08-13,0.4021,0.3477,0.293
2006-08-14,0.3923,0.3565,0.293
2006-08-15,0.3876,0.3547,0.2935
2006-08-16,0.422,0.3771,0.294
2006-08-17,0.3934,0.3774,0.2948
2006-08-18,0.4136,0.4015,0.2958
2006-08-19,0.3998,0.3957,0.2974
2006-08-20,0.4063,0.3919,0.2988
2006-08-21,0.3847,0.3849,0.2999
2006-08-22,0.368,0.3762,0.3003
2006-08-23,0.3533,0.3675,0.3007
2006-08-24,0.3505,0.3601,0.301
2006-08-25,0.3538,0.3556,0.301
2006-08-26,0.3511,0.3507,0.301
2006-08-27,0.3684,0.3487,0.301
2006-08-28,0.3805,0.35,0.301
2006-08-29,0.4315,0.3931,0.3018
2006-08-30,0.4285,0.4236,0.3055
2006-08-31,0.404,0.4099,0.3088
2006-09-01,0.3855,0.3967,0.3101
2006-09-02,0.371,0.3852,0.311
2006-09-03,0.359,0.3754,0.311
2006-09-04,0.347,0.3665,0.311
2006-09-05,0.3369,0.3585,0.311
2006-09-06,0.3476,0.3529,0.311
2006-09-07,0.3716,0.3512,0.311
2006-09-08,0.4106,0.3617,0.311
2006-09-09,0.3926,0.366,0.311
2006-09-10,0.3978,0.3661,0.311
2006-09-11,0.4222,0.3783,0.3115
2006-09-12,0.4162,0.3955,0.3125
2006-09-13,0.3983,0.3926,0.3136
2006-09-14,0.4062,0.3877,0.3142
2006-09-15,0.4452,0.4217,0.3189
2006-09-16,0.4282,0.4324,0.3289
2006-09-17,0.4367,0.434,0.3355
2006-09-18,0.437,0.4305,0.3407
2006-09-19,0.418,0.4209,0.3443
2006-09-20,0.4021,0.41,0.3461
2006-09-21,0.3879,0.3997,0.347
2006-09-22,0.3746,0.39,0.347
2006-09-23,0.3694,0.3819,0.3467
2006-09-24,0.3897,0.3783,0.347
2006-09-25,0.4399,0.3996,0.3473
2006-09-26,0.4266,0.4138,0.3491
2006-09-27,0.4091,0.4098,0.3508
2006-09-28,0.3953,0.4022,0.3519
2006-09-29,0.385,0.3945,0.352
2006-09-30,0.3848,0.3881,0.352
2006-10-01,0.4212,0.3934,0.3522
2006-10-02,0.4069,0.3963,0.353
2006-10-03,0.4109,0.4082,0.355
2006-10-04,0.4013,0.4194,0.362
2006-10-05,0.3952,0.4097,0.3637
2006-10-06,0.3882,0.4018,0.3641
2006-10-07,0.42,0.4093,0.3653
2006-10-08,0.408,0.41,0.3665
2006-10-09,0.395,0.4028,0.367
2006-10-10,0.3858,0.3961,0.367
2006-10-11,0.3801,0.3907,0.367
2006-10-12,0.3761,0.3863,0.367
2006-10-13,0.3708,0.382,0.367
2006-10-14,0.3685,0.378,0.367
2006-10-15,0.3769,0.3753,0.3665
2006-10-16,0.38,0.3741,0.366
2006-10-17,0.3696,0.3717,0.3655
2006-10-18,0.363,0.3686,0.365
2006-10-19,0.3953,0.3696,0.3646
2006-10-20,0.4219,0.3868,0.3644
2006-10-21,0.4072,0.3945,0.365
2006-10-22,0.3928,0.3927,0.365
2006-10-23,0.4053,0.3922,0.365
2006-10-24,0.4234,0.4323,0.373
2006-10-25,0.4103,0.421,0.3761
2006-10-26,0.4005,0.4119,0.377
2006-10-27,0.393,0.4046,0.378
2006-10-28,0.3877,0.3989,0.378
2006-10-29,0.3835,0.3942,0.378
2006-10-30,0.3794,0.3902,0.378
2006-10-31,0.3767,0.3865,0.378
2006-11-01,0.3807,0.3845,0.378
2006-11-02,0.378,0.3828,0.3776
2006-11-03,0.3733,0.3803,0.377
2006-11-04,0.371,0.3785,0.377
2006-11-05,0.3686,0.3765,0.377
2006-11-06,0.3665,0.3744,0.3766
2006-11-07,0.3637,0.3722,0.376
2006-11-08,0.3615,0.3702,0.376
2006-11-09,0.3601,0.3685,0.3755
2006-11-10,0.359,0.367,0.375
2006-11-11,0.3605,0.3655,0.375
2006-11-12,0.4012,0.369,0.3749
2006-11-13,0.3929,0.375,0.374
2006-11-14,0.3829,0.3761,0.374
2006-11-15,0.3765,0.3755,0.374
2006-11-16,0.371,0.3741,0.374
2006-11-17,0.4104,0.382,0.3736
2006-11-18,0.4384,0.4365,0.3765
2006-11-19,0.4293,0.4312,0.3802
2006-11-20,0.4336,0.439,0.3852
2006-11-21,0.4543,0.4458,0.3902
2006-11-22,0.4429,0.4485,0.401
2006-11-23,0.4414,0.4397,0.4057
2006-11-24,0.4496,0.4447,0.4097
2006-11-25,0.4462,0.4459,0.4146
2006-11-26,0.4351,0.4403,0.4185
2006-11-27,0.4288,0.4347,0.4203
2006-11-28,0.4238,0.4301,0.421
2006-11-29,0.4435,0.4355,0.4218
2006-11-30,0.4306,0.4362,0.4235
2007-04-01,0.4425,0.44,0.413
2007-04-02,0.4465,0.4425,0.4132
2007-04-03,0.4484,0.4463,0.4156
2007-04-04,0.4456,0.4455,0.4183
2007-04-05,0.4378,0.4415,0.4196
2007-04-06,0.4298,0.4356,0.42
2007-04-07,0.4251,0.4303,0.4198
2007-04-08,0.4314,0.4282,0.4192
2007-04-09,0.4344,0.429,0.4182
2007-04-10,0.43,0.4298,0.4166
2007-04-11,0.4164,0.4231,0.4143
2007-04-12,0.405,0.4153,0.4115
2007-04-13,0.3987,0.4086,0.4083
2007-04-14,0.3938,0.4033,0.4048
2007-04-15,0.3823,0.3966,0.4012
2007-04-16,0.373,0.3893,0.3974
2007-04-17,0.3669,0.3832,0.3938
2007-04-18,0.3587,0.3774,0.3904
2007-04-19,0.3588,0.372,0.3871
2007-04-20,0.3689,0.3687,0.384
2007-04-21,0.3636,0.3658,0.3812
2007-04-22,0.3602,0.362,0.3782
2007-04-23,0.3539,0.3578,0.3753
2007-04-24,0.3402,0.3527,0.3722
2007-04-25,0.3641,0.3498,0.3695
2007-04-26,0.414,0.3682,0.3675
2007-04-27,0.4243,0.3998,0.3664
2007-04-28,0.4199,0.4062,0.3656
2007-04-29,0.422,0.4064,0.365
2007-04-30,0.4307,0.4147,0.365
2007-05-01,0.429,0.4295,0.3662
2007-05-02,0.45,0.4434,0.3707
2007-05-03,0.4448,0.44,0.3762
2007-05-04,0.4427,0.4395,0.381
2007-05-05,0.4504,0.4481,0.3922
2007-05-06,0.4518,0.45,0.4045
2007-05-07,0.4312,0.4407,0.4087
2007-05-08,0.4205,0.4292,0.409
2007-05-09,0.4156,0.4222,0.4086
2007-05-10,0.3965,0.4123,0.407
2007-05-11,0.3858,0.4024,0.4043
2007-05-12,0.3804,0.3948,0.402
2007-05-13,0.3662,0.3861,0.3994
2007-05-14,0.3959,0.3927,0.3973
2007-05-15,0.441,0.4267,0.397
2007-05-16,0.434,0.4278,0.3974
2007-05-17,0.4584,0.452,0.4025
2007-05-18,0.4366,0.4451,0.4112
2007-05-19,0.416,0.4298,0.4121
2007-05-20,0.4221,0.4213,0.4114
2007-05-21,0.4158,0.4188,0.41
2007-05-22,0.3972,0.4102,0.408
2007-05-23,0.3835,0.4006,0.4055
2007-05-24,0.3802,0.392,0.403
2007-05-25,0.3798,0.385,0.4006
2007-05-26,0.3933,0.3807,0.3981
2007-05-27,0.446,0.408,0.397
2007-05-28,0.4395,0.4445,0.4051
2007-05-29,0.4582,0.4541,0.4135
2007-05-30,0.4431,0.4455,0.4191
2007-05-31,0.4453,0.4467,0.424
2007-06-01,0.441,0.4465,0.4445
2007-06-02,0.4448,0.4453,0.4453
2007-06-03,0.424,0.4349,0.4444
2007-06-04,0.4285,0.4318,0.4425
2007-06-05,0.4372,0.4425,0.442
2007-06-06,0.437,0.4447,0.4442
2007-06-07,0.4541,0.4553,0.4506
2007-06-08,0.4315,0.4453,0.4551
2007-06-09,0.4227,0.4291,0.452
2007-06-10,0.4248,0.4205,0.4485
2007-06-11,0.433,0.4344,0.4484
2007-06-12,0.4238,0.4358,0.4498
2007-06-13,0.4145,0.4222,0.4466
2007-06-14,0.4088,0.4127,0.4434
2007-06-15,0.4203,0.4306,0.4434
2007-06-16,0.4071,0.4313,0.4455
2007-06-17,0.3963,0.4158,0.4423
2007-06-18,0.4318,0.4156,0.4392
2007-06-19,0.4067,0.4122,0.436
2007-06-20,0.409,0.4061,0.4323
2007-06-21,0.4472,0.4537,0.4362
2007-06-22,0.4496,0.4505,0.4398
2007-06-23,0.4264,0.4413,0.44
2007-06-24,0.4073,0.4254,0.4372
2007-06-25,0.4171,0.4241,0.4346
2007-06-26,0.4127,0.4365,0.4389
2007-06-27,0.4158,0.4272,0.4375
2007-06-28,0.4029,0.4182,0.4351
2007-06-29,0.3862,0.4064,0.4318
2007-06-30,0.372,0.3951,0.4281
2007-07-01,0.3645,0.3851,0.4241
2007-07-02,0.4304,0.3961,0.4208
2007-07-03,0.4189,0.405,0.418
2007-07-04,0.45,0.424,0.4162
2007-07-05,0.4419,0.4418,0.4167
2007-07-06,0.4187,0.4315,0.4167
2007-07-07,0.4005,0.4187,0.4148
2007-07-08,0.4004,0.4074,0.412
2007-07-09,0.443,0.4374,0.414
2007-07-10,0.4414,0.4413,0.4198
2007-07-11,0.4353,0.439,0.4218
2007-07-12,0.4155,0.4287,0.4211
2007-07-13,0.3975,0.4161,0.4187
2007-07-14,0.3797,0.403,0.4156
2007-07-15,0.3626,0.39,0.412
2007-07-16,0.3455,0.3776,0.4081
2007-07-17,0.331,0.3665,0.4042
2007-07-18,0.3251,0.3579,0.4005
2007-07-19,0.3347,0.3519,0.397
2007-07-20,0.3727,0.3517,0.3939
2007-07-21,0.4055,0.3693,0.3916
2007-07-22,0.4034,0.4009,0.3899
2007-07-23,0.3953,0.3958,0.3876
2007-07-24,0.427,0.4268,0.387
2007-07-25,0.407,0.4178,0.3867
2007-07-26,0.3881,0.4059,0.3853
2007-07-27,0.3722,0.3941,0.3832
2007-07-28,0.3584,0.3837,0.381
2007-07-29,0.3467,0.3741,0.3786
2007-07-30,0.3503,0.3668,0.3762
2007-07-31,0.339,0.3605,0.374
2007-08-01,0.3243,0.3527,0.3715
2007-08-02,0.3741,0.3635,0.3694
2007-08-03,0.4089,0.4023,0.3686
2007-08-04,0.3867,0.3949,0.3676
2007-08-05,0.3678,0.3848,0.3661
2007-08-06,0.356,0.375,0.3642
2007-08-07,0.4076,0.375,0.363
2007-08-08,0.4338,0.3989,0.363
2007-08-09,0.4508,0.4295,0.3644
2007-08-10,0.4281,0.4315,0.3679
2007-08-11,0.4091,0.4191,0.3693
2007-08-12,0.3958,0.4079,0.3695
2007-08-13,0.3964,0.399,0.3685
2007-08-14,0.3998,0.3956,0.3677
2007-08-15,0.378,0.3879,0.3665
2007-08-16,0.4055,0.3847,0.365
2007-08-17,0.3988,0.3878,0.3645
2007-08-18,0.3807,0.3836,0.3635
2007-08-19,0.372,0.3776,0.3624
2007-08-20,0.3896,0.3757,0.3613
2007-08-21,0.437,0.4006,0.3611
2007-08-22,0.421,0.4201,0.3627
2007-08-23,0.4063,0.4114,0.363
2007-08-24,0.3923,0.4022,0.3631
2007-08-25,0.3782,0.3926,0.3625
2007-08-26,0.3657,0.3834,0.3613
2007-08-27,0.3533,0.3746,0.3596
2007-08-28,0.352,0.3667,0.3584
2007-08-29,0.3607,0.362,0.3568
2007-08-30,0.4027,0.3643,0.356
2007-08-31,0.3933,0.3713,0.3555
2007-09-01,0.3754,0.3698,0.3546
2007-09-02,0.3615,0.3658,0.3536
2007-09-03,0.3502,0.3607,0.3525
2007-09-04,0.3545,0.3571,0.3516
2007-09-05,0.3453,0.3537,0.3505
2007-09-06,0.3342,0.3492,0.3495
2007-09-07,0.3258,0.3449,0.3485
2007-09-08,0.319,0.3408,0.3474
2007-09-09,0.3129,0.3367,0.3464
2007-09-10,0.3076,0.333,0.3454
2007-09-11,0.3031,0.3296,0.3442
2007-09-12,0.2984,0.3261,0.3434
2007-09-13,0.2932,0.322,0.3417
2007-09-14,0.2886,0.318,0.3405
2007-09-15,0.283,0.3145,0.3395
2007-09-16,0.2768,0.3105,0.3385
2007-09-17,0.2808,0.3065,0.3367
2007-09-18,0.4275,0.3512,0.336
2007-09-19,0.3963,0.3744,0.336
2007-09-20,0.3776,0.3718,0.336
2007-09-21,0.3635,0.3666,0.3359
2007-09-22,0.3522,0.361,0.3355
2007-09-23,0.351,0.3565,0.335
2007-09-24,0.353,0.3535,0.3345
2007-09-25,0.3675,0.3521,0.334
2007-09-26,0.3824,0.354,0.334
2007-09-27,0.4294,0.3693,0.3341
2007-09-28,0.4464,0.4092,0.3359
2007-09-29,0.4295,0.4167,0.3393
2007-09-30,0.4417,0.4254,0.3422
2007-10-01,0.4192,0.4202,0.3453
2007-10-02,0.4047,0.4103,0.3469
2007-10-03,0.4012,0.402,0.3479
2007-10-04,0.4151,0.4009,0.3483
2007-10-05,0.414,0.4007,0.3491
2007-10-06,0.4356,0.4122,0.3505
2007-10-07,0.4181,0.4151,0.3524
2007-10-08,0.4048,0.4088,0.3538
2007-10-09,0.3982,0.4031,0.3548
2007-10-10,0.3977,0.3987,0.3553
2007-10-11,0.393,0.3951,0.356
2007-10-12,0.3864,0.3914,0.356
2007-10-13,0.3802,0.3873,0.356
2007-10-14,0.374,0.383,0.356
2007-10-15,0.3682,0.3785,0.356
2007-10-16,0.3631,0.3745,0.3555
2007-10-17,0.3585,0.3706,0.355
2007-10-18,0.3588,0.3678,0.355
2007-10-19,0.3565,0.3655,0.3545
2007-10-20,0.353,0.3631,0.354
2007-10-21,0.3505,0.361,0.354
2007-10-22,0.3479,0.359,0.3534
2007-10-23,0.3456,0.3567,0.353
2007-10-24,0.3523,0.355,0.3526
2007-10-25,0.3917,0.3582,0.352
2007-10-26,0.4022,0.3645,0.352
2007-10-27,0.3901,0.3693,0.352
2007-10-28,0.3813,0.3698,0.3516
2007-10-29,0.3745,0.369,0.351
2007-10-30,0.3944,0.3699,0.351
2007-10-31,0.3928,0.3743,0.351
2007-11-01,0.3842,0.375,0.351
2007-11-02,0.378,0.3745,0.351
2007-11-03,0.3732,0.3726,0.351
2007-11-04,0.3698,0.3711,0.351
2007-11-05,0.3669,0.3695,0.351
2007-11-06,0.3647,0.368,0.351
2007-11-07,0.3627,0.3665,0.351
2007-11-08,0.3607,0.365,0.351
2007-11-09,0.3867,0.3659,0.351
2007-11-10,0.3827,0.369,0.351
2007-11-11,0.3914,0.371,0.351
2007-11-12,0.4057,0.3773,0.351
2007-11-13,0.394,0.3809,0.351
2007-11-14,0.3871,0.381,0.3517
2007-11-15,0.3829,0.3803,0.352
2007-11-16,0.3799,0.3793,0.352
2007-11-17,0.3776,0.3779,0.3522
2007-11-18,0.377,0.3766,0.353
2007-11-19,0.383,0.376,0.353
2007-11-20,0.4052,0.3791,0.353
2007-11-21,0.4389,0.4201,0.356
2007-11-22,0.4443,0.4491,0.3725
2007-11-23,0.4507,0.4535,0.4019
2007-11-24,0.4447,0.4466,0.4127
2007-11-25,0.4381,0.4411,0.4166
2007-11-26,0.428,0.4354,0.4187
2007-11-27,0.4223,0.43,0.4199
2007-11-28,0.4245,0.427,0.42
2007-11-29,0.4241,0.4263,0.4208
2007-11-30,0.4234,0.4255,0.421
2008-04-01,0.4428,0.4343,0.4232
2008-04-02,0.4472,0.4427,0.4246
2008-04-03,0.4383,0.4452,0.4294
2008-04-04,0.4388,0.4408,0.434
2008-04-05,0.4428,0.4459,0.4344
2008-04-06,0.4373,0.4478,0.4382
2008-04-07,0.423,0.4372,0.4415
2008-04-08,0.4333,0.4383,0.4398
2008-04-09,0.4445,0.4506,0.4445
2008-04-10,0.4475,0.4447,0.4504
2008-04-11,0.4408,0.4438,0.4547
2008-04-12,0.4315,0.4278,0.4543
2008-04-13,0.4375,0.4291,0.4488
2008-04-14,0.444,0.4371,0.4443
2008-04-15,0.4393,0.4405,0.4409
2008-04-16,0.4351,0.4371,0.4379
2008-04-17,0.43,0.4353,0.4369
2008-04-18,0.449,0.4458,0.4377
2008-04-19,0.4475,0.4549,0.4442
2008-04-20,0.4428,0.4484,0.4467
2008-04-21,0.448,0.4534,0.4515
2008-04-22,0.4414,0.4476,0.4564
2008-04-23,0.4317,0.4346,0.456
2008-04-24,0.4329,0.4391,0.454
2008-04-25,0.421,0.4343,0.4544
2008-04-26,0.4072,0.4239,0.4525
2008-04-27,0.4048,0.4141,0.4305
2008-04-28,0.4213,0.4216,0.4273
2008-04-29,0.4353,0.428,0.4293
2008-04-30,0.4324,0.4305,0.4306
2008-05-01,0.4247,0.4354,0.4313
2008-05-02,0.4145,0.4324,0.4318
2008-05-03,0.4055,0.4276,0.4339
2008-05-04,0.4015,0.4191,0.4366
2008-05-05,0.409,0.416,0.4346
2008-05-06,0.4232,0.4232,0.4344
2008-05-07,0.4131,0.4109,0.4246
2008-05-08,0.4112,0.4065,0.4062
2008-05-09,0.4062,0.409,0.4018
2008-05-10,0.401,0.4051,0.3986
2008-05-11,0.4067,0.4006,0.3944
2008-05-12,0.4259,0.403,0.3906
2008-05-13,0.4245,0.4076,0.387
2008-05-14,0.4319,0.4125,0.3839
2008-05-15,0.4364,0.4219,0.3818
2008-05-16,0.4297,0.4243,0.3806
2008-05-17,0.4344,0.4287,0.3802
2008-05-18,0.4485,0.442,0.3825
2008-05-19,0.4315,0.4361,0.3849
2008-05-20,0.4293,0.4275,0.385
2008-05-21,0.4309,0.4263,0.385
2008-05-22,0.4155,0.4205,0.3845
2008-05-23,0.4011,0.4107,0.3824
2008-05-24,0.4132,0.4051,0.3803
2008-05-25,0.4353,0.4163,0.3792
2008-05-26,0.439,0.4385,0.3863
2008-05-27,0.4275,0.4308,0.3896
2008-05-28,0.4373,0.4317,0.3891
2008-05-29,0.4417,0.4459,0.3964
2008-05-30,0.4409,0.4487,0.4125
2008-05-31,0.4433,0.4456,0.4177
2008-06-01,0.4368,0.4385,0.419
2008-06-02,0.4415,0.4375,0.419
2008-06-03,0.439,0.437,0.419
2008-06-04,0.4425,0.439,0.4199
2008-06-05,0.4492,0.4413,0.4207
2008-06-06,0.4509,0.452,0.4247
2008-06-07,0.4555,0.4517,0.4287
2008-06-08,0.4445,0.4483,0.4328
2008-06-09,0.4315,0.4427,0.4359
2008-06-10,0.4316,0.438,0.4387
2008-06-11,0.4411,0.4389,0.4392
2008-06-12,0.4325,0.4368,0.4391
2008-06-13,0.4204,0.4282,0.438
2008-06-14,0.4075,0.4193,0.436
2008-06-15,0.403,0.4118,0.4335
2008-06-16,0.4223,0.4122,0.4312
2008-06-17,0.4419,0.4466,0.4335
2008-06-18,0.4221,0.4375,0.439
2008-06-19,0.4033,0.4227,0.4371
2008-06-20,0.3862,0.4087,0.4338
2008-06-21,0.3716,0.3965,0.4302
2008-06-22,0.3589,0.3857,0.4261
2008-06-23,0.3458,0.3758,0.4217
2008-06-24,0.3304,0.3658,0.417
2008-06-25,0.3211,0.3567,0.4123
2008-06-26,0.3183,0.3508,0.4082
2008-06-27,0.3104,0.3457,0.4041
2008-06-28,0.3007,0.34,0.3999
2008-06-29,0.317,0.335,0.3959
2008-06-30,0.3553,0.335,0.3927
2008-07-01,0.349,0.3345,0.3895
2008-07-02,0.3425,0.3322,0.3858
2008-07-03,0.3795,0.3357,0.3829
2008-07-04,0.3958,0.3593,0.3806
2008-07-05,0.3641,0.3567,0.3776
2008-07-06,0.3993,0.3731,0.3754
2008-07-07,0.4411,0.4375,0.3767
2008-07-08,0.4163,0.4254,0.3784
2008-07-09,0.396,0.4119,0.3777
2008-07-10,0.3778,0.3986,0.3761
2008-07-11,0.374,0.387,0.374
2008-07-12,0.4397,0.406,0.3732
2008-07-13,0.4345,0.4449,0.3935
2008-07-14,0.4407,0.4386,0.3997
2008-07-15,0.4141,0.4265,0.4012
2008-07-16,0.3951,0.4131,0.4
2008-07-17,0.3855,0.4028,0.398
2008-07-18,0.3782,0.3946,0.3961
2008-07-19,0.3631,0.3852,0.3936
2008-07-20,0.3909,0.3863,0.3914
2008-07-21,0.4186,0.4139,0.3904
2008-07-22,0.395,0.4062,0.389
2008-07-23,0.379,0.3967,0.3871
2008-07-24,0.3638,0.3863,0.385
2008-07-25,0.3509,0.3762,0.3822
2008-07-26,0.3532,0.3685,0.3802
2008-07-27,0.3628,0.3647,0.3783
2008-07-28,0.3533,0.3597,0.3762
2008-07-29,0.3565,0.3553,0.3742
2008-07-30,0.3556,0.3518,0.372
2008-07-31,0.3356,0.3453,0.3694
2008-08-01,0.3363,0.3397,0.367
2008-08-02,0.36,0.3391,0.3652
2008-08-03,0.339,0.3361,0.3631
2008-08-04,0.319,0.3304,0.3607
2008-08-05,0.3025,0.3247,0.3581
2008-08-06,0.2893,0.3191,0.356
2008-08-07,0.3088,0.3145,0.3535
2008-08-08,0.4026,0.3408,0.3516
2008-08-09,0.3679,0.3437,0.3503
2008-08-10,0.3442,0.3394,0.3485
2008-08-11,0.353,0.3356,0.3471
2008-08-12,0.413,0.3544,0.346
2008-08-13,0.4113,0.4282,0.3477
2008-08-14,0.4035,0.4113,0.349
2008-08-15,0.4406,0.424,0.3508
2008-08-16,0.4264,0.4322,0.3556
2008-08-17,0.409,0.4175,0.3578
2008-08-18,0.3932,0.4055,0.3579
2008-08-19,0.3873,0.3945,0.3575
2008-08-20,0.3946,0.3896,0.3568
2008-08-21,0.376,0.3833,0.3561
2008-08-22,0.3921,0.3787,0.355
2008-08-23,0.4074,0.386,0.355
2008-08-24,0.3841,0.3831,0.3545
2008-08-25,0.367,0.3762,0.3535
2008-08-26,0.3564,0.3698,0.3525
2008-08-27,0.3542,0.3647,0.3515
2008-08-28,0.3508,0.3601,0.3506
2008-08-29,0.3395,0.3546,0.3495
2008-08-30,0.3274,0.3482,0.3481
2008-08-31,0.3149,0.3412,0.3465
2008-09-01,0.3134,0.3362,0.3454
2008-09-02,0.3101,0.3321,0.3442
2008-09-03,0.3077,0.3275,0.3428
2008-09-04,0.426,0.3882,0.3427
2008-09-05,0.4099,0.4037,0.3433
2008-09-06,0.4187,0.4148,0.346
2008-09-07,0.4295,0.4364,0.3622
2008-09-08,0.409,0.4204,0.3648
2008-09-09,0.3933,0.4079,0.3651
2008-09-10,0.3829,0.3973,0.3646
2008-09-11,0.3837,0.3898,0.3644
2008-09-12,0.4325,0.4215,0.3651
2008-09-13,0.4511,0.4395,0.3689
2008-09-14,0.4462,0.4473,0.3791
2008-09-15,0.4271,0.4338,0.384
2008-09-16,0.4132,0.4231,0.3859
2008-09-17,0.4021,0.4141,0.3866
2008-09-18,0.3943,0.4055,0.3865
2008-09-19,0.4318,0.4093,0.386
2008-09-20,0.4129,0.4121,0.3865
2008-09-21,0.4011,0.407,0.3866
2008-09-22,0.3922,0.4017,0.3863
2008-09-23,0.386,0.3967,0.386
2008-09-24,0.3926,0.3935,0.3855
2008-09-25,0.3956,0.3929,0.385
2008-09-26,0.3977,0.3919,0.385
2008-09-27,0.3959,0.3921,0.3845
2008-09-28,0.3847,0.3893,0.3836
2008-09-29,0.3756,0.3851,0.3827
2008-09-30,0.3691,0.3808,0.382
2008-10-01,0.364,0.377,0.3813
2008-10-02,0.361,0.3735,0.3804
2008-10-03,0.4068,0.3758,0.3797
2008-10-04,0.4153,0.3865,0.379
2008-10-05,0.4087,0.3914,0.379
2008-10-06,0.4136,0.3943,0.379
2008-10-07,0.4075,0.3969,0.3785
2008-10-08,0.4268,0.4025,0.3782
2008-10-09,0.4292,0.4237,0.3798
2008-10-10,0.4135,0.4183,0.3812
2008-10-11,0.4034,0.4115,0.382
2008-10-12,0.3946,0.405,0.382
2008-10-13,0.3882,0.3989,0.382
2008-10-14,0.3851,0.3943,0.3815
2008-10-15,0.3798,0.3902,0.381
2008-10-16,0.3918,0.3876,0.381
2008-10-17,0.4089,0.3923,0.3804
2008-10-18,0.3973,0.3935,0.38
2008-10-19,0.3895,0.3911,0.38
2008-10-20,0.3888,0.389,0.38
2008-10-21,0.4013,0.3893,0.3795
2008-10-22,0.4119,0.3925,0.379
2008-10-23,0.416,0.4012,0.38
2008-10-24,0.4009,0.4008,0.38
2008-10-25,0.3932,0.3978,0.38
2008-10-26,0.3871,0.3945,0.38
2008-10-27,0.3875,0.391,0.3795
2008-10-28,0.455,0.4332,0.3834
2008-10-29,0.4589,0.4549,0.3975
2008-10-30,0.4355,0.4441,0.4061
2008-10-31,0.4343,0.4405,0.4118
2008-11-01,0.446,0.4466,0.42
2008-11-02,0.4441,0.4507,0.4291
2008-11-03,0.4471,0.4553,0.439
2008-11-04,0.4441,0.4505,0.4431
2008-11-05,0.4355,0.441,0.4484
2008-11-06,0.4369,0.4362,0.4469
2008-11-07,0.4335,0.4345,0.4455
2008-11-08,0.4258,0.43,0.444
2008-11-09,0.4202,0.4249,0.4425
2008-11-10,0.415,0.4201,0.4406
2008-11-11,0.4232,0.4175,0.4392
2008-11-12,0.446,0.4517,0.4445
2008-11-13,0.4328,0.4401,0.4488
2008-11-14,0.4319,0.4345,0.4475
2008-11-15,0.431,0.431,0.4459
2008-11-16,0.4284,0.4286,0.4445
2008-11-17,0.4258,0.4258,0.4432
2008-11-18,0.4251,0.424,0.4417
2008-11-19,0.4205,0.4218,0.4405
2008-11-20,0.4166,0.4189,0.4393
2008-11-21,0.4322,0.4206,0.4382
2008-11-22,0.4329,0.4352,0.4378
2008-11-23,0.422,0.4312,0.437
2008-11-24,0.4171,0.4263,0.4369
2008-11-25,0.4132,0.4218,0.436
2008-11-26,0.4097,0.4177,0.4352
2008-11-27,0.4066,0.414,0.4343
2008-11-28,0.4039,0.4108,0.4334
2008-11-29,0.4041,0.408,0.4324
2008-11-30,0.4091,0.408,0.4314
2009-04-01,0.4423,0.4465,0.408
2009-04-02,0.4424,0.4507,0.4212
2009-04-03,0.4363,0.4515,0.4362
2009-04-04,0.4356,0.445,0.4438
2009-04-05,0.4425,0.4519,0.4485
2009-04-06,0.4359,0.4462,0.4537
2009-04-07,0.4295,0.4346,0.4552
2009-04-08,0.4436,0.4422,0.4547
2009-04-09,0.4444,0.4519,0.4581
2009-04-10,0.4393,0.4462,0.4619
2009-04-11,0.44,0.4431,0.4618
2009-04-12,0.4452,0.4428,0.4624
2009-04-13,0.4407,0.445,0.4638
2009-04-14,0.4335,0.44,0.4629
2009-04-15,0.4444,0.4456,0.4606
2009-04-16,0.4474,0.4434,0.4588
2009-04-17,0.4448,0.439,0.4451
2009-04-18,0.4401,0.4515,0.4408
2009-04-19,0.4352,0.4505,0.4422
2009-04-20,0.4303,0.449,0.4466
2009-04-21,0.4303,0.4475,0.4493
2009-04-22,0.436,0.4477,0.4512
2009-04-23,0.4274,0.4431,0.4497
2009-04-24,0.4197,0.4353,0.4461
2009-04-25,0.4209,0.429,0.4366
2009-04-26,0.44,0.4425,0.433
2009-04-27,0.4452,0.4473,0.4363
2009-04-28,0.429,0.4426,0.436
2009-04-29,0.4354,0.4405,0.4339
2009-04-30,0.433,0.4435,0.431
2009-05-01,0.4209,0.4364,0.4298
2009-05-02,0.4188,0.427,0.4286
2009-05-03,0.4239,0.426,0.4237
2009-05-04,0.425,0.4256,0.4193
2009-05-05,0.4181,0.4219,0.4145
2009-05-06,0.4055,0.4149,0.4087
2009-05-07,0.3923,0.4064,0.4023
2009-05-08,0.3831,0.3979,0.3962
2009-05-09,0.375,0.3904,0.3907
2009-05-10,0.3722,0.3835,0.3856
2009-05-11,0.3759,0.3791,0.381
2009-05-12,0.3765,0.3742,0.3766
2009-05-13,0.366,0.3694,0.3725
2009-05-14,0.3644,0.3645,0.3687
2009-05-15,0.4484,0.4056,0.3669
2009-05-16,0.4262,0.4284,0.3698
2009-05-17,0.404,0.4144,0.3691
2009-05-18,0.4136,0.4065,0.3675
2009-05-19,0.4039,0.4041,0.366
2009-05-20,0.3809,0.3937,0.3636
2009-05-21,0.3647,0.3828,0.3609
2009-05-22,0.3567,0.3731,0.3581
2009-05-23,0.347,0.3643,0.3553
2009-05-24,0.3342,0.3556,0.3525
2009-05-25,0.3181,0.3463,0.3495
2009-05-26,0.3795,0.3523,0.3474
2009-05-27,0.423,0.3977,0.3465
2009-05-28,0.3919,0.3937,0.3456
2009-05-29,0.3727,0.3846,0.3445
2009-05-30,0.3915,0.3816,0.3434
2009-05-31,0.441,0.4198,0.3439
2009-06-01,0.4278,0.4207,0.3458
2009-06-02,0.4088,0.4122,0.347
2009-06-03,0.3886,0.4003,0.3466
2009-06-04,0.3705,0.3883,0.3455
2009-06-05,0.3713,0.379,0.3444
2009-06-06,0.4312,0.4107,0.3446
2009-06-07,0.4363,0.432,0.349
2009-06-08,0.4215,0.4214,0.3517
2009-06-09,0.4327,0.4315,0.3554
2009-06-10,0.4035,0.4224,0.363
2009-06-11,0.4288,0.4347,0.3653
2009-06-12,0.4046,0.4211,0.3674
2009-06-13,0.3853,0.4053,0.3668
2009-06-14,0.372,0.392,0.3655
2009-06-15,0.3718,0.382,0.3637
2009-06-16,0.367,0.3744,0.3618
2009-06-17,0.349,0.3662,0.36
2009-06-18,0.3462,0.3573,0.3578
2009-06-19,0.396,0.358,0.3562
2009-06-20,0.3852,0.362,0.3547
2009-06-21,0.3707,0.3602,0.3535
2009-06-22,0.3554,0.3558,0.3521
2009-06-23,0.34,0.3505,0.3505
2009-06-24,0.3253,0.3438,0.3488
2009-06-25,0.3127,0.3367,0.3468
2009-06-26,0.323,0.3313,0.345
2009-06-27,0.3508,0.3304,0.3437
2009-06-28,0.3397,0.3289,0.3425
2009-06-29,0.3237,0.3248,0.3409
2009-06-30,0.3159,0.3205,0.3391
2009-07-01,0.3146,0.3162,0.3375
2009-07-02,0.3108,0.3122,0.3359
2009-07-03,0.3059,0.3082,0.3342
2009-07-04,0.2993,0.3045,0.3325
2009-07-05,0.3076,0.3014,0.3313
2009-07-06,0.318,0.2997,0.3296
2009-07-07,0.3069,0.2972,0.3285
2009-07-08,0.3062,0.2951,0.3271
2009-07-09,0.2922,0.2925,0.3255
2009-07-10,0.279,0.2891,0.3241
2009-07-11,0.2664,0.2852,0.3225
2009-07-12,0.2539,0.2807,0.3209
2009-07-13,0.2429,0.2758,0.3189
2009-07-14,0.2333,0.2708,0.3168
2009-07-15,0.3323,0.27,0.315
2009-07-16,0.3338,0.2733,0.314
2009-07-17,0.3783,0.2945,0.313
2009-07-18,0.4312,0.3668,0.313
2009-07-19,0.391,0.3765,0.3131
2009-07-20,0.3643,0.3679,0.313
2009-07-21,0.3417,0.3573,0.3125
2009-07-22,0.3249,0.3474,0.3115
2009-07-23,0.3422,0.3395,0.3105
2009-07-24,0.3966,0.3434,0.31
2009-07-25,0.3934,0.3547,0.3096
2009-07-26,0.3593,0.3502,0.3088
2009-07-27,0.3398,0.3416,0.3081
2009-07-28,0.3644,0.3371,0.3074
2009-07-29,0.3352,0.3315,0.3065
2009-07-30,0.3131,0.3243,0.3054
2009-07-31,0.2972,0.318,0.3044
2009-08-01,0.2814,0.3108,0.3031
2009-08-02,0.3214,0.3062,0.302
2009-08-03,0.3401,0.307,0.302
2009-08-04,0.325,0.3056,0.3015
2009-08-05,0.3037,0.3011,0.3005
2009-08-06,0.2848,0.2954,0.2995
2009-08-07,0.2775,0.2906,0.2984
2009-08-08,0.2838,0.2885,0.298
2009-08-09,0.305,0.2865,0.2975
2009-08-10,0.386,0.2932,0.297
2009-08-11,0.3625,0.3026,0.2966
2009-08-12,0.3326,0.3016,0.2957
2009-08-13,0.3104,0.2976,0.2947
2009-08-14,0.2911,0.2926,0.2938
2009-08-15,0.2747,0.2876,0.2928
2009-08-16,0.2604,0.2824,0.2916
2009-08-17,0.2488,0.2771,0.2906
2009-08-18,0.2388,0.2722,0.2895
2009-08-19,0.2329,0.2677,0.2885
2009-08-20,0.2291,0.2635,0.2875
2009-08-21,0.2238,0.2597,0.2865
2009-08-22,0.2225,0.257,0.2856
2009-08-23,0.2173,0.2543,0.2846
2009-08-24,0.2181,0.2512,0.2837
2009-08-25,0.2559,0.2495,0.2832
2009-08-26,0.3355,0.2517,0.283
2009-08-27,0.3351,0.2566,0.2825
2009-08-28,0.3111,0.2577,0.282
2009-08-29,0.2946,0.2574,0.2815
2009-08-30,0.279,0.256,0.2807
2009-08-31,0.2655,0.254,0.2802
2009-09-01,0.2526,0.2515,0.2795
2009-09-02,0.2986,0.2507,0.279
2009-09-03,0.3749,0.2648,0.2786
2009-09-04,0.3527,0.2722,0.2783
2009-09-05,0.3353,0.2752,0.278
2009-09-06,0.3139,0.2748,0.278
2009-09-07,0.2962,0.2726,0.2774
2009-09-08,0.287,0.27,0.277
2009-09-09,0.2848,0.268,0.2765
2009-09-10,0.2775,0.266,0.276
2009-09-11,0.2792,0.2645,0.276
2009-09-12,0.294,0.2637,0.276
2009-09-13,0.3007,0.2637,0.276
2009-09-14,0.2992,0.2635,0.2756
2009-09-15,0.3553,0.2669,0.276
2009-09-16,0.4194,0.3088,0.276
2009-09-17,0.3846,0.3288,0.276
2009-09-18,0.3649,0.3308,0.276
2009-09-19,0.3566,0.3305,0.276
2009-09-20,0.3779,0.3318,0.2768
2009-09-21,0.3828,0.3394,0.277
2009-09-22,0.3617,0.3396,0.277
2009-09-23,0.3467,0.3367,0.2772
2009-09-24,0.3377,0.334,0.278
2009-09-25,0.3375,0.3319,0.278
2009-09-26,0.3528,0.3306,0.278
2009-09-27,0.3662,0.3315,0.2785
2009-09-28,0.3613,0.3325,0.279
2009-09-29,0.3473,0.3311,0.279
2009-09-30,0.3342,0.3283,0.279
2009-10-01,0.3264,0.325,0.279
2009-10-02,0.3234,0.3228,0.279
2009-10-03,0.3166,0.3202,0.279
2009-10-04,0.3089,0.317,0.279
2009-10-05,0.3013,0.3137,0.279
2009-10-06,0.2947,0.3105,0.279
2009-10-07,0.2874,0.307,0.279
2009-10-08,0.3162,0.3049,0.279
2009-10-09,0.3833,0.3107,0.279
2009-10-10,0.3994,0.3251,0.279
2009-10-11,0.3793,0.336,0.28
2009-10-12,0.3917,0.341,0.28
2009-10-13,0.3753,0.3459,0.2802
2009-10-14,0.3605,0.3455,0.281
2009-10-15,0.3522,0.3439,0.281
2009-10-16,0.3462,0.3421,0.282
2009-10-17,0.3451,0.3405,0.282
2009-10-18,0.3428,0.3387,0.2827
2009-10-19,0.3382,0.3368,0.283
2009-10-20,0.338,0.3345,0.283
2009-10-21,0.3865,0.347,0.2835
2009-10-22,0.4303,0.4122,0.286
2009-10-23,0.4411,0.4197,0.2899
2009-10-24,0.4208,0.4159,0.2945
2009-10-25,0.4114,0.4077,0.2977
2009-10-26,0.4033,0.4012,0.3001
2009-10-27,0.3941,0.3946,0.302
2009-10-28,0.3854,0.388,0.3033
2009-10-29,0.3777,0.3819,0.3043
2009-10-30,0.3713,0.3766,0.3051
2009-10-31,0.366,0.3719,0.306
2009-11-01,0.3611,0.3676,0.3064
2009-11-02,0.4314,0.4138,0.3086
2009-11-03,0.4494,0.4349,0.3151
2009-11-04,0.4487,0.4483,0.333
2009-11-05,0.443,0.4373,0.3442
2009-11-06,0.4351,0.431,0.3496
2009-11-07,0.4358,0.4265,0.3534
2009-11-08,0.4333,0.4288,0.3573
2009-11-09,0.4301,0.424,0.3606
2009-11-10,0.4254,0.422,0.3635
2009-11-11,0.422,0.4184,0.3658
2009-11-12,0.4328,0.4196,0.3678
2009-11-13,0.437,0.4274,0.3705
2009-11-14,0.4317,0.4275,0.3736
2009-11-15,0.4296,0.4244,0.3762
2009-11-16,0.435,0.4279,0.379
2009-11-17,0.4229,0.4236,0.3817
2009-11-18,0.4263,0.4212,0.3836
2009-11-19,0.4163,0.4181,0.3853
2009-11-20,0.4091,0.4137,0.3866
2009-11-21,0.4035,0.4095,0.387
2009-11-22,0.421,0.4101,0.388
2009-11-23,0.4315,0.4218,0.3895
2009-11-24,0.4486,0.437,0.3922
2009-11-25,0.4284,0.4337,0.3961
2009-11-26,0.4274,0.4276,0.3983
2009-11-27,0.4215,0.4246,0.3999
2009-11-28,0.4165,0.4207,0.401
2009-11-29,0.4257,0.419,0.402
2009-11-30,0.441,0.4434,0.4049
2010-04-01,0.4403,0.4347,0.456
2010-04-02,0.433,0.431,0.4531
2010-04-03,0.4383,0.4315,0.4499
2010-04-04,0.4578,0.4522,0.4509
2010-04-05,0.4449,0.4493,0.4517
2010-04-06,0.4454,0.4455,0.4504
2010-04-07,0.4435,0.45,0.4515
2010-04-08,0.4498,0.4546,0.4568
2010-04-09,0.4486,0.4498,0.4607
2010-04-10,0.4456,0.4437,0.4605
2010-04-11,0.4338,0.4427,0.4599
2010-04-12,0.4318,0.4305,0.4574
2010-04-13,0.4403,0.4322,0.4515
2010-04-14,0.4399,0.437,0.4457
2010-04-15,0.429,0.4369,0.4423
2010-04-16,0.436,0.4391,0.4408
2010-04-17,0.4341,0.4419,0.44
2010-04-18,0.4238,0.4332,0.4407
2010-04-19,0.4143,0.4238,0.4359
2010-04-20,0.4137,0.4294,0.43
2010-04-21,0.4023,0.4254,0.429
2010-04-22,0.4066,0.423,0.4272
2010-04-23,0.4156,0.4236,0.4258
2010-04-24,0.4059,0.4162,0.4222
2010-04-25,0.3994,0.409,0.4043
2010-04-26,0.4047,0.413,0.4051
2010-04-27,0.395,0.4124,0.4065
2010-04-28,0.3849,0.4073,0.41
2010-04-29,0.3924,0.404,0.41
2010-04-30,0.3998,0.406,0.407
2010-05-01,0.417,0.4055,0.4049
2010-05-02,0.4374,0.4226,0.4087
2010-05-03,0.4224,0.419,0.4083
2010-05-04,0.4513,0.4341,0.4045
2010-05-05,0.4545,0.4484,0.4043
2010-05-06,0.445,0.4461,0.4069
2010-05-07,0.4372,0.4383,0.4059
2010-05-08,0.4399,0.4351,0.404
2010-05-09,0.4429,0.4365,0.4025
2010-05-10,0.4347,0.4398,0.4086
2010-05-11,0.4456,0.4446,0.4105
2010-05-12,0.4499,0.45,0.4132
2010-05-13,0.4435,0.4478,0.4162
2010-05-14,0.4415,0.4405,0.4164
2010-05-15,0.4433,0.4399,0.416
2010-05-16,0.4415,0.44,0.4156
2010-05-17,0.4267,0.433,0.4142
2010-05-18,0.4135,0.4243,0.4117
2010-05-19,0.4023,0.4153,0.4085
2010-05-20,0.3925,0.4073,0.4051
2010-05-21,0.385,0.4004,0.4017
2010-05-22,0.3907,0.3943,0.3983
2010-05-23,0.4095,0.3937,0.395
2010-05-24,0.403,0.3957,0.3917
2010-05-25,0.38,0.389,0.3884
2010-05-26,0.3641,0.3797,0.3846
2010-05-27,0.403,0.3778,0.3815
2010-05-28,0.4,0.3799,0.379
2010-05-29,0.3977,0.3827,0.3769
2010-05-30,0.433,0.4065,0.3751
2010-05-31,0.4299,0.4458,0.3856
2010-06-01,0.4087,0.4264,0.3901
2010-06-02,0.3995,0.4144,0.3895
2010-06-03,0.3892,0.405,0.388
2010-06-04,0.3766,0.3955,0.3858
2010-06-05,0.3656,0.3862,0.3831
2010-06-06,0.3913,0.3836,0.3808
2010-06-07,0.421,0.4049,0.3795
2010-06-08,0.4076,0.402,0.3781
2010-06-09,0.3961,0.3965,0.3762
2010-06-10,0.3925,0.3893,0.3741
2010-06-11,0.4079,0.3862,0.3721
2010-06-12,0.441,0.4102,0.371
2010-06-13,0.4288,0.4172,0.3719
2010-06-14,0.4317,0.4252,0.3723
2010-06-15,0.4488,0.4523,0.3837
2010-06-16,0.4406,0.4537,0.4118
2010-06-17,0.4536,0.4495,0.4258
2010-06-18,0.4423,0.4467,0.43
2010-06-19,0.4464,0.4433,0.4318
2010-06-20,0.4481,0.4467,0.4338
2010-06-21,0.4307,0.4407,0.435
2010-06-22,0.4158,0.4305,0.4345
2010-06-23,0.404,0.4196,0.433
2010-06-24,0.3917,0.4088,0.4307
2010-06-25,0.3788,0.3982,0.428
2010-06-26,0.3667,0.3882,0.4248
2010-06-27,0.3579,0.3795,0.4216
2010-06-28,0.3529,0.372,0.4183
2010-06-29,0.3625,0.3667,0.415
2010-06-30,0.3828,0.3657,0.412
2010-07-01,0.4014,0.3685,0.4091
2010-07-02,0.4088,0.3789,0.4067
2010-07-03,0.3927,0.3809,0.404
2010-07-04,0.3771,0.3761,0.4011
2010-07-05,0.3695,0.3718,0.3986
2010-07-06,0.3524,0.3655,0.3956
2010-07-07,0.3363,0.3584,0.3926
2010-07-08,0.3205,0.3502,0.3892
2010-07-09,0.3065,0.342,0.3856
2010-07-10,0.3372,0.3369,0.3826
2010-07-11,0.3792,0.3425,0.38
2010-07-12,0.3724,0.3417,0.3773
2010-07-13,0.3836,0.3439,0.3749
2010-07-14,0.3658,0.3437,0.3722
2010-07-15,0.3504,0.3399,0.3696
2010-07-16,0.3511,0.3364,0.3672
2010-07-17,0.3744,0.3383,0.3655
2010-07-18,0.3526,0.3377,0.3638
2010-07-19,0.3305,0.3331,0.3611
2010-07-20,0.3129,0.3271,0.3587
2010-07-21,0.2994,0.321,0.3561
2010-07-22,0.3473,0.3238,0.3541
2010-07-23,0.4357,0.3704,0.353
2010-07-24,0.404,0.3879,0.353
2010-07-25,0.3788,0.3815,0.3524
2010-07-26,0.3601,0.373,0.351
2010-07-27,0.3483,0.3651,0.3496
2010-07-28,0.334,0.357,0.3482
2010-07-29,0.3501,0.3515,0.347
2010-07-30,0.3582,0.3501,0.3459
2010-07-31,0.3385,0.3451,0.3445
2010-08-01,0.32,0.3378,0.3425
2010-08-02,0.3504,0.3339,0.3413
2010-08-03,0.3966,0.345,0.3405
2010-08-04,0.3664,0.3462,0.3395
2010-08-05,0.416,0.3555,0.3389
2010-08-06,0.3984,0.3721,0.3385
2010-08-07,0.3704,0.3667,0.3376
2010-08-08,0.3506,0.3589,0.3366
2010-08-09,0.3331,0.3504,0.3355
2010-08-10,0.3217,0.3428,0.3341
2010-08-11,0.3186,0.3365,0.3326
2010-08-12,0.3447,0.3335,0.332
2010-08-13,0.3469,0.3324,0.3315
2010-08-14,0.3727,0.3332,0.331
2010-08-15,0.43,0.3601,0.3308
2010-08-16,0.4189,0.3843,0.331
2010-08-17,0.3941,0.3855,0.3311
2010-08-18,0.3745,0.3784,0.331
2010-08-19,0.3625,0.3712,0.3306
2010-08-20,0.3876,0.3678,0.3307
2010-08-21,0.3822,0.3679,0.3305
2010-08-22,0.3592,0.3615,0.3295
2010-08-23,0.3409,0.3538,0.3285
2010-08-24,0.3344,0.3478,0.3275
2010-08-25,0.3262,0.3419,0.3266
2010-08-26,0.3108,0.3347,0.3255
2010-08-27,0.3148,0.3292,0.3245
2010-08-28,0.3639,0.3293,0.324
2010-08-29,0.3496,0.3297,0.3235
2010-08-30,0.3345,0.3271,0.3225
2010-08-31,0.3235,0.3243,0.3217
2010-09-01,0.3101,0.3201,0.3206
2010-09-02,0.2974,0.3153,0.3196
2010-09-03,0.2867,0.3107,0.3186
2010-09-04,0.277,0.3061,0.3176
2010-09-05,0.2683,0.3015,0.3165
2010-09-06,0.2598,0.2968,0.3155
2010-09-07,0.362,0.2982,0.3147
2010-09-08,0.3957,0.3416,0.314
2010-09-09,0.3774,0.3515,0.314
2010-09-10,0.3694,0.3518,0.314
2010-09-11,0.3521,0.3485,0.3136
2010-09-12,0.3447,0.3438,0.3134
2010-09-13,0.3596,0.3417,0.313
2010-09-14,0.3452,0.3395,0.3126
2010-09-15,0.3313,0.3356,0.3122
2010-09-16,0.3277,0.3311,0.3115
2010-09-17,0.384,0.3337,0.311
2010-09-18,0.3996,0.342,0.3116
2010-09-19,0.3857,0.352,0.312
2010-09-20,0.3647,0.3512,0.3116
2010-09-21,0.3503,0.3475,0.3112
2010-09-22,0.3402,0.3435,0.311
2010-09-23,0.3314,0.3392,0.311
2010-09-24,0.3649,0.3477,0.311
2010-09-25,0.4261,0.3876,0.3115
2010-09-26,0.42,0.4015,0.3133
2010-09-27,0.4032,0.3981,0.315
2010-09-28,0.3925,0.3923,0.3164
2010-09-29,0.3833,0.3864,0.3172
2010-09-30,0.3782,0.3808,0.318
2010-10-01,0.3749,0.3765,0.3189
2010-10-02,0.3647,0.3712,0.319
2010-10-03,0.3541,0.3651,0.319
2010-10-04,0.3833,0.373,0.319
2010-10-05,0.4218,0.4033,0.3203
2010-10-06,0.4032,0.4007,0.322
2010-10-07,0.3887,0.3933,0.323
2010-10-08,0.3798,0.3862,0.3239
2010-10-09,0.3795,0.3807,0.324
2010-10-10,0.3811,0.3773,0.325
2010-10-11,0.4027,0.3778,0.3251
2010-10-12,0.3968,0.3822,0.326
2010-10-13,0.3833,0.3798,0.3261
2010-10-14,0.3763,0.3768,0.327
2010-10-15,0.3719,0.374,0.327
2010-10-16,0.3735,0.3717,0.328
2010-10-17,0.3907,0.3717,0.328
2010-10-18,0.4017,0.376,0.3289
2010-10-19,0.3926,0.378,0.329
2010-10-20,0.4047,0.3798,0.3299
2010-10-21,0.398,0.3825,0.3302
2010-10-22,0.3899,0.3812,0.331
2010-10-23,0.3845,0.379,0.331
2010-10-24,0.4274,0.3917,0.332
2010-10-25,0.4415,0.4265,0.3349
2010-10-26,0.43,0.4246,0.3391
2010-10-27,0.4311,0.4215,0.3425
2010-10-28,0.4371,0.4245,0.3455
2010-10-29,0.4374,0.4278,0.3494
2010-10-30,0.4369,0.4271,0.3531
2010-10-31,0.4475,0.4471,0.3652
2010-11-01,0.4563,0.4532,0.395
2010-11-02,0.4522,0.4499,0.4047
2010-11-03,0.4366,0.4413,0.4103
2010-11-04,0.4272,0.4336,0.4127
2010-11-05,0.4205,0.4276,0.414
2010-11-06,0.4144,0.4226,0.414
2010-11-07,0.433,0.4274,0.4144
2010-11-08,0.4309,0.435,0.4164
2010-11-09,0.4374,0.4327,0.4177
2010-11-10,0.4483,0.4411,0.4195
2010-11-11,0.4471,0.445,0.4229
2010-11-12,0.4415,0.4528,0.4425
2010-11-13,0.445,0.4458,0.4483
2010-11-14,0.4425,0.4459,0.4474
2010-11-15,0.4429,0.4503,0.4509
2010-11-16,0.4403,0.4443,0.4552
2010-11-17,0.4384,0.4384,0.4524
2010-11-18,0.4475,0.4418,0.4503
2010-11-19,0.4384,0.4406,0.4496
2010-11-20,0.4383,0.4376,0.4482
2010-11-21,0.4398,0.4395,0.447
2010-11-22,0.4314,0.4358,0.446
2010-11-23,0.424,0.431,0.4447
2010-11-24,0.4172,0.4248,0.4434
2010-11-25,0.4144,0.4198,0.4417
2010-11-26,0.4103,0.4159,0.4403
2010-11-27,0.4065,0.4124,0.4386
2010-11-28,0.4033,0.4092,0.4373
2010-11-29,0.4005,0.4064,0.4356
2010-11-30,0.3984,0.404,0.4343
2011-04-01,0.4303,0.443,0.445
2011-04-02,0.4151,0.4298,0.4417
2011-04-03,0.4126,0.4211,0.4212
2011-04-04,0.4241,0.4276,0.4203
2011-04-05,0.4216,0.4245,0.4201
2011-04-06,0.4214,0.4272,0.4176
2011-04-07,0.4156,0.4231,0.4165
2011-04-08,0.4092,0.4163,0.4144
2011-04-09,0.4013,0.4108,0.4102
2011-04-10,0.3918,0.4039,0.4058
2011-04-11,0.3834,0.3971,0.4016
2011-04-12,0.4031,0.3945,0.3978
2011-04-13,0.398,0.3947,0.3946
2011-04-14,0.3843,0.3903,0.3913
2011-04-15,0.3773,0.386,0.3881
2011-04-16,0.3717,0.3813,0.385
2011-04-17,0.3629,0.3765,0.3819
2011-04-18,0.3538,0.3709,0.3788
2011-04-19,0.3462,0.3653,0.3759
2011-04-20,0.3402,0.36,0.373
2011-04-21,0.3313,0.3545,0.37
2011-04-22,0.3242,0.3487,0.3672
2011-04-23,0.3737,0.347,0.3648
2011-04-24,0.3821,0.3502,0.3627
2011-04-25,0.3925,0.3541,0.3608
2011-04-26,0.3867,0.3607,0.359
2011-04-27,0.3698,0.3593,0.3571
2011-04-28,0.389,0.3597,0.3556
2011-04-29,0.4228,0.376,0.3546
2011-04-30,0.407,0.388,0.3537
2011-05-01,0.388,0.3846,0.3526
2011-05-02,0.3938,0.3801,0.3515
2011-05-03,0.4138,0.3855,0.351
2011-05-04,0.3993,0.3886,0.3504
2011-05-05,0.3807,0.3828,0.3494
2011-05-06,0.3686,0.3759,0.348
2011-05-07,0.3516,0.3678,0.3463
2011-05-08,0.3402,0.3597,0.3445
2011-05-09,0.3369,0.3535,0.3433
2011-05-10,0.3333,0.3482,0.3416
2011-05-11,0.3273,0.3428,0.3405
2011-05-12,0.3507,0.3389,0.3388
2011-05-13,0.3823,0.342,0.3376
2011-05-14,0.4027,0.3597,0.337
2011-05-15,0.4264,0.3985,0.337
2011-05-16,0.4088,0.4007,0.338
2011-05-17,0.3907,0.3931,0.3378
2011-05-18,0.3905,0.3857,0.3375
2011-05-19,0.4173,0.3882,0.337
2011-05-20,0.4238,0.4016,0.338
2011-05-21,0.4228,0.4063,0.3386
2011-05-22,0.4132,0.4072,0.3397
2011-05-23,0.3931,0.3975,0.34
2011-05-24,0.3756,0.3871,0.3395
2011-05-25,0.3588,0.3763,0.3385
2011-05-26,0.3572,0.3668,0.3375
2011-05-27,0.4227,0.3755,0.337
2011-05-28,0.394,0.3825,0.3366
2011-05-29,0.3697,0.375,0.3356
2011-05-30,0.3512,0.3655,0.3346
2011-05-31,0.4132,0.3718,0.334
2011-06-01,0.4506,0.4222,0.3359
2011-06-02,0.4397,0.4315,0.3409
2011-06-03,0.4322,0.4282,0.345
2011-06-04,0.4276,0.4304,0.3516
2011-06-05,0.4368,0.4319,0.3599
2011-06-06,0.4328,0.4338,0.3643
2011-06-07,0.4267,0.4321,0.3682
2011-06-08,0.4399,0.4396,0.3787
2011-06-09,0.4231,0.4301,0.383
2011-06-10,0.4046,0.4171,0.3837
2011-06-11,0.3964,0.407,0.3835
2011-06-12,0.3849,0.3986,0.3825
2011-06-13,0.3735,0.3895,0.3812
2011-06-14,0.3662,0.3818,0.3796
2011-06-15,0.3581,0.3747,0.3781
2011-06-16,0.3694,0.3686,0.3765
2011-06-17,0.4216,0.3885,0.3754
2011-06-18,0.4443,0.4346,0.381
2011-06-19,0.4238,0.4333,0.3886
2011-06-20,0.4024,0.4182,0.3891
2011-06-21,0.3888,0.4053,0.3881
2011-06-22,0.4022,0.3969,0.3865
2011-06-23,0.4301,0.407,0.386
2011-06-24,0.409,0.4097,0.386
2011-06-25,0.387,0.4005,0.385
2011-06-26,0.3683,0.3892,0.3831
2011-06-27,0.3509,0.3774,0.381
2011-06-28,0.3344,0.366,0.3782
2011-06-29,0.3362,0.3583,0.3765
2011-06-30,0.3599,0.3563,0.3754
2011-07-01,0.3444,0.3521,0.3732
2011-07-02,0.3261,0.3455,0.3711
2011-07-03,0.3099,0.3382,0.3687
2011-07-04,0.3132,0.3323,0.3665
2011-07-05,0.3202,0.3286,0.3647
2011-07-06,0.3056,0.3231,0.3622
2011-07-07,0.3035,0.319,0.3602
2011-07-08,0.3783,0.3199,0.3585
2011-07-09,0.3742,0.3275,0.357
2011-07-10,0.3772,0.329,0.3554
2011-07-11,0.3873,0.3425,0.354
2011-07-12,0.3527,0.3396,0.352
2011-07-13,0.4018,0.3711,0.3511
2011-07-14,0.4272,0.4269,0.3536
2011-07-15,0.4028,0.4139,0.355
2011-07-16,0.3826,0.3999,0.3553
2011-07-17,0.4167,0.4224,0.3613
2011-07-18,0.4149,0.4295,0.3739
2011-07-19,0.4282,0.4355,0.3779
2011-07-20,0.4287,0.4369,0.3887
2011-07-21,0.4237,0.427,0.3918
2011-07-22,0.4116,0.4187,0.393
2011-07-23,0.4181,0.4129,0.393
2011-07-24,0.4163,0.4118,0.393
2011-07-25,0.398,0.4057,0.3925
2011-07-26,0.3882,0.3987,0.3916
2011-07-27,0.4189,0.3999,0.391
2011-07-28,0.4241,0.4131,0.3913
2011-07-29,0.409,0.4106,0.3914
2011-07-30,0.3969,0.4041,0.3907
2011-07-31,0.389,0.3982,0.39
2011-08-01,0.3756,0.391,0.389
2011-08-02,0.3585,0.381,0.387
2011-08-03,0.345,0.3712,0.3849
2011-08-04,0.3355,0.3634,0.383
2011-08-05,0.3368,0.3564,0.381
2011-08-06,0.3607,0.3531,0.3795
2011-08-07,0.4287,0.3775,0.3786
2011-08-08,0.4048,0.3949,0.3782
2011-08-09,0.3861,0.3902,0.3774
2011-08-10,0.3717,0.3837,0.3761
2011-08-11,0.3562,0.3753,0.3745
2011-08-12,0.3419,0.3663,0.3726
2011-08-13,0.3294,0.358,0.371
2011-08-14,0.36,0.3535,0.3694
2011-08-15,0.4281,0.3857,0.368
2011-08-16,0.396,0.3902,0.3676
2011-08-17,0.3747,0.3829,0.3665
2011-08-18,0.3575,0.374,0.3651
2011-08-19,0.3413,0.3648,0.3634
2011-08-20,0.3272,0.356,0.3615
2011-08-21,0.315,0.3472,0.3597
2011-08-22,0.3043,0.3392,0.3579
2011-08-23,0.292,0.3315,0.3559
2011-08-24,0.2811,0.324,0.3539
2011-08-25,0.2774,0.3177,0.3519
2011-08-26,0.3153,0.3143,0.3501
2011-08-27,0.4012,0.3409,0.3487
2011-08-28,0.366,0.3438,0.3476
2011-08-29,0.345,0.3403,0.3465
2011-08-30,0.3294,0.3361,0.3455
2011-08-31,0.3154,0.331,0.344
2011-09-01,0.3045,0.3256,0.3425
2011-09-02,0.2976,0.3206,0.3412
2011-09-03,0.3221,0.3176,0.34
2011-09-04,0.3813,0.3223,0.34
2011-09-05,0.4027,0.3458,0.3395
2011-09-06,0.37,0.349,0.3385
2011-09-07,0.3514,0.3459,0.3376
2011-09-08,0.3386,0.3422,0.3367
2011-09-09,0.3257,0.3377,0.3356
2011-09-10,0.3133,0.3324,0.3346
2011-09-11,0.304,0.3267,0.3335
2011-09-12,0.3242,0.3227,0.3325
2011-09-13,0.3107,0.3191,0.3315
2011-09-14,0.303,0.316,0.3306
2011-09-15,0.2957,0.313,0.3296
2011-09-16,0.2859,0.3086,0.3285
2011-09-17,0.3187,0.306,0.3277
2011-09-18,0.431,0.3732,0.3276
2011-09-19,0.4442,0.4179,0.3297
2011-09-20,0.4292,0.43,0.3349
2011-09-21,0.4118,0.4167,0.338
2011-09-22,0.3987,0.4061,0.3397
2011-09-23,0.3882,0.3974,0.3403
2011-09-24,0.3795,0.3897,0.341
2011-09-25,0.3962,0.3852,0.341
2011-09-26,0.3923,0.3844,0.341
2011-09-27,0.3787,0.3799,0.3411
2011-09-28,0.3677,0.3745,0.341
2011-09-29,0.3582,0.3687,0.3406
2011-09-30,0.3497,0.3633,0.34
2011-10-01,0.3418,0.3578,0.3396
2011-10-02,0.3347,0.3529,0.339
2011-10-03,0.3283,0.3481,0.3385
2011-10-04,0.3219,0.3435,0.3376
2011-10-05,0.3168,0.3395,0.337
2011-10-06,0.3162,0.3357,0.3365
2011-10-07,0.3935,0.3388,0.336
2011-10-08,0.4026,0.3488,0.336
2011-10-09,0.4183,0.3662,0.336
2011-10-10,0.4135,0.3785,0.3362
2011-10-11,0.3983,0.3825,0.337
2011-10-12,0.3845,0.38,0.337
2011-10-13,0.3771,0.3765,0.337
2011-10-14,0.3711,0.3736,0.337
2011-10-15,0.3654,0.3702,0.3373
2011-10-16,0.3586,0.3664,0.337
2011-10-17,0.3528,0.3626,0.337
2011-10-18,0.3474,0.3589,0.337
2011-10-19,0.3904,0.3713,0.337
2011-10-20,0.4159,0.4019,0.338
2011-10-21,0.4039,0.3996,0.3393
2011-10-22,0.3966,0.3957,0.3402
2011-10-23,0.39,0.3913,0.341
2011-10-24,0.3903,0.3878,0.3418
2011-10-25,0.4478,0.4273,0.3443
2011-10-26,0.4398,0.4424,0.3533
2011-10-27,0.4204,0.4271,0.3583
2011-10-28,0.4218,0.4191,0.3609
2011-10-29,0.4167,0.4155,0.3629
2011-10-30,0.4068,0.4105,0.3644
2011-10-31,0.401,0.4055,0.3656
2011-11-01,0.3965,0.4011,0.366
2011-11-02,0.3949,0.3975,0.367
2011-11-03,0.3949,0.3945,0.367
2011-11-04,0.4419,0.4283,0.3747
2011-11-05,0.4572,0.4537,0.3915
2011-11-06,0.4501,0.4488,0.4012
2011-11-07,0.4338,0.4397,0.4066
2011-11-08,0.4307,0.4333,0.409
2011-11-09,0.4193,0.4278,0.4102
2011-11-10,0.4117,0.4217,0.411
2011-11-11,0.4063,0.4166,0.411
2011-11-12,0.4019,0.412,0.4105
2011-11-13,0.3979,0.4079,0.41
2011-11-14,0.3941,0.404,0.4095
2011-11-15,0.3914,0.4007,0.409
2011-11-16,0.3886,0.3978,0.4084
2011-11-17,0.3865,0.3951,0.4078
2011-11-18,0.3844,0.3929,0.407
2011-11-19,0.3846,0.3907,0.4065
2011-11-20,0.3898,0.39,0.406
2011-11-21,0.3863,0.3895,0.4054
2011-11-22,0.3826,0.3877,0.4048
2011-11-23,0.38,0.3864,0.404
2011-11-24,0.3777,0.3845,0.4035
2011-11-25,0.376,0.3831,0.403
2011-11-26,0.3745,0.3816,0.4022
2011-11-27,0.3731,0.3805,0.4017
2011-11-28,0.3716,0.379,0.401
2011-11-29,0.3706,0.3778,0.4005
2011-11-30,0.3702,0.377,0.4
2012-04-01,0.4177,0.4277,0.4531
2012-04-02,0.4252,0.429,0.4514
2012-04-03,0.4257,0.4222,0.4469
2012-04-04,0.4461,0.4305,0.4322
2012-04-05,0.434,0.4428,0.4353
2012-04-06,0.4266,0.4405,0.4378
2012-04-07,0.4341,0.4466,0.4398
2012-04-08,0.4371,0.4424,0.4405
2012-04-09,0.4253,0.4393,0.4379
2012-04-10,0.4271,0.4348,0.438
2012-04-11,0.4494,0.4447,0.4392
2012-04-12,0.4414,0.447,0.4393
2012-04-13,0.4511,0.4497,0.4429
2012-04-14,0.4545,0.4539,0.4426
2012-04-15,0.4552,0.4562,0.4437
2012-04-16,0.4568,0.4585,0.4456
2012-04-17,0.4477,0.4536,0.447
2012-04-18,0.4384,0.4488,0.448
2012-04-19,0.4467,0.4469,0.4502
2012-04-20,0.4517,0.4535,0.4512
2012-04-21,0.4434,0.452,0.4523
2012-04-22,0.4489,0.4484,0.4553
2012-04-23,0.4488,0.447,0.453
2012-04-24,0.4576,0.459,0.4525
2012-04-25,0.44,0.451,0.4555
2012-04-26,0.4405,0.4408,0.4558
2012-04-27,0.4343,0.4365,0.4537
2012-04-28,0.4205,0.4269,0.4498
2012-04-29,0.4303,0.4404,0.4498
2012-04-30,0.4334,0.4404,0.4465
2012-05-01,0.4271,0.4394,0.4471
2012-05-02,0.4465,0.4395,0.4428
2012-05-03,0.4262,0.4335,0.438
2012-05-04,0.4195,0.424,0.4321
2012-05-05,0.4545,0.442,0.4276
2012-05-06,0.4531,0.4507,0.427
2012-05-07,0.4305,0.442,0.4263
2012-05-08,0.4244,0.4313,0.423
2012-05-09,0.4315,0.4297,0.4195
2012-05-10,0.4136,0.4237,0.4155
2012-05-11,0.3953,0.4126,0.4109
2012-05-12,0.404,0.405,0.4065
2012-05-13,0.406,0.405,0.4029
2012-05-14,0.3887,0.3994,0.3989
2012-05-15,0.376,0.3918,0.3948
2012-05-16,0.3732,0.3856,0.3911
2012-05-17,0.367,0.3794,0.3873
2012-05-18,0.388,0.3757,0.3838
2012-05-19,0.4028,0.3778,0.3807
2012-05-20,0.3991,0.3784,0.3778
2012-05-21,0.4526,0.4211,0.377
2012-05-22,0.4365,0.4491,0.3971
2012-05-23,0.4281,0.4346,0.405
2012-05-24,0.4215,0.4255,0.4046
2012-05-25,0.4265,0.4198,0.4029
2012-05-26,0.4254,0.4242,0.4012
2012-05-27,0.4142,0.4172,0.3995
2012-05-28,0.4056,0.4115,0.3973
2012-05-29,0.3896,0.4026,0.3947
2012-05-30,0.3762,0.3934,0.3917
2012-05-31,0.3644,0.3841,0.3885
2012-06-01,0.3518,0.3752,0.3853
2012-06-02,0.338,0.3659,0.3817
2012-06-03,0.377,0.3784,0.3789
2012-06-04,0.4359,0.4332,0.3799
2012-06-05,0.4125,0.4221,0.3806
2012-06-06,0.4039,0.412,0.3798
2012-06-07,0.3909,0.403,0.3782
2012-06-08,0.4183,0.4005,0.377
2012-06-09,0.406,0.4035,0.3759
2012-06-10,0.4141,0.4046,0.3745
2012-06-11,0.4455,0.4439,0.3779
2012-06-12,0.4487,0.45,0.3905
2012-06-13,0.4378,0.4407,0.3964
2012-06-14,0.416,0.4278,0.3975
2012-06-15,0.3949,0.4132,0.396
2012-06-16,0.3768,0.3998,0.3934
2012-06-17,0.3618,0.3875,0.3904
2012-06-18,0.3512,0.3767,0.3875
2012-06-19,0.3447,0.3678,0.3846
2012-06-20,0.3806,0.364,0.3823
2012-06-21,0.4007,0.3678,0.3801
2012-06-22,0.3932,0.3724,0.378
2012-06-23,0.3656,0.3677,0.3752
2012-06-24,0.3445,0.36,0.3726
2012-06-25,0.3365,0.3537,0.3704
2012-06-26,0.332,0.3495,0.3682
2012-06-27,0.3202,0.343,0.366
2012-06-28,0.309,0.3356,0.3631
2012-06-29,0.2969,0.3281,0.3603
2012-06-30,0.282,0.3198,0.3572
2012-07-01,0.3287,0.3164,0.355
2012-07-02,0.4009,0.3279,0.354
2012-07-03,0.3714,0.3358,0.3525
2012-07-04,0.3477,0.3333,0.3509
2012-07-05,0.3418,0.3298,0.3488
2012-07-06,0.3885,0.3314,0.3475
2012-07-07,0.3741,0.3368,0.346
2012-07-08,0.3559,0.3346,0.3442
2012-07-09,0.3403,0.3307,0.3423
2012-07-10,0.3328,0.326,0.3405
2012-07-11,0.3333,0.3231,0.3392
2012-07-12,0.3184,0.3191,0.3375
2012-07-13,0.3034,0.3143,0.336
2012-07-14,0.3451,0.3111,0.3343
2012-07-15,0.337,0.3101,0.3326
2012-07-16,0.3209,0.3076,0.3315
2012-07-17,0.3025,0.3037,0.3298
2012-07-18,0.2842,0.2983,0.328
2012-07-19,0.2684,0.2927,0.3259
2012-07-20,0.2605,0.288,0.324
2012-07-21,0.2628,0.2847,0.3226
2012-07-22,0.2557,0.2816,0.3215
2012-07-23,0.2458,0.2777,0.3196
2012-07-24,0.2491,0.2735,0.318
2012-07-25,0.2605,0.2703,0.3165
2012-07-26,0.2473,0.2662,0.3148
2012-07-27,0.2356,0.2622,0.3129
2012-07-28,0.2394,0.2591,0.3111
2012-07-29,0.2621,0.2572,0.3096
2012-07-30,0.2536,0.2551,0.3085
2012-07-31,0.2406,0.2525,0.3069
2012-08-01,0.2365,0.2496,0.3051
2012-08-02,0.2465,0.2479,0.3036
2012-08-03,0.2495,0.2462,0.3026
2012-08-04,0.2452,0.2443,0.3015
2012-08-05,0.3039,0.2444,0.3004
2012-08-06,0.4071,0.2748,0.3
2012-08-07,0.3752,0.3088,0.2996
2012-08-08,0.3406,0.3081,0.2986
2012-08-09,0.3173,0.3041,0.2977
2012-08-10,0.2985,0.2991,0.2968
2012-08-11,0.2815,0.2937,0.2959
2012-08-12,0.2708,0.289,0.295
2012-08-13,0.2644,0.2852,0.2945
2012-08-14,0.2536,0.2806,0.2935
2012-08-15,0.2422,0.2755,0.2921
2012-08-16,0.2465,0.2715,0.291
2012-08-17,0.2389,0.2677,0.2901
2012-08-18,0.2286,0.2632,0.289
2012-08-19,0.2203,0.2591,0.2875
2012-08-20,0.2179,0.2555,0.2865
2012-08-21,0.2188,0.2521,0.2855
2012-08-22,0.2126,0.2486,0.2844
2012-08-23,0.2139,0.2461,0.2834
2012-08-24,0.2122,0.2435,0.2825
2012-08-25,0.2729,0.2426,0.2815
2012-08-26,0.361,0.2561,0.281
2012-08-27,0.325,0.2597,0.2805
2012-08-28,0.3063,0.2598,0.28
2012-08-29,0.302,0.2595,0.2795
2012-08-30,0.3616,0.2635,0.2794
2012-08-31,0.4157,0.2887,0.28
2012-09-01,0.424,0.335,0.2801
2012-09-02,0.3948,0.3515,0.281
2012-09-03,0.386,0.3532,0.2819
2012-09-04,0.3884,0.3547,0.2828
2012-09-05,0.3873,0.3567,0.2831
2012-09-06,0.3747,0.3561,0.284
2012-09-07,0.3578,0.3517,0.284
2012-09-08,0.3421,0.3458,0.284
2012-09-09,0.3412,0.34,0.284
2012-09-10,0.3437,0.3361,0.284
2012-09-11,0.3395,0.3318,0.284
2012-09-12,0.4244,0.3653,0.2845
2012-09-13,0.4055,0.3892,0.2864
2012-09-14,0.3865,0.3835,0.2878
2012-09-15,0.3726,0.3763,0.2889
2012-09-16,0.3598,0.3688,0.2895
2012-09-17,0.347,0.3606,0.29
2012-09-18,0.3408,0.3539,0.29
2012-09-19,0.3892,0.3535,0.2902
2012-09-20,0.3711,0.354,0.291
2012-09-21,0.3538,0.3499,0.291
2012-09-22,0.3475,0.3457,0.291
2012-09-23,0.3392,0.3417,0.291
2012-09-24,0.3987,0.368,0.2914
2012-09-25,0.4015,0.3894,0.2928
2012-09-26,0.4085,0.3965,0.2948
2012-09-27,0.4212,0.432,0.3076
2012-09-28,0.4131,0.4155,0.3121
2012-09-29,0.431,0.411,0.3148
2012-09-30,0.4294,0.4172,0.3178
2012-10-01,0.4146,0.4123,0.3209
2012-10-02,0.4004,0.4039,0.3228
2012-10-03,0.389,0.3955,0.324
2012-10-04,0.3818,0.3883,0.325
2012-10-05,0.3747,0.3821,0.3255
2012-10-06,0.3658,0.3757,0.326
2012-10-07,0.3913,0.3735,0.326
2012-10-08,0.3972,0.3757,0.3264
2012-10-09,0.4345,0.4124,0.3279
2012-10-10,0.4215,0.4164,0.331
2012-10-11,0.4117,0.4104,0.3333
2012-10-12,0.435,0.4149,0.3354
2012-10-13,0.4151,0.4146,0.338
2012-10-14,0.4176,0.4084,0.3399
2012-10-15,0.4403,0.4272,0.3427
2012-10-16,0.4189,0.4205,0.3461
2012-10-17,0.4106,0.4123,0.3482
2012-10-18,0.4018,0.4057,0.3498
2012-10-19,0.3924,0.399,0.3504
2012-10-20,0.3847,0.3929,0.351
2012-10-21,0.3786,0.3873,0.351
2012-10-22,0.3754,0.3827,0.351
2012-10-23,0.374,0.3795,0.351
2012-10-24,0.3691,0.3762,0.3514
2012-10-25,0.3641,0.3727,0.351
2012-10-26,0.4039,0.3747,0.351
2012-10-27,0.429,0.413,0.3527
2012-10-28,0.4158,0.4176,0.3553
2012-10-29,0.4086,0.4119,0.3573
2012-10-30,0.4137,0.408,0.3587
2012-10-31,0.4257,0.4098,0.3602
2012-11-01,0.4391,0.4205,0.362
2012-11-02,0.4493,0.4365,0.3658
2012-11-03,0.4455,0.4391,0.3715
2012-11-04,0.4489,0.447,0.3819
2012-11-05,0.4467,0.4471,0.4078
2012-11-06,0.4465,0.4445,0.4124
2012-11-07,0.4351,0.4403,0.416
2012-11-08,0.4285,0.4337,0.4178
2012-11-09,0.4292,0.4298,0.4187
2012-11-10,0.4425,0.4468,0.4303
2012-11-11,0.4495,0.4436,0.4504
2012-11-12,0.4336,0.4392,0.4504
2012-11-13,0.425,0.4314,0.4479
2012-11-14,0.4187,0.4242,0.4454
2012-11-15,0.4128,0.4184,0.443
2012-11-16,0.4071,0.4134,0.4407
2012-11-17,0.4024,0.4091,0.4385
2012-11-18,0.3986,0.4055,0.4364
2012-11-19,0.3954,0.4022,0.4345
2012-11-20,0.3921,0.3993,0.4325
2012-11-21,0.3899,0.3968,0.4307
2012-11-22,0.3889,0.395,0.4293
2012-11-23,0.3865,0.3932,0.4276
2012-11-24,0.3837,0.3914,0.4262
2012-11-25,0.3828,0.3896,0.4246
2012-11-26,0.3991,0.3915,0.4235
2012-11-27,0.4532,0.4517,0.4319
2012-11-28,0.4403,0.4508,0.4403
2012-11-29,0.4283,0.4409,0.441
2012-11-30,0.4227,0.4339,0.4402
2013-04-01,0.4316,0.4389,0.4482
2013-04-02,0.4387,0.4349,0.4464
2013-04-03,0.4343,0.4419,0.447
2013-04-04,0.4322,0.4365,0.4485
2013-04-05,0.4388,0.4458,0.4509
2013-04-06,0.444,0.4465,0.4553
2013-04-07,0.4478,0.4526,0.4557
2013-04-08,0.449,0.4533,0.4557
2013-04-09,0.4512,0.4569,0.456
2013-04-10,0.4378,0.4484,0.4579
2013-04-11,0.4416,0.4431,0.4619
2013-04-12,0.4388,0.443,0.4651
2013-04-13,0.4358,0.435,0.4604
2013-04-14,0.4367,0.4496,0.4564
2013-04-15,0.4276,0.4476,0.4598
2013-04-16,0.4252,0.4425,0.4616
2013-04-17,0.427,0.4415,0.4597
2013-04-18,0.4307,0.4396,0.4434
2013-04-19,0.4415,0.4491,0.4467
2013-04-20,0.4458,0.4436,0.4457
2013-04-21,0.4459,0.4503,0.4397
2013-04-22,0.4443,0.4525,0.4416
2013-04-23,0.4434,0.4536,0.4431
2013-04-24,0.4463,0.4547,0.4458
2013-04-25,0.4463,0.4555,0.4519
2013-04-26,0.4431,0.4502,0.4604
2013-04-27,0.4521,0.4423,0.4559
2013-04-28,0.4434,0.4465,0.4347
2013-04-29,0.4471,0.455,0.443
2013-04-30,0.4351,0.4481,0.4556
2013-05-01,0.4398,0.4446,0.4399
2013-05-02,0.4395,0.4495,0.4383
2013-05-03,0.4446,0.4526,0.44
2013-05-04,0.4329,0.4445,0.4435
2013-05-05,0.4287,0.435,0.4369
2013-05-06,0.4387,0.435,0.4201
2013-05-07,0.4199,0.4344,0.4223
2013-05-08,0.4115,0.4303,0.424
2013-05-09,0.444,0.4369,0.4263
2013-05-10,0.4455,0.4428,0.435
2013-05-11,0.4368,0.4387,0.424
2013-05-12,0.4328,0.4355,0.418
2013-05-13,0.4218,0.4296,0.4127
2013-05-14,0.4144,0.4214,0.4072
2013-05-15,0.4381,0.4223,0.4022
2013-05-16,0.45,0.4464,0.4059
2013-05-17,0.4448,0.4513,0.423
2013-05-18,0.439,0.4508,0.4295
2013-05-19,0.442,0.4459,0.442
2013-05-20,0.4433,0.444,0.4403
2013-05-21,0.4367,0.439,0.437
2013-05-22,0.4433,0.4389,0.4335
2013-05-23,0.4333,0.4382,0.4302
2013-05-24,0.4319,0.433,0.4264
2013-05-25,0.4418,0.435,0.4228
2013-05-26,0.445,0.4418,0.4209
2013-05-27,0.4383,0.4377,0.419
2013-05-28,0.4393,0.4405,0.4189
2013-05-29,0.4506,0.4498,0.4273
2013-05-30,0.446,0.4479,0.429
2013-05-31,0.441,0.4423,0.4285
2013-06-01,0.4467,0.4445,0.4279
2013-06-02,0.4298,0.4383,0.4266
2013-06-03,0.4163,0.4292,0.4241
2013-06-04,0.4161,0.4204,0.4205
2013-06-05,0.4308,0.4211,0.417
2013-06-06,0.4349,0.4265,0.4141
2013-06-07,0.4333,0.4317,0.4121
2013-06-08,0.432,0.434,0.4115
2013-06-09,0.4363,0.436,0.4112
2013-06-10,0.4276,0.4332,0.4115
2013-06-11,0.4114,0.4234,0.4095
2013-06-12,0.3958,0.4128,0.4065
2013-06-13,0.3867,0.4021,0.4027
2013-06-14,0.401,0.3965,0.3994
2013-06-15,0.3971,0.3938,0.3962
2013-06-16,0.3794,0.3873,0.3926
2013-06-17,0.3582,0.3772,0.3885
2013-06-18,0.3434,0.3669,0.3845
2013-06-19,0.3513,0.3593,0.3808
2013-06-20,0.4011,0.375,0.3783
2013-06-21,0.4014,0.3995,0.3765
2013-06-22,0.3909,0.3941,0.3747
2013-06-23,0.3812,0.3881,0.3727
2013-06-24,0.406,0.387,0.3711
2013-06-25,0.3925,0.3872,0.3692
2013-06-26,0.3724,0.3808,0.3671
2013-06-27,0.3597,0.3738,0.365
2013-06-28,0.3528,0.3676,0.363
2013-06-29,0.381,0.3655,0.3614
2013-06-30,0.3975,0.3721,0.36
2013-07-01,0.3719,0.3682,0.358
2013-07-02,0.3538,0.3613,0.3557
2013-07-03,0.3722,0.3572,0.3538
2013-07-04,0.3882,0.3604,0.3526
2013-07-05,0.3661,0.3588,0.3511
2013-07-06,0.3467,0.3527,0.349
2013-07-07,0.337,0.3464,0.3471
2013-07-08,0.3502,0.3422,0.3455
2013-07-09,0.379,0.3419,0.3441
2013-07-10,0.3952,0.3482,0.3426
2013-07-11,0.39,0.3545,0.3415
2013-07-12,0.3732,0.3542,0.3402
2013-07-13,0.3504,0.3493,0.3385
2013-07-14,0.3342,0.343,0.3369
2013-07-15,0.3221,0.3362,0.3351
2013-07-16,0.307,0.3293,0.3332
2013-07-17,0.3414,0.3254,0.3319
2013-07-18,0.4147,0.3493,0.331
2013-07-19,0.4289,0.3976,0.3315
2013-07-20,0.4219,0.4055,0.3325
2013-07-21,0.411,0.4058,0.3332
2013-07-22,0.4059,0.4035,0.3349
2013-07-23,0.3956,0.3951,0.335
2013-07-24,0.3751,0.3843,0.3346
2013-07-25,0.3571,0.3735,0.3336
2013-07-26,0.3392,0.3626,0.3325
2013-07-27,0.3206,0.3514,0.331
2013-07-28,0.3185,0.3415,0.3293
2013-07-29,0.4308,0.4168,0.3348
2013-07-30,0.4095,0.4247,0.3441
2013-07-31,0.3894,0.4072,0.3453
2013-08-01,0.3707,0.3925,0.3448
2013-08-02,0.3517,0.3787,0.3439
2013-08-03,0.335,0.3663,0.3425
2013-08-04,0.324,0.356,0.3409
2013-08-05,0.313,0.3465,0.3391
2013-08-06,0.3019,0.3373,0.3374
2013-08-07,0.3287,0.3321,0.336
2013-08-08,0.4312,0.3673,0.336
2013-08-09,0.4156,0.3895,0.336
2013-08-10,0.3916,0.3873,0.3361
2013-08-11,0.3713,0.3793,0.3357
2013-08-12,0.3532,0.37,0.335
2013-08-13,0.3388,0.361,0.334
2013-08-14,0.3273,0.3535,0.3331
2013-08-15,0.3161,0.3456,0.3316
2013-08-16,0.3058,0.3381,0.3305
2013-08-17,0.2988,0.3313,0.3295
2013-08-18,0.2961,0.3258,0.3285
2013-08-19,0.2947,0.3212,0.3275
2013-08-20,0.2915,0.3168,0.3265
2013-08-21,0.2802,0.3115,0.325
2013-08-22,0.2692,0.3057,0.3235
2013-08-23,0.2586,0.2997,0.3221
2013-08-24,0.3357,0.3179,0.321
2013-08-25,0.3867,0.356,0.321
2013-08-26,0.364,0.3546,0.3205
2013-08-27,0.367,0.3517,0.32
2013-08-28,0.372,0.3521,0.32
2013-08-29,0.3555,0.3495,0.32
2013-08-30,0.3428,0.3452,0.3195
2013-08-31,0.3306,0.3403,0.3186
2013-09-01,0.3196,0.335,0.318
2013-09-02,0.3088,0.3297,0.3175
2013-09-03,0.2983,0.3242,0.3165
2013-09-04,0.2877,0.3182,0.3155
2013-09-05,0.299,0.3134,0.3145
2013-09-06,0.3135,0.3106,0.3139
2013-09-07,0.3394,0.3102,0.3134
2013-09-08,0.4489,0.3758,0.3134
2013-09-09,0.418,0.4296,0.3182
2013-09-10,0.4057,0.4133,0.3218
2013-09-11,0.399,0.4034,0.3237
2013-09-12,0.3924,0.3957,0.3249
2013-09-13,0.3823,0.3886,0.3259
2013-09-14,0.3712,0.3811,0.326
2013-09-15,0.4308,0.3922,0.3265
2013-09-16,0.4293,0.4107,0.3285
2013-09-17,0.4323,0.4182,0.3311
2013-09-18,0.4384,0.4188,0.3339
2013-09-19,0.4347,0.4263,0.3375
2013-09-20,0.4123,0.4168,0.3404
2013-09-21,0.398,0.4065,0.3419
2013-09-22,0.3871,0.3975,0.3429
2013-09-23,0.3773,0.3895,0.343
2013-09-24,0.3673,0.3818,0.343
2013-09-25,0.3575,0.3743,0.3425
2013-09-26,0.3495,0.3677,0.342
2013-09-27,0.3417,0.3614,0.3415
2013-09-28,0.334,0.3556,0.3405
2013-09-29,0.3687,0.3531,0.34
2013-09-30,0.4006,0.3622,0.34
2013-10-01,0.3798,0.3646,0.34
2013-10-02,0.3645,0.362,0.3395
2013-10-03,0.3546,0.358,0.339
2013-10-04,0.3741,0.3615,0.3387
2013-10-05,0.4437,0.4492,0.3619
2013-10-06,0.4291,0.4332,0.3738
2013-10-07,0.4232,0.4246,0.3769
2013-10-08,0.42,0.4195,0.3787
2013-10-09,0.416,0.4161,0.3802
2013-10-10,0.4305,0.4181,0.3813
2013-10-11,0.4379,0.4287,0.3836
2013-10-12,0.4338,0.4274,0.386
2013-10-13,0.4559,0.4491,0.3908
2013-10-14,0.4473,0.4469,0.3987
2013-10-15,0.4545,0.4495,0.4053
2013-10-16,0.4244,0.4465,0.4223
2013-10-17,0.4167,0.4309,0.426
2013-10-18,0.4095,0.4227,0.426
2013-10-19,0.4039,0.416,0.4254
2013-10-20,0.4298,0.4182,0.4242
2013-10-21,0.4266,0.4288,0.424
2013-10-22,0.4123,0.4233,0.4237
2013-10-23,0.4373,0.4404,0.4275
2013-10-24,0.426,0.44,0.437
2013-10-25,0.416,0.4299,0.4365
2013-10-26,0.4085,0.4217,0.4347
2013-10-27,0.4156,0.4166,0.4335
2013-10-28,0.4129,0.4153,0.4324
2013-10-29,0.4442,0.436,0.4316
2013-10-30,0.4265,0.4369,0.432
2013-10-31,0.4179,0.4302,0.432
2013-11-01,0.4121,0.4239,0.4311
2013-11-02,0.4383,0.4272,0.4305
2013-11-03,0.4453,0.4533,0.4401
2013-11-04,0.4455,0.4527,0.4463
2013-11-05,0.4421,0.4449,0.4541
2013-11-06,0.4421,0.4413,0.4597
2013-11-07,0.4332,0.432,0.4561
2013-11-08,0.4358,0.4304,0.4527
2013-11-09,0.4319,0.4474,0.4598
2013-11-10,0.4485,0.4474,0.4592
2013-11-11,0.4313,0.4397,0.4585
2013-11-12,0.4271,0.428,0.4549
2013-11-13,0.4272,0.4234,0.4518
2013-11-14,0.425,0.4212,0.4492
2013-11-15,0.4181,0.4188,0.4471
2013-11-16,0.4257,0.4172,0.4451
2013-11-17,0.434,0.4232,0.4435
2013-11-18,0.4363,0.4297,0.4425
2013-11-19,0.4356,0.4333,0.442
2013-11-20,0.4265,0.4324,0.4418
2013-11-21,0.4188,0.4272,0.441
2013-11-22,0.414,0.422,0.4402
2013-11-23,0.4101,0.4174,0.4391
2013-11-24,0.4068,0.4135,0.4377
2013-11-25,0.404,0.4102,0.4363
2013-11-26,0.4014,0.4074,0.4345
2013-11-27,0.3992,0.405,0.4328
2013-11-28,0.3973,0.4028,0.4309
2013-11-29,0.3955,0.401,0.429
2013-11-30,0.394,0.3995,0.4271
2014-04-01,0.4149,0.421,0.4418
2014-04-02,0.4146,0.428,0.439
2014-04-03,0.4103,0.4259,0.4383
2014-04-04,0.4221,0.421,0.4364
2014-04-05,0.437,0.4253,0.4341
2014-04-06,0.418,0.4248,0.4288
2014-04-07,0.4075,0.4181,0.4092
2014-04-08,0.4241,0.4266,0.4088
2014-04-09,0.4218,0.4278,0.4117
2014-04-10,0.4173,0.4247,0.4135
2014-04-11,0.4148,0.4235,0.4157
2014-04-12,0.4022,0.4198,0.4196
2014-04-13,0.3897,0.4083,0.4214
2014-04-14,0.394,0.4048,0.4144
2014-04-15,0.4005,0.4123,0.4095
2014-04-16,0.3984,0.4097,0.4087
2014-04-17,0.3938,0.4066,0.4087
2014-04-18,0.3971,0.405,0.4066
2014-04-19,0.3972,0.4055,0.4031
2014-04-20,0.4013,0.404,0.4005
2014-04-21,0.4194,0.4073,0.4015
2014-04-22,0.4158,0.4008,0.4045
2014-04-23,0.4287,0.4103,0.4011
2014-04-24,0.4125,0.409,0.3962
2014-04-25,0.413,0.4074,0.3909
2014-04-26,0.4217,0.4092,0.3871
2014-04-27,0.4426,0.4242,0.3847
2014-04-28,0.4384,0.4269,0.3836
2014-04-29,0.4241,0.4245,0.3826
2014-04-30,0.442,0.4269,0.3812
2014-05-01,0.4342,0.4283,0.381
2014-05-02,0.4626,0.4518,0.3843
2014-05-03,0.4542,0.4512,0.3936
2014-05-04,0.4337,0.44,0.3972
2014-05-05,0.4167,0.4271,0.3969
2014-05-06,0.406,0.4155,0.3943
2014-05-07,0.4433,0.4232,0.3923
2014-05-08,0.4229,0.4274,0.3922
2014-05-09,0.4057,0.4168,0.3905
2014-05-10,0.395,0.4078,0.3884
2014-05-11,0.4148,0.4038,0.3865
2014-05-12,0.4201,0.4095,0.3848
2014-05-13,0.4281,0.411,0.3834
2014-05-14,0.4335,0.421,0.383
2014-05-15,0.4214,0.4202,0.3826
2014-05-16,0.4066,0.4129,0.3816
2014-05-17,0.393,0.4041,0.3801
2014-05-18,0.385,0.3961,0.3781
2014-05-19,0.3825,0.3895,0.3761
2014-05-20,0.3719,0.3827,0.374
2014-05-21,0.3611,0.3749,0.3713
2014-05-22,0.3993,0.3876,0.3694
2014-05-23,0.4247,0.4382,0.3793
2014-05-24,0.4179,0.423,0.3806
2014-05-25,0.4119,0.413,0.3801
2014-05-26,0.4343,0.4224,0.3801
2014-05-27,0.44,0.4453,0.3936
2014-05-28,0.4259,0.4329,0.3984
2014-05-29,0.4138,0.4228,0.3985
2014-05-30,0.4038,0.4141,0.3975
2014-05-31,0.3959,0.4063,0.3961
2014-06-01,0.3858,0.399,0.3941
2014-06-02,0.3798,0.3919,0.3921
2014-06-03,0.3785,0.3867,0.3901
2014-06-04,0.4019,0.3859,0.3884
2014-06-05,0.4076,0.3965,0.387
2014-06-06,0.3809,0.3895,0.3844
2014-06-07,0.3607,0.3798,0.3817
2014-06-08,0.3426,0.3691,0.3787
2014-06-09,0.3322,0.359,0.3758
2014-06-10,0.3499,0.3525,0.3732
2014-06-11,0.3757,0.3526,0.3711
2014-06-12,0.3723,0.3513,0.369
2014-06-13,0.3766,0.3523,0.3671
2014-06-14,0.3762,0.3527,0.3655
2014-06-15,0.3924,0.3558,0.3642
2014-06-16,0.3981,0.3653,0.3628
2014-06-17,0.3976,0.3678,0.3615
2014-06-18,0.4187,0.3798,0.3609
2014-06-19,0.3963,0.3834,0.3597
2014-06-20,0.3735,0.3774,0.3585
2014-06-21,0.3525,0.3682,0.3569
2014-06-22,0.3409,0.359,0.3547
2014-06-23,0.3767,0.3548,0.353
2014-06-24,0.408,0.3665,0.3516
2014-06-25,0.4168,0.3764,0.351
2014-06-26,0.3899,0.3796,0.3501
2014-06-27,0.3657,0.3722,0.3485
2014-06-28,0.3515,0.364,0.3472
2014-06-29,0.4322,0.4054,0.3468
2014-06-30,0.4168,0.4247,0.3505
2014-07-01,0.3973,0.4094,0.3513
2014-07-02,0.4123,0.4015,0.3513
2014-07-03,0.4055,0.4017,0.3515
2014-07-04,0.4148,0.3965,0.351
2014-07-05,0.4267,0.4167,0.3518
2014-07-06,0.4052,0.4065,0.352
2014-07-07,0.4354,0.4183,0.3535
2014-07-08,0.4425,0.4407,0.3653
2014-07-09,0.4529,0.4449,0.3716
2014-07-10,0.4603,0.4562,0.3839
2014-07-11,0.4405,0.4434,0.3935
2014-07-12,0.451,0.4432,0.3977
2014-07-13,0.4392,0.4413,0.4026
2014-07-14,0.4451,0.4408,0.4056
2014-07-15,0.42,0.4311,0.4073
2014-07-16,0.401,0.4178,0.4066
2014-07-17,0.3846,0.4052,0.405
2014-07-18,0.3674,0.3927,0.4027
2014-07-19,0.3507,0.3803,0.4
2014-07-20,0.3795,0.3747,0.3979
2014-07-21,0.44,0.4053,0.397
2014-07-22,0.4375,0.4223,0.3978
2014-07-23,0.4349,0.4256,0.3985
2014-07-24,0.4507,0.4485,0.4024
2014-07-25,0.4275,0.436,0.4059
2014-07-26,0.4199,0.4253,0.407
2014-07-27,0.4075,0.4175,0.4065
2014-07-28,0.4197,0.4175,0.4058
2014-07-29,0.4432,0.4452,0.4114
2014-07-30,0.4399,0.442,0.4249
2014-07-31,0.426,0.4355,0.4263
2014-08-01,0.4128,0.4255,0.4256
2014-08-02,0.4351,0.43,0.4248
2014-08-03,0.4517,0.4497,0.4275
2014-08-04,0.4357,0.4415,0.43
2014-08-05,0.4266,0.4343,0.43
2014-08-06,0.4088,0.4242,0.4289
2014-08-07,0.3956,0.4129,0.427
2014-08-08,0.4005,0.4043,0.425
2014-08-09,0.4271,0.41,0.4234
2014-08-10,0.4035,0.4083,0.4214
2014-08-11,0.4131,0.4042,0.42
2014-08-12,0.4013,0.4029,0.4186
2014-08-13,0.4268,0.4349,0.4229
2014-08-14,0.4172,0.4336,0.427
2014-08-15,0.4113,0.4235,0.4266
2014-08-16,0.4018,0.4156,0.4255
2014-08-17,0.3883,0.4062,0.4239
2014-08-18,0.3744,0.396,0.4217
2014-08-19,0.4275,0.4064,0.4196
2014-08-20,0.4052,0.4092,0.4185
2014-08-21,0.3906,0.4027,0.4171
2014-08-22,0.3771,0.3946,0.4153
2014-08-23,0.3749,0.3877,0.4135
2014-08-24,0.3653,0.3817,0.4118
2014-08-25,0.3548,0.3752,0.4099
2014-08-26,0.4093,0.3894,0.408
2014-08-27,0.433,0.4346,0.4089
2014-08-28,0.411,0.4242,0.4095
2014-08-29,0.4091,0.4155,0.409
2014-08-30,0.4118,0.4128,0.4085
2014-08-31,0.3982,0.4081,0.4075
2014-09-01,0.3906,0.4018,0.4065
2014-09-02,0.3803,0.3955,0.405
2014-09-03,0.3703,0.3884,0.4035
2014-09-04,0.3615,0.3813,0.4017
2014-09-05,0.3539,0.3745,0.4
2014-09-06,0.346,0.3682,0.398
2014-09-07,0.3443,0.3626,0.396
2014-09-08,0.3755,0.3604,0.3942
2014-09-09,0.4201,0.3733,0.3927
2014-09-10,0.4026,0.3847,0.3916
2014-09-11,0.3858,0.3836,0.3905
2014-09-12,0.3734,0.38,0.3893
2014-09-13,0.3626,0.3752,0.3876
2014-09-14,0.355,0.3705,0.3865
2014-09-15,0.361,0.3665,0.3851
2014-09-16,0.3708,0.3652,0.3836
2014-09-17,0.3594,0.3625,0.3825
2014-09-18,0.4019,0.3651,0.3813
2014-09-19,0.4204,0.3811,0.3805
2014-09-20,0.4321,0.4058,0.38
2014-09-21,0.4206,0.4125,0.381
2014-09-22,0.4111,0.4103,0.381
2014-09-23,0.4023,0.4052,0.381
2014-09-24,0.418,0.4066,0.381
2014-09-25,0.4218,0.4218,0.382
2014-09-26,0.4063,0.4148,0.383
2014-09-27,0.3951,0.407,0.3829
2014-09-28,0.3846,0.3991,0.3825
2014-09-29,0.3767,0.392,0.3815
2014-09-30,0.4243,0.3966,0.381
2014-10-01,0.4178,0.4083,0.381
2014-10-02,0.4022,0.4054,0.3813
2014-10-03,0.3925,0.4004,0.381
2014-10-04,0.3862,0.3954,0.3807
2014-10-05,0.4064,0.394,0.38
2014-10-06,0.4127,0.4021,0.38
2014-10-07,0.439,0.4132,0.3802
2014-10-08,0.4229,0.4208,0.3817
2014-10-09,0.4059,0.4137,0.382
2014-10-10,0.397,0.4066,0.382
2014-10-11,0.4199,0.4189,0.3827
2014-10-12,0.4152,0.4201,0.3842
2014-10-13,0.4425,0.4258,0.3855
2014-10-14,0.4288,0.4302,0.3881
2014-10-15,0.4239,0.4249,0.3899
2014-10-16,0.4109,0.4184,0.391
2014-10-17,0.4038,0.4123,0.3912
2014-10-18,0.3959,0.4064,0.3912
2014-10-19,0.3885,0.4005,0.391
2014-10-20,0.3826,0.3953,0.3903
2014-10-21,0.4156,0.3953,0.3896
2014-10-22,0.4348,0.4125,0.3898
2014-10-23,0.4183,0.416,0.3905
2014-10-24,0.4114,0.4125,0.391
2014-10-25,0.407,0.4088,0.391
2014-10-26,0.4027,0.4057,0.391
2014-10-27,0.3979,0.4026,0.391
2014-10-28,0.394,0.3997,0.391
2014-10-29,0.3903,0.3969,0.3905
2014-10-30,0.3855,0.3937,0.39
2014-10-31,0.3809,0.3905,0.3895
2014-11-01,0.3766,0.3872,0.3889
2014-11-02,0.3723,0.3836,0.388
2014-11-03,0.3713,0.3807,0.3875
2014-11-04,0.4219,0.4124,0.39
2014-11-05,0.4512,0.452,0.4172
2014-11-06,0.4419,0.4456,0.4232
2014-11-07,0.4336,0.4387,0.4256
2014-11-08,0.4283,0.4338,0.426
2014-11-09,0.4385,0.4361,0.4278
2014-11-10,0.4495,0.4518,0.441
2014-11-11,0.4506,0.4483,0.4479
2014-11-12,0.4562,0.4547,0.4486
2014-11-13,0.4414,0.4521,0.451
2014-11-14,0.4367,0.4423,0.45
2014-11-15,0.4388,0.4501,0.461
2014-11-16,0.4335,0.4323,0.4606
2014-11-17,0.4445,0.4329,0.4562
2014-11-18,0.4382,0.4333,0.4535
2014-11-19,0.4352,0.4318,0.4513
2014-11-20,0.4335,0.4296,0.4494
2014-11-21,0.4345,0.4299,0.4475
2014-11-22,0.4352,0.4329,0.4463
2014-11-23,0.4345,0.4358,0.4457
2014-11-24,0.4321,0.4348,0.4455
2014-11-25,0.4376,0.4344,0.445
2014-11-26,0.4534,0.4463,0.4476
2014-11-27,0.4235,0.4353,0.4512
2014-11-28,0.4181,0.4239,0.449
2014-11-29,0.4133,0.4182,0.4462
2014-11-30,0.4305,0.4181,0.4434
2015-04-01,0.4378,0.4287,0.459
2015-04-02,0.4373,0.4253,0.4495
2015-04-03,0.4511,0.4449,0.4417
2015-04-04,0.45,0.4555,0.4435
2015-04-05,0.4458,0.447,0.4461
2015-04-06,0.4416,0.4436,0.441
2015-04-07,0.4303,0.4393,0.4378
2015-04-08,0.431,0.4382,0.4352
2015-04-09,0.4376,0.4423,0.4333
2015-04-10,0.4366,0.4407,0.4351
2015-04-11,0.432,0.4378,0.4368
2015-04-12,0.419,0.4266,0.437
2015-04-13,0.4136,0.4132,0.4315
2015-04-14,0.413,0.4121,0.4234
2015-04-15,0.4058,0.4101,0.4167
2015-04-16,0.41,0.4066,0.4099
2015-04-17,0.4427,0.4229,0.4047
2015-04-18,0.4291,0.4278,0.4013
2015-04-19,0.4274,0.4287,0.3992
2015-04-20,0.4135,0.4284,0.4011
2015-04-21,0.4029,0.418,0.397
2015-04-22,0.3913,0.4079,0.3926
2015-04-23,0.3856,0.3996,0.3882
2015-04-24,0.3745,0.3916,0.3839
2015-04-25,0.3835,0.3856,0.3801
2015-04-26,0.399,0.3859,0.3768
2015-04-27,0.4456,0.4133,0.3759
2015-04-28,0.4487,0.4478,0.3893
2015-04-29,0.4407,0.4385,0.3919
2015-04-30,0.4297,0.4349,0.393
2015-05-01,0.4452,0.451,0.4092
2015-05-02,0.4249,0.4416,0.442
2015-05-03,0.4528,0.4481,0.4433
2015-05-04,0.4418,0.4475,0.444
2015-05-05,0.4312,0.435,0.4428
2015-05-06,0.4476,0.4496,0.4422
2015-05-07,0.4235,0.4382,0.4414
2015-05-08,0.4222,0.4267,0.439
2015-05-09,0.4287,0.4265,0.4361
2015-05-10,0.4073,0.4192,0.4327
2015-05-11,0.3904,0.4082,0.4288
2015-05-12,0.3743,0.3967,0.4241
2015-05-13,0.3599,0.3855,0.4194
2015-05-14,0.3581,0.3765,0.4146
2015-05-15,0.4337,0.3883,0.4109
2015-05-16,0.4334,0.4128,0.4084
2015-05-17,0.4234,0.4185,0.4062
2015-05-18,0.4077,0.4131,0.4035
2015-05-19,0.3993,0.4066,0.4009
2015-05-20,0.4055,0.4038,0.3987
2015-05-21,0.4203,0.4048,0.3965
2015-05-22,0.4128,0.4062,0.3942
2015-05-23,0.3998,0.4019,0.392
2015-05-24,0.3887,0.3966,0.3896
2015-05-25,0.3849,0.3912,0.3871
2015-05-26,0.397,0.3889,0.3852
2015-05-27,0.3882,0.387,0.383
2015-05-28,0.3695,0.3805,0.3802
2015-05-29,0.3544,0.3719,0.3772
2015-05-30,0.3719,0.3662,0.3741
2015-05-31,0.3524,0.361,0.3715
2015-06-01,0.3418,0.3547,0.3689
2015-06-02,0.3424,0.3494,0.3661
2015-06-03,0.3277,0.3432,0.3635
2015-06-04,0.3514,0.3388,0.3609
2015-06-05,0.4036,0.349,0.359
2015-06-06,0.4019,0.3652,0.3572
2015-06-07,0.4063,0.384,0.356
2015-06-08,0.4109,0.3876,0.3556
2015-06-09,0.4048,0.3893,0.355
2015-06-10,0.3988,0.3866,0.3545
2015-06-11,0.3837,0.3814,0.3531
2015-06-12,0.4083,0.3894,0.3521
2015-06-13,0.4177,0.4273,0.3607
2015-06-14,0.4446,0.4388,0.3643
2015-06-15,0.4433,0.4407,0.3714
2015-06-16,0.4394,0.4367,0.375
2015-06-17,0.4369,0.4401,0.3798
2015-06-18,0.4128,0.4249,0.3817
2015-06-19,0.4061,0.4134,0.3816
2015-06-20,0.3919,0.4043,0.3805
2015-06-21,0.3768,0.3945,0.379
2015-06-22,0.3621,0.3841,0.377
2015-06-23,0.3538,0.3752,0.3749
2015-06-24,0.3424,0.3671,0.3728
2015-06-25,0.328,0.3579,0.3701
2015-06-26,0.314,0.3487,0.3676
2015-06-27,0.3015,0.3402,0.365
2015-06-28,0.2896,0.332,0.3621
2015-06-29,0.278,0.3242,0.3595
2015-06-30,0.2663,0.3163,0.3566
2015-07-01,0.2549,0.3087,0.3536
2015-07-02,0.2447,0.3014,0.3505
2015-07-03,0.2379,0.2942,0.3475
2015-07-04,0.2325,0.2881,0.3445
2015-07-05,0.2244,0.282,0.3415
2015-07-06,0.2181,0.2766,0.3386
2015-07-07,0.2245,0.2718,0.336
2015-07-08,0.2461,0.2686,0.3338
2015-07-09,0.2358,0.2656,0.3315
2015-07-10,0.2259,0.2621,0.3291
2015-07-11,0.2165,0.2583,0.3266
2015-07-12,0.2082,0.2547,0.3241
2015-07-13,0.2015,0.2515,0.3217
2015-07-14,0.1963,0.2485,0.3192
2015-07-15,0.1916,0.2455,0.317
2015-07-16,0.1879,0.2425,0.3149
2015-07-17,0.194,0.24,0.3126
2015-07-18,0.2115,0.2381,0.3109
2015-07-19,0.2278,0.2368,0.3091
2015-07-20,0.2328,0.2352,0.3073
2015-07-21,0.2341,0.2338,0.3055
2015-07-22,0.2923,0.2334,0.3044
2015-07-23,0.3356,0.2385,0.3035
2015-07-24,0.3301,0.2417,0.3024
2015-07-25,0.3742,0.2543,0.3015
2015-07-26,0.3328,0.2605,0.3005
2015-07-27,0.307,0.2602,0.2994
2015-07-28,0.2857,0.2585,0.298
2015-07-29,0.277,0.257,0.297
2015-07-30,0.2733,0.2561,0.2965
2015-07-31,0.2604,0.2537,0.2955
2015-08-01,0.3725,0.2613,0.295
2015-08-02,0.3723,0.2892,0.2945
2015-08-03,0.3332,0.29,0.2935
2015-08-04,0.3183,0.2877,0.2927
2015-08-05,0.3045,0.2847,0.292
2015-08-06,0.2835,0.2802,0.2906
2015-08-07,0.2671,0.2756,0.2896
2015-08-08,0.2727,0.2714,0.2886
2015-08-09,0.3891,0.2925,0.2883
2015-08-10,0.4079,0.3397,0.289
2015-08-11,0.3865,0.3497,0.289
2015-08-12,0.3596,0.3462,0.289
2015-08-13,0.3455,0.3399,0.2885
2015-08-14,0.3891,0.3503,0.2888
2015-08-15,0.4163,0.3835,0.2896
2015-08-16,0.4243,0.3945,0.2915
2015-08-17,0.4045,0.3939,0.2934
2015-08-18,0.3938,0.3871,0.2948
2015-08-19,0.3835,0.3805,0.2959
2015-08-20,0.3645,0.3719,0.296
2015-08-21,0.3474,0.3625,0.296
2015-08-22,0.3335,0.3536,0.296
2015-08-23,0.3352,0.3464,0.296
2015-08-24,0.423,0.3765,0.2965
2015-08-25,0.4253,0.425,0.302
2015-08-26,0.3995,0.408,0.305
2015-08-27,0.379,0.3933,0.3063
2015-08-28,0.362,0.3803,0.307
2015-08-29,0.3494,0.3693,0.307
2015-08-30,0.3376,0.3593,0.3065
2015-08-31,0.3228,0.3498,0.3058
2015-09-01,0.369,0.3471,0.306
2015-09-02,0.396,0.3598,0.306
2015-09-03,0.3762,0.3596,0.306
2015-09-04,0.3617,0.356,0.306
2015-09-05,0.3484,0.3512,0.306
2015-09-06,0.3382,0.3467,0.306
2015-09-07,0.3277,0.3417,0.3055
2015-09-08,0.3199,0.3365,0.305
2015-09-09,0.3143,0.3318,0.3047
2015-09-10,0.3079,0.3271,0.3044
2015-09-11,0.3022,0.3228,0.304
2015-09-12,0.2957,0.3183,0.3035
2015-09-13,0.4043,0.3268,0.303
2015-09-14,0.444,0.4253,0.3059
2015-09-15,0.421,0.4223,0.3115
2015-09-16,0.4083,0.4096,0.3145
2015-09-17,0.4231,0.425,0.3204
2015-09-18,0.4203,0.4275,0.331
2015-09-19,0.4122,0.4151,0.3344
2015-09-20,0.4049,0.4072,0.3366
2015-09-21,0.3906,0.3986,0.3378
2015-09-22,0.3835,0.3905,0.338
2015-09-23,0.4329,0.3985,0.339
2015-09-24,0.4098,0.4031,0.3402
2015-09-25,0.3946,0.397,0.341
2015-09-26,0.3842,0.3905,0.342
2015-09-27,0.3773,0.3847,0.342
2015-09-28,0.3766,0.3802,0.342
2015-09-29,0.4239,0.3908,0.3427
2015-09-30,0.3964,0.3918,0.343
2015-10-01,0.3858,0.3869,0.343
2015-10-02,0.4132,0.3873,0.3438
2015-10-03,0.4282,0.4023,0.3444
2015-10-04,0.4021,0.4237,0.3535
2015-10-05,0.4166,0.4138,0.3557
2015-10-06,0.433,0.4239,0.3579
2015-10-07,0.4461,0.4442,0.3648
2015-10-08,0.4255,0.4316,0.3702
2015-10-09,0.4167,0.4215,0.3728
2015-10-10,0.4096,0.4147,0.3742
2015-10-11,0.4,0.408,0.375
2015-10-12,0.4101,0.4043,0.3756
2015-10-13,0.4496,0.4418,0.3789
2015-10-14,0.4339,0.4365,0.3844
2015-10-15,0.4234,0.4277,0.3875
2015-10-16,0.4208,0.422,0.3894
2015-10-17,0.4193,0.4183,0.3907
2015-10-18,0.4192,0.416,0.3917
2015-10-19,0.4172,0.4151,0.3926
2015-10-20,0.4096,0.4125,0.393
2015-10-21,0.4044,0.4092,0.394
2015-10-22,0.3993,0.4058,0.394
2015-10-23,0.394,0.4022,0.394
2015-10-24,0.3893,0.3986,0.394
2015-10-25,0.3859,0.3953,0.3935
2015-10-26,0.3821,0.392,0.393
2015-10-27,0.3819,0.3887,0.3926
2015-10-28,0.4426,0.413,0.3925
2015-10-29,0.4373,0.4429,0.3978
2015-10-30,0.4212,0.4314,0.401
2015-10-31,0.4123,0.4229,0.4021
2015-11-01,0.4051,0.4163,0.403
2015-11-02,0.3996,0.4107,0.403
2015-11-03,0.4143,0.409,0.403
2015-11-04,0.426,0.4139,0.403
2015-11-05,0.4195,0.4186,0.4037
2015-11-06,0.408,0.415,0.404
2015-11-07,0.4015,0.4106,0.404
2015-11-08,0.3962,0.4063,0.4036
2015-11-09,0.392,0.4025,0.403
2015-11-10,0.3888,0.399,0.4029
2015-11-11,0.3857,0.3958,0.402
2015-11-12,0.3829,0.3928,0.4018
2015-11-13,0.3805,0.39,0.401
2015-11-14,0.3794,0.3878,0.401
2015-11-15,0.3775,0.386,0.4
2015-11-16,0.3748,0.3838,0.3996
2015-11-17,0.3726,0.3817,0.399
2015-11-18,0.3745,0.3797,0.3985
2015-11-19,0.3728,0.3786,0.398
2015-11-20,0.4029,0.385,0.3975
2015-11-21,0.4477,0.4506,0.4078
2015-11-22,0.4305,0.44,0.4134
2015-11-23,0.422,0.4319,0.4154
2015-11-24,0.4171,0.4263,0.416
2015-11-25,0.4189,0.4229,0.4165
2015-11-26,0.4168,0.4216,0.417
2015-11-27,0.412,0.4191,0.417
2015-11-28,0.4087,0.4165,0.417
2015-11-29,0.4124,0.4145,0.416
2015-11-30,0.4225,0.4163,0.416
2016-04-01,0.4425,0.4408,0.4597
2016-04-02,0.4263,0.4304,0.4593
2016-04-03,0.4252,0.4263,0.4542
2016-04-04,0.4323,0.4354,0.4498
2016-04-05,0.4409,0.4395,0.4517
2016-04-06,0.4427,0.4437,0.4465
2016-04-07,0.4342,0.4395,0.4292
2016-04-08,0.4223,0.4373,0.4272
2016-04-09,0.4268,0.431,0.4254
2016-04-10,0.4208,0.4341,0.4232
2016-04-11,0.4155,0.4298,0.4241
2016-04-12,0.4209,0.4296,0.4244
2016-04-13,0.4237,0.4283,0.4287
2016-04-14,0.4155,0.4298,0.4349
2016-04-15,0.4166,0.4267,0.4353
2016-04-16,0.4239,0.4218,0.434
2016-04-17,0.4463,0.4338,0.4229
2016-04-18,0.4443,0.4391,0.4068
2016-04-19,0.436,0.4375,0.4038
2016-04-20,0.4267,0.4314,0.4012
2016-04-21,0.4294,0.4257,0.3985
2016-04-22,0.4405,0.4367,0.3991
2016-04-23,0.4418,0.4516,0.4114
2016-04-24,0.4301,0.4405,0.4199
2016-04-25,0.4222,0.4304,0.4178
2016-04-26,0.4248,0.4242,0.4145
2016-04-27,0.4287,0.4245,0.4112
2016-04-28,0.4184,0.4199,0.4076
2016-04-29,0.4115,0.4145,0.4041
2016-04-30,0.4115,0.41,0.4007
2016-05-01,0.4314,0.4137,0.398
2016-05-02,0.4475,0.4321,0.3966
2016-05-03,0.4464,0.4414,0.3978
2016-05-04,0.4333,0.4364,0.3987
2016-05-05,0.4165,0.425,0.3975
2016-05-06,0.4003,0.4139,0.3951
2016-05-07,0.3883,0.404,0.3922
2016-05-08,0.3812,0.3961,0.3893
2016-05-09,0.4165,0.3951,0.3868
2016-05-10,0.4372,0.4318,0.3871
2016-05-11,0.447,0.4477,0.3956
2016-05-12,0.4532,0.451,0.4052
2016-05-13,0.447,0.4527,0.4179
2016-05-14,0.4492,0.4471,0.4272
2016-05-15,0.4347,0.4422,0.4294
2016-05-16,0.4149,0.4303,0.4283
2016-05-17,0.4017,0.4192,0.426
2016-05-18,0.4038,0.4099,0.423
2016-05-19,0.4491,0.4427,0.4225
2016-05-20,0.4302,0.4407,0.4242
2016-05-21,0.4115,0.4273,0.4227
2016-05-22,0.4016,0.4144,0.4197
2016-05-23,0.4557,0.4394,0.4183
2016-05-24,0.4497,0.451,0.4225
2016-05-25,0.4329,0.4399,0.4242
2016-05-26,0.4202,0.4301,0.4232
2016-05-27,0.4037,0.4191,0.421
2016-05-28,0.3993,0.4083,0.418
2016-05-29,0.4424,0.4209,0.416
2016-05-30,0.4478,0.4483,0.4196
2016-05-31,0.4477,0.4463,0.4278
2016-06-01,0.444,0.447,0.4311
2016-06-02,0.4438,0.4432,0.4322
2016-06-03,0.438,0.4445,0.4339
2016-06-04,0.4347,0.4374,0.434
2016-06-05,0.4404,0.4381,0.4336
2016-06-06,0.4275,0.4352,0.433
2016-06-07,0.424,0.4278,0.4314
2016-06-08,0.414,0.4212,0.4293
2016-06-09,0.405,0.4135,0.4271
2016-06-10,0.3934,0.4054,0.4245
2016-06-11,0.418,0.4039,0.422
2016-06-12,0.4042,0.4035,0.4197
2016-06-13,0.4262,0.4054,0.4175
2016-06-14,0.4426,0.433,0.4167
2016-06-15,0.4341,0.4316,0.4165
2016-06-16,0.446,0.4528,0.4273
2016-06-17,0.444,0.4465,0.4454
2016-06-18,0.4465,0.4488,0.446
2016-06-19,0.4472,0.4516,0.4479
2016-06-20,0.4277,0.4416,0.4474
2016-06-21,0.4182,0.4289,0.4457
2016-06-22,0.4114,0.4188,0.4436
2016-06-23,0.3992,0.4089,0.4405
2016-06-24,0.3786,0.397,0.4367
2016-06-25,0.3855,0.3898,0.4333
2016-06-26,0.3852,0.3871,0.4303
2016-06-27,0.3711,0.3819,0.4266
2016-06-28,0.3546,0.3747,0.4226
2016-06-29,0.3425,0.367,0.4184
2016-06-30,0.3711,0.363,0.4146
2016-07-01,0.3745,0.3632,0.4112
2016-07-02,0.4064,0.376,0.408
2016-07-03,0.3972,0.3923,0.4056
2016-07-04,0.3741,0.3853,0.4025
2016-07-05,0.3614,0.3775,0.3993
2016-07-06,0.3517,0.3706,0.3963
2016-07-07,0.3368,0.3624,0.3928
2016-07-08,0.3268,0.3547,0.3895
2016-07-09,0.3174,0.3476,0.386
2016-07-10,0.3058,0.3403,0.3825
2016-07-11,0.3094,0.3334,0.3791
2016-07-12,0.4326,0.3719,0.3767
2016-07-13,0.4244,0.4069,0.3762
2016-07-14,0.4202,0.4095,0.376
2016-07-15,0.4039,0.4053,0.3755
2016-07-16,0.3842,0.3967,0.3741
2016-07-17,0.3665,0.3862,0.3721
2016-07-18,0.35,0.3753,0.3698
2016-07-19,0.334,0.3646,0.3671
2016-07-20,0.3182,0.3541,0.3643
2016-07-21,0.3105,0.3449,0.3618
2016-07-22,0.3827,0.3693,0.3601
2016-07-23,0.4368,0.434,0.3625
2016-07-24,0.4332,0.4325,0.3666
2016-07-25,0.4232,0.4252,0.3687
2016-07-26,0.4122,0.4148,0.369
2016-07-27,0.4015,0.4066,0.3687
2016-07-28,0.3832,0.3968,0.3676
2016-07-29,0.3658,0.3859,0.3661
2016-07-30,0.3527,0.3753,0.3641
2016-07-31,0.3887,0.3742,0.3625
2016-08-01,0.4125,0.3958,0.3617
2016-08-02,0.3842,0.3892,0.3606
2016-08-03,0.3635,0.3793,0.3591
2016-08-04,0.3667,0.37,0.3574
2016-08-05,0.4338,0.4115,0.357
2016-08-06,0.4109,0.4119,0.3578
2016-08-07,0.3893,0.4011,0.3575
2016-08-08,0.3722,0.39,0.3565
2016-08-09,0.3663,0.381,0.3555
2016-08-10,0.3644,0.375,0.3546
2016-08-11,0.3502,0.3678,0.3535
2016-08-12,0.337,0.3599,0.352
2016-08-13,0.3247,0.3521,0.3502
2016-08-14,0.3147,0.3443,0.3484
2016-08-15,0.3062,0.3368,0.3465
2016-08-16,0.3004,0.3301,0.3447
2016-08-17,0.2981,0.3242,0.3431
2016-08-18,0.3064,0.32,0.3416
2016-08-19,0.3151,0.3179,0.3405
2016-08-20,0.3774,0.3217,0.3394
2016-08-21,0.3941,0.3465,0.3386
2016-08-22,0.3616,0.3462,0.3375
2016-08-23,0.3403,0.3412,0.3362
2016-08-24,0.3225,0.335,0.3346
2016-08-25,0.3072,0.3282,0.3331
2016-08-26,0.2944,0.322,0.3315
2016-08-27,0.2869,0.3158,0.3301
2016-08-28,0.2802,0.3105,0.3285
2016-08-29,0.2715,0.3055,0.3274
2016-08-30,0.2925,0.3021,0.3264
2016-08-31,0.3227,0.3013,0.3255
2016-09-01,0.3154,0.2996,0.3245
2016-09-02,0.2991,0.2966,0.323
2016-09-03,0.285,0.293,0.3215
2016-09-04,0.2725,0.2891,0.3205
2016-09-05,0.2666,0.2862,0.3194
2016-09-06,0.2627,0.2838,0.3185
2016-09-07,0.254,0.2807,0.3175
2016-09-08,0.2462,0.2775,0.316
2016-09-09,0.2405,0.2745,0.3146
2016-09-10,0.2576,0.272,0.3137
2016-09-11,0.2818,0.2709,0.313
2016-09-12,0.2843,0.2692,0.3124
2016-09-13,0.2998,0.2685,0.3114
2016-09-14,0.3003,0.268,0.3105
2016-09-15,0.3901,0.2827,0.31
2016-09-16,0.3915,0.3023,0.31
2016-09-17,0.4293,0.3314,0.31
2016-09-18,0.4365,0.3832,0.3103
2016-09-19,0.4118,0.3976,0.3118
2016-09-20,0.3943,0.3926,0.3131
2016-09-21,0.3895,0.3868,0.3141
2016-09-22,0.3835,0.382,0.315
2016-09-23,0.3714,0.3761,0.315
2016-09-24,0.3775,0.3712,0.3158
2016-09-25,0.3795,0.3696,0.316
2016-09-26,0.3698,0.3658,0.316
2016-09-27,0.3724,0.3635,0.316
2016-09-28,0.3687,0.3613,0.316
2016-09-29,0.3553,0.3571,0.316
2016-09-30,0.3435,0.352,0.316
2016-10-01,0.3447,0.3484,0.316
2016-10-02,0.3573,0.3471,0.316
2016-10-03,0.3493,0.3451,0.3156
2016-10-04,0.3393,0.3423,0.3153
2016-10-05,0.331,0.3387,0.315
2016-10-06,0.3255,0.336,0.315
2016-10-07,0.3221,0.3332,0.3145
2016-10-08,0.3168,0.3303,0.314
2016-10-09,0.3131,0.3281,0.314
2016-10-10,0.3101,0.326,0.314
2016-10-11,0.307,0.3238,0.314
2016-10-12,0.3046,0.3215,0.3136
2016-10-13,0.389,0.329,0.3135
2016-10-14,0.4341,0.3718,0.314
2016-10-15,0.4213,0.3976,0.3153
2016-10-16,0.4016,0.3956,0.3169
2016-10-17,0.4255,0.4068,0.3188
2016-10-18,0.4224,0.4199,0.3233
2016-10-19,0.4089,0.4109,0.3261
2016-10-20,0.4013,0.4038,0.3281
2016-10-21,0.3938,0.3975,0.3296
2016-10-22,0.3869,0.3918,0.3307
2016-10-23,0.3997,0.3888,0.3315
2016-10-24,0.3966,0.3891,0.3322
2016-10-25,0.4285,0.3958,0.3332
2016-10-26,0.4307,0.4142,0.3354
2016-10-27,0.4193,0.4147,0.3381
2016-10-28,0.4055,0.4081,0.3401
2016-10-29,0.3959,0.4011,0.3413
2016-10-30,0.389,0.395,0.3421
2016-10-31,0.3829,0.3897,0.343
2016-11-01,0.3772,0.3849,0.343
2016-11-02,0.3735,0.3807,0.3439
2016-11-03,0.3736,0.3779,0.344
2016-11-04,0.3718,0.3751,0.344
2016-11-05,0.4467,0.4114,0.3475
2016-11-06,0.4404,0.4432,0.367
2016-11-07,0.4262,0.4303,0.3727
2016-11-08,0.4172,0.4224,0.3753
2016-11-09,0.4138,0.4169,0.3773
2016-11-10,0.4332,0.4192,0.3789
2016-11-11,0.4508,0.4407,0.3832
2016-11-12,0.4292,0.4349,0.3887
2016-11-13,0.4251,0.4273,0.3915
2016-11-14,0.4323,0.4265,0.3936
2016-11-15,0.4304,0.427,0.3957
2016-11-16,0.4325,0.4274,0.3977
2016-11-17,0.44,0.433,0.4
2016-11-18,0.441,0.4426,0.4055
2016-11-19,0.4542,0.4546,0.4211
2016-11-20,0.4446,0.4476,0.4282
2016-11-21,0.449,0.4518,0.4402
2016-11-22,0.4363,0.4427,0.4592
2016-11-23,0.4234,0.4286,0.4566
2016-11-24,0.4433,0.4425,0.456
2016-11-25,0.4504,0.4517,0.4618
2016-11-26,0.4352,0.4387,0.4584
2016-11-27,0.4273,0.4288,0.4546
2016-11-28,0.4212,0.4222,0.4515
2016-11-29,0.4173,0.4176,0.4486
2016-11-30,0.4134,0.4142,0.4461
2017-04-01,0.3781,0.3643,0.382
2017-04-02,0.3943,0.3742,0.3815
2017-04-03,0.3744,0.3767,0.3815
2017-04-04,0.3632,0.3722,0.3793
2017-04-05,0.3577,0.3671,0.3775
2017-04-06,0.3524,0.3632,0.3766
2017-04-07,0.3466,0.3588,0.3752
2017-04-08,0.3417,0.3528,0.3733
2017-04-09,0.329,0.3452,0.369
2017-04-10,0.3178,0.3348,0.3679
2017-04-11,0.3148,0.3277,0.3645
2017-04-12,0.3094,0.3226,0.3615
2017-04-13,0.3062,0.3171,0.3593
2017-04-14,0.2948,0.3095,0.3542
2017-04-15,0.289,0.303,0.3496
2017-04-16,0.288,0.3001,0.3471
2017-04-17,0.2838,0.2976,0.3451
2017-04-18,0.2753,0.2941,0.3402
2017-04-19,0.2711,0.2927,0.338
2017-04-20,0.2675,0.2895,0.336
2017-04-21,0.2605,0.284,0.332
2017-04-22,0.2462,0.2771,0.3268
2017-04-23,0.2371,0.2705,0.3218
2017-04-24,0.2276,0.2639,0.3155
2017-04-25,0.2417,0.2583,0.31
2017-04-26,0.3933,0.2952,0.3095
2017-04-27,0.3688,0.325,0.3101
2017-04-28,0.3654,0.3337,0.311
2017-04-29,0.36,0.336,0.3101
2017-04-30,0.3458,0.3315,0.3075
2017-05-01,0.4028,0.3475,0.3059
2017-05-02,0.3988,0.3765,0.3077
2017-05-03,0.3971,0.3856,0.3101
2017-05-04,0.401,0.3857,0.3129
2017-05-05,0.3869,0.3875,0.3139
2017-05-06,0.4193,0.4031,0.3145
2017-05-07,0.4148,0.4127,0.331
2017-05-08,0.3989,0.4014,0.3355
2017-05-09,0.3795,0.3888,0.3365
2017-05-10,0.3846,0.3812,0.3375
2017-05-11,0.3834,0.3762,0.337
2017-05-12,0.4226,0.4227,0.3454
2017-05-13,0.4049,0.4084,0.3528
2017-05-14,0.3972,0.401,0.357
2017-05-15,0.3753,0.3878,0.357
2017-05-16,0.3625,0.3768,0.354
2017-05-17,0.355,0.3698,0.3566
2017-05-18,0.3419,0.3571,0.3512
2017-05-19,0.3953,0.3752,0.3498
2017-05-20,0.379,0.3821,0.3501
2017-05-21,0.3633,0.3733,0.349
2017-05-22,0.3506,0.364,0.3487
2017-05-23,0.339,0.3552,0.3472
2017-05-24,0.327,0.3444,0.343
2017-05-25,0.315,0.3337,0.3384
2017-05-26,0.3062,0.3251,0.334
2017-05-27,0.2957,0.3162,0.3288
2017-05-28,0.2931,0.3103,0.326
2017-05-29,0.2782,0.2992,0.3206
2017-05-30,0.2654,0.2902,0.317
2017-05-31,0.257,0.2834,0.3136
2017-06-01,0.2622,0.278,0.3106
2017-06-02,0.2663,0.2745,0.3089
2017-06-03,0.2927,0.2689,0.3056
2017-06-04,0.3813,0.3131,0.3058
2017-06-05,0.3495,0.3218,0.3066
2017-06-06,0.3798,0.3331,0.3065
2017-06-07,0.354,0.3411,0.3065
2017-06-08,0.3327,0.3346,0.3046
2017-06-09,0.3145,0.3222,0.3015
2017-06-10,0.3002,0.3132,0.2982
2017-06-11,0.2853,0.303,0.2942
2017-06-12,0.2747,0.2987,0.295
2017-06-13,0.2645,0.2916,0.292
2017-06-14,0.2744,0.287,0.2915
2017-06-15,0.2812,0.2822,0.2904
2017-06-16,0.2651,0.2737,0.2841
2017-06-17,0.2507,0.2667,0.2811
2017-06-18,0.2409,0.2613,0.2789
2017-06-19,0.2323,0.256,0.2771
2017-06-20,0.2171,0.2455,0.2738
2017-06-21,0.2187,0.2377,0.2699
2017-06-22,0.2273,0.2339,0.269
2017-06-23,0.2024,0.227,0.265
2017-06-24,0.1928,0.2204,0.2609
2017-06-25,0.2118,0.2151,0.2572
2017-06-26,0.2304,0.2125,0.2554
2017-06-27,0.2361,0.2091,0.252
2017-06-28,0.3809,0.2373,0.247
2017-06-29,0.3572,0.2904,0.2465
2017-06-30,0.3547,0.3001,0.2482
2017-07-01,0.3294,0.2982,0.2475
2017-07-02,0.3184,0.298,0.248
2017-07-03,0.3036,0.2949,0.2476
2017-07-04,0.2873,0.2887,0.246
2017-07-05,0.2705,0.2797,0.2422
2017-07-06,0.2517,0.2687,0.2385
2017-07-07,0.2386,0.2583,0.233
2017-07-08,0.229,0.2514,0.229
2017-07-09,0.228,0.2441,0.225
2017-07-10,0.2357,0.242,0.226
2017-07-11,0.3334,0.262,0.2204
2017-07-12,0.3257,0.2791,0.2132
2017-07-13,0.2963,0.2737,0.21
2017-07-14,0.277,0.2673,0.2075
2017-07-15,0.2585,0.26,0.2035
2017-07-16,0.2428,0.2522,0.202
2017-07-17,0.2298,0.2451,0.2006
2017-07-18,0.2232,0.2385,0.1998
2017-07-19,0.1993,0.229,0.196
2017-07-20,0.198,0.2247,0.196
2017-07-21,0.2187,0.2218,0.1965
2017-07-22,0.2693,0.2258,0.1895
2017-07-23,0.2673,0.2213,0.1915
2017-07-24,0.274,0.2194,0.1905
2017-07-25,0.2835,0.2211,0.192
2017-07-26,0.3074,0.2265,0.1935
2017-07-27,0.2872,0.2275,0.192
2017-07-28,0.2635,0.2216,0.1883
2017-07-29,0.2493,0.218,0.187
2017-07-30,0.2739,0.2198,0.1885
2017-07-31,0.2535,0.2157,0.187
2017-08-01,0.2404,0.2143,0.188
2017-08-02,0.2218,0.21,0.1865
2017-08-03,0.2023,0.1974,0.1815
2017-08-04,0.1814,0.189,0.178
2017-08-05,0.1705,0.1819,0.174
2017-08-06,0.1599,0.176,0.1697
2017-08-07,0.1551,0.173,0.168
2017-08-08,0.2712,0.1987,0.1698
2017-08-09,0.3444,0.2492,0.172
2017-08-10,0.333,0.257,0.1728
2017-08-11,0.322,0.2637,0.1765
2017-08-12,0.3086,0.267,0.18
2017-08-13,0.2878,0.2627,0.178
2017-08-14,0.2741,0.2597,0.179
2017-08-15,0.2593,0.2441,0.186
2017-08-16,0.2503,0.242,0.187
2017-08-17,0.2595,0.2381,0.184
2017-08-18,0.2479,0.2305,0.1805
2017-08-19,0.2435,0.2308,0.182
2017-08-20,0.2302,0.2253,0.1795
2017-08-21,0.2192,0.2219,0.179
2017-08-22,0.2071,0.216,0.177
2017-08-23,0.1983,0.2085,0.175
2017-08-24,0.2648,0.209,0.175
2017-08-25,0.2599,0.2096,0.1755
2017-08-26,0.2412,0.206,0.175
2017-08-27,0.2286,0.2019,0.174
2017-08-28,0.2192,0.2,0.174
2017-08-29,0.2221,0.191,0.1685
2017-08-30,0.2082,0.1872,0.168
2017-08-31,0.2784,0.1886,0.1675
2017-09-01,0.3041,0.197,0.1685
2017-09-02,0.3055,0.2024,0.1651
2017-09-03,0.3064,0.2102,0.1619
2017-09-04,0.2778,0.2113,0.16
2017-09-05,0.256,0.2091,0.1595
2017-09-06,0.24,0.203,0.1559
2017-09-07,0.229,0.1991,0.1547
2017-09-08,0.2203,0.198,0.1551
2017-09-09,0.2619,0.1992,0.156
2017-09-10,0.2723,0.2018,0.1565
2017-09-11,0.2634,0.2047,0.1575
2017-09-12,0.2939,0.2078,0.158
2017-09-13,0.2775,0.2103,0.158
2017-09-14,0.3059,0.2132,0.1582
2017-09-15,0.3107,0.2228,0.158
2017-09-16,0.2984,0.2249,0.1575
2017-09-17,0.3219,0.2329,0.1542
2017-09-18,0.3221,0.2415,0.1555
2017-09-19,0.3121,0.2487,0.157
2017-09-20,0.2997,0.2514,0.1575
2017-09-21,0.2841,0.251,0.1577
2017-09-22,0.272,0.2484,0.1585
2017-09-23,0.2608,0.2459,0.158
2017-09-24,0.252,0.2425,0.1575
2017-09-25,0.2439,0.2365,0.1555
2017-09-26,0.2431,0.2356,0.1565
2017-09-27,0.2397,0.2345,0.157
2017-09-28,0.2335,0.2334,0.159
2017-09-29,0.2235,0.2288,0.158
2017-09-30,0.2405,0.2227,0.1565
2017-10-01,0.276,0.2242,0.1583
2017-10-02,0.2678,0.2251,0.159
2017-10-03,0.2967,0.2279,0.1584
2017-10-04,0.306,0.2347,0.1591
2017-10-05,0.2888,0.2383,0.1603
2017-10-06,0.2797,0.2376,0.1595
2017-10-07,0.2703,0.2384,0.159
2017-10-08,0.2615,0.2375,0.159
2017-10-09,0.2547,0.2345,0.1585
2017-10-10,0.2479,0.2315,0.157
2017-10-11,0.2412,0.2292,0.1565
2017-10-12,0.2363,0.225,0.155
2017-10-13,0.2313,0.2216,0.155
2017-10-14,0.2256,0.2199,0.154
2017-10-15,0.2195,0.2185,0.1531
2017-10-16,0.2112,0.2165,0.154
2017-10-17,0.2061,0.2149,0.154
2017-10-18,0.199,0.2124,0.154
2017-10-19,0.1946,0.2107,0.155
2017-10-20,0.1951,0.211,0.1565
2017-10-21,0.2104,0.2077,0.156
2017-10-22,0.3334,0.2147,0.1565
2017-10-23,0.3551,0.2401,0.1578
2017-10-24,0.3175,0.2507,0.1598
2017-10-25,0.2985,0.2534,0.1625
2017-10-26,0.2871,0.2553,0.166
2017-10-27,0.282,0.2555,0.1686
2017-10-28,0.2835,0.255,0.1694
2017-10-29,0.2763,0.2535,0.1687
2017-10-30,0.2737,0.253,0.169
2017-10-31,0.2694,0.2515,0.1713
2017-11-01,0.264,0.2501,0.1734
2017-11-02,0.2599,0.2497,0.174
2017-11-03,0.2555,0.248,0.174
2017-11-04,0.2557,0.2455,0.1735
2017-11-05,0.3942,0.3213,0.1749
2017-11-06,0.3827,0.3638,0.1792
2017-11-07,0.373,0.359,0.1834
2017-11-08,0.3695,0.354,0.187
2017-11-09,0.3681,0.3503,0.1905
2017-11-10,0.3595,0.3473,0.1933
2017-11-11,0.3755,0.3461,0.1959
2017-11-12,0.4052,0.3633,0.1986
2017-11-13,0.3923,0.3753,0.2031
2017-11-14,0.3767,0.3685,0.2077
2017-11-15,0.368,0.3599,0.211
2017-11-16,0.3671,0.3518,0.213
2017-11-17,0.3642,0.3484,0.216
2017-11-18,0.3588,0.3457,0.2188
2017-11-19,0.3554,0.3434,0.2217
2017-11-20,0.3516,0.3412,0.224
2017-11-21,0.3494,0.3388,0.2263
2017-11-22,0.3473,0.3359,0.2275
2017-11-23,0.3422,0.3306,0.227
2017-11-24,0.3402,0.3268,0.228
2017-11-25,0.3796,0.3365,0.2287
2017-11-26,0.3724,0.3523,0.2345
2017-11-27,0.3564,0.349,0.239
2017-11-28,0.3484,0.344,0.2394
2017-11-29,0.3556,0.341,0.2406
2017-11-30,0.3491,0.3399,0.243
2018-04-01,0.4148,0.4211,0.4179
2018-04-02,0.403,0.4143,0.4183
2018-04-03,0.388,0.4008,0.4157
2018-04-04,0.3935,0.3925,0.4141
2018-04-05,0.4057,0.4015,0.4125
2018-04-06,0.384,0.3949,0.4105
2018-04-07,0.3707,0.3829,0.4061
2018-04-08,0.3712,0.3772,0.4029
2018-04-09,0.3733,0.375,0.4005
2018-04-10,0.4057,0.3935,0.397
2018-04-11,0.3906,0.398,0.396
2018-04-12,0.403,0.3975,0.396
2018-04-13,0.4022,0.4034,0.3965
2018-04-14,0.395,0.3967,0.3955
2018-04-15,0.3788,0.3865,0.3915
2018-04-16,0.3806,0.3857,0.3918
2018-04-17,0.3698,0.3813,0.391
2018-04-18,0.3579,0.3727,0.3883
2018-04-19,0.3435,0.3582,0.3863
2018-04-20,0.3337,0.3514,0.3805
2018-04-21,0.3234,0.342,0.377
2018-04-22,0.322,0.3381,0.3767
2018-04-23,0.3154,0.33,0.3733
2018-04-24,0.3078,0.3252,0.3704
2018-04-25,0.296,0.3164,0.3655
2018-04-26,0.29,0.3105,0.3629
2018-04-27,0.2834,0.3035,0.3613
2018-04-28,0.2893,0.2987,0.3581
2018-04-29,0.312,0.2947,0.3547
2018-04-30,0.3704,0.3122,0.3509
2018-05-01,0.3713,0.3205,0.3464
2018-05-02,0.3652,0.3363,0.3454
2018-05-03,0.3595,0.3402,0.3441
2018-05-04,0.3569,0.343,0.343
2018-05-05,0.3465,0.3407,0.3409
2018-05-06,0.335,0.3521,0.3454
2018-05-07,0.3482,0.3453,0.3421
2018-05-08,0.3655,0.342,0.338
2018-05-09,0.3715,0.3476,0.3344
2018-05-10,0.3766,0.3529,0.3325
2018-05-11,0.3607,0.3555,0.3305
2018-05-12,0.3492,0.3493,0.324
2018-05-13,0.3777,0.3569,0.3216
2018-05-14,0.4142,0.3883,0.3227
2018-05-15,0.4095,0.3978,0.3261
2018-05-16,0.3925,0.3939,0.3298
2018-05-17,0.3795,0.3847,0.3318
2018-05-18,0.3665,0.374,0.332
2018-05-19,0.3588,0.3654,0.333
2018-05-20,0.3505,0.3576,0.3314
2018-05-21,0.3448,0.3509,0.3298
2018-05-22,0.3796,0.3513,0.3258
2018-05-23,0.3878,0.3784,0.3262
2018-05-24,0.3677,0.3718,0.3266
2018-05-25,0.3569,0.3668,0.3256
2018-05-26,0.3526,0.3593,0.3245
2018-05-27,0.3588,0.3523,0.3231
2018-05-28,0.3629,0.35,0.321
2018-05-29,0.3733,0.358,0.3201
2018-05-30,0.3766,0.3556,0.316
2018-05-31,0.3989,0.3616,0.3155
2018-06-01,0.3569,0.3534,0.3154
2018-06-02,0.3413,0.3461,0.3144
2018-06-03,0.3656,0.344,0.312
2018-06-04,0.3815,0.3488,0.3118
2018-06-05,0.3958,0.3772,0.32
2018-06-06,0.3971,0.3912,0.3284
2018-06-07,0.4088,0.3982,0.3315
2018-06-08,0.4065,0.3965,0.333
2018-06-09,0.3797,0.3823,0.332
2018-06-10,0.364,0.3725,0.3328
2018-06-11,0.3916,0.3705,0.331
2018-06-12,0.4165,0.4007,0.3354
2018-06-13,0.4271,0.4254,0.3538
2018-06-14,0.3998,0.4108,0.3667
2018-06-15,0.3819,0.3942,0.3674
2018-06-16,0.3644,0.3778,0.3636
2018-06-17,0.3587,0.3696,0.363
2018-06-18,0.3523,0.3641,0.3625
2018-06-19,0.3409,0.3527,0.36
2018-06-20,0.3407,0.3439,0.3574
2018-06-21,0.371,0.3552,0.3591
2018-06-22,0.3482,0.3492,0.3562
2018-06-23,0.3305,0.3399,0.3533
2018-06-24,0.3169,0.3307,0.3491
2018-06-25,0.3058,0.3227,0.3461
2018-06-26,0.2925,0.313,0.3424
2018-06-27,0.2785,0.3026,0.3385
2018-06-28,0.2668,0.2938,0.335
2018-06-29,0.2565,0.2865,0.3309
2018-06-30,0.2484,0.2802,0.3295
2018-07-01,0.2361,0.2726,0.3247
2018-07-02,0.2264,0.2679,0.324
2018-07-03,0.2169,0.2544,0.314
2018-07-04,0.2174,0.2488,0.31
2018-07-05,0.2939,0.25,0.3085
2018-07-06,0.3156,0.2528,0.3041
2018-07-07,0.2853,0.2521,0.3012
2018-07-08,0.2638,0.2474,0.297
2018-07-09,0.2455,0.2422,0.2929
2018-07-10,0.2304,0.237,0.2886
2018-07-11,0.2147,0.2302,0.2838
2018-07-12,0.2051,0.226,0.2811
2018-07-13,0.195,0.2205,0.2774
2018-07-14,0.192,0.215,0.2726
2018-07-15,0.1866,0.2145,0.273
2018-07-16,0.1959,0.214,0.272
2018-07-17,0.1906,0.2101,0.2685
2018-07-18,0.183,0.2054,0.2638
2018-07-19,0.1734,0.2015,0.2609
2018-07-20,0.1788,0.1955,0.2573
2018-07-21,0.2853,0.2019,0.262
2018-07-22,0.2623,0.2039,0.2615
2018-07-23,0.2414,0.2015,0.258
2018-07-24,0.2244,0.1985,0.2545
2018-07-25,0.2066,0.1935,0.2475
2018-07-26,0.1918,0.189,0.2425
2018-07-27,0.181,0.1865,0.2402
2018-07-28,0.1803,0.1865,0.2409
2018-07-29,0.1844,0.1855,0.2429
2018-07-30,0.1744,0.1785,0.2385
2018-07-31,0.1636,0.1752,0.2355
2018-08-01,0.1603,0.174,0.2337
2018-08-02,0.1633,0.176,0.236
2018-08-03,0.1584,0.1739,0.233
2018-08-04,0.1644,0.1708,0.2245
2018-08-05,0.164,0.1679,0.222
2018-08-06,0.192,0.164,0.22
2018-08-07,0.2775,0.1695,0.219
2018-08-08,0.25,0.1703,0.2165
2018-08-09,0.3113,0.1794,0.217
2018-08-10,0.2936,0.1811,0.218
2018-08-11,0.263,0.1817,0.2161
2018-08-12,0.2409,0.18,0.2131
2018-08-13,0.2548,0.1765,0.2105
2018-08-14,0.3484,0.1949,0.21
2018-08-15,0.3039,0.2053,0.209
2018-08-16,0.2741,0.2057,0.2075
2018-08-17,0.2769,0.211,0.2015
2018-08-18,0.2912,0.2142,0.2009
2018-08-19,0.2715,0.2147,0.1995
2018-08-20,0.2508,0.2084,0.194
2018-08-21,0.2508,0.203,0.1893
2018-08-22,0.2323,0.198,0.183
2018-08-23,0.2458,0.1999,0.1815
2018-08-24,0.2649,0.1997,0.181
2018-08-25,0.2519,0.2,0.1805
2018-08-26,0.243,0.2009,0.1805
2018-08-27,0.2286,0.1972,0.1785
2018-08-28,0.2117,0.192,0.1764
2018-08-29,0.2175,0.1914,0.1775
2018-08-30,0.2561,0.1914,0.1775
2018-08-31,0.2477,0.1927,0.1785
2018-09-01,0.2454,0.1945,0.1795
2018-09-02,0.236,0.1945,0.179
2018-09-03,0.2275,0.1955,0.179
2018-09-04,0.2191,0.1965,0.1803
2018-09-05,0.2099,0.1935,0.181
2018-09-06,0.2551,0.1934,0.183
2018-09-07,0.2691,0.1939,0.1838
2018-09-08,0.253,0.1935,0.182
2018-09-09,0.2372,0.1906,0.181
2018-09-10,0.2226,0.187,0.1775
2018-09-11,0.2037,0.1809,0.1736
2018-09-12,0.1903,0.1744,0.1697
2018-09-13,0.1874,0.1735,0.1696
2018-09-14,0.1831,0.1705,0.1665
2018-09-15,0.1782,0.1691,0.165
2018-09-16,0.1716,0.166,0.1625
2018-09-17,0.168,0.161,0.1603
2018-09-18,0.1618,0.156,0.1575
2018-09-19,0.149,0.1445,0.1482
2018-09-20,0.142,0.142,0.1475
2018-09-21,0.1437,0.142,0.1485
2018-09-22,0.144,0.14,0.1471
2018-09-23,0.1356,0.138,0.1471
2018-09-24,0.1529,0.1385,0.1478
2018-09-25,0.161,0.139,0.1486
2018-09-26,0.1599,0.138,0.1484
2018-09-27,0.1534,0.135,0.1471
2018-09-28,0.1502,0.1345,0.1469
2018-09-29,0.1485,0.1335,0.1466
2018-09-30,0.2126,0.1368,0.1493
2018-10-01,0.3497,0.1635,0.1505
2018-10-02,0.3178,0.1876,0.151
2018-10-03,0.2893,0.1945,0.151
2018-10-04,0.2726,0.1971,0.152
2018-10-05,0.2572,0.1971,0.1505
2018-10-06,0.2458,0.1971,0.15
2018-10-07,0.3262,0.2073,0.1505
2018-10-08,0.3212,0.2261,0.1531
2018-10-09,0.2968,0.2328,0.1555
2018-10-10,0.2902,0.2338,0.1548
2018-10-11,0.3716,0.2711,0.1584
2018-10-12,0.3364,0.2931,0.1586
2018-10-13,0.316,0.2915,0.1597
2018-10-14,0.3014,0.2862,0.1598
2018-10-15,0.2886,0.2795,0.16
2018-10-16,0.2863,0.2849,0.1718
2018-10-17,0.2835,0.28,0.173
2018-10-18,0.2766,0.2755,0.173
2018-10-19,0.2716,0.2726,0.1741
2018-10-20,0.2675,0.2697,0.1752
2018-10-21,0.2656,0.2685,0.1765
2018-10-22,0.2643,0.2657,0.1774
2018-10-23,0.2615,0.2616,0.1779
2018-10-24,0.256,0.2584,0.1766
2018-10-25,0.2531,0.2555,0.1762
2018-10-26,0.252,0.2549,0.1766
2018-10-27,0.3738,0.2726,0.1761
2018-10-28,0.387,0.3165,0.1775
2018-10-29,0.4101,0.362,0.1809
2018-10-30,0.4064,0.3887,0.1887
2018-10-31,0.4057,0.3859,0.196
2018-11-01,0.4222,0.4125,0.2096
2018-11-02,0.4061,0.3969,0.2215
2018-11-03,0.3925,0.3858,0.2288
2018-11-04,0.3762,0.3737,0.2333
2018-11-05,0.3648,0.364,0.2361
2018-11-06,0.3909,0.3776,0.2388
2018-11-07,0.3986,0.3934,0.2476
2018-11-08,0.4112,0.3976,0.2542
2018-11-09,0.3872,0.3879,0.2614
2018-11-10,0.3758,0.3767,0.2669
2018-11-11,0.3673,0.3685,0.27
2018-11-12,0.359,0.3613,0.2727
2018-11-13,0.3543,0.357,0.2753
2018-11-14,0.3493,0.3509,0.2771
2018-11-15,0.3444,0.3466,0.279
2018-11-16,0.3411,0.3436,0.2811
2018-11-17,0.3876,0.3644,0.2825
2018-11-18,0.3892,0.3849,0.2842
2018-11-19,0.3781,0.3789,0.2897
2018-11-20,0.3736,0.3726,0.2925
2018-11-21,0.4087,0.3861,0.2942
2018-11-22,0.392,0.3918,0.2982
2018-11-23,0.4076,0.3948,0.3024
2018-11-24,0.4167,0.4197,0.326
2018-11-25,0.4058,0.4042,0.3343
2018-11-26,0.4082,0.4014,0.3387
2018-11-27,0.4092,0.4033,0.3429
2018-11-28,0.39,0.3944,0.3447
2018-11-29,0.3777,0.3847,0.3448
2018-11-30,0.3901,0.3818,0.3465
2019-04-01,0.3088,0.3257,0.3629
2019-04-02,0.3047,0.3207,0.3607
2019-04-03,0.3559,0.3259,0.3585
2019-04-04,0.4021,0.372,0.3571
2019-04-05,0.394,0.3833,0.3575
2019-04-06,0.3982,0.386,0.3587
2019-04-07,0.4106,0.4062,0.3604
2019-04-08,0.3911,0.3985,0.3619
2019-04-09,0.3784,0.3868,0.3635
2019-04-10,0.3787,0.383,0.364
2019-04-11,0.3851,0.3819,0.365
2019-04-12,0.379,0.3811,0.366
2019-04-13,0.3681,0.3761,0.365
2019-04-14,0.3582,0.3697,0.3635
2019-04-15,0.3495,0.3631,0.3602
2019-04-16,0.3559,0.3584,0.3575
2019-04-17,0.3521,0.3547,0.3605
2019-04-18,0.3376,0.3426,0.3519
2019-04-19,0.3309,0.3349,0.3485
2019-04-20,0.3215,0.3301,0.3482
2019-04-21,0.3159,0.3258,0.3462
2019-04-22,0.3162,0.3222,0.3414
2019-04-23,0.3182,0.3182,0.341
2019-04-24,0.3821,0.3404,0.3393
2019-04-25,0.3798,0.3656,0.3385
2019-04-26,0.4169,0.3899,0.3392
2019-04-27,0.4038,0.3978,0.3428
2019-04-28,0.4067,0.3978,0.3447
2019-04-29,0.3872,0.3906,0.3459
2019-04-30,0.3729,0.3823,0.3461
2019-05-01,0.362,0.3734,0.3466
2019-05-02,0.3843,0.3773,0.3466
2019-05-03,0.3894,0.3827,0.346
2019-05-04,0.3827,0.3786,0.3468
2019-05-05,0.3901,0.3789,0.3463
2019-05-06,0.3781,0.377,0.3465
2019-05-07,0.3661,0.3699,0.3446
2019-05-08,0.3845,0.3682,0.3408
2019-05-09,0.3955,0.3785,0.341
2019-05-10,0.3829,0.3781,0.3415
2019-05-11,0.3942,0.3748,0.342
2019-05-12,0.3865,0.3791,0.343
2019-05-13,0.3683,0.3729,0.344
2019-05-14,0.3553,0.365,0.344
2019-05-15,0.3465,0.3584,0.3415
2019-05-16,0.3394,0.3508,0.3395
2019-05-17,0.3621,0.3479,0.338
2019-05-18,0.3942,0.3704,0.3384
2019-05-19,0.4079,0.3835,0.3413
2019-05-20,0.4275,0.42,0.3472
2019-05-21,0.404,0.4086,0.3548
2019-05-22,0.3828,0.3939,0.3579
2019-05-23,0.3649,0.3773,0.3525
2019-05-24,0.353,0.3666,0.3503
2019-05-25,0.3746,0.3635,0.35
2019-05-26,0.3727,0.3656,0.3506
2019-05-27,0.3569,0.3601,0.3482
2019-05-28,0.3873,0.362,0.3484
2019-05-29,0.386,0.3696,0.349
2019-05-30,0.3693,0.3694,0.3476
2019-05-31,0.3499,0.3587,0.3442
2019-06-01,0.3372,0.3503,0.3415
2019-06-02,0.3281,0.343,0.335
2019-06-03,0.3204,0.3378,0.336
2019-06-04,0.3067,0.3281,0.3321
2019-06-05,0.2895,0.3157,0.3271
2019-06-06,0.2925,0.3077,0.325
2019-06-07,0.2825,0.3011,0.3225
2019-06-08,0.276,0.2928,0.318
2019-06-09,0.2948,0.2881,0.3145
2019-06-10,0.3525,0.2957,0.314
2019-06-11,0.425,0.3835,0.3151
2019-06-12,0.4123,0.418,0.3268
2019-06-13,0.379,0.391,0.3313
2019-06-14,0.353,0.3688,0.3306
2019-06-15,0.3892,0.3633,0.3295
2019-06-16,0.3802,0.3726,0.3305
2019-06-17,0.3538,0.3621,0.3278
2019-06-18,0.3381,0.3545,0.331
2019-06-19,0.3115,0.3364,0.3281
2019-06-20,0.3013,0.3222,0.325
2019-06-21,0.3457,0.3178,0.3234
2019-06-22,0.3455,0.3185,0.3231
2019-06-23,0.3478,0.3258,0.3225
2019-06-24,0.3242,0.3221,0.3209
2019-06-25,0.3047,0.3146,0.3185
2019-06-26,0.2935,0.3099,0.3156
2019-06-27,0.2805,0.3031,0.316
2019-06-28,0.27,0.2965,0.3149
2019-06-29,0.2613,0.2901,0.3129
2019-06-30,0.2427,0.277,0.3076
2019-07-01,0.237,0.273,0.307
2019-07-02,0.2324,0.2697,0.307
2019-07-03,0.2202,0.254,0.2982
2019-07-04,0.2275,0.2556,0.2996
2019-07-05,0.2228,0.2561,0.302
2019-07-06,0.2188,0.257,0.3016
2019-07-07,0.209,0.2489,0.3
2019-07-08,0.2058,0.2446,0.298
2019-07-09,0.2878,0.2502,0.2965
2019-07-10,0.2626,0.2425,0.2965
2019-07-11,0.2492,0.2405,0.2944
2019-07-12,0.2403,0.2401,0.294
2019-07-13,0.2172,0.2271,0.2834
2019-07-14,0.2057,0.2231,0.2806
2019-07-15,0.2046,0.2207,0.279
2019-07-16,0.2057,0.221,0.2789
2019-07-17,0.1959,0.2175,0.2767
2019-07-18,0.1837,0.2115,0.2726
2019-07-19,0.1754,0.2077,0.2714
2019-07-20,0.1675,0.2032,0.267
2019-07-21,0.159,0.1985,0.2609
2019-07-22,0.1482,0.1907,0.2537
2019-07-23,0.1435,0.187,0.2499
2019-07-24,0.1435,0.1851,0.2484
2019-07-25,0.1515,0.1865,0.2495
2019-07-26,0.1566,0.189,0.2505
2019-07-27,0.2248,0.1934,0.2531
2019-07-28,0.3915,0.2566,0.252
2019-07-29,0.336,0.2806,0.2517
2019-07-30,0.3071,0.28,0.2498
2019-07-31,0.2849,0.2754,0.248
2019-08-01,0.2682,0.27,0.2466
2019-08-02,0.2555,0.2645,0.2441
2019-08-03,0.2388,0.2561,0.2407
2019-08-04,0.2263,0.2496,0.2385
2019-08-05,0.2201,0.2463,0.238
2019-08-06,0.212,0.2406,0.2355
2019-08-07,0.2325,0.2417,0.2358
2019-08-08,0.2422,0.2421,0.237
2019-08-09,0.2287,0.2365,0.236
2019-08-10,0.2228,0.233,0.2361
2019-08-11,0.2747,0.2354,0.2375
2019-08-12,0.3899,0.2728,0.2375
2019-08-13,0.3331,0.284,0.2347
2019-08-14,0.3081,0.2836,0.2343
2019-08-15,0.2882,0.2786,0.2325
2019-08-16,0.2713,0.2737,0.229
2019-08-17,0.257,0.2674,0.2289
2019-08-18,0.2443,0.2615,0.225
2019-08-19,0.2789,0.2577,0.2235
2019-08-20,0.4054,0.2986,0.226
2019-08-21,0.3637,0.3232,0.2285
2019-08-22,0.3389,0.3225,0.2302
2019-08-23,0.3271,0.3191,0.232
2019-08-24,0.3155,0.3141,0.2336
2019-08-25,0.3052,0.3105,0.236
2019-08-26,0.2901,0.3015,0.234
2019-08-27,0.287,0.2985,0.2364
2019-08-28,0.2795,0.2903,0.235
2019-08-29,0.273,0.2855,0.236
2019-08-30,0.2634,0.2788,0.235
2019-08-31,0.2666,0.2749,0.236
2019-09-01,0.284,0.272,0.235
2019-09-02,0.2943,0.2725,0.2355
2019-09-03,0.2865,0.2715,0.2355
2019-09-04,0.2772,0.2695,0.2359
2019-09-05,0.2727,0.267,0.236
2019-09-06,0.2744,0.266,0.2355
2019-09-07,0.2712,0.2656,0.236
2019-09-08,0.2782,0.2624,0.2345
2019-09-09,0.2789,0.2615,0.2345
2019-09-10,0.291,0.2624,0.2352
2019-09-11,0.3274,0.2693,0.235
2019-09-12,0.3003,0.269,0.2335
2019-09-13,0.2866,0.2673,0.233
2019-09-14,0.2725,0.2636,0.2325
2019-09-15,0.2621,0.2605,0.232
2019-09-16,0.2517,0.2574,0.231
2019-09-17,0.2467,0.2551,0.2315
2019-09-18,0.239,0.2515,0.2305
2019-09-19,0.2367,0.2505,0.2316
2019-09-20,0.2369,0.25,0.2335
2019-09-21,0.2379,0.249,0.2345
2019-09-22,0.316,0.2519,0.235
2019-09-23,0.3779,0.3213,0.2357
2019-09-24,0.3782,0.3352,0.2377
2019-09-25,0.3665,0.3372,0.2395
2019-09-26,0.3762,0.3428,0.241
2019-09-27,0.357,0.3447,0.2427
2019-09-28,0.3295,0.3329,0.2415
2019-09-29,0.315,0.3237,0.241
2019-09-30,0.2926,0.312,0.2435
2019-10-01,0.2914,0.3047,0.244
2019-10-02,0.3838,0.3144,0.2445
2019-10-03,0.3608,0.3285,0.2455
2019-10-04,0.3402,0.3265,0.246
2019-10-05,0.338,0.3246,0.2465
2019-10-06,0.3487,0.3237,0.2477
2019-10-07,0.391,0.3521,0.2496
2019-10-08,0.3622,0.3545,0.252
2019-10-09,0.3816,0.3536,0.2541
2019-10-10,0.3694,0.3579,0.2563
2019-10-11,0.3577,0.3543,0.2586
2019-10-12,0.3467,0.3477,0.2599
2019-10-13,0.3352,0.3396,0.2605
2019-10-14,0.3205,0.3296,0.2597
2019-10-15,0.3909,0.3715,0.2613
2019-10-16,0.3998,0.3991,0.2703
2019-10-17,0.3872,0.3875,0.2759
2019-10-18,0.389,0.38,0.2796
2019-10-19,0.4128,0.3952,0.2838
2019-10-20,0.3999,0.3938,0.289
2019-10-21,0.4286,0.4235,0.3079
2019-10-22,0.4226,0.4255,0.3471
2019-10-23,0.4068,0.4089,0.3538
2019-10-24,0.4135,0.4229,0.3729
2019-10-25,0.3938,0.4055,0.3813
2019-10-26,0.3813,0.3942,0.382
2019-10-27,0.3765,0.3874,0.381
2019-10-28,0.3739,0.3837,0.381
2019-10-29,0.3882,0.3832,0.3809
2019-10-30,0.3833,0.3857,0.38
2019-10-31,0.4109,0.395,0.3809
2019-11-01,0.4118,0.4081,0.3835
2019-11-02,0.429,0.4288,0.3935
2019-11-03,0.4314,0.4341,0.4207
2019-11-04,0.4273,0.4311,0.4277
2019-11-05,0.4168,0.4263,0.4311
2019-11-06,0.4159,0.4159,0.4259
2019-11-07,0.4163,0.415,0.4225
2019-11-08,0.4068,0.4155,0.4195
2019-11-09,0.3923,0.4036,0.4171
2019-11-10,0.387,0.3958,0.4149
2019-11-11,0.3804,0.389,0.4124
2019-11-12,0.3791,0.3847,0.4103
2019-11-13,0.3726,0.3799,0.4079
2019-11-14,0.3755,0.3749,0.4061
2019-11-15,0.3961,0.3813,0.404
2019-11-16,0.3947,0.3871,0.4023
2019-11-17,0.3894,0.3899,0.4013
2019-11-18,0.3824,0.3877,0.3997
2019-11-19,0.3816,0.3902,0.399
2019-11-20,0.3761,0.3859,0.3981
2019-11-21,0.3798,0.3828,0.3967
2019-11-22,0.4005,0.3942,0.3955
2019-11-23,0.4282,0.4179,0.3947
2019-11-24,0.4215,0.4278,0.4075
2019-11-25,0.4015,0.4151,0.4092
2019-11-26,0.3948,0.4077,0.4074
2019-11-27,0.4158,0.4204,0.4093
2019-11-28,0.4149,0.4211,0.4132
2019-11-29,0.4272,0.4257,0.4168
2019-11-30,0.4053,0.4175,0.4194
2020-04-01,0.3225,0.3296,0.3231
2020-04-02,0.305,0.3254,0.3299
2020-04-03,0.2806,0.3104,0.317
2020-04-04,0.26,0.2921,0.3175
2020-04-05,0.2617,0.2933,0.3191
2020-04-06,0.2485,0.2802,0.3095
2020-04-07,0.2454,0.277,0.3106
2020-04-08,0.2459,0.2773,0.3219
2020-04-09,0.2423,0.2765,0.3298
2020-04-10,0.2476,0.287,0.3338
2020-04-11,0.2521,0.2902,0.3379
2020-04-12,0.2453,0.2815,0.3334
2020-04-13,0.2391,0.2743,0.3289
2020-04-14,0.2307,0.2749,0.3296
2020-04-15,0.2309,0.2728,0.3289
2020-04-16,0.23,0.272,0.3291
2020-04-17,0.2253,0.2649,0.3233
2020-04-18,0.2198,0.259,0.32
2020-04-19,0.2487,0.2633,0.3225
2020-04-20,0.2931,0.2639,0.3205
2020-04-21,0.3175,0.2676,0.315
2020-04-22,0.321,0.2738,0.3134
2020-04-23,0.3057,0.277,0.3256
2020-04-24,0.2809,0.2647,0.3155
2020-04-25,0.2648,0.2575,0.3045
2020-04-26,0.3625,0.2732,0.3067
2020-04-27,0.3582,0.2928,0.3085
2020-04-28,0.3818,0.316,0.3055
2020-04-29,0.3827,0.347,0.304
2020-04-30,0.393,0.3609,0.305
2020-05-01,0.427,0.4103,0.3105
2020-05-02,0.4301,0.4258,0.3282
2020-05-03,0.4075,0.4134,0.3405
2020-05-04,0.3829,0.3949,0.3449
2020-05-05,0.3743,0.3845,0.3454
2020-05-06,0.364,0.3734,0.3448
2020-05-07,0.3471,0.3595,0.3429
2020-05-08,0.3369,0.3532,0.3415
2020-05-09,0.3437,0.3458,0.3356
2020-05-10,0.3565,0.3417,0.3355
2020-05-11,0.419,0.3965,0.3361
2020-05-12,0.3907,0.3917,0.3385
2020-05-13,0.4091,0.3933,0.3413
2020-05-14,0.4184,0.4207,0.3522
2020-05-15,0.4072,0.4096,0.36
2020-05-16,0.3937,0.3999,0.3632
2020-05-17,0.3807,0.391,0.3653
2020-05-18,0.3685,0.3813,0.3654
2020-05-19,0.3529,0.3702,0.3636
2020-05-20,0.3374,0.3607,0.3626
2020-05-21,0.3254,0.3477,0.3609
2020-05-22,0.3087,0.3349,0.356
2020-05-23,0.3407,0.3252,0.3505
2020-05-24,0.3536,0.329,0.349
2020-05-25,0.3327,0.328,0.3476
2020-05-26,0.316,0.3231,0.3471
2020-05-27,0.3049,0.3166,0.3409
2020-05-28,0.2962,0.3106,0.3376
2020-05-29,0.2887,0.3075,0.3361
2020-05-30,0.2787,0.2991,0.3348
2020-05-31,0.2829,0.295,0.3309
2020-06-01,0.2791,0.2907,0.328
2020-06-02,0.2702,0.2821,0.3226
2020-06-03,0.2904,0.2818,0.3214
2020-06-04,0.3692,0.2912,0.3175
2020-06-05,0.3815,0.3136,0.317
2020-06-06,0.3536,0.3207,0.3166
2020-06-07,0.4069,0.3741,0.3168
2020-06-08,0.3937,0.3793,0.3185
2020-06-09,0.4222,0.4117,0.3243
2020-06-10,0.4127,0.411,0.3351
2020-06-11,0.3944,0.3979,0.3391
2020-06-12,0.3863,0.3874,0.341
2020-06-13,0.4059,0.3982,0.3429
2020-06-14,0.3963,0.3976,0.3467
2020-06-15,0.3787,0.3856,0.3486
2020-06-16,0.3707,0.3759,0.3491
2020-06-17,0.3942,0.3778,0.3476
2020-06-18,0.379,0.3771,0.3486
2020-06-19,0.3842,0.3775,0.3492
2020-06-20,0.3704,0.3725,0.3466
2020-06-21,0.3522,0.3632,0.3444
2020-06-22,0.3371,0.3534,0.345
2020-06-23,0.3275,0.3454,0.3431
2020-06-24,0.313,0.3332,0.3425
2020-06-25,0.3047,0.3272,0.3415
2020-06-26,0.2897,0.3178,0.3398
2020-06-27,0.2784,0.3097,0.3375
2020-06-28,0.2695,0.299,0.3339
2020-06-29,0.272,0.2937,0.3316
2020-06-30,0.2557,0.2822,0.3281
2020-07-01,0.2499,0.2712,0.3238
2020-07-02,0.3647,0.2805,0.3245
2020-07-03,0.3552,0.3028,0.3231
2020-07-04,0.3246,0.3045,0.3225
2020-07-05,0.3014,0.2988,0.3192
2020-07-06,0.286,0.2933,0.3199
2020-07-07,0.2727,0.2886,0.3213
2020-07-08,0.2587,0.2813,0.318
2020-07-09,0.2492,0.2762,0.316
2020-07-10,0.2483,0.2737,0.3125
2020-07-11,0.2625,0.2712,0.3071
2020-07-12,0.2489,0.2646,0.3026
2020-07-13,0.2368,0.2585,0.299
2020-07-14,0.2243,0.2515,0.2945
2020-07-15,0.2183,0.2479,0.2945
2020-07-16,0.2163,0.245,0.2938
2020-07-17,0.2142,0.2428,0.294
2020-07-18,0.2128,0.2415,0.2929
2020-07-19,0.206,0.2376,0.2899
2020-07-20,0.1955,0.2318,0.284
2020-07-21,0.1885,0.2261,0.274
2020-07-22,0.2203,0.2195,0.2705
2020-07-23,0.2742,0.2178,0.2672
2020-07-24,0.2527,0.2134,0.2635
2020-07-25,0.2385,0.2102,0.2585
2020-07-26,0.2189,0.2033,0.2531
2020-07-27,0.2029,0.197,0.2476
2020-07-28,0.1865,0.1933,0.245
2020-07-29,0.1724,0.191,0.2406
2020-07-30,0.1679,0.1894,0.2406
2020-07-31,0.1656,0.1886,0.2415
2020-08-01,0.1603,0.1782,0.2385
2020-08-02,0.1552,0.1755,0.2355
2020-08-03,0.1761,0.1735,0.2335
2020-08-04,0.2393,0.1748,0.2345
2020-08-05,0.2341,0.176,0.2345
2020-08-06,0.2197,0.1755,0.2316
2020-08-07,0.2052,0.175,0.2294
2020-08-08,0.1947,0.1759,0.2324
2020-08-09,0.1802,0.1715,0.2275
2020-08-10,0.1807,0.1695,0.2125
2020-08-11,0.219,0.1685,0.2133
2020-08-12,0.2122,0.1683,0.2215
2020-08-13,0.2205,0.1706,0.2225
2020-08-14,0.2349,0.1695,0.22
2020-08-15,0.2198,0.1692,0.223
2020-08-16,0.2144,0.169,0.2229
2020-08-17,0.3085,0.1758,0.2215
2020-08-18,0.281,0.1825,0.2205
2020-08-19,0.2574,0.1842,0.218
2020-08-20,0.237,0.1835,0.2166
2020-08-21,0.2117,0.1785,0.2106
2020-08-22,0.2019,0.1772,0.2066
2020-08-23,0.1908,0.175,0.2035
2020-08-24,0.1818,0.1735,0.2026
2020-08-25,0.1756,0.1727,0.2045
2020-08-26,0.1675,0.1711,0.211
2020-08-27,0.1572,0.1676,0.2085
2020-08-28,0.2427,0.1743,0.214
2020-08-29,0.4271,0.3734,0.217
2020-08-30,0.4226,0.4167,0.24
2020-08-31,0.3934,0.3937,0.2546
2020-09-01,0.3737,0.3767,0.2593
2020-09-02,0.3573,0.3631,0.2615
2020-09-03,0.3436,0.3516,0.262
2020-09-04,0.3316,0.3417,0.2614
2020-09-05,0.3225,0.3339,0.2623
2020-09-06,0.3095,0.3236,0.2613
2020-09-07,0.2999,0.3153,0.2617
2020-09-08,0.2928,0.3075,0.2606
2020-09-09,0.2955,0.31,0.2625
2020-09-10,0.2952,0.2992,0.261
2020-09-11,0.2894,0.296,0.261
2020-09-12,0.2812,0.2911,0.26
2020-09-13,0.2712,0.285,0.259
2020-09-14,0.2634,0.28,0.2584
2020-09-15,0.2703,0.2829,0.2645
2020-09-16,0.2692,0.2806,0.2654
2020-09-17,0.264,0.2823,0.266
2020-09-18,0.2626,0.277,0.266
2020-09-19,0.2561,0.269,0.2636
2020-09-20,0.254,0.2624,0.262
2020-09-21,0.2476,0.2559,0.2579
2020-09-22,0.2497,0.2545,0.2575
2020-09-23,0.2967,0.2553,0.257
2020-09-24,0.2985,0.2554,0.256
2020-09-25,0.406,0.2938,0.2555
2020-09-26,0.405,0.3558,0.2563
2020-09-27,0.3902,0.3636,0.2589
2020-09-28,0.3862,0.3673,0.261
2020-09-29,0.3719,0.3644,0.2632
2020-09-30,0.3553,0.3567,0.2655
2020-10-01,0.3512,0.3511,0.2683
2020-10-02,0.4016,0.3883,0.2758
2020-10-03,0.4219,0.4207,0.3255
2020-10-04,0.4137,0.4123,0.3375
2020-10-05,0.41,0.4071,0.345
2020-10-06,0.4144,0.4071,0.3503
2020-10-07,0.4092,0.4148,0.3595
2020-10-08,0.3907,0.4017,0.3645
2020-10-09,0.3771,0.3882,0.365
2020-10-10,0.3856,0.387,0.3661
2020-10-11,0.3845,0.3823,0.3668
2020-10-12,0.3821,0.3813,0.367
2020-10-13,0.377,0.3802,0.368
2020-10-14,0.3774,0.3772,0.368
2020-10-15,0.3827,0.3783,0.368
2020-10-16,0.3848,0.3798,0.3675
2020-10-17,0.3808,0.3816,0.367
2020-10-18,0.3733,0.3787,0.366
2020-10-19,0.3657,0.3749,0.3665
2020-10-20,0.357,0.3691,0.366
2020-10-21,0.3523,0.3649,0.3655
2020-10-22,0.3516,0.3565,0.3635
2020-10-23,0.4141,0.3822,0.3645
2020-10-24,0.406,0.4134,0.3695
2020-10-25,0.3927,0.3997,0.3689
2020-10-26,0.4252,0.4242,0.3755
2020-10-27,0.4115,0.4155,0.385
2020-10-28,0.4046,0.4076,0.3884
2020-10-29,0.3892,0.3935,0.3885
2020-10-30,0.3803,0.3893,0.3886
2020-10-31,0.3829,0.3907,0.3886
2020-11-01,0.3837,0.392,0.3895
2020-11-02,0.3759,0.3863,0.3923
2020-11-03,0.3855,0.3867,0.3966
2020-11-04,0.3899,0.3878,0.395
2020-11-05,0.3861,0.3912,0.393
2020-11-06,0.3801,0.3904,0.3931
2020-11-07,0.3728,0.3845,0.3925
2020-11-08,0.385,0.3838,0.3938
2020-11-09,0.3854,0.3892,0.3963
2020-11-10,0.3788,0.387,0.3975
2020-11-11,0.3708,0.3808,0.3938
2020-11-12,0.3655,0.3755,0.3905
2020-11-13,0.3604,0.3705,0.3894
2020-11-14,0.3557,0.3658,0.3888
2020-11-15,0.3581,0.3618,0.3878
2020-11-16,0.409,0.3947,0.3876
2020-11-17,0.3864,0.3949,0.388
2020-11-18,0.3768,0.3887,0.387
2020-11-19,0.3693,0.3806,0.3852
2020-11-20,0.385,0.3805,0.385
2020-11-21,0.3708,0.3783,0.3795
2020-11-22,0.3664,0.3753,0.379
2020-11-23,0.3643,0.3729,0.379
2020-11-24,0.3624,0.3707,0.3785
2020-11-25,0.3594,0.3678,0.3775
2020-11-26,0.357,0.3651,0.377
2020-11-27,0.3535,0.3612,0.3778
2020-11-28,0.3542,0.3605,0.3771
2020-11-29,0.3523,0.3582,0.3752
2020-11-30,0.349,0.3559,0.3755
2021-04-01,0.278,0.3075,0.3238
2021-04-02,0.2671,0.2968,0.3242
2021-04-03,0.2601,0.2875,0.32
2021-04-04,0.2554,0.2855,0.322
2021-04-05,0.2458,0.282,0.3212
2021-04-06,0.2455,0.273,0.3132
2021-04-07,0.2404,0.272,0.3122
2021-04-08,0.233,0.2655,0.3112
2021-04-09,0.2327,0.257,0.3047
2021-04-10,0.2298,0.2495,0.3012
2021-04-11,0.2856,0.2552,0.3027
2021-04-12,0.3774,0.2945,0.3008
2021-04-13,0.3529,0.309,0.302
2021-04-14,0.3373,0.3152,0.3005
2021-04-15,0.328,0.3162,0.3025
2021-04-16,0.3208,0.316,0.305
2021-04-17,0.3256,0.3165,0.305
2021-04-18,0.3275,0.3154,0.3042
2021-04-19,0.3033,0.3107,0.301
2021-04-20,0.2938,0.3046,0.2993
2021-04-21,0.3411,0.3057,0.303
2021-04-22,0.3435,0.3129,0.3055
2021-04-23,0.3178,0.3107,0.3046
2021-04-24,0.3092,0.3085,0.3035
2021-04-25,0.2921,0.3008,0.2956
2021-04-26,0.2932,0.3025,0.2972
2021-04-27,0.3378,0.3036,0.3
2021-04-28,0.4005,0.3456,0.303
2021-04-29,0.4178,0.3981,0.3084
2021-04-30,0.423,0.4183,0.3188
2021-05-01,0.4301,0.4273,0.339
2021-05-02,0.4128,0.4181,0.3668
2021-05-03,0.39,0.4015,0.3708
2021-05-04,0.3778,0.3883,0.371
2021-05-05,0.3867,0.3758,0.37
2021-05-06,0.3907,0.3811,0.37
2021-05-07,0.4117,0.3989,0.37
2021-05-08,0.387,0.3955,0.3713
2021-05-09,0.3727,0.3867,0.3717
2021-05-10,0.4037,0.4084,0.3786
2021-05-11,0.4304,0.4342,0.4062
2021-05-12,0.4022,0.4183,0.4102
2021-05-13,0.4069,0.4107,0.4097
2021-05-14,0.3969,0.4008,0.4094
2021-05-15,0.4094,0.405,0.4095
2021-05-16,0.4237,0.4238,0.412
2021-05-17,0.4116,0.4141,0.4149
2021-05-18,0.4037,0.4054,0.4121
2021-05-19,0.4029,0.4023,0.4092
2021-05-20,0.3901,0.3974,0.4067
2021-05-21,0.3815,0.3875,0.4023
2021-05-22,0.4073,0.4088,0.4025
2021-05-23,0.3912,0.3996,0.4005
2021-05-24,0.3839,0.392,0.3981
2021-05-25,0.3882,0.3912,0.392
2021-05-26,0.3702,0.3822,0.3901
2021-05-27,0.3531,0.37,0.3887
2021-05-28,0.3536,0.368,0.4002
2021-05-29,0.331,0.3489,0.3896
2021-05-30,0.3095,0.3376,0.388
2021-05-31,0.2998,0.3285,0.3858
2021-06-01,0.2878,0.3104,0.3765
2021-06-02,0.2851,0.2933,0.3659
2021-06-03,0.2839,0.2928,0.3593
2021-06-04,0.2772,0.2898,0.3477
2021-06-05,0.3653,0.2989,0.3476
2021-06-06,0.3342,0.3002,0.341
2021-06-07,0.3266,0.3019,0.3373
2021-06-08,0.3615,0.3111,0.3351
2021-06-09,0.3435,0.3132,0.332
2021-06-10,0.3306,0.3139,0.3319
2021-06-11,0.31,0.3083,0.3269
2021-06-12,0.2915,0.303,0.328
2021-06-13,0.2767,0.2955,0.3221
2021-06-14,0.2645,0.2871,0.3171
2021-06-15,0.2565,0.2811,0.3136
2021-06-16,0.2388,0.273,0.3088
2021-06-17,0.2254,0.2639,0.3049
2021-06-18,0.2101,0.2523,0.3011
2021-06-19,0.2015,0.2455,0.2982
2021-06-20,0.2373,0.2427,0.2941
2021-06-21,0.3866,0.3557,0.296
2021-06-22,0.3873,0.3585,0.2943
2021-06-23,0.3697,0.3551,0.296
2021-06-24,0.3858,0.3566,0.297
2021-06-25,0.3732,0.3637,0.298
2021-06-26,0.3508,0.3551,0.2985
2021-06-27,0.3335,0.3448,0.2983
2021-06-28,0.3225,0.3352,0.298
2021-06-29,0.3437,0.3291,0.2975
2021-06-30,0.3324,0.3249,0.2965
2021-07-01,0.3148,0.3188,0.2952
2021-07-02,0.3012,0.3119,0.2936
2021-07-03,0.3155,0.3062,0.2925
2021-07-04,0.3444,0.3082,0.293
2021-07-05,0.3255,0.3091,0.295
2021-07-06,0.3193,0.3028,0.292
2021-07-07,0.4051,0.3375,0.2915
2021-07-08,0.4037,0.3753,0.2935
2021-07-09,0.3873,0.386,0.2967
2021-07-10,0.3653,0.3713,0.298
2021-07-11,0.3678,0.362,0.2989
2021-07-12,0.3617,0.3571,0.2992
2021-07-13,0.4083,0.3962,0.3016
2021-07-14,0.3923,0.3858,0.3042
2021-07-15,0.4033,0.3869,0.3073
2021-07-16,0.413,0.3968,0.3112
2021-07-17,0.3896,0.3859,0.3133
2021-07-18,0.3755,0.376,0.3157
2021-07-19,0.3672,0.3743,0.3181
2021-07-20,0.3448,0.3591,0.3175
2021-07-21,0.3281,0.3467,0.3166
2021-07-22,0.3152,0.3375,0.3155
2021-07-23,0.301,0.3254,0.3135
2021-07-24,0.2902,0.316,0.3118
2021-07-25,0.278,0.3124,0.3105
2021-07-26,0.2751,0.3014,0.3055
2021-07-27,0.2667,0.2912,0.3032
2021-07-28,0.2922,0.288,0.3032
2021-07-29,0.2815,0.2831,0.3015
2021-07-30,0.2941,0.2797,0.2995
2021-07-31,0.3087,0.2793,0.2995
2021-08-01,0.3495,0.2867,0.298
2021-08-02,0.3248,0.2917,0.2962
2021-08-03,0.3208,0.29,0.2945
2021-08-04,0.3899,0.3078,0.294
2021-08-05,0.3771,0.3387,0.2932
2021-08-06,0.343,0.3362,0.2924
2021-08-07,0.3689,0.348,0.2925
2021-08-08,0.3948,0.3895,0.295
2021-08-09,0.3723,0.376,0.2971
2021-08-10,0.3599,0.3673,0.2995
2021-08-11,0.3433,0.354,0.3005
2021-08-12,0.3318,0.3443,0.2995
2021-08-13,0.3449,0.3399,0.2998
2021-08-14,0.333,0.3418,0.2995
2021-08-15,0.3194,0.3294,0.2965
2021-08-16,0.3326,0.3222,0.296
2021-08-17,0.3109,0.3145,0.295
2021-08-18,0.2958,0.3054,0.2934
2021-08-19,0.2852,0.2985,0.2924
2021-08-20,0.2713,0.2901,0.291
2021-08-21,0.2654,0.2867,0.2906
2021-08-22,0.2602,0.2831,0.2897
2021-08-23,0.2545,0.2803,0.2895
2021-08-24,0.252,0.2725,0.2867
2021-08-25,0.2509,0.2691,0.286
2021-08-26,0.2522,0.265,0.2845
2021-08-27,0.2485,0.2622,0.2834
2021-08-28,0.241,0.2575,0.2806
2021-08-29,0.2349,0.2542,0.2794
2021-08-30,0.228,0.2507,0.2785
2021-08-31,0.2211,0.2447,0.2766
2021-09-01,0.214,0.2395,0.2755
2021-09-02,0.2085,0.2366,0.2745
2021-09-03,0.245,0.2371,0.277
2021-09-04,0.3005,0.2384,0.273
2021-09-05,0.3097,0.2463,0.2739
2021-09-06,0.285,0.2465,0.2755
2021-09-07,0.2648,0.2435,0.2755
2021-09-08,0.2482,0.2395,0.2771
2021-09-09,0.2423,0.2364,0.2725
2021-09-10,0.2494,0.237,0.2735
2021-09-11,0.2509,0.237,0.2711
2021-09-12,0.238,0.2334,0.265
2021-09-13,0.2282,0.231,0.261
2021-09-14,0.2232,0.2284,0.2605
2021-09-15,0.2787,0.2401,0.2638
2021-09-16,0.3927,0.301,0.266
2021-09-17,0.3708,0.3435,0.2675
2021-09-18,0.3483,0.3406,0.267
2021-09-19,0.401,0.3722,0.2676
2021-09-20,0.392,0.3805,0.272
2021-09-21,0.3808,0.3745,0.2754
2021-09-22,0.3767,0.3707,0.2792
2021-09-23,0.3764,0.365,0.2805
2021-09-24,0.369,0.3609,0.2828
2021-09-25,0.3701,0.3564,0.2837
2021-09-26,0.389,0.367,0.2855
2021-09-27,0.3951,0.3975,0.2918
2021-09-28,0.3797,0.3841,0.2968
2021-09-29,0.373,0.3747,0.2989
2021-09-30,0.3615,0.3652,0.2999
2021-10-01,0.351,0.3562,0.2998
2021-10-02,0.3475,0.3501,0.3
2021-10-03,0.3569,0.3489,0.301
2021-10-04,0.4355,0.4307,0.3184
2021-10-05,0.4223,0.4209,0.3402
2021-10-06,0.4173,0.4132,0.3484
2021-10-07,0.3981,0.4015,0.3533
2021-10-08,0.3914,0.3927,0.356
2021-10-09,0.3882,0.3854,0.3568
2021-10-10,0.3871,0.3858,0.358
2021-10-11,0.3804,0.3817,0.3589
2021-10-12,0.3643,0.3698,0.351
2021-10-13,0.3499,0.3559,0.3421
2021-10-14,0.3523,0.3575,0.3435
2021-10-15,0.3551,0.3593,0.3448
2021-10-16,0.3507,0.3575,0.345
2021-10-17,0.3463,0.354,0.3442
2021-10-18,0.339,0.3485,0.3435
2021-10-19,0.3384,0.3478,0.344
2021-10-20,0.3359,0.3457,0.3435
2021-10-21,0.3473,0.3465,0.3435
2021-10-22,0.3417,0.346,0.3455
2021-10-23,0.3354,0.342,0.3455
2021-10-24,0.3316,0.3397,0.345
2021-10-25,0.326,0.3366,0.346
2021-10-26,0.3245,0.3354,0.3475
2021-10-27,0.322,0.3329,0.3475
2021-10-28,0.3295,0.3365,0.3485
2021-10-29,0.322,0.3308,0.3475
2021-10-30,0.339,0.325,0.3475
2021-10-31,0.402,0.3681,0.3459
2021-11-01,0.4254,0.4198,0.3558
2021-11-02,0.4036,0.4104,0.3688
2021-11-03,0.4164,0.4162,0.3757
2021-11-04,0.4083,0.4135,0.3842
2021-11-05,0.3945,0.4047,0.3867
2021-11-06,0.3881,0.4009,0.3896
2021-11-07,0.3815,0.3941,0.3905
2021-11-08,0.379,0.3896,0.391
2021-11-09,0.3744,0.3847,0.3902
2021-11-10,0.3693,0.3794,0.3893
2021-11-11,0.3694,0.3738,0.3883
2021-11-12,0.3683,0.3715,0.3865
2021-11-13,0.3718,0.3688,0.3838
2021-11-14,0.3751,0.3693,0.3823
2021-11-15,0.3741,0.37,0.3815
2021-11-16,0.3672,0.3683,0.3812
2021-11-17,0.3677,0.3667,0.3795
2021-11-18,0.3607,0.363,0.379
2021-11-19,0.3541,0.3601,0.3778
2021-11-20,0.348,0.3555,0.3764
2021-11-21,0.3518,0.3519,0.3744
2021-11-22,0.3539,0.3458,0.372
2021-11-23,0.347,0.3451,0.3722
2021-11-24,0.3402,0.343,0.3722
2021-11-25,0.3563,0.3447,0.3725
2021-11-26,0.3607,0.3525,0.3715
2021-11-27,0.3552,0.3545,0.3711
2021-11-28,0.3506,0.353,0.3695
2021-11-29,0.3419,0.3482,0.3685
2021-11-30,0.3255,0.337,0.3663
2022-04-01,0.3313,0.2814,0.302
2022-04-02,0.312,0.2811,0.2984
2022-04-03,0.3035,0.2807,0.298
2022-04-04,0.3148,0.282,0.2966
2022-04-05,0.3199,0.284,0.2956
2022-04-06,0.3179,0.2828,0.2935
2022-04-07,0.3844,0.2946,0.2925
2022-04-08,0.3865,0.3449,0.2897
2022-04-09,0.3912,0.3598,0.2888
2022-04-10,0.3658,0.3573,0.288
2022-04-11,0.3523,0.3522,0.2891
2022-04-12,0.3456,0.3498,0.289
2022-04-13,0.3312,0.3367,0.2855
2022-04-14,0.3107,0.3192,0.2874
2022-04-15,0.3046,0.3141,0.288
2022-04-16,0.298,0.3101,0.287
2022-04-17,0.284,0.2995,0.2725
2022-04-18,0.2756,0.2935,0.2755
2022-04-19,0.2647,0.2859,0.2755
2022-04-20,0.2586,0.278,0.2744
2022-04-21,0.2803,0.2725,0.2745
2022-04-22,0.2745,0.2685,0.2725
2022-04-23,0.3208,0.2696,0.2705
2022-04-24,0.3652,0.3027,0.27
2022-04-25,0.3761,0.3222,0.2721
2022-04-26,0.3599,0.3333,0.274
2022-04-27,0.3428,0.3337,0.274
2022-04-28,0.3271,0.3293,0.271
2022-04-29,0.3016,0.3155,0.268
2022-04-30,0.2865,0.3021,0.2655
2022-05-01,0.2814,0.299,0.2667
2022-05-02,0.2852,0.3003,0.269
2022-05-03,0.3012,0.2982,0.268
2022-05-04,0.3664,0.3098,0.268
2022-05-05,0.4097,0.3626,0.2713
2022-05-06,0.3921,0.386,0.2757
2022-05-07,0.3735,0.3748,0.2791
2022-05-08,0.3581,0.3629,0.2802
2022-05-09,0.3643,0.3565,0.2813
2022-05-10,0.3377,0.3433,0.2814
2022-05-11,0.317,0.3307,0.281
2022-05-12,0.3018,0.3192,0.2796
2022-05-13,0.2919,0.3111,0.2796
2022-05-14,0.2826,0.3026,0.2795
2022-05-15,0.279,0.2997,0.2806
2022-05-16,0.286,0.2957,0.2802
2022-05-17,0.266,0.284,0.2757
2022-05-18,0.2585,0.2803,0.275
2022-05-19,0.2555,0.2774,0.2755
2022-05-20,0.2455,0.2724,0.2735
2022-05-21,0.2402,0.2708,0.2722
2022-05-22,0.2325,0.2657,0.2716
2022-05-23,0.2334,0.263,0.2717
2022-05-24,0.3649,0.295,0.2695
2022-05-25,0.3401,0.3082,0.27
2022-05-26,0.3195,0.3063,0.2696
2022-05-27,0.3049,0.3022,0.2697
2022-05-28,0.2936,0.2972,0.2695
2022-05-29,0.2812,0.2917,0.2685
2022-05-30,0.2747,0.2883,0.2735
2022-05-31,0.2837,0.2883,0.276
2022-06-01,0.3074,0.2884,0.2765
2022-06-02,0.301,0.2876,0.2759
2022-06-03,0.3035,0.2858,0.2761
2022-06-04,0.2944,0.282,0.2765
2022-06-05,0.2642,0.2737,0.2707
2022-06-06,0.2768,0.2701,0.2697
2022-06-07,0.2655,0.2656,0.2668
2022-06-08,0.2653,0.262,0.2681
2022-06-09,0.3268,0.2642,0.268
2022-06-10,0.2993,0.2641,0.2665
2022-06-11,0.2765,0.2604,0.264
2022-06-12,0.263,0.2571,0.2653
2022-06-13,0.255,0.254,0.2609
2022-06-14,0.2424,0.2485,0.256
2022-06-15,0.2442,0.2501,0.2595
2022-06-16,0.2439,0.2508,0.2634
2022-06-17,0.23,0.2451,0.2598
2022-06-18,0.2185,0.24,0.2579
2022-06-19,0.1997,0.2322,0.2485
2022-06-20,0.1863,0.2235,0.244
2022-06-21,0.1835,0.219,0.2435
2022-06-22,0.2468,0.2222,0.247
2022-06-23,0.3643,0.2577,0.246
2022-06-24,0.3772,0.2849,0.2445
2022-06-25,0.3469,0.3083,0.2446
2022-06-26,0.3409,0.3035,0.2415
2022-06-27,0.3064,0.2961,0.241
2022-06-28,0.3356,0.2972,0.2392
2022-06-29,0.3082,0.2928,0.2376
2022-06-30,0.2989,0.2858,0.2374
2022-07-01,0.379,0.3076,0.238
2022-07-02,0.3342,0.3113,0.2365
2022-07-03,0.3034,0.3022,0.2362
2022-07-04,0.2797,0.2875,0.2317
2022-07-05,0.3576,0.3016,0.232
2022-07-06,0.3184,0.299,0.2305
2022-07-07,0.2947,0.292,0.2302
2022-07-08,0.277,0.2845,0.2287
2022-07-09,0.2655,0.2787,0.2294
2022-07-10,0.2517,0.2714,0.2286
2022-07-11,0.2434,0.2665,0.2295
2022-07-12,0.2371,0.2625,0.2299
2022-07-13,0.2333,0.2605,0.232
2022-07-14,0.2277,0.2571,0.233
2022-07-15,0.2145,0.2487,0.2305
2022-07-16,0.2052,0.2424,0.2296
2022-07-17,0.1946,0.2355,0.228
2022-07-18,0.1988,0.237,0.2301
2022-07-19,0.1959,0.2355,0.232
2022-07-20,0.1996,0.2391,0.2335
2022-07-21,0.1958,0.2405,0.235
2022-07-22,0.1909,0.2362,0.2351
2022-07-23,0.1954,0.231,0.236
2022-07-24,0.2064,0.223,0.2327
2022-07-25,0.1955,0.2144,0.2294
2022-07-26,0.1945,0.2062,0.2287
2022-07-27,0.1871,0.203,0.228
2022-07-28,0.1834,0.2057,0.2265
2022-07-29,0.1955,0.2036,0.223
2022-07-30,0.2107,0.2015,0.2231
2022-07-31,0.1972,0.1955,0.2211
2022-08-01,0.1865,0.1911,0.2187
2022-08-02,0.1751,0.1855,0.2172
2022-08-03,0.1704,0.1834,0.2142
2022-08-04,0.1702,0.183,0.215
2022-08-05,0.2333,0.1815,0.216
2022-08-06,0.2312,0.19,0.2255
2022-08-07,0.222,0.1907,0.2236
2022-08-08,0.2101,0.1919,0.2219
2022-08-09,0.1987,0.19,0.2185
2022-08-10,0.1927,0.1905,0.2184
2022-08-11,0.1983,0.1983,0.224
2022-08-12,0.1893,0.1956,0.2264
2022-08-13,0.1836,0.194,0.2241
2022-08-14,0.3205,0.2065,0.219
2022-08-15,0.3387,0.2551,0.2186
2022-08-16,0.3034,0.2568,0.2135
2022-08-17,0.2963,0.2515,0.2095
2022-08-18,0.3,0.25,0.209
2022-08-19,0.3605,0.2633,0.209
2022-08-20,0.3186,0.268,0.208
2022-08-21,0.2918,0.265,0.2079
2022-08-22,0.2724,0.2601,0.206
2022-08-23,0.2547,0.2537,0.2045
2022-08-24,0.2458,0.2506,0.2042
2022-08-25,0.2467,0.2523,0.2062
2022-08-26,0.2482,0.2498,0.2065
2022-08-27,0.2492,0.2455,0.206
2022-08-28,0.2457,0.2442,0.206
2022-08-29,0.2407,0.244,0.2065
2022-08-30,0.239,0.239,0.206
2022-08-31,0.3584,0.2852,0.2055
2022-09-01,0.3184,0.286,0.2045
2022-09-02,0.3029,0.2818,0.2045
2022-09-03,0.3568,0.2891,0.2053
2022-09-04,0.3235,0.2904,0.2082
2022-09-05,0.3041,0.2874,0.209
2022-09-06,0.2901,0.2848,0.21
2022-09-07,0.2992,0.2807,0.21
2022-09-08,0.3599,0.2885,0.21
2022-09-09,0.3152,0.283,0.208
2022-09-10,0.2975,0.2801,0.2085
2022-09-11,0.2801,0.2746,0.2085
2022-09-12,0.2681,0.27,0.208
2022-09-13,0.2639,0.2658,0.2075
2022-09-14,0.2867,0.2651,0.2105
2022-09-15,0.3756,0.3205,0.2111
2022-09-16,0.3406,0.3204,0.211
2022-09-17,0.3225,0.3147,0.211
2022-09-18,0.3101,0.3088,0.211
2022-09-19,0.2986,0.3022,0.2114
2022-09-20,0.2897,0.2963,0.2118
2022-09-21,0.2783,0.288,0.2107
2022-09-22,0.2689,0.2807,0.2105
2022-09-23,0.2714,0.283,0.2122
2022-09-24,0.3947,0.3243,0.2136
2022-09-25,0.4158,0.4025,0.2196
2022-09-26,0.3922,0.3882,0.2275
2022-09-27,0.4104,0.3896,0.2328
2022-09-28,0.4199,0.4007,0.2402
2022-09-29,0.4126,0.409,0.2579
2022-09-30,0.4047,0.3979,0.2666
2022-10-01,0.408,0.3981,0.2735
2022-10-02,0.3975,0.3918,0.2788
2022-10-03,0.3765,0.3779,0.2824
2022-10-04,0.3654,0.3688,0.2848
2022-10-05,0.3527,0.3585,0.2852
2022-10-06,0.3412,0.348,0.285
2022-10-07,0.3357,0.3428,0.286
2022-10-08,0.36,0.3417,0.2863
2022-10-09,0.372,0.3496,0.287
2022-10-10,0.3717,0.356,0.2872
2022-10-11,0.3591,0.3549,0.2889
2022-10-12,0.3531,0.3502,0.2895
2022-10-13,0.3422,0.3447,0.29
2022-10-14,0.3385,0.3408,0.2909
2022-10-15,0.3265,0.3331,0.2904
2022-10-16,0.32,0.3285,0.2901
2022-10-17,0.3138,0.3232,0.2895
2022-10-18,0.3317,0.3265,0.2888
2022-10-19,0.3194,0.3283,0.2878
2022-10-20,0.3312,0.3253,0.2875
2022-10-21,0.3535,0.332,0.2891
2022-10-22,0.4116,0.3844,0.2916
2022-10-23,0.3935,0.3931,0.2975
2022-10-24,0.3956,0.3968,0.3025
2022-10-25,0.4005,0.4057,0.3113
2022-10-26,0.3826,0.3902,0.3158
2022-10-27,0.3704,0.3782,0.318
2022-10-28,0.3647,0.3721,0.32
2022-10-29,0.3557,0.3645,0.321
2022-10-30,0.3497,0.3585,0.322
2022-10-31,0.3422,0.3526,0.3223
2022-11-01,0.3901,0.3773,0.321
2022-11-02,0.3916,0.3927,0.3249
2022-11-03,0.4073,0.3995,0.3293
2022-11-04,0.4202,0.4202,0.3433
2022-11-05,0.4037,0.4076,0.3513
2022-11-06,0.3876,0.3969,0.3551
2022-11-07,0.3761,0.3884,0.357
2022-11-08,0.3725,0.3818,0.358
2022-11-09,0.3917,0.3897,0.3584
2022-11-10,0.411,0.418,0.3687
2022-11-11,0.3927,0.4046,0.3737
2022-11-12,0.3795,0.3921,0.3747
2022-11-13,0.3781,0.3873,0.375
2022-11-14,0.3745,0.3829,0.3747
2022-11-15,0.4088,0.4007,0.3758
2022-11-16,0.413,0.4135,0.3804
2022-11-17,0.4135,0.414,0.3863
2022-11-18,0.4218,0.4251,0.3945
2022-11-19,0.402,0.4106,0.3985
2022-11-20,0.4068,0.4076,0.3995
2022-11-21,0.4121,0.4085,0.399
2022-11-22,0.4172,0.4238,0.403
2022-11-23,0.4105,0.4165,0.4073
2022-11-24,0.4041,0.4111,0.405
2022-11-25,0.4078,0.4079,0.4025
2022-11-26,0.3982,0.4018,0.4049
2022-11-27,0.3925,0.3991,0.4037
2022-11-28,0.4053,0.3998,0.4024
2022-11-29,0.4145,0.4087,0.4016
2022-11-30,0.4053,0.4089,0.401
2023-04-01,0.4255,0.4167,0.3938
2023-04-02,0.4128,0.4168,0.397
2023-04-03,0.3985,0.4063,0.3995
2023-04-04,0.3833,0.395,0.3975
2023-04-05,0.3713,0.3845,0.3951
2023-04-06,0.367,0.3783,0.3949
2023-04-07,0.3482,0.3557,0.3883
2023-04-08,0.3499,0.351,0.3853
2023-04-09,0.3374,0.3417,0.3807
2023-04-10,0.3292,0.3355,0.3776
2023-04-11,0.3368,0.3389,0.3813
2023-04-12,0.3468,0.3354,0.3764
2023-04-13,0.3928,0.3539,0.372
2023-04-14,0.3826,0.3612,0.3684
2023-04-15,0.4266,0.4021,0.3697
2023-04-16,0.4102,0.4162,0.3811
2023-04-17,0.395,0.4038,0.3837
2023-04-18,0.3913,0.396,0.388
2023-04-19,0.3832,0.3921,0.389
2023-04-20,0.406,0.4002,0.3942
2023-04-21,0.4081,0.4137,0.3992
2023-04-22,0.3875,0.4042,0.401
2023-04-23,0.3948,0.3954,0.4
2023-04-24,0.4065,0.3969,0.3995
2023-04-25,0.3802,0.3898,0.4001
2023-04-26,0.3689,0.3832,0.3973
2023-04-27,0.364,0.3778,0.39
2023-04-28,0.3604,0.3757,0.3929
2023-04-29,0.3807,0.3686,0.387
2023-04-30,0.364,0.363,0.3855
2023-05-01,0.3723,0.3646,0.386
2023-05-02,0.3803,0.373,0.3848
2023-05-03,0.3605,0.3682,0.3851
2023-05-04,0.3436,0.358,0.3846
2023-05-05,0.3354,0.3513,0.382
2023-05-06,0.3223,0.3392,0.3759
2023-05-07,0.336,0.3373,0.377
2023-05-08,0.3642,0.3458,0.3785
2023-05-09,0.3787,0.3524,0.3763
2023-05-10,0.4063,0.3937,0.376
2023-05-11,0.3813,0.3874,0.3735
2023-05-12,0.3848,0.3818,0.3705
2023-05-13,0.4138,0.4024,0.3711
2023-05-14,0.4033,0.4004,0.3724
2023-05-15,0.3919,0.3918,0.3713
2023-05-16,0.4005,0.3883,0.3714
2023-05-17,0.4066,0.3955,0.3717
2023-05-18,0.4118,0.4032,0.3731
2023-05-19,0.4112,0.4052,0.375
2023-05-20,0.4093,0.406,0.3765
2023-05-21,0.396,0.3984,0.377
2023-05-22,0.3791,0.3868,0.3765
2023-05-23,0.3822,0.3795,0.3745
2023-05-24,0.3916,0.3842,0.3735
2023-05-25,0.4024,0.3856,0.3725
2023-05-26,0.3837,0.3865,0.3715
2023-05-27,0.3642,0.3711,0.3676
2023-05-28,0.3952,0.3718,0.3645
2023-05-29,0.3805,0.3761,0.3605
2023-05-30,0.3723,0.3736,0.36
2023-05-31,0.3847,0.3736,0.359
2023-06-01,0.3871,0.3876,0.3589
2023-06-02,0.3787,0.3782,0.3585
2023-06-03,0.3842,0.3713,0.3586
2023-06-04,0.4022,0.398,0.3618
2023-06-05,0.3878,0.3966,0.3655
2023-06-06,0.3753,0.3858,0.366
2023-06-07,0.3624,0.374,0.364
2023-06-08,0.3587,0.3656,0.3615
2023-06-09,0.3561,0.362,0.3614
2023-06-10,0.3522,0.3593,0.3602
2023-06-11,0.3757,0.3564,0.3581
2023-06-12,0.37,0.3563,0.356
2023-06-13,0.3949,0.3753,0.355
2023-06-14,0.3867,0.3875,0.3555
2023-06-15,0.3698,0.378,0.3527
2023-06-16,0.3433,0.3625,0.3505
2023-06-17,0.3285,0.3518,0.344
2023-06-18,0.324,0.345,0.3429
2023-06-19,0.3047,0.3188,0.3392
2023-06-20,0.2819,0.2996,0.3335
2023-06-21,0.2787,0.2935,0.3298
2023-06-22,0.3028,0.2916,0.3255
2023-06-23,0.3545,0.2952,0.3231
2023-06-24,0.3209,0.297,0.3211
2023-06-25,0.2959,0.2914,0.3181
2023-06-26,0.2729,0.2826,0.3109
2023-06-27,0.2585,0.2782,0.2999
2023-06-28,0.2514,0.2759,0.2925
2023-06-29,0.2774,0.2717,0.29
2023-06-30,0.4092,0.3433,0.2887
2023-07-01,0.3695,0.3627,0.2887
2023-07-02,0.3472,0.352,0.2877
2023-07-03,0.3388,0.346,0.2922
2023-07-04,0.321,0.3347,0.2906
2023-07-05,0.3022,0.3204,0.2845
2023-07-06,0.2841,0.3079,0.2833
2023-07-07,0.2756,0.3015,0.2821
2023-07-08,0.2571,0.2912,0.2811
2023-07-09,0.2496,0.2863,0.281
2023-07-10,0.2332,0.2736,0.2735
2023-07-11,0.2252,0.2655,0.2695
2023-07-12,0.2362,0.2617,0.2711
2023-07-13,0.2706,0.2563,0.2763
2023-07-14,0.258,0.2533,0.2752
2023-07-15,0.2383,0.2464,0.2724
2023-07-16,0.2247,0.2405,0.2709
2023-07-17,0.2156,0.236,0.2687
2023-07-18,0.207,0.232,0.265
2023-07-19,0.2018,0.2277,0.2639
2023-07-20,0.1925,0.2231,0.2616
2023-07-21,0.1925,0.2235,0.2645
2023-07-22,0.1872,0.2205,0.2623
2023-07-23,0.1839,0.2184,0.2629
2023-07-24,0.1934,0.2125,0.2599
2023-07-25,0.2297,0.2166,0.2652
2023-07-26,0.2385,0.2156,0.2636
2023-07-27,0.2252,0.2129,0.2625
2023-07-28,0.214,0.2097,0.256
2023-07-29,0.2182,0.2083,0.2531
2023-07-30,0.2075,0.2082,0.2553
2023-07-31,0.2,0.2055,0.2536
2023-08-01,0.1913,0.2028,0.252
2023-08-02,0.1853,0.1986,0.2486
2023-08-03,0.1835,0.1961,0.2441
2023-08-04,0.1909,0.1953,0.242
2023-08-05,0.2164,0.1945,0.2412
2023-08-06,0.2037,0.1925,0.2406
2023-08-07,0.1866,0.1915,0.2415
2023-08-08,0.1798,0.1902,0.242
2023-08-09,0.1737,0.189,0.2429
2023-08-10,0.1656,0.1865,0.2401
2023-08-11,0.1675,0.1871,0.24
2023-08-12,0.1695,0.188,0.24
2023-08-13,0.1616,0.1905,0.237
2023-08-14,0.1537,0.188,0.2325
2023-08-15,0.156,0.1866,0.2313
2023-08-16,0.1554,0.187,0.2296
2023-08-17,0.1583,0.1906,0.2324
2023-08-18,0.1591,0.1916,0.2335
2023-08-19,0.1626,0.1928,0.2346
2023-08-20,0.1607,0.1902,0.2325
2023-08-21,0.1506,0.185,0.229
2023-08-22,0.1487,0.1835,0.2285
2023-08-23,0.1553,0.1839,0.2292
2023-08-24,0.1475,0.183,0.2276
2023-08-25,0.144,0.18,0.2231
2023-08-26,0.3925,0.2637,0.224
2023-08-27,0.4247,0.391,0.2298
2023-08-28,0.4319,0.4229,0.2521
2023-08-29,0.3991,0.3992,0.2649
2023-08-30,0.3753,0.3807,0.2688
2023-08-31,0.3562,0.364,0.2688
2023-09-01,0.3398,0.3502,0.2675
2023-09-02,0.3292,0.3405,0.2664
2023-09-03,0.3181,0.3309,0.266
2023-09-04,0.3068,0.3218,0.2655
2023-09-05,0.2969,0.3138,0.2646
2023-09-06,0.2822,0.3033,0.2621
2023-09-07,0.2742,0.2961,0.2614
2023-09-08,0.2657,0.2895,0.2601
2023-09-09,0.2537,0.2805,0.259
2023-09-10,0.2477,0.2747,0.258
2023-09-11,0.2447,0.2705,0.257
2023-09-12,0.2412,0.2662,0.2565
2023-09-13,0.2914,0.266,0.257
2023-09-14,0.3343,0.2786,0.258
2023-09-15,0.3539,0.2934,0.259
2023-09-16,0.3307,0.2939,0.258
2023-09-17,0.3171,0.2922,0.257
2023-09-18,0.3609,0.2992,0.2582
2023-09-19,0.3437,0.3078,0.259
2023-09-20,0.3277,0.309,0.2595
2023-09-21,0.3275,0.3075,0.2585
2023-09-22,0.401,0.3574,0.2585
2023-09-23,0.3852,0.3731,0.2608
2023-09-24,0.3635,0.3645,0.263
2023-09-25,0.351,0.3555,0.2654
2023-09-26,0.3468,0.3508,0.2678
2023-09-27,0.3385,0.344,0.2684
2023-09-28,0.3353,0.3405,0.2697
2023-09-29,0.3257,0.3322,0.2705
2023-09-30,0.3136,0.3232,0.2697
2023-10-01,0.3064,0.3171,0.2695
2023-10-02,0.2966,0.3095,0.267
2023-10-03,0.2772,0.295,0.2625
2023-10-04,0.2665,0.2869,0.261
2023-10-05,0.2664,0.2839,0.261
2023-10-06,0.2656,0.2821,0.262
2023-10-07,0.2573,0.2745,0.2615
2023-10-08,0.2499,0.269,0.2606
2023-10-09,0.2496,0.2683,0.261
2023-10-10,0.2576,0.2745,0.2635
2023-10-11,0.2511,0.2695,0.2621
2023-10-12,0.2453,0.2652,0.2615
2023-10-13,0.2361,0.258,0.259
2023-10-14,0.2449,0.2532,0.257
2023-10-15,0.258,0.2525,0.257
2023-10-16,0.258,0.2575,0.2595
2023-10-17,0.2579,0.261,0.261
2023-10-18,0.2796,0.2666,0.263
2023-10-19,0.3291,0.2706,0.2641
2023-10-20,0.4151,0.3523,0.2653
2023-10-21,0.4023,0.3919,0.2716
2023-10-22,0.3837,0.3819,0.2764
2023-10-23,0.372,0.3734,0.28
2023-10-24,0.409,0.3942,0.2828
2023-10-25,0.4075,0.4007,0.2889
2023-10-26,0.4289,0.4207,0.2995
2023-10-27,0.4216,0.4227,0.3245
2023-10-28,0.3997,0.4041,0.3318
2023-10-29,0.3789,0.389,0.3347
2023-10-30,0.4038,0.4027,0.3404
2023-10-31,0.4162,0.419,0.3526
2023-11-01,0.4026,0.4056,0.3584
2023-11-02,0.4197,0.4193,0.3678
2023-11-03,0.4253,0.4272,0.3905
2023-11-04,0.4196,0.4187,0.3947
2023-11-05,0.415,0.4247,0.4047
2023-11-06,0.4087,0.4188,0.4087
2023-11-07,0.4026,0.41,0.4083
2023-11-08,0.3877,0.4005,0.4066
2023-11-09,0.3987,0.398,0.4046
2023-11-10,0.422,0.4177,0.4047
2023-11-11,0.4031,0.4117,0.4059
2023-11-12,0.4138,0.4099,0.4051
2023-11-13,0.4162,0.4181,0.4084
2023-11-14,0.4089,0.413,0.4086
2023-11-15,0.4089,0.421,0.4105
2023-11-16,0.3974,0.409,0.4102
2023-11-17,0.3997,0.403,0.4095
2023-11-18,0.3833,0.3932,0.4084
2023-11-19,0.3773,0.3874,0.4064
2023-11-20,0.3682,0.3769,0.4013
2023-11-21,0.3661,0.3704,0.3947
2023-11-22,0.362,0.3653,0.3949
2023-11-23,0.3543,0.3609,0.3913
2023-11-24,0.3483,0.3562,0.3896
2023-11-25,0.3485,0.3525,0.3897
2023-11-26,0.3443,0.3503,0.3881
2023-11-27,0.3457,0.3501,0.3856
2023-11-28,0.3873,0.3577,0.3834
2023-11-29,0.3723,0.3658,0.383
2023-11-30,0.4165,0.3937,0.379
2024-04-01,0.4265,0.4278,0.3841
2024-04-02,0.4115,0.4145,0.3913
2024-04-03,0.4082,0.4084,0.3933
2024-04-04,0.3984,0.4027,0.395
2024-04-05,0.4006,0.4058,0.3986
2024-04-06,0.3951,0.4005,0.4
2024-04-07,0.3842,0.3952,0.3977
2024-04-08,0.3796,0.398,0.4002
2024-04-09,0.4004,0.4018,0.4
2024-04-10,0.4108,0.4066,0.3989
2024-04-11,0.4043,0.4029,0.3995
2024-04-12,0.3999,0.3974,0.3998
2024-04-13,0.4007,0.3976,0.3995
2024-04-14,0.3982,0.3918,0.4005
2024-04-15,0.3842,0.3866,0.3998
2024-04-16,0.358,0.3724,0.3962
2024-04-17,0.3714,0.3694,0.3958
2024-04-18,0.3719,0.3687,0.3938
2024-04-19,0.3629,0.3676,0.3903
2024-04-20,0.3618,0.3599,0.3847
2024-04-21,0.358,0.3574,0.3826
2024-04-22,0.3555,0.3571,0.3828
2024-04-23,0.3532,0.3565,0.3834
2024-04-24,0.3485,0.3533,0.3821
2024-04-25,0.341,0.3478,0.3796
2024-04-26,0.3443,0.3424,0.3776
2024-04-27,0.3538,0.3455,0.3754
2024-04-28,0.3871,0.3516,0.3745
2024-04-29,0.3929,0.3683,0.3744
2024-04-30,0.3611,0.3649,0.3694
2024-05-01,0.3492,0.3552,0.367
2024-05-02,0.4267,0.4045,0.3675
2024-05-03,0.411,0.419,0.3778
2024-05-04,0.3897,0.4024,0.381
2024-05-05,0.3977,0.3981,0.3829
2024-05-06,0.4183,0.4126,0.383
2024-05-07,0.4147,0.4141,0.3885
2024-05-08,0.3935,0.4026,0.39
2024-05-09,0.3822,0.3931,0.3888
2024-05-10,0.3615,0.374,0.3873
2024-05-11,0.3487,0.3646,0.3842
2024-05-12,0.3298,0.3448,0.3801
2024-05-13,0.3141,0.3315,0.3754
2024-05-14,0.3274,0.326,0.3787
2024-05-15,0.4128,0.3762,0.3775
2024-05-16,0.4211,0.4225,0.3826
2024-05-17,0.397,0.4114,0.3887
2024-05-18,0.3784,0.3933,0.387
2024-05-19,0.3712,0.3796,0.3832
2024-05-20,0.381,0.3725,0.3758
2024-05-21,0.3773,0.3705,0.3729
2024-05-22,0.3778,0.3715,0.3713
2024-05-23,0.3954,0.3701,0.3677
2024-05-24,0.3773,0.3703,0.365
2024-05-25,0.3642,0.3658,0.3614
2024-05-26,0.345,0.3567,0.3581
2024-05-27,0.3789,0.3527,0.3526
2024-05-28,0.39,0.3878,0.353
2024-05-29,0.3711,0.3804,0.353
2024-05-30,0.3954,0.3773,0.3517
2024-05-31,0.4059,0.395,0.354
2024-06-01,0.3895,0.3913,0.355
2024-06-02,0.3822,0.3845,0.3558
2024-06-03,0.3809,0.38,0.356
2024-06-04,0.3863,0.3774,0.3555
2024-06-05,0.3787,0.3802,0.3545
2024-06-06,0.3615,0.3717,0.353
2024-06-07,0.3571,0.3638,0.3516
2024-06-08,0.366,0.3615,0.3505
2024-06-09,0.3781,0.3646,0.35
2024-06-10,0.4027,0.4001,0.352
2024-06-11,0.383,0.391,0.354
2024-06-12,0.3708,0.3823,0.3547
2024-06-13,0.361,0.3735,0.3532
2024-06-14,0.3887,0.3724,0.3501
2024-06-15,0.4081,0.3889,0.3491
2024-06-16,0.3843,0.39,0.35
2024-06-17,0.3639,0.3778,0.3498
2024-06-18,0.348,0.3667,0.3481
2024-06-19,0.3315,0.353,0.3455
2024-06-20,0.3726,0.3599,0.343
2024-06-21,0.4147,0.4018,0.3427
2024-06-22,0.3977,0.3989,0.3443
2024-06-23,0.3965,0.3924,0.3458
2024-06-24,0.3733,0.3803,0.3446
2024-06-25,0.3808,0.3709,0.3436
2024-06-26,0.3819,0.3742,0.3431
2024-06-27,0.3583,0.3642,0.341
2024-06-28,0.3442,0.3565,0.34
2024-06-29,0.3488,0.3482,0.3372
2024-06-30,0.3873,0.3628,0.3384
2024-07-01,0.364,0.3609,0.3378
2024-07-02,0.3436,0.352,0.3361
2024-07-03,0.3291,0.343,0.3345
2024-07-04,0.3144,0.3362,0.3331
2024-07-05,0.298,0.3251,0.3283
2024-07-06,0.3333,0.326,0.3269
2024-07-07,0.4017,0.3884,0.3272
2024-07-08,0.3695,0.3783,0.3267
2024-07-09,0.3463,0.3629,0.3258
2024-07-10,0.3278,0.3491,0.3231
2024-07-11,0.3113,0.3389,0.3208
2024-07-12,0.3446,0.3322,0.3205
2024-07-13,0.3699,0.3525,0.3197
2024-07-14,0.3462,0.3482,0.3195
2024-07-15,0.329,0.3401,0.3182
2024-07-16,0.3203,0.332,0.3165
2024-07-17,0.309,0.3235,0.3149
2024-07-18,0.2939,0.3124,0.3112
2024-07-19,0.2792,0.3012,0.3066
2024-07-20,0.2675,0.2946,0.3037
2024-07-21,0.3068,0.292,0.302
2024-07-22,0.3659,0.3356,0.303
2024-07-23,0.3403,0.3344,0.3025
2024-07-24,0.3197,0.3257,0.2996
2024-07-25,0.3034,0.3167,0.2975
2024-07-26,0.2899,0.3082,0.2963
2024-07-27,0.2769,0.3009,0.2963
2024-07-28,0.2656,0.2928,0.2941
2024-07-29,0.2579,0.2866,0.293
2024-07-30,0.2523,0.2822,0.2925
2024-07-31,0.2446,0.2771,0.2937
2024-08-01,0.2349,0.2712,0.294
2024-08-02,0.2265,0.2632,0.291
2024-08-03,0.224,0.2577,0.2882
2024-08-04,0.2172,0.2532,0.2857
2024-08-05,0.2123,0.2496,0.2846
2024-08-06,0.2072,0.2458,0.2825
2024-08-07,0.2061,0.2405,0.2791
2024-08-08,0.2152,0.2392,0.2765
2024-08-09,0.2064,0.2337,0.2738
2024-08-10,0.1974,0.2283,0.2719
2024-08-11,0.1926,0.2291,0.2734
2024-08-12,0.1852,0.2257,0.2729
2024-08-13,0.1818,0.2215,0.271
2024-08-14,0.2026,0.2188,0.27
2024-08-15,0.2319,0.2203,0.273
2024-08-16,0.2555,0.2192,0.2701
2024-08-17,0.3141,0.2225,0.269
2024-08-18,0.3725,0.2636,0.269
2024-08-19,0.3438,0.2806,0.269
2024-08-20,0.3194,0.2844,0.2681
2024-08-21,0.301,0.2828,0.268
2024-08-22,0.2855,0.279,0.2623
2024-08-23,0.2712,0.2745,0.2565
2024-08-24,0.2608,0.271,0.2593
2024-08-25,0.2929,0.2685,0.2557
2024-08-26,0.3083,0.2724,0.2585
2024-08-27,0.2921,0.2716,0.259
2024-08-28,0.2744,0.2656,0.2544
2024-08-29,0.2602,0.2595,0.2477
2024-08-30,0.252,0.2565,0.2463
2024-08-31,0.2418,0.2527,0.246
2024-09-01,0.2364,0.2495,0.247
2024-09-02,0.2707,0.2479,0.248
2024-09-03,0.2665,0.2463,0.2485
2024-09-04,0.3447,0.2525,0.2483
2024-09-05,0.3841,0.2858,0.25
2024-09-06,0.34,0.2974,0.2501
2024-09-07,0.3127,0.2951,0.2481
2024-09-08,0.3977,0.32,0.2492
2024-09-09,0.4128,0.3992,0.254
2024-09-10,0.387,0.3866,0.2599
2024-09-11,0.3779,0.3728,0.263
2024-09-12,0.3853,0.3707,0.2656
2024-09-13,0.387,0.3667,0.2682
2024-09-14,0.3693,0.3647,0.2703
2024-09-15,0.3512,0.3533,0.2718
2024-09-16,0.3417,0.3458,0.2729
2024-09-17,0.3362,0.34,0.273
2024-09-18,0.3314,0.3367,0.2747
2024-09-19,0.3267,0.3313,0.2747
2024-09-20,0.327,0.3268,0.2745
2024-09-21,0.3193,0.3223,0.2745
2024-09-22,0.3207,0.3164,0.2732
2024-09-23,0.3862,0.3408,0.2737
2024-09-24,0.379,0.3655,0.2752
2024-09-25,0.368,0.3626,0.2767
2024-09-26,0.3853,0.3628,0.2777
2024-09-27,0.3819,0.3637,0.2795
2024-09-28,0.3846,0.3671,0.281
2024-09-29,0.3696,0.3655,0.2827
2024-09-30,0.3737,0.3614,0.2841
2024-10-01,0.3642,0.3573,0.2843
2024-10-02,0.3937,0.3667,0.2845
2024-10-03,0.3735,0.3678,0.2865
2024-10-04,0.3596,0.3545,0.2858
2024-10-05,0.3514,0.3493,0.286
2024-10-06,0.347,0.3417,0.2841
2024-10-07,0.3445,0.332,0.2777
2024-10-08,0.4111,0.3834,0.2737
2024-10-09,0.4038,0.4015,0.2807
2024-10-10,0.4176,0.4164,0.2904
2024-10-11,0.3923,0.3962,0.2979
2024-10-12,0.3799,0.3842,0.3022
2024-10-13,0.3733,0.3741,0.3031
2024-10-14,0.3742,0.3709,0.3081
2024-10-15,0.3665,0.3655,0.3073
2024-10-16,0.3823,0.3602,0.304
2024-10-17,0.3847,0.3633,0.2994
2024-10-18,0.3819,0.3698,0.2976
2024-10-19,0.3905,0.385,0.2976
2024-10-20,0.3727,0.3768,0.2982
2024-10-21,0.3637,0.3681,0.3033
2024-10-22,0.3582,0.3628,0.305
2024-10-23,0.3553,0.3587,0.304
2024-10-24,0.3473,0.3521,0.2997
2024-10-25,0.3348,0.3439,0.2981
2024-10-26,0.3633,0.3415,0.2942
2024-10-27,0.3927,0.3799,0.2935
2024-10-28,0.3775,0.3761,0.2956
2024-10-29,0.3631,0.3667,0.296
2024-10-30,0.3514,0.3566,0.2964
2024-10-31,0.3444,0.35,0.2955
2024-11-01,0.3392,0.3445,0.2965
2024-11-02,0.3341,0.339,0.2984
2024-11-03,0.3373,0.3401,0.3008
2024-11-04,0.3442,0.3456,0.2952
2024-11-05,0.3408,0.3438,0.2897
2024-11-06,0.3431,0.3393,0.2888
2024-11-07,0.3356,0.3344,0.2885
2024-11-08,0.3291,0.3302,0.2881
2024-11-09,0.3264,0.3267,0.288
2024-11-10,0.3228,0.323,0.288
2024-11-11,0.3189,0.3188,0.288
2024-11-12,0.3336,0.3011,0.3018
2024-11-13,0.3175,0.2762,0.3092
2024-11-14,0.2939,0.2673,0.2982
2024-11-15,0.2905,0.2699,0.2988
2024-11-16,0.2833,0.2703,0.2988
2024-11-17,0.2812,0.2713,0.298
2024-11-18,0.2725,0.2686,0.297
2024-11-19,0.281,0.2756,0.2985
2024-11-20,0.3836,0.317,0.3038
2024-11-21,0.3654,0.3252,0.3045
2024-11-22,0.387,0.3554,0.3063
2024-11-23,0.3617,0.354,0.3058
2024-11-24,0.3353,0.347,0.3052
2024-11-25,0.3284,0.3472,0.3109
2024-11-26,0.3876,0.3503,0.3091
2024-11-27,0.3927,0.3767,0.307
2024-11-28,0.3744,0.3685,0.3076
2024-11-29,0.3638,0.3654,0.3087
2024-11-30,0.3634,0.365,0.3113
2025-04-01,0.3538,0.3672,0.3506
2025-04-02,0.3493,0.3582,0.348
2025-04-03,0.31,0.3486,0.3522
2025-04-04,0.2865,0.3307,0.335
2025-04-05,0.2524,0.313,0.3237
2025-04-06,0.2606,0.3298,0.3046
2025-04-07,0.2431,0.2977,0.2913
2025-04-08,0.2591,0.2993,0.273
2025-04-09,0.2378,0.2705,0.2581
2025-04-10,0.2115,0.255,0.2588
2025-04-11,0.2013,0.2478,0.2551
2025-04-12,0.1843,0.2164,0.248
2025-04-13,0.2338,0.219,0.2228
2025-04-14,0.3526,0.2318,0.2162
2025-04-15,0.3621,0.2497,0.213
2025-04-16,0.4263,0.3545,0.2207
2025-04-17,0.4279,0.4188,0.2373
2025-04-18,0.3936,0.4005,0.2555
2025-04-19,0.3727,0.3806,0.2604
2025-04-20,0.388,0.3849,0.2606
2025-04-21,0.38,0.3875,0.2689
2025-04-22,0.3612,0.3754,0.27
2025-04-23,0.3955,0.3887,0.2792
2025-04-24,0.4011,0.3992,0.2864
2025-04-25,0.3739,0.3874,0.2959
2025-04-26,0.3724,0.3695,0.3014
2025-04-27,0.3976,0.3788,0.3083
2025-04-28,0.3892,0.3845,0.3068
2025-04-29,0.3698,0.386,0.3132
2025-04-30,0.3365,0.3639,0.3045
2025-05-01,0.2981,0.3387,0.2974
2025-05-02,0.2683,0.3087,0.2865
2025-05-03,0.2685,0.3317,0.2916
2025-05-04,0.3573,0.334,0.3055
2025-05-05,0.4153,0.4155,0.3144
2025-05-06,0.385,0.3912,0.324
2025-05-07,0.3931,0.3858,0.3257
2025-05-08,0.3874,0.388,0.329
2025-05-09,0.3811,0.38,0.3295
2025-05-10,0.3573,0.3638,0.3256
2025-05-11,0.3411,0.3558,0.3245
2025-05-12,0.3611,0.3492,0.326
2025-05-13,0.346,0.3441,0.3264
2025-05-14,0.326,0.3405,0.3289
2025-05-15,0.2958,0.324,0.3266
2025-05-16,0.2745,0.3093,0.3155
2025-05-17,0.2556,0.2966,0.311
2025-05-18,0.2404,0.2855,0.3075
2025-05-19,0.2325,0.2782,0.3055
2025-05-20,0.2743,0.2791,0.3079
2025-05-21,0.2742,0.2782,0.3046
2025-05-22,0.3603,0.2821,0.303
2025-05-23,0.3354,0.2914,0.3008
2025-05-24,0.3019,0.2891,0.2972
2025-05-25,0.2746,0.2821,0.2926
2025-05-26,0.2744,0.2788,0.2842
2025-05-27,0.2485,0.2728,0.2825
2025-05-28,0.2319,0.2656,0.281
2025-05-29,0.2126,0.2549,0.2779
2025-05-30,0.1967,0.2457,0.2759
2025-05-31,0.1792,0.2348,0.2716
2025-06-01,0.1724,0.2294,0.2699
2025-06-02,0.2357,0.2292,0.2704
2025-06-03,0.2948,0.2361,0.2699
2025-06-04,0.3113,0.2292,0.2401
2025-06-05,0.3687,0.2752,0.241
2025-06-06,0.3035,0.2703,0.2377
2025-06-07,0.2925,0.266,0.229
2025-06-08,0.3222,0.268,0.2203
2025-06-09,0.2855,0.2643,0.2153
2025-06-10,0.2534,0.2564,0.2171
2025-06-11,0.2223,0.2453,0.2152
2025-06-12,0.201,0.2365,0.2117
2025-06-13,0.1808,0.2278,0.2128
2025-06-14,0.1721,0.2225,0.2172
2025-06-15,0.185,0.2254,0.2386
2025-06-16,0.1832,0.2208,0.2411
2025-06-17,0.1732,0.2135,0.2397
2025-06-18,0.162,0.2066,0.2366
2025-06-19,0.1535,0.2001,0.2345
2025-06-20,0.1639,0.2023,0.2354
2025-06-21,0.1628,0.2006,0.2308
2025-06-22,0.1526,0.1931,0.2269
2025-06-23,0.166,0.2063,0.2285
2025-06-24,0.1757,0.1917,0.216
2025-06-25,0.1586,0.1824,0.2139
2025-06-26,0.1354,0.1681,0.205
2025-06-27,0.124,0.1571,0.1975
2025-06-28,0.1265,0.157,0.1976
2025-06-29,0.1295,0.1575,0.197
2025-06-30,0.1265,0.157,0.1979
2025-07-01,0.1413,0.1716,0.2115
2025-07-02,0.1562,0.1895,0.2248
2025-07-03,0.1762,0.2133,0.239
2025-07-04,0.165,0.2071,0.2391
2025-07-05,0.151,0.1901,0.2327
2025-07-06,0.1509,0.1923,0.2323
2025-07-07,0.1627,0.1908,0.2298
2025-07-08,0.1692,0.1839,0.2281
2025-07-09,0.1508,0.1726,0.2263
2025-07-10,0.1379,0.1608,0.2255
2025-07-11,0.1394,0.1676,0.2262
2025-07-12,0.1482,0.1774,0.2265
2025-07-13,0.1762,0.1854,0.2278
2025-07-14,0.18,0.1895,0.229
2025-07-15,0.178,0.188,0.2267
2025-07-16,0.16,0.1837,0.2142
2025-07-17,0.137,0.1792,0.1966
2025-07-18,0.1296,0.1745,0.1943
2025-07-19,0.1956,0.1721,0.2133
2025-07-20,0.2749,0.1807,0.2305
2025-07-21,0.3691,0.2418,0.2393
2025-07-22,0.2783,0.2308,0.2348
2025-07-23,0.2642,0.226,0.2334
2025-07-24,0.2814,0.2292,0.2326
2025-07-25,0.2428,0.2205,0.2319
2025-07-26,0.237,0.2166,0.2317
2025-07-27,0.2378,0.2145,0.2286
2025-07-28,0.2553,0.2106,0.2321
2025-07-29,0.2482,0.2098,0.2318
2025-07-30,0.2173,0.2042,0.2301
2025-07-31,0.1957,0.1993,0.228
2025-08-01,0.1751,0.1936,0.2238
2025-08-02,0.1752,0.1865,0.215
2025-08-03,0.1548,0.1812,0.2078
2025-08-04,0.1549,0.1802,0.2087
2025-08-05,0.158,0.1811,0.2124
2025-08-06,0.1489,0.1769,0.2144
2025-08-07,0.1584,0.1793,0.2206
2025-08-08,0.158,0.1802,0.2199
2025-08-09,0.1601,0.1804,0.2204
2025-08-10,0.1525,0.1769,0.221
2025-08-11,0.146,0.1735,0.2195
2025-08-12,0.1402,0.17,0.2179
2025-08-13,0.1352,0.167,0.2159
2025-08-14,0.1535,0.18,0.2203
2025-08-15,0.1665,0.1792,0.2244
2025-08-16,0.1594,0.18,0.2229
2025-08-17,0.1472,0.1735,0.2177
2025-08-18,0.1345,0.1755,0.2134
2025-08-19,0.1545,0.173,0.228
2025-08-20,0.2662,0.1775,0.23
2025-08-21,0.3083,0.189,0.2309
2025-08-22,0.2995,0.1983,0.2229
2025-08-23,0.2565,0.1956,0.2162
2025-08-24,0.2093,0.185,0.2141
2025-08-25,0.1862,0.1805,0.2079
2025-08-26,0.1881,0.1864,0.204
2025-08-27,0.1783,0.1815,0.2042
2025-08-28,0.3087,0.2026,0.2195
2025-08-29,0.382,0.3188,0.218
2025-08-30,0.3745,0.3382,0.2187
2025-08-31,0.3368,0.3342,0.219
2025-09-01,0.4113,0.353,0.2038
2025-09-02,0.3875,0.3773,0.2059
2025-09-03,0.364,0.3637,0.2095
2025-09-04,0.3678,0.3535,0.2092
2025-09-05,0.3782,0.3583,0.2127
2025-09-06,0.3432,0.3479,0.2146
2025-09-07,0.316,0.334,0.2125
2025-09-08,0.2954,0.3193,0.2135
2025-09-09,0.32,0.3111,0.2146
2025-09-10,0.3353,0.3103,0.2183
2025-09-11,0.3381,0.3113,0.219
2025-09-12,0.321,0.3108,0.2202
2025-09-13,0.3387,0.3126,0.2304
2025-09-14,0.3505,0.3201,0.2413
2025-09-15,0.3343,0.3192,0.2458
2025-09-16,0.3101,0.3113,0.2422
2025-09-17,0.2933,0.3049,0.243
2025-09-18,0.278,0.2975,0.243
2025-09-19,0.2621,0.2889,0.2424
2025-09-20,0.248,0.2808,0.2411
2025-09-21,0.2998,0.282,0.2408
2025-09-22,0.4132,0.3775,0.2455
2025-09-23,0.3923,0.3867,0.2509
2025-09-24,0.3819,0.3765,0.2563
2025-09-25,0.3697,0.368,0.2603
2025-09-26,0.3679,0.3605,0.2653
2025-09-27,0.3813,0.3662,0.2691
2025-09-28,0.3662,0.361,0.2729
2025-09-29,0.3562,0.3551,0.2763
2025-09-30,0.3469,0.349,0.2785
2025-10-01,0.3433,0.3441,0.28
2025-10-02,0.3362,0.3397,0.2805
2025-10-03,0.3303,0.3365,0.2815
2025-10-04,0.352,0.3401,0.286
2025-10-05,0.3797,0.3588,0.2873
2025-10-06,0.3444,0.3577,0.2865
2025-10-07,0.3373,0.3502,0.2876
2025-10-08,0.3425,0.3442,0.2905
2025-10-09,0.3449,0.3425,0.2928
2025-10-10,0.3427,0.34,0.2934
2025-10-11,0.3388,0.3416,0.2962
2025-10-12,0.3356,0.343,0.3005
2025-10-13,0.3307,0.3402,0.3042
2025-10-14,0.3323,0.3405,0.3055
2025-10-15,0.3306,0.3375,0.3052
2025-10-16,0.3288,0.3351,0.3057
2025-10-17,0.3264,0.334,0.3065
2025-10-18,0.3214,0.3312,0.3072
2025-10-19,0.3138,0.3264,0.307
2025-10-20,0.3844,0.3613,0.3075
2025-10-21,0.4178,0.4104,0.3158
2025-10-22,0.4265,0.4186,0.324
2025-10-23,0.4281,0.4283,0.346
2025-10-24,0.4175,0.4152,0.3582
2025-10-25,0.4222,0.4154,0.365
2025-10-26,0.4172,0.4188,0.3717
2025-10-27,0.411,0.4094,0.3761
2025-10-28,0.3926,0.41,0.3809
2025-10-29,0.3998,0.4,0.3829
2025-10-30,0.4172,0.4246,0.3926
2025-10-31,0.394,0.409,0.3989
2025-11-01,0.385,0.3994,0.3985
2025-11-02,0.4225,0.4225,0.4088
2025-11-03,0.4073,0.4202,0.4187
2025-11-04,0.3985,0.4079,0.4165
2025-11-05,0.3875,0.3973,0.4137
2025-11-06,0.3695,0.3872,0.4107
2025-11-07,0.3637,0.38,0.4079
2025-11-08,0.3545,0.3733,0.4054
2025-11-09,0.3577,0.3682,0.4029
2025-11-10,0.3605,0.3648,0.4003
2025-11-11,0.3553,0.362,0.398
2025-11-12,0.35,0.359,0.396
2025-11-13,0.3387,0.3555,0.3939
2025-11-14,0.3057,0.3503,0.3918
2025-11-15,0.3184,0.3368,0.3897
2025-11-16,0.3787,0.3373,0.3878
2025-11-17,0.4176,0.4017,0.3874
2025-11-18,0.3987,0.4068,0.3898
2025-11-19,0.3953,0.4019,0.391
2025-11-20,0.3904,0.398,0.3919
2025-11-21,0.3833,0.3938,0.392
2025-11-22,0.3792,0.3898,0.391
2025-11-23,0.3836,0.3865,0.3909
2025-11-24,0.4358,0.4298,0.4008
2025-11-25,0.4102,0.4233,0.4206
2025-11-26,0.3964,0.4092,0.4188
2025-11-27,0.3884,0.3989,0.4164
2025-11-28,0.3824,0.3911,0.414
2025-11-29,0.3832,0.3853,0.4114
2025-11-30,0.3975,0.3851,0.4091
2026-04-01,0.3561,0.361,0.3455
2026-04-02,0.3368,0.3566,0.3422
2026-04-03,0.3135,0.35,0.3339
2026-04-04,0.2857,0.3387,0.328
2026-04-05,0.2681,0.3178,0.3148
2026-04-06,0.255,0.3001,0.311
2026-04-07,0.2432,0.2882,0.3038
2026-04-08,0.2255,0.2734,0.2945
2026-04-09,0.2208,0.2687,0.2915
2026-04-10,0.1798,0.2401,0.2848
2026-04-11,0.1672,0.2298,0.2816
2026-04-12,0.1932,0.2211,0.2805
2026-04-13,0.3128,0.2288,0.2835
2026-04-14,0.3124,0.2365,0.2875
2026-04-15,0.2931,0.2408,0.2887
2026-04-16,0.2646,0.238,0.2853
2026-04-17,0.2511,0.2381,0.2875
2026-04-18,0.2345,0.2354,0.2912
2026-04-19,0.2173,0.232,0.2892
2026-04-20,0.1894,0.2178,0.289
2026-04-21,0.1842,0.217,0.2872
2026-04-22,0.1924,0.2231,0.29
2026-04-23,0.1932,0.2275,0.2872
2026-04-24,0.177,0.2207,0.286
2026-04-25,0.1742,0.2227,0.2875
2026-04-26,0.163,0.2133,0.2806
2026-04-27,0.1569,0.2091,0.2795
2026-04-28,0.1682,0.212,0.278
2026-04-29,0.1689,0.2127,0.279
2026-04-30,0.1832,0.2084,0.2815
2026-05-01,0.217,0.2051,0.28
2026-05-02,0.2029,0.2027,0.276
2026-05-03,0.1635,0.1825,0.2673
2026-05-04,0.2226,0.1827,0.263
2026-05-05,0.3897,0.2206,0.263
2026-05-06,0.4003,0.2829,0.2567
2026-05-07,0.3508,0.3047,0.257
2026-05-08,0.3198,0.3028,0.257
2026-05-09,0.2742,0.2938,0.2546
2026-05-10,0.3069,0.2949,0.2575
2026-05-11,0.406,0.3262,0.262
2026-05-12,0.3871,0.363,0.2705
2026-05-13,0.3661,0.3646,0.2763
2026-05-14,0.3775,0.3579,0.2777
2026-05-15,0.4096,0.3834,0.2812
2026-05-16,0.3995,0.3854,0.2842
2026-05-17,0.3769,0.3771,0.2868
2026-05-18,0.379,0.3694,0.2886
2026-05-19,0.3954,0.3849,0.292
2026-05-20,0.3897,0.3778,0.2925
2026-05-21,0.3887,0.372,0.2932
2026-05-22,0.3986,0.3751,0.2944
2026-05-23,0.3776,0.3755,0.2968
2026-05-24,0.3493,0.3617,0.2977
2026-05-25,0.3245,0.3481,0.2942
2026-05-26,0.2939,0.3318,0.2895
2026-05-27,0.2558,0.3075,0.2843
2026-05-28,0.2373,0.2926,0.2814
2026-05-29,0.2102,0.275,0.2766
2026-05-30,0.2252,0.2667,0.2794
2026-05-31,0.1995,0.2521,0.2789
2026-06-01,0.164,0.2392,0.2735
2026-06-02,0.2032,0.2335,0.2732
2026-06-03,0.3158,0.2374,0.2715
2026-06-04,0.3255,0.2436,0.2703
2026-06-05,0.3591,0.306,0.27
2026-06-06,0.3231,0.3072,0.2729
2026-06-07,0.2769,0.2887,0.268
2026-06-08,0.2521,0.2778,0.2661
2026-06-09,0.2382,0.2685,0.2644
2026-06-10,0.2335,0.2612,0.2636
2026-06-11,0.2037,0.2468,0.2625
2026-06-12,0.1785,0.232,0.2597
2026-06-13,0.1591,0.2182,0.2563
2026-06-14,0.144,0.2062,0.2529
2026-06-15,0.1412,0.1991,0.251
2026-06-16,0.1436,0.1916,0.2454
2026-06-17,0.1393,0.189,0.2413
2026-06-18,0.1588,0.1905,0.2413
2026-06-19,0.1731,0.1945,0.2455
2026-06-20,0.1676,0.1955,0.2456
2026-06-21,0.1923,0.204,0.2515
2026-06-22,0.1944,0.2051,0.2518
2026-06-23,0.2143,0.2067,0.252
2026-06-24,0.189,0.2016,0.2507
2026-06-25,0.1885,0.1983,0.2485
2026-06-26,0.1716,0.1803,0.2435
2026-06-27,0.1693,0.1857,0.2439
2026-06-28,0.1522,0.184,0.2425
2026-06-29,0.1605,0.1865,0.2414
2026-06-30,0.155,0.1794,0.2393
2026-07-01,0.1401,0.1742,0.2363
2026-07-02,0.1267,0.146,0.2312
2026-07-03,0.124,0.1471,0.2296
2026-07-04,0.1304,0.148,0.2293
2026-07-05,0.1446,0.148,0.2279
2026-07-06,0.1233,0.1488,0.2241
2026-07-07,0.1287,0.149,0.2225
2026-07-08,0.1232,0.149,0.2198
2026-07-09,0.1292,0.1497,0.2177
2026-07-10,0.1292,0.15,0.2151
2026-07-11,0.1451,0.15,0.2182
2026-07-12,0.2401,0.1531,0.2208
2026-07-13,0.2378,0.1562,0.2185
2026-07-14,0.2022,0.1566,0.2101
2026-07-15,0.1882,0.1565,0.2075
2026-07-16,0.2105,0.1569,0.2043
2026-07-17,0.2271,0.1518,0.1964
2026-07-18,0.1798,0.1492,0.1962
2026-07-19,0.1855,0.15,0.2065
2026-07-20,0.183,0.15,0.211
2026-07-21,0.1716,0.1509,0.2175
2026-07-22,0.158,0.155,0.214
2026-07-23,0.1564,0.1593,0.2172
2026-07-24,0.1447,0.1573,0.2145
2026-07-25,0.1594,0.1605,0.2176
2026-07-26,0.2725,0.1605,0.2162
2026-07-27,0.2237,0.152,0.2052
2026-07-28,0.1717,0.1506,0.2025
2026-07-29,0.1508,0.1485,0.2043
2026-07-30,0.1537,0.141,0.2033
2026-07-31,0.18,0.1413,0.2082
2026-08-01,0.1523,0.142,0.2158
2026-08-02,0.1441,0.142,0.2122
2026-08-03,0.1638,0.1427,0.2085
2026-08-04,0.1806,0.143,0.2082
2026-08-05,0.1857,0.1437,0.2078
2026-08-06,0.143,0.144,0.2055
2026-08-07,0.1397,0.144,0.1997
2026-08-08,0.1441,0.1444,0.1975
2026-08-09,0.1517,0.145,0.1955
2026-08-10,0.1509,0.145,0.1931
2026-08-11,0.1844,0.1451,0.1928
2026-08-12,0.2083,0.146,0.1894
2026-08-13,0.2309,0.1484,0.2058
2026-08-14,0.2332,0.1397,0.207
2026-08-15,0.2482,0.1575,0.2095
2026-08-16,0.2033,0.1645,0.209
2026-08-17,0.1947,0.1646,0.2057
2026-08-18,0.1468,0.1547,0.2005
2026-08-19,0.105,0.144,0.1893
2026-08-20,0.1035,0.144,0.1842
2026-08-21,0.3494,0.1717,0.1783
2026-08-22,0.2941,0.1892,0.183
2026-08-23,0.2369,0.1759,0.1797
2026-08-24,0.2088,0.1598,0.1769
2026-08-25,0.2557,0.166,0.1807
2026-08-26,0.261,0.1887,0.1903
2026-08-27,0.203,0.1808,0.1755
2026-08-28,0.1894,0.1488,0.1547
2026-08-29,0.1879,0.15,0.146
2026-08-30,0.2188,0.1502,0.1465
2026-08-31,0.2138,0.1576,0.147
2026-09-01,0.1945,0.1593,0.1474
2026-09-02,0.1964,0.1733,0.148
2026-09-03,0.1814,0.1735,0.1483
2026-09-04,0.165,0.1706,0.149
2026-09-05,0.161,0.172,0.1492
2026-09-06,0.1459,0.1656,0.15
2026-09-07,0.1666,0.1721,0.1501
2026-09-08,0.1966,0.1727,0.149
2026-09-09,0.3041,0.1771,0.151
2026-09-10,0.2983,0.18,0.153
2026-09-11,0.2593,0.1816,0.1545
2026-09-12,0.224,0.179,0.1575
2026-09-13,0.2084,0.1789,0.16
2026-09-14,0.1849,0.172,0.16
2026-09-15,0.1673,0.1697,0.1598
2026-09-16,0.1724,0.1735,0.16
2026-09-17,0.1599,0.1701,0.154
2026-09-18,0.1551,0.1686,0.155
2026-09-19,0.1495,0.1685,0.1562
2026-09-20,0.1524,0.1664,0.1575
2026-09-21,0.1453,0.1655,0.161
2026-09-22,0.1483,0.1657,0.161
2026-09-23,0.1587,0.1697,0.1647
2026-09-24,0.1664,0.172,0.165
2026-09-25,0.1643,0.1705,0.1653
2026-09-26,0.1601,0.169,0.1663
2026-09-27,0.1604,0.1687,0.1668
2026-09-28,0.1496,0.1653,0.166
2026-09-29,0.1601,0.1667,0.166
2026-09-30,0.1558,0.1648,0.166
2026-10-01,0.1982,0.1605,0.1636
2026-10-02,0.2389,0.1571,0.161
2026-10-03,0.2951,0.1608,0.1685
2026-10-04,0.2607,0.1633,0.167
2026-10-05,0.1939,0.1542,0.1633
2026-10-06,0.1676,0.1522,0.1402
2026-10-07,0.2367,0.1527,0.141
