date,SM_0_7,SM_7_28,SM_28_100
1991-04-01,0.3612,0.374,0.4005
1991-04-02,0.3539,0.3671,0.3983
1991-04-03,0.3682,0.3628,0.3962
1991-04-04,0.3996,0.3835,0.3945
1991-04-05,0.4005,0.3927,0.3936
1991-04-06,0.3819,0.3904,0.3926
1991-04-07,0.3735,0.3845,0.3915
1991-04-08,0.3668,0.3786,0.3903
1991-04-09,0.3598,0.3724,0.3885
1991-04-10,0.3519,0.3658,0.3865
1991-04-11,0.3433,0.3587,0.3841
1991-04-12,0.3352,0.352,0.3815
1991-04-13,0.328,0.3458,0.3789
1991-04-14,0.323,0.3398,0.376
1991-04-15,0.3212,0.3352,0.3734
1991-04-16,0.3179,0.3312,0.3709
1991-04-17,0.316,0.328,0.3682
1991-04-18,0.3212,0.326,0.366
1991-04-19,0.3372,0.3258,0.3639
1991-04-20,0.3575,0.3308,0.3623
1991-04-21,0.3552,0.3357,0.3605
1991-04-22,0.352,0.3373,0.3586
1991-04-23,0.3567,0.339,0.3569
1991-04-24,0.3545,0.3402,0.3551
1991-04-25,0.3562,0.3405,0.3534
1991-04-26,0.4033,0.3629,0.352
1991-04-27,0.3977,0.3777,0.3518
1991-04-28,0.419,0.4041,0.3533
1991-04-29,0.3992,0.4068,0.3579
1991-04-30,0.3982,0.3957,0.36
1991-05-01,0.4092,0.3996,0.3618
1991-05-02,0.4053,0.4021,0.3641
1991-05-03,0.403,0.3994,0.3663
1991-05-04,0.3927,0.3948,0.3678
1991-05-05,0.3894,0.3888,0.368
1991-05-06,0.4026,0.3905,0.368
1991-05-07,0.3926,0.3946,0.369
1991-05-08,0.3951,0.3896,0.369
1991-05-09,0.4112,0.4031,0.3706
1991-05-10,0.4053,0.4006,0.372
1991-05-11,0.4048,0.4042,0.374
1991-05-12,0.3942,0.3979,0.3758
1991-05-13,0.3815,0.3906,0.3756
1991-05-14,0.3695,0.3815,0.3746
1991-05-15,0.3672,0.3754,0.3736
1991-05-16,0.377,0.3725,0.3725
1991-05-17,0.3775,0.3737,0.3715
1991-05-18,0.3633,0.37,0.3701
1991-05-19,0.3522,0.3642,0.3685
1991-05-20,0.3424,0.3574,0.3665
1991-05-21,0.3326,0.3498,0.3642
1991-05-22,0.3229,0.3419,0.3619
1991-05-23,0.3132,0.3342,0.3591
1991-05-24,0.3036,0.3271,0.3564
1991-05-25,0.2948,0.3201,0.3537
1991-05-26,0.287,0.3136,0.3509
1991-05-27,0.2792,0.3073,0.3479
1991-05-28,0.2712,0.3011,0.3449
1991-05-29,0.2705,0.2954,0.342
1991-05-30,0.2784,0.2912,0.3391
1991-05-31,0.268,0.2868,0.3362
1991-06-01,0.2696,0.2823,0.3332
1991-06-02,0.3215,0.2821,0.331
1991-06-03,0.3422,0.2913,0.3291
1991-06-04,0.3205,0.294,0.3272
1991-06-05,0.3062,0.2933,0.3252
1991-06-06,0.3165,0.2925,0.3235
1991-06-07,0.3319,0.2945,0.3222
1991-06-08,0.3651,0.3058,0.3211
1991-06-09,0.3359,0.3113,0.3195
1991-06-10,0.3225,0.3095,0.3177
1991-06-11,0.3062,0.3061,0.3161
1991-06-12,0.2917,0.3011,0.3141
1991-06-13,0.2815,0.2953,0.3121
1991-06-14,0.2746,0.2906,0.3102
1991-06-15,0.2682,0.2855,0.3082
1991-06-16,0.409,0.3569,0.3079
1991-06-17,0.4033,0.3959,0.3125
1991-06-18,0.3894,0.3884,0.3158
1991-06-19,0.3721,0.3776,0.3172
1991-06-20,0.374,0.3701,0.3183
1991-06-21,0.3667,0.3665,0.3189
1991-06-22,0.3484,0.357,0.3185
1991-06-23,0.3613,0.351,0.3175
1991-06-24,0.3705,0.3574,0.3171
1991-06-25,0.347,0.3506,0.3165
1991-06-26,0.3763,0.3512,0.316
1991-06-27,0.3755,0.3635,0.3157
1991-06-28,0.3631,0.3581,0.316
1991-06-29,0.356,0.3538,0.3155
1991-06-30,0.3386,0.3463,0.3146
1991-07-01,0.3218,0.3368,0.3132
1991-07-02,0.3061,0.327,0.3115
1991-07-03,0.3009,0.3196,0.3104
1991-07-04,0.2934,0.313,0.309
1991-07-05,0.2785,0.3044,0.3069
1991-07-06,0.266,0.2965,0.3048
1991-07-07,0.2867,0.2906,0.3031
1991-07-08,0.3274,0.2915,0.3015
1991-07-09,0.3063,0.2899,0.3
1991-07-10,0.2902,0.2865,0.2983
1991-07-11,0.2724,0.281,0.2962
1991-07-12,0.267,0.2761,0.2946
1991-07-13,0.2703,0.2732,0.2935
1991-07-14,0.2733,0.271,0.2927
1991-07-15,0.2761,0.2692,0.2915
1991-07-16,0.2606,0.2652,0.2899
1991-07-17,0.2498,0.2611,0.2882
1991-07-18,0.2389,0.2567,0.2864
1991-07-19,0.2294,0.2525,0.2846
1991-07-20,0.2251,0.2485,0.2831
1991-07-21,0.2204,0.2442,0.2815
1991-07-22,0.2102,0.24,0.2795
1991-07-23,0.2237,0.2361,0.2779
1991-07-24,0.3017,0.2377,0.2765
1991-07-25,0.281,0.239,0.2754
1991-07-26,0.3092,0.2417,0.2746
1991-07-27,0.2952,0.2453,0.2736
1991-07-28,0.2736,0.2447,0.2725
1991-07-29,0.255,0.2421,0.271
1991-07-30,0.2877,0.2415,0.2696
1991-07-31,0.3678,0.2784,0.269
1991-08-01,0.3395,0.2896,0.269
1991-08-02,0.323,0.2923,0.2686
1991-08-03,0.305,0.2902,0.2677
1991-08-04,0.2862,0.2856,0.2667
1991-08-05,0.2707,0.2802,0.2658
1991-08-06,0.2571,0.2742,0.2646
1991-08-07,0.2435,0.2681,0.2635
1991-08-08,0.2875,0.2653,0.263
1991-08-09,0.3626,0.2812,0.263
1991-08-10,0.3293,0.2894,0.2627
1991-08-11,0.3059,0.2878,0.2624
1991-08-12,0.2971,0.2845,0.2615
1991-08-13,0.284,0.2805,0.2606
1991-08-14,0.2687,0.2755,0.2596
1991-08-15,0.2559,0.27,0.2586
1991-08-16,0.246,0.2652,0.2577
1991-08-17,0.2366,0.2605,0.2571
1991-08-18,0.228,0.2558,0.2564
1991-08-19,0.2205,0.2512,0.2554
1991-08-20,0.2127,0.2467,0.2545
1991-08-21,0.205,0.242,0.2534
1991-08-22,0.1977,0.2373,0.2524
1991-08-23,0.2077,0.2341,0.2515
1991-08-24,0.2071,0.2315,0.2505
1991-08-25,0.1994,0.2277,0.2495
1991-08-26,0.1925,0.2244,0.2485
1991-08-27,0.186,0.2207,0.2475
1991-08-28,0.1801,0.2175,0.2465
1991-08-29,0.1748,0.2145,0.2455
1991-08-30,0.1703,0.2115,0.2445
1991-08-31,0.1663,0.2085,0.2435
1991-09-01,0.2158,0.207,0.243
1991-09-02,0.2606,0.2077,0.2426
1991-09-03,0.2737,0.2098,0.242
1991-09-04,0.2572,0.2105,0.2415
1991-09-05,0.241,0.2099,0.2405
1991-09-06,0.2277,0.2085,0.2396
1991-09-07,0.2171,0.207,0.239
1991-09-08,0.2081,0.2055,0.2385
1991-09-09,0.2001,0.2039,0.2376
1991-09-10,0.1933,0.202,0.237
1991-09-11,0.201,0.2008,0.2364
1991-09-12,0.3681,0.2847,0.2364
1991-09-13,0.4061,0.3816,0.24
1991-09-14,0.3787,0.3758,0.2447
1991-09-15,0.3617,0.364,0.2477
1991-09-16,0.3468,0.3527,0.2497
1991-09-17,0.3375,0.3436,0.2508
1991-09-18,0.3293,0.336,0.252
1991-09-19,0.3184,0.328,0.252
1991-09-20,0.3096,0.3207,0.2525
1991-09-21,0.3025,0.3144,0.253
1991-09-22,0.309,0.309,0.253
1991-09-23,0.3382,0.3088,0.253
1991-09-24,0.323,0.3081,0.253
1991-09-25,0.331,0.3059,0.253
1991-09-26,0.4212,0.4067,0.2652
1991-09-27,0.3938,0.3989,0.2827
1991-09-28,0.3877,0.3843,0.2874
1991-09-29,0.4192,0.4041,0.2927
1991-09-30,0.4058,0.4137,0.3099
1991-10-01,0.3853,0.3927,0.3163
1991-10-02,0.3747,0.3813,0.319
1991-10-03,0.3643,0.3725,0.3206
1991-10-04,0.3553,0.3645,0.321
1991-10-05,0.3724,0.3636,0.322
1991-10-06,0.424,0.4203,0.3307
1991-10-07,0.417,0.4204,0.3462
1991-10-08,0.3921,0.4019,0.3533
1991-10-09,0.389,0.3917,0.3557
1991-10-10,0.376,0.3845,0.3569
1991-10-11,0.3898,0.3862,0.3574
1991-10-12,0.4104,0.4042,0.3605
1991-10-13,0.3968,0.4015,0.364
1991-10-14,0.3851,0.3927,0.366
1991-10-15,0.383,0.387,0.367
1991-10-16,0.3747,0.3822,0.3673
1991-10-17,0.3838,0.3793,0.368
1991-10-18,0.3974,0.3844,0.368
1991-10-19,0.3867,0.3867,0.3689
1991-10-20,0.3902,0.3853,0.3693
1991-10-21,0.401,0.3895,0.3702
1991-10-22,0.3911,0.3916,0.3713
1991-10-23,0.3833,0.3875,0.372
1991-10-24,0.3807,0.3841,0.3721
1991-10-25,0.3765,0.3811,0.3725
1991-10-26,0.3717,0.3777,0.372
1991-10-27,0.4094,0.3868,0.3722
1991-10-28,0.4028,0.4023,0.3741
1991-10-29,0.3895,0.3963,0.376
1991-10-30,0.4007,0.3963,0.3772
1991-10-31,0.3979,0.4033,0.3792
1991-11-01,0.3851,0.3956,0.3807
1991-11-02,0.3946,0.3918,0.381
1991-11-03,0.4053,0.4055,0.3825
1991-11-04,0.4137,0.4105,0.385
1991-11-05,0.3973,0.404,0.3873
1991-11-06,0.4046,0.4029,0.3885
1991-11-07,0.3918,0.3991,0.389
1991-11-08,0.3865,0.3943,0.3892
1991-11-09,0.3919,0.392,0.389
1991-11-10,0.3867,0.3917,0.389
1991-11-11,0.3789,0.388,0.3885
1991-11-12,0.4007,0.3935,0.388
1991-11-13,0.41,0.4104,0.3905
1991-11-14,0.4044,0.4155,0.3991
1991-11-15,0.42,0.4167,0.4012
1991-11-16,0.4107,0.4146,0.4038
1991-11-17,0.4037,0.4102,0.4049
1991-11-18,0.4106,0.4082,0.4042
1991-11-19,0.4056,0.4094,0.4042
1991-11-20,0.4135,0.4091,0.404
1991-11-21,0.4162,0.4175,0.4058
1991-11-22,0.4003,0.4112,0.407
1991-11-23,0.3933,0.4037,0.4064
1991-11-24,0.3898,0.398,0.4053
1991-11-25,0.3873,0.3933,0.4041
1991-11-26,0.3861,0.3897,0.4027
1991-11-27,0.3843,0.3869,0.4015
1991-11-28,0.3807,0.3843,0.4003
1991-11-29,0.3764,0.3814,0.399
1991-11-30,0.3723,0.3783,0.3976
1992-04-01,0.4117,0.4129,0.3912
1992-04-02,0.4078,0.4096,0.3938
1992-04-03,0.4188,0.4116,0.3956
1992-04-04,0.426,0.4283,0.4045
1992-04-05,0.4215,0.4274,0.4234
1992-04-06,0.4004,0.4143,0.423
1992-04-07,0.3873,0.3987,0.4198
1992-04-08,0.3873,0.3893,0.4166
1992-04-09,0.3772,0.3827,0.4134
1992-04-10,0.3646,0.3747,0.4101
1992-04-11,0.3546,0.3672,0.4068
1992-04-12,0.3465,0.3604,0.4035
1992-04-13,0.3436,0.3552,0.4006
1992-04-14,0.3362,0.3502,0.3977
1992-04-15,0.3679,0.3495,0.395
1992-04-16,0.3787,0.356,0.3933
1992-04-17,0.3757,0.3628,0.3916
1992-04-18,0.408,0.377,0.391
1992-04-19,0.4015,0.3957,0.391
1992-04-20,0.3863,0.3933,0.3905
1992-04-21,0.3739,0.3854,0.389
1992-04-22,0.3652,0.3772,0.3872
1992-04-23,0.3573,0.3697,0.3855
1992-04-24,0.3485,0.3627,0.3833
1992-04-25,0.3368,0.3546,0.381
1992-04-26,0.3326,0.347,0.3781
1992-04-27,0.3454,0.3431,0.3758
1992-04-28,0.3757,0.3485,0.3739
1992-04-29,0.3796,0.3649,0.3725
1992-04-30,0.3654,0.3648,0.3712
1992-05-01,0.3842,0.3681,0.37
1992-05-02,0.4248,0.4168,0.3783
1992-05-03,0.4116,0.4191,0.3998
1992-05-04,0.3922,0.4062,0.4016
1992-05-05,0.3813,0.3955,0.4005
1992-05-06,0.3746,0.3867,0.3993
1992-05-07,0.3648,0.3782,0.3973
1992-05-08,0.3546,0.3695,0.3951
1992-05-09,0.346,0.3616,0.393
1992-05-10,0.337,0.3539,0.3903
1992-05-11,0.3362,0.3476,0.3879
1992-05-12,0.3265,0.3414,0.3848
1992-05-13,0.3156,0.3348,0.3816
1992-05-14,0.3035,0.3275,0.378
1992-05-15,0.2929,0.3202,0.3744
1992-05-16,0.284,0.3136,0.3705
1992-05-17,0.2763,0.3075,0.3667
1992-05-18,0.2705,0.3021,0.3634
1992-05-19,0.2627,0.2966,0.3596
1992-05-20,0.306,0.2945,0.3565
1992-05-21,0.4088,0.3345,0.3548
1992-05-22,0.3755,0.3602,0.3536
1992-05-23,0.3547,0.3573,0.352
1992-05-24,0.3593,0.3528,0.3505
1992-05-25,0.3698,0.3558,0.349
1992-05-26,0.3683,0.3579,0.3475
1992-05-27,0.3721,0.3706,0.3461
1992-05-28,0.3504,0.3618,0.3445
1992-05-29,0.3826,0.3602,0.3433
1992-05-30,0.3968,0.3747,0.3427
1992-05-31,0.4115,0.3957,0.3439
1992-06-01,0.417,0.4083,0.3471
1992-06-02,0.412,0.4223,0.3649
1992-06-03,0.4174,0.4216,0.3776
1992-06-04,0.4114,0.4172,0.388
1992-06-05,0.4189,0.4237,0.3955
1992-06-06,0.4203,0.4263,0.4041
1992-06-07,0.4155,0.4236,0.4112
1992-06-08,0.4181,0.4227,0.419
1992-06-09,0.4145,0.4201,0.4183
1992-06-10,0.425,0.4303,0.4298
1992-06-11,0.415,0.4154,0.4331
1992-06-12,0.4136,0.417,0.4286
1992-06-13,0.3998,0.4085,0.4256
1992-06-14,0.383,0.3931,0.4215
1992-06-15,0.367,0.3788,0.4169
1992-06-16,0.3815,0.3772,0.4127
1992-06-17,0.3997,0.3974,0.4105
1992-06-18,0.3806,0.3895,0.4082
1992-06-19,0.3701,0.38,0.4056
1992-06-20,0.4114,0.3906,0.4034
1992-06-21,0.3892,0.3969,0.402
1992-06-22,0.4143,0.4095,0.4019
1992-06-23,0.4175,0.4259,0.4191
1992-06-24,0.4044,0.4153,0.4192
1992-06-25,0.4014,0.4134,0.4181
1992-06-26,0.399,0.4019,0.4164
1992-06-27,0.4001,0.4006,0.4143
1992-06-28,0.3756,0.3887,0.4116
1992-06-29,0.3593,0.3755,0.4079
1992-06-30,0.3548,0.3655,0.4041
1992-07-01,0.3717,0.3636,0.4007
1992-07-02,0.3643,0.3625,0.3975
1992-07-03,0.3505,0.3572,0.3935
1992-07-04,0.3762,0.3557,0.3896
1992-07-05,0.3888,0.3634,0.3865
1992-07-06,0.4022,0.3795,0.3842
1992-07-07,0.4184,0.4152,0.3852
1992-07-08,0.4057,0.4081,0.3873
1992-07-09,0.4109,0.4091,0.388
1992-07-10,0.4069,0.4093,0.3891
1992-07-11,0.3978,0.4035,0.3895
1992-07-12,0.4007,0.3994,0.3885
1992-07-13,0.3879,0.397,0.3874
1992-07-14,0.3712,0.3863,0.3851
1992-07-15,0.3579,0.3755,0.3818
1992-07-16,0.3463,0.3649,0.3785
1992-07-17,0.3393,0.3559,0.3748
1992-07-18,0.3304,0.348,0.3714
1992-07-19,0.3192,0.3395,0.3675
1992-07-20,0.3085,0.3314,0.3635
1992-07-21,0.3268,0.3248,0.3597
1992-07-22,0.3723,0.3348,0.3568
1992-07-23,0.3438,0.336,0.3537
1992-07-24,0.3234,0.3304,0.3505
1992-07-25,0.309,0.3241,0.347
1992-07-26,0.2981,0.3177,0.3437
1992-07-27,0.2868,0.3107,0.3404
1992-07-28,0.2764,0.3041,0.337
1992-07-29,0.2669,0.2975,0.3337
1992-07-30,0.2558,0.2908,0.3304
1992-07-31,0.2461,0.2841,0.3268
1992-08-01,0.2489,0.2786,0.3238
1992-08-02,0.2776,0.2752,0.321
1992-08-03,0.3221,0.2756,0.3187
1992-08-04,0.3353,0.2833,0.3168
1992-08-05,0.3071,0.2842,0.3141
1992-08-06,0.2873,0.2812,0.3118
1992-08-07,0.2708,0.2767,0.3091
1992-08-08,0.2562,0.2722,0.3067
1992-08-09,0.2627,0.2676,0.304
1992-08-10,0.3484,0.2768,0.3024
1992-08-11,0.3156,0.281,0.3005
1992-08-12,0.2944,0.2796,0.2988
1992-08-13,0.2782,0.2762,0.297
1992-08-14,0.2717,0.273,0.2954
1992-08-15,0.2879,0.2713,0.294
1992-08-16,0.2743,0.269,0.2924
1992-08-17,0.2609,0.2652,0.2905
1992-08-18,0.2482,0.2612,0.2888
1992-08-19,0.2374,0.2572,0.287
1992-08-20,0.2352,0.2535,0.2855
1992-08-21,0.2469,0.251,0.2838
1992-08-22,0.2605,0.249,0.2825
1992-08-23,0.2577,0.2476,0.2815
1992-08-24,0.2525,0.2462,0.2802
1992-08-25,0.2399,0.2435,0.2785
1992-08-26,0.2379,0.2403,0.2771
1992-08-27,0.2633,0.2389,0.2756
1992-08-28,0.2515,0.2374,0.2745
1992-08-29,0.3724,0.3189,0.2743
1992-08-30,0.3788,0.3751,0.2769
1992-08-31,0.3958,0.3827,0.2794
1992-09-01,0.3927,0.3954,0.2856
1992-09-02,0.3713,0.3789,0.2889
1992-09-03,0.3586,0.3665,0.2906
1992-09-04,0.3573,0.3583,0.2917
1992-09-05,0.3491,0.3519,0.292
1992-09-06,0.3371,0.3447,0.2921
1992-09-07,0.3258,0.337,0.292
1992-09-08,0.3369,0.3317,0.292
1992-09-09,0.4219,0.3909,0.2944
1992-09-10,0.4153,0.4162,0.3094
1992-09-11,0.3873,0.3947,0.3164
1992-09-12,0.3733,0.3813,0.3187
1992-09-13,0.362,0.371,0.3196
1992-09-14,0.3565,0.3629,0.32
1992-09-15,0.3485,0.3565,0.32
1992-09-16,0.3402,0.3501,0.3196
1992-09-17,0.3313,0.3433,0.3188
1992-09-18,0.3255,0.3377,0.3184
1992-09-19,0.3217,0.3331,0.3176
1992-09-20,0.3167,0.3286,0.3168
1992-09-21,0.3119,0.3242,0.316
1992-09-22,0.3668,0.3662,0.3216
1992-09-23,0.3932,0.4036,0.3393
1992-09-24,0.3797,0.3896,0.342
1992-09-25,0.3685,0.3795,0.343
1992-09-26,0.3577,0.3705,0.3431
1992-09-27,0.3742,0.3666,0.343
1992-09-28,0.3997,0.378,0.3436
1992-09-29,0.392,0.3869,0.3451
1992-09-30,0.3765,0.3815,0.3462
1992-10-01,0.3678,0.3752,0.347
1992-10-02,0.3851,0.3733,0.3472
1992-10-03,0.4086,0.3871,0.3485
1992-10-04,0.43,0.4224,0.3557
1992-10-05,0.4186,0.4183,0.3678
1992-10-06,0.4125,0.4167,0.3757
1992-10-07,0.4069,0.4076,0.3803
1992-10-08,0.3949,0.4027,0.3828
1992-10-09,0.3982,0.3975,0.384
1992-10-10,0.4227,0.4192,0.3874
1992-10-11,0.4037,0.4151,0.3943
1992-10-12,0.3923,0.4039,0.396
1992-10-13,0.3845,0.3967,0.396
1992-10-14,0.3773,0.3899,0.3953
1992-10-15,0.3725,0.3838,0.3943
1992-10-16,0.3745,0.3791,0.3932
1992-10-17,0.4181,0.4108,0.3942
1992-10-18,0.3967,0.408,0.3968
1992-10-19,0.4028,0.403,0.397
1992-10-20,0.4077,0.4095,0.3984
1992-10-21,0.4088,0.4075,0.3993
1992-10-22,0.3971,0.4048,0.4
1992-10-23,0.4008,0.4012,0.4
1992-10-24,0.4007,0.4023,0.4
1992-10-25,0.4142,0.4064,0.4
1992-10-26,0.4057,0.4127,0.4012
1992-10-27,0.4125,0.4122,0.4025
1992-10-28,0.4109,0.4107,0.4038
1992-10-29,0.41,0.416,0.4055
1992-10-30,0.4106,0.4178,0.4078
1992-10-31,0.4044,0.4176,0.416
1992-11-01,0.4167,0.4145,0.4153
1992-11-02,0.4035,0.4147,0.415
1992-11-03,0.4058,0.4088,0.4143
1992-11-04,0.4072,0.4067,0.4132
1992-11-05,0.3966,0.4042,0.4124
1992-11-06,0.3858,0.3964,0.4108
1992-11-07,0.3787,0.3888,0.4093
1992-11-08,0.374,0.3828,0.4075
1992-11-09,0.3695,0.3778,0.4058
1992-11-10,0.3741,0.3742,0.4041
1992-11-11,0.3931,0.3773,0.4025
1992-11-12,0.3958,0.3869,0.4015
1992-11-13,0.4146,0.4112,0.4024
1992-11-14,0.4074,0.4153,0.4066
1992-11-15,0.4189,0.4198,0.4098
1992-11-16,0.411,0.4222,0.4272
1992-11-17,0.4111,0.4098,0.4249
1992-11-18,0.4035,0.4035,0.4223
1992-11-19,0.4222,0.4133,0.4205
1992-11-20,0.4142,0.4227,0.422
1992-11-21,0.4053,0.4127,0.4214
1992-11-22,0.394,0.4024,0.4197
1992-11-23,0.3849,0.3931,0.4176
1992-11-24,0.3772,0.3854,0.4152
1992-11-25,0.3717,0.3794,0.4129
1992-11-26,0.377,0.3755,0.4107
1992-11-27,0.3827,0.3775,0.4087
1992-11-28,0.3721,0.3754,0.4066
1992-11-29,0.3661,0.3722,0.4044
1992-11-30,0.3617,0.3689,0.402
1993-04-01,0.3704,0.3373,0.305
1993-04-02,0.3973,0.3818,0.3064
1993-04-03,0.3791,0.3776,0.3087
1993-04-04,0.3799,0.3722,0.3102
1993-04-05,0.3793,0.3694,0.3114
1993-04-06,0.411,0.3934,0.3139
1993-04-07,0.4022,0.3947,0.3181
1993-04-08,0.3918,0.3893,0.3215
1993-04-09,0.3907,0.3853,0.3237
1993-04-10,0.4074,0.4047,0.3273
1993-04-11,0.3951,0.3992,0.3325
1993-04-12,0.3961,0.3911,0.3355
1993-04-13,0.397,0.3897,0.3378
1993-04-14,0.3877,0.3858,0.3397
1993-04-15,0.3958,0.384,0.3409
1993-04-16,0.398,0.3878,0.3426
1993-04-17,0.3859,0.3865,0.344
1993-04-18,0.371,0.3789,0.345
1993-04-19,0.3604,0.371,0.345
1993-04-20,0.3489,0.3625,0.3444
1993-04-21,0.3362,0.3538,0.3429
1993-04-22,0.3402,0.3471,0.3416
1993-04-23,0.3505,0.3451,0.3406
1993-04-24,0.3658,0.3459,0.3396
1993-04-25,0.4177,0.39,0.3405
1993-04-26,0.4086,0.4128,0.3487
1993-04-27,0.4055,0.4039,0.3535
1993-04-28,0.3901,0.394,0.3558
1993-04-29,0.3811,0.3862,0.357
1993-04-30,0.3973,0.386,0.3578
1993-05-01,0.398,0.3931,0.3586
1993-05-02,0.4088,0.4096,0.3624
1993-05-03,0.4075,0.4101,0.3673
1993-05-04,0.3974,0.4063,0.3718
1993-05-05,0.3854,0.3956,0.3739
1993-05-06,0.3742,0.3862,0.374
1993-05-07,0.3659,0.3783,0.3735
1993-05-08,0.3948,0.3829,0.373
1993-05-09,0.4035,0.3987,0.3739
1993-05-10,0.3925,0.3949,0.375
1993-05-11,0.4047,0.3953,0.3753
1993-05-12,0.3916,0.393,0.376
1993-05-13,0.4077,0.3976,0.3768
1993-05-14,0.4039,0.402,0.3782
1993-05-15,0.4011,0.4065,0.3809
1993-05-16,0.3823,0.3951,0.3816
1993-05-17,0.3676,0.3837,0.3805
1993-05-18,0.3607,0.3741,0.3794
1993-05-19,0.3715,0.3695,0.3783
1993-05-20,0.408,0.3845,0.3774
1993-05-21,0.4045,0.4055,0.379
1993-05-22,0.3821,0.3945,0.3798
1993-05-23,0.3662,0.3827,0.379
1993-05-24,0.3534,0.3716,0.377
1993-05-25,0.3412,0.3613,0.375
1993-05-26,0.3341,0.3517,0.3728
1993-05-27,0.3584,0.3479,0.371
1993-05-28,0.3663,0.3504,0.3695
1993-05-29,0.3473,0.3482,0.368
1993-05-30,0.3634,0.3485,0.366
1993-05-31,0.3693,0.361,0.3645
1993-06-01,0.3473,0.3553,0.3629
1993-06-02,0.3937,0.3634,0.3614
1993-06-03,0.3765,0.372,0.3605
1993-06-04,0.365,0.3688,0.36
1993-06-05,0.3513,0.3623,0.359
1993-06-06,0.3355,0.3527,0.3569
1993-06-07,0.3234,0.3434,0.3548
1993-06-08,0.3289,0.3357,0.3525
1993-06-09,0.3351,0.3316,0.3504
1993-06-10,0.3268,0.3271,0.3485
1993-06-11,0.3961,0.3665,0.3475
1993-06-12,0.3693,0.3689,0.347
1993-06-13,0.3813,0.3674,0.347
1993-06-14,0.3836,0.3713,0.347
1993-06-15,0.3919,0.376,0.3477
1993-06-16,0.3721,0.3744,0.3476
1993-06-17,0.3577,0.3665,0.347
1993-06-18,0.3443,0.3581,0.346
1993-06-19,0.3293,0.348,0.344
1993-06-20,0.3185,0.3387,0.342
1993-06-21,0.329,0.3319,0.3401
1993-06-22,0.3797,0.339,0.339
1993-06-23,0.3988,0.3736,0.339
1993-06-24,0.3812,0.3842,0.34
1993-06-25,0.3608,0.3729,0.3397
1993-06-26,0.3451,0.3615,0.3389
1993-06-27,0.3308,0.3506,0.3372
1993-06-28,0.3185,0.3404,0.3353
1993-06-29,0.3664,0.3563,0.3341
1993-06-30,0.407,0.4137,0.3416
1993-07-01,0.4076,0.4076,0.3472
1993-07-02,0.4041,0.4116,0.3571
1993-07-03,0.3903,0.3966,0.36
1993-07-04,0.3736,0.3851,0.3606
1993-07-05,0.3837,0.3862,0.3604
1993-07-06,0.4106,0.4168,0.371
1993-07-07,0.3834,0.3985,0.374
1993-07-08,0.367,0.3842,0.3735
1993-07-09,0.3571,0.3727,0.372
1993-07-10,0.4234,0.4163,0.3818
1993-07-11,0.4036,0.4156,0.3996
1993-07-12,0.3918,0.4027,0.3995
1993-07-13,0.3795,0.3932,0.398
1993-07-14,0.3674,0.3829,0.396
1993-07-15,0.3553,0.3721,0.3934
1993-07-16,0.3501,0.3618,0.3904
1993-07-17,0.38,0.3718,0.3883
1993-07-18,0.3965,0.3987,0.388
1993-07-19,0.3794,0.3908,0.3874
1993-07-20,0.3857,0.385,0.3862
1993-07-21,0.3898,0.3891,0.3854
1993-07-22,0.374,0.3833,0.3841
1993-07-23,0.361,0.3753,0.3825
1993-07-24,0.3486,0.3658,0.3803
1993-07-25,0.3426,0.3571,0.3782
1993-07-26,0.3327,0.3497,0.3762
1993-07-27,0.3225,0.3421,0.374
1993-07-28,0.3129,0.3345,0.3715
1993-07-29,0.3029,0.327,0.3687
1993-07-30,0.3013,0.3195,0.3659
1993-07-31,0.3523,0.3208,0.3633
1993-08-01,0.3259,0.3201,0.361
1993-08-02,0.3111,0.3161,0.3584
1993-08-03,0.2993,0.3116,0.356
1993-08-04,0.2913,0.3067,0.3533
1993-08-05,0.316,0.3037,0.351
1993-08-06,0.3447,0.3104,0.3489
1993-08-07,0.3184,0.3093,0.3462
1993-08-08,0.3048,0.3057,0.344
1993-08-09,0.2975,0.3022,0.3418
1993-08-10,0.2955,0.2995,0.3398
1993-08-11,0.2968,0.2986,0.3384
1993-08-12,0.2847,0.2948,0.3361
1993-08-13,0.273,0.2903,0.334
1993-08-14,0.2637,0.286,0.3318
1993-08-15,0.2875,0.2831,0.3295
1993-08-16,0.3277,0.287,0.328
1993-08-17,0.3048,0.2868,0.326
1993-08-18,0.2864,0.2841,0.3239
1993-08-19,0.2716,0.2802,0.3214
1993-08-20,0.2584,0.2762,0.3192
1993-08-21,0.247,0.2717,0.3171
1993-08-22,0.2676,0.2683,0.3149
1993-08-23,0.3758,0.3006,0.3134
1993-08-24,0.384,0.3352,0.313
1993-08-25,0.3682,0.35,0.313
1993-08-26,0.3486,0.3469,0.3127
1993-08-27,0.3954,0.363,0.313
1993-08-28,0.3998,0.3883,0.3153
1993-08-29,0.376,0.3805,0.3178
1993-08-30,0.3598,0.3696,0.3187
1993-08-31,0.3477,0.3598,0.3189
1993-09-01,0.3373,0.3514,0.3185
1993-09-02,0.3278,0.3433,0.3177
1993-09-03,0.3192,0.3358,0.3172
1993-09-04,0.315,0.3297,0.3164
1993-09-05,0.3101,0.3248,0.3155
1993-09-06,0.3081,0.32,0.3145
1993-09-07,0.3219,0.3175,0.314
1993-09-08,0.3747,0.3438,0.314
1993-09-09,0.408,0.401,0.3174
1993-09-10,0.3951,0.401,0.325
1993-09-11,0.3967,0.3907,0.3285
1993-09-12,0.3833,0.386,0.3308
1993-09-13,0.4204,0.4182,0.3514
1993-09-14,0.4119,0.4115,0.368
1993-09-15,0.3954,0.4021,0.3716
1993-09-16,0.3813,0.3922,0.373
1993-09-17,0.3722,0.3838,0.373
1993-09-18,0.3648,0.3768,0.3725
1993-09-19,0.3569,0.37,0.3715
1993-09-20,0.3487,0.3632,0.37
1993-09-21,0.3401,0.3563,0.3685
1993-09-22,0.3783,0.3774,0.3701
1993-09-23,0.4278,0.4342,0.4159
1993-09-24,0.4223,0.4243,0.4355
1993-09-25,0.3977,0.4003,0.4293
1993-09-26,0.388,0.3892,0.4233
1993-09-27,0.3956,0.3854,0.4189
1993-09-28,0.402,0.3947,0.416
1993-09-29,0.3859,0.3905,0.4136
1993-09-30,0.406,0.4004,0.4118
1993-10-01,0.4176,0.4239,0.4166
1993-10-02,0.4096,0.4208,0.4198
1993-10-03,0.4025,0.4105,0.4185
1993-10-04,0.4078,0.4065,0.4167
1993-10-05,0.4113,0.4122,0.4168
1993-10-06,0.4232,0.4247,0.4344
1993-10-07,0.416,0.4176,0.4302
1993-10-08,0.4174,0.4261,0.4338
1993-10-09,0.3884,0.3953,0.4307
1993-10-10,0.3775,0.3828,0.4248
1993-10-11,0.371,0.376,0.4201
1993-10-12,0.3989,0.3944,0.4159
1993-10-13,0.4042,0.41,0.4138
1993-10-14,0.4046,0.4165,0.4123
1993-10-15,0.3906,0.4051,0.41
1993-10-16,0.3864,0.396,0.4068
1993-10-17,0.4268,0.4297,0.4171
1993-10-18,0.4092,0.4203,0.4256
1993-10-19,0.3944,0.405,0.4239
1993-10-20,0.3835,0.3927,0.4211
1993-10-21,0.3806,0.3843,0.4175
1993-10-22,0.399,0.3838,0.4135
1993-10-23,0.4138,0.4044,0.4105
1993-10-24,0.419,0.412,0.4083
1993-10-25,0.4095,0.4155,0.4079
1993-10-26,0.3985,0.4083,0.4062
1993-10-27,0.3912,0.4017,0.4034
1993-10-28,0.385,0.3955,0.3999
1993-10-29,0.3798,0.3899,0.3964
1993-10-30,0.3746,0.3849,0.3927
1993-10-31,0.3778,0.3808,0.389
1993-11-01,0.4078,0.394,0.386
1993-11-02,0.3979,0.3984,0.3842
1993-11-03,0.3885,0.3947,0.3823
1993-11-04,0.3808,0.3896,0.38
1993-11-05,0.3746,0.3846,0.3775
1993-11-06,0.371,0.3801,0.3748
1993-11-07,0.397,0.3824,0.3724
1993-11-08,0.4015,0.3965,0.371
1993-11-09,0.3964,0.3953,0.3705
1993-11-10,0.3868,0.3912,0.3696
1993-11-11,0.4178,0.405,0.3695
1993-11-12,0.4004,0.4081,0.3721
1993-11-13,0.3881,0.3982,0.3729
1993-11-14,0.3822,0.391,0.3719
1993-11-15,0.384,0.3868,0.3707
1993-11-16,0.3839,0.3851,0.3695
1993-11-17,0.3758,0.3818,0.368
1993-11-18,0.3712,0.3783,0.3665
1993-11-19,0.3683,0.3752,0.3648
1993-11-20,0.3651,0.3724,0.3633
1993-11-21,0.3623,0.3698,0.3615
1993-11-22,0.3601,0.3675,0.3599
1993-11-23,0.3688,0.3659,0.3584
1993-11-24,0.4198,0.4014,0.3581
1993-11-25,0.3993,0.405,0.3617
1993-11-26,0.3889,0.3962,0.363
1993-11-27,0.3818,0.3898,0.363
1993-11-28,0.3769,0.3847,0.363
1993-11-29,0.373,0.3805,0.3624
1993-11-30,0.3913,0.382,0.3616
1994-04-01,0.3549,0.3348,0.3201
1994-04-02,0.3658,0.3406,0.3195
1994-04-03,0.3649,0.3451,0.319
1994-04-04,0.3944,0.3558,0.319
1994-04-05,0.4005,0.3805,0.3195
1994-04-06,0.4037,0.3878,0.3213
1994-04-07,0.4125,0.4031,0.3247
1994-04-08,0.402,0.4046,0.3314
1994-04-09,0.4108,0.4005,0.335
1994-04-10,0.4038,0.398,0.3384
1994-04-11,0.402,0.3959,0.341
1994-04-12,0.4078,0.3962,0.3434
1994-04-13,0.3976,0.3975,0.346
1994-04-14,0.4,0.3926,0.348
1994-04-15,0.3944,0.3934,0.3498
1994-04-16,0.3897,0.3875,0.351
1994-04-17,0.4072,0.392,0.3521
1994-04-18,0.406,0.3999,0.3544
1994-04-19,0.3867,0.3933,0.3563
1994-04-20,0.3808,0.3854,0.357
1994-04-21,0.3829,0.3804,0.357
1994-04-22,0.3802,0.3786,0.3565
1994-04-23,0.3644,0.3725,0.3555
1994-04-24,0.3784,0.3744,0.3545
1994-04-25,0.4236,0.4265,0.3737
1994-04-26,0.3982,0.4095,0.3822
1994-04-27,0.3892,0.3991,0.3839
1994-04-28,0.3787,0.391,0.3836
1994-04-29,0.3666,0.3816,0.3823
1994-04-30,0.356,0.3723,0.3803
1994-05-01,0.3476,0.3641,0.3782
1994-05-02,0.3384,0.3561,0.376
1994-05-03,0.3292,0.348,0.3734
1994-05-04,0.3921,0.3718,0.372
1994-05-05,0.3859,0.3893,0.372
1994-05-06,0.3736,0.3831,0.3717
1994-05-07,0.3627,0.3758,0.3705
1994-05-08,0.3941,0.3771,0.3693
1994-05-09,0.4204,0.4101,0.3714
1994-05-10,0.3968,0.4057,0.3752
1994-05-11,0.3806,0.3936,0.3762
1994-05-12,0.4135,0.402,0.3767
1994-05-13,0.394,0.402,0.3789
1994-05-14,0.4054,0.4112,0.3833
1994-05-15,0.3864,0.4025,0.3883
1994-05-16,0.3736,0.3895,0.3875
1994-05-17,0.3684,0.3802,0.3862
1994-05-18,0.4046,0.3895,0.3853
1994-05-19,0.3973,0.4033,0.3868
1994-05-20,0.408,0.4022,0.3873
1994-05-21,0.4042,0.4016,0.388
1994-05-22,0.4043,0.4089,0.3897
1994-05-23,0.4,0.4004,0.3902
1994-05-24,0.4061,0.4059,0.3909
1994-05-25,0.3952,0.4082,0.3933
1994-05-26,0.404,0.4035,0.3936
1994-05-27,0.3872,0.3983,0.3935
1994-05-28,0.3817,0.3889,0.3924
1994-05-29,0.3947,0.3869,0.391
1994-05-30,0.3936,0.39,0.3903
1994-05-31,0.3793,0.3863,0.389
1994-06-01,0.3616,0.3765,0.3869
1994-06-02,0.3698,0.369,0.3848
1994-06-03,0.3746,0.3708,0.3831
1994-06-04,0.3605,0.366,0.3814
1994-06-05,0.3555,0.3619,0.3799
1994-06-06,0.3445,0.3562,0.378
1994-06-07,0.335,0.3498,0.376
1994-06-08,0.348,0.3507,0.3731
1994-06-09,0.3991,0.3995,0.3728
1994-06-10,0.3818,0.3906,0.373
1994-06-11,0.3798,0.3842,0.373
1994-06-12,0.3765,0.3797,0.3725
1994-06-13,0.368,0.3754,0.3716
1994-06-14,0.355,0.3682,0.37
1994-06-15,0.3422,0.3594,0.368
1994-06-16,0.3299,0.3499,0.3655
1994-06-17,0.318,0.3404,0.3627
1994-06-18,0.3071,0.3312,0.3598
1994-06-19,0.341,0.3306,0.357
1994-06-20,0.3813,0.3593,0.3555
1994-06-21,0.3625,0.3593,0.3543
1994-06-22,0.3463,0.3537,0.3522
1994-06-23,0.3303,0.3454,0.3501
1994-06-24,0.316,0.3364,0.3476
1994-06-25,0.3065,0.3275,0.345
1994-06-26,0.3556,0.3305,0.3428
1994-06-27,0.4054,0.3955,0.3438
1994-06-28,0.3814,0.3886,0.3455
1994-06-29,0.3629,0.3762,0.3455
1994-06-30,0.3476,0.3644,0.344
1994-07-01,0.3352,0.3533,0.3421
1994-07-02,0.3241,0.3432,0.34
1994-07-03,0.3088,0.333,0.3375
1994-07-04,0.3087,0.324,0.335
1994-07-05,0.3125,0.3187,0.333
1994-07-06,0.2986,0.3129,0.3309
1994-07-07,0.2875,0.3071,0.3288
1994-07-08,0.2793,0.3019,0.3268
1994-07-09,0.2733,0.297,0.325
1994-07-10,0.2637,0.2912,0.3227
1994-07-11,0.2534,0.2848,0.3201
1994-07-12,0.2436,0.2784,0.3175
1994-07-13,0.235,0.2725,0.315
1994-07-14,0.2869,0.269,0.3129
1994-07-15,0.3403,0.2781,0.3112
1994-07-16,0.3062,0.2792,0.3091
1994-07-17,0.2829,0.2757,0.307
1994-07-18,0.2914,0.2726,0.3048
1994-07-19,0.3388,0.2764,0.3036
1994-07-20,0.3502,0.2915,0.3027
1994-07-21,0.3225,0.2945,0.3015
1994-07-22,0.3041,0.2923,0.3002
1994-07-23,0.29,0.2882,0.2985
1994-07-24,0.2813,0.2837,0.297
1994-07-25,0.295,0.2795,0.2955
1994-07-26,0.3313,0.2822,0.294
1994-07-27,0.3051,0.2818,0.2925
1994-07-28,0.316,0.2797,0.291
1994-07-29,0.3494,0.2865,0.2896
1994-07-30,0.3812,0.3232,0.289
1994-07-31,0.3615,0.3296,0.2885
1994-08-01,0.3869,0.3515,0.2884
1994-08-02,0.3558,0.3504,0.2888
1994-08-03,0.3337,0.3409,0.2885
1994-08-04,0.3145,0.3303,0.2875
1994-08-05,0.2979,0.32,0.2865
1994-08-06,0.2982,0.3108,0.2855
1994-08-07,0.3161,0.306,0.2844
1994-08-08,0.3578,0.3088,0.2835
1994-08-09,0.352,0.3209,0.2826
1994-08-10,0.3792,0.3274,0.282
1994-08-11,0.3559,0.3358,0.2823
1994-08-12,0.3334,0.3311,0.2821
1994-08-13,0.3205,0.3248,0.282
1994-08-14,0.3107,0.3183,0.2815
1994-08-15,0.2972,0.3112,0.2805
1994-08-16,0.2859,0.304,0.2795
1994-08-17,0.2972,0.2987,0.2787
1994-08-18,0.2961,0.2953,0.2781
1994-08-19,0.2859,0.2911,0.2775
1994-08-20,0.272,0.2854,0.2765
1994-08-21,0.2608,0.2796,0.275
1994-08-22,0.2508,0.2738,0.2736
1994-08-23,0.2473,0.269,0.2726
1994-08-24,0.2548,0.2661,0.272
1994-08-25,0.2544,0.2633,0.2714
1994-08-26,0.2647,0.2616,0.271
1994-08-27,0.2574,0.2591,0.2701
1994-08-28,0.2476,0.2555,0.2687
1994-08-29,0.2413,0.2525,0.268
1994-08-30,0.2626,0.2497,0.2674
1994-08-31,0.3377,0.2546,0.2666
1994-09-01,0.3699,0.297,0.266
1994-09-02,0.3479,0.3054,0.266
1994-09-03,0.329,0.3068,0.266
1994-09-04,0.3104,0.3032,0.2656
1994-09-05,0.297,0.299,0.2652
1994-09-06,0.2855,0.2938,0.2646
1994-09-07,0.2881,0.2889,0.264
1994-09-08,0.412,0.3892,0.2825
1994-09-09,0.3845,0.3946,0.3069
1994-09-10,0.3794,0.3813,0.3097
1994-09-11,0.378,0.3725,0.3111
1994-09-12,0.3949,0.3788,0.3125
1994-09-13,0.4173,0.417,0.3249
1994-09-14,0.4214,0.4263,0.3641
1994-09-15,0.4117,0.4145,0.3813
1994-09-16,0.4178,0.4173,0.386
1994-09-17,0.4056,0.4159,0.3951
1994-09-18,0.4031,0.4066,0.3968
1994-09-19,0.3953,0.403,0.397
1994-09-20,0.4075,0.4027,0.397
1994-09-21,0.4144,0.4128,0.3982
1994-09-22,0.4187,0.4231,0.4025
1994-09-23,0.4165,0.4195,0.4068
1994-09-24,0.4075,0.417,0.4119
1994-09-25,0.3891,0.4041,0.4103
1994-09-26,0.3814,0.3933,0.4082
1994-09-27,0.3765,0.3855,0.406
1994-09-28,0.3709,0.3795,0.4038
1994-09-29,0.3647,0.3739,0.4015
1994-09-30,0.4074,0.4,0.4
1994-10-01,0.401,0.4025,0.3998
1994-10-02,0.3963,0.4014,0.3994
1994-10-03,0.3936,0.3975,0.3985
1994-10-04,0.3905,0.3943,0.3975
1994-10-05,0.3793,0.3894,0.3965
1994-10-06,0.3705,0.3828,0.3954
1994-10-07,0.3649,0.3766,0.3937
1994-10-08,0.3596,0.3713,0.3925
1994-10-09,0.3543,0.366,0.3907
1994-10-10,0.3633,0.3625,0.3894
1994-10-11,0.403,0.3762,0.3883
1994-10-12,0.3905,0.3858,0.388
1994-10-13,0.3774,0.3841,0.3874
1994-10-14,0.368,0.3788,0.3865
1994-10-15,0.36,0.3728,0.3854
1994-10-16,0.3542,0.367,0.3838
1994-10-17,0.352,0.3628,0.3829
1994-10-18,0.3492,0.3595,0.3817
1994-10-19,0.3621,0.3577,0.3806
1994-10-20,0.4207,0.4005,0.3823
1994-10-21,0.4192,0.4271,0.4128
1994-10-22,0.4036,0.4144,0.4157
1994-10-23,0.4161,0.4243,0.4173
1994-10-24,0.3965,0.411,0.4168
1994-10-25,0.3865,0.3988,0.4148
1994-10-26,0.3798,0.3898,0.4123
1994-10-27,0.3729,0.3824,0.41
1994-10-28,0.415,0.4156,0.4131
1994-10-29,0.3994,0.4134,0.4165
1994-10-30,0.3889,0.4016,0.4147
1994-10-31,0.3806,0.3919,0.4127
1994-11-01,0.376,0.3845,0.4106
1994-11-02,0.3715,0.3792,0.4085
1994-11-03,0.366,0.3742,0.4063
1994-11-04,0.3856,0.3738,0.4044
1994-11-05,0.4155,0.4065,0.4058
1994-11-06,0.4104,0.4207,0.4189
1994-11-07,0.4051,0.4119,0.4178
1994-11-08,0.41,0.4203,0.418
1994-11-09,0.4076,0.4132,0.4175
1994-11-10,0.4092,0.4191,0.4181
1994-11-11,0.4207,0.4225,0.4186
1994-11-12,0.4037,0.414,0.4186
1994-11-13,0.4033,0.4065,0.4175
1994-11-14,0.3915,0.3995,0.416
1994-11-15,0.3817,0.391,0.4142
1994-11-16,0.3958,0.3886,0.4123
1994-11-17,0.3939,0.3887,0.4107
1994-11-18,0.3975,0.3891,0.4095
1994-11-19,0.422,0.4136,0.4094
1994-11-20,0.3999,0.4126,0.411
1994-11-21,0.3903,0.4031,0.4105
1994-11-22,0.3838,0.395,0.4096
1994-11-23,0.3782,0.3882,0.4085
1994-11-24,0.3733,0.3824,0.407
1994-11-25,0.3695,0.3778,0.4055
1994-11-26,0.3659,0.3738,0.4037
1994-11-27,0.3682,0.371,0.4019
1994-11-28,0.3715,0.3706,0.4
1994-11-29,0.3643,0.3689,0.3981
1994-11-30,0.3601,0.3664,0.396
1995-04-01,0.375,0.3702,0.356
1995-04-02,0.3754,0.3704,0.355
1995-04-03,0.3632,0.3667,0.3535
1995-04-04,0.3521,0.361,0.3516
1995-04-05,0.3476,0.3555,0.3497
1995-04-06,0.3484,0.3518,0.348
1995-04-07,0.3402,0.3485,0.3463
1995-04-08,0.336,0.3445,0.3445
1995-04-09,0.3282,0.3402,0.3426
1995-04-10,0.321,0.3353,0.3406
1995-04-11,0.3145,0.3302,0.3384
1995-04-12,0.308,0.3252,0.3363
1995-04-13,0.3026,0.3206,0.3345
1995-04-14,0.2978,0.3166,0.3325
1995-04-15,0.2921,0.3122,0.3305
1995-04-16,0.3283,0.3108,0.3287
1995-04-17,0.3305,0.3128,0.3275
1995-04-18,0.3181,0.3121,0.3259
1995-04-19,0.3558,0.3153,0.3244
1995-04-20,0.3627,0.3325,0.3235
1995-04-21,0.3877,0.3453,0.3223
1995-04-22,0.4175,0.4137,0.3283
1995-04-23,0.4183,0.4189,0.3425
1995-04-24,0.4276,0.4259,0.3706
1995-04-25,0.4277,0.4243,0.3814
1995-04-26,0.4218,0.4227,0.3935
1995-04-27,0.4132,0.415,0.3987
1995-04-28,0.4013,0.4096,0.4008
1995-04-29,0.4022,0.4037,0.4005
1995-04-30,0.4071,0.4095,0.401
1995-05-01,0.3898,0.4019,0.4007
1995-05-02,0.3758,0.3912,0.3995
1995-05-03,0.363,0.3798,0.3972
1995-05-04,0.3507,0.3688,0.3948
1995-05-05,0.3399,0.3589,0.3919
1995-05-06,0.3289,0.3496,0.3887
1995-05-07,0.3183,0.3409,0.3855
1995-05-08,0.3114,0.334,0.382
1995-05-09,0.307,0.328,0.3787
1995-05-10,0.3006,0.3228,0.3755
1995-05-11,0.3117,0.3183,0.3723
1995-05-12,0.4105,0.3467,0.3702
1995-05-13,0.4088,0.3848,0.37
1995-05-14,0.405,0.3985,0.3707
1995-05-15,0.3954,0.394,0.3711
1995-05-16,0.4065,0.3972,0.372
1995-05-17,0.3935,0.3954,0.373
1995-05-18,0.4068,0.3995,0.3733
1995-05-19,0.3938,0.4043,0.3759
1995-05-20,0.3801,0.3927,0.3765
1995-05-21,0.3684,0.3827,0.3755
1995-05-22,0.3571,0.3734,0.374
1995-05-23,0.3447,0.3635,0.3717
1995-05-24,0.3334,0.354,0.369
1995-05-25,0.3381,0.346,0.3668
1995-05-26,0.4152,0.3777,0.3653
1995-05-27,0.3869,0.3905,0.3658
1995-05-28,0.3664,0.3798,0.365
1995-05-29,0.3862,0.3819,0.364
1995-05-30,0.4105,0.4069,0.3664
1995-05-31,0.4227,0.4192,0.3742
1995-06-01,0.4154,0.4238,0.3968
1995-06-02,0.398,0.4078,0.4
1995-06-03,0.3937,0.3995,0.3995
1995-06-04,0.3967,0.3973,0.3985
1995-06-05,0.3835,0.3913,0.3971
1995-06-06,0.3745,0.3842,0.3956
1995-06-07,0.3646,0.3768,0.3941
1995-06-08,0.3647,0.3692,0.392
1995-06-09,0.3823,0.3714,0.3903
1995-06-10,0.3873,0.3716,0.3886
1995-06-11,0.3985,0.3829,0.3878
1995-06-12,0.3921,0.3868,0.3867
1995-06-13,0.3919,0.3875,0.386
1995-06-14,0.3805,0.385,0.3854
1995-06-15,0.37,0.379,0.3836
1995-06-16,0.3607,0.3724,0.3822
1995-06-17,0.3495,0.3643,0.3801
1995-06-18,0.3495,0.3582,0.3785
1995-06-19,0.3469,0.3543,0.3769
1995-06-20,0.3324,0.3468,0.374
1995-06-21,0.3622,0.3491,0.3715
1995-06-22,0.3884,0.3796,0.3701
1995-06-23,0.365,0.3743,0.3686
1995-06-24,0.356,0.3674,0.3673
1995-06-25,0.3476,0.3607,0.3653
1995-06-26,0.3348,0.3522,0.3631
1995-06-27,0.323,0.3431,0.3605
1995-06-28,0.3691,0.3409,0.3581
1995-06-29,0.3664,0.3513,0.3561
1995-06-30,0.351,0.3466,0.3539
1995-07-01,0.3497,0.3432,0.3513
1995-07-02,0.3399,0.337,0.3487
1995-07-03,0.3849,0.3595,0.3466
1995-07-04,0.381,0.3651,0.3457
1995-07-05,0.3697,0.364,0.345
1995-07-06,0.355,0.3593,0.344
1995-07-07,0.3399,0.3515,0.3422
1995-07-08,0.3261,0.3429,0.3401
1995-07-09,0.3108,0.3331,0.3377
1995-07-10,0.3032,0.3241,0.335
1995-07-11,0.349,0.3274,0.3334
1995-07-12,0.3629,0.3524,0.3325
1995-07-13,0.3475,0.3475,0.331
1995-07-14,0.3739,0.3575,0.33
1995-07-15,0.3898,0.3856,0.3309
1995-07-16,0.3699,0.3758,0.3318
1995-07-17,0.3536,0.3654,0.3315
1995-07-18,0.3383,0.3547,0.3301
1995-07-19,0.3245,0.3442,0.3282
1995-07-20,0.3109,0.3339,0.3262
1995-07-21,0.2958,0.3236,0.324
1995-07-22,0.342,0.3212,0.3224
1995-07-23,0.363,0.3354,0.3215
1995-07-24,0.3369,0.3332,0.3201
1995-07-25,0.3172,0.3262,0.3181
1995-07-26,0.2981,0.3178,0.3161
1995-07-27,0.3024,0.3118,0.3146
1995-07-28,0.2973,0.3073,0.3131
1995-07-29,0.2841,0.3013,0.3112
1995-07-30,0.2727,0.2952,0.3095
1995-07-31,0.2697,0.29,0.3078
1995-08-01,0.2787,0.2857,0.3061
1995-08-02,0.2693,0.2808,0.3042
1995-08-03,0.2564,0.2756,0.3021
1995-08-04,0.2435,0.2701,0.3001
1995-08-05,0.2833,0.2695,0.2982
1995-08-06,0.3854,0.3195,0.2971
1995-08-07,0.4148,0.3957,0.3003
1995-08-08,0.4135,0.4064,0.3077
1995-08-09,0.3998,0.3995,0.3147
1995-08-10,0.3791,0.386,0.3178
1995-08-11,0.3783,0.3757,0.319
1995-08-12,0.3649,0.3678,0.3195
1995-08-13,0.3522,0.3595,0.3194
1995-08-14,0.3459,0.3522,0.319
1995-08-15,0.3386,0.3461,0.3186
1995-08-16,0.3271,0.3394,0.3176
1995-08-17,0.3137,0.3312,0.3165
1995-08-18,0.3055,0.324,0.3154
1995-08-19,0.2985,0.3174,0.3137
1995-08-20,0.2982,0.3114,0.3125
1995-08-21,0.3461,0.3252,0.3114
1995-08-22,0.3837,0.374,0.3122
1995-08-23,0.391,0.3871,0.3143
1995-08-24,0.4042,0.3919,0.3175
1995-08-25,0.3823,0.3852,0.3202
1995-08-26,0.3835,0.3779,0.3218
1995-08-27,0.3682,0.3718,0.323
1995-08-28,0.365,0.3653,0.323
1995-08-29,0.3549,0.3595,0.3235
1995-08-30,0.3508,0.354,0.3234
1995-08-31,0.3414,0.3486,0.323
1995-09-01,0.3362,0.3431,0.3225
1995-09-02,0.3285,0.3379,0.3216
1995-09-03,0.3227,0.3326,0.3208
1995-09-04,0.3177,0.3278,0.3198
1995-09-05,0.3094,0.3228,0.3187
1995-09-06,0.3032,0.318,0.3177
1995-09-07,0.3633,0.3258,0.317
1995-09-08,0.3858,0.346,0.317
1995-09-09,0.3693,0.3562,0.317
1995-09-10,0.3517,0.3517,0.317
1995-09-11,0.3833,0.3523,0.317
1995-09-12,0.422,0.3917,0.3187
1995-09-13,0.4255,0.4253,0.3427
1995-09-14,0.3985,0.408,0.3576
1995-09-15,0.3849,0.394,0.3602
1995-09-16,0.3799,0.386,0.3613
1995-09-17,0.375,0.3802,0.362
1995-09-18,0.3938,0.3819,0.362
1995-09-19,0.4254,0.4196,0.3714
1995-09-20,0.4207,0.4231,0.3852
1995-09-21,0.4059,0.415,0.3923
1995-09-22,0.3945,0.4049,0.394
1995-09-23,0.3836,0.3966,0.394
1995-09-24,0.379,0.3891,0.3933
1995-09-25,0.4088,0.3953,0.3922
1995-09-26,0.3899,0.397,0.3925
1995-09-27,0.3794,0.3904,0.3915
1995-09-28,0.3765,0.3846,0.3905
1995-09-29,0.3675,0.3788,0.3895
1995-09-30,0.3605,0.3728,0.388
1995-10-01,0.3565,0.3675,0.3865
1995-10-02,0.3535,0.3632,0.3855
1995-10-03,0.3525,0.3593,0.3837
1995-10-04,0.3533,0.357,0.3825
1995-10-05,0.3978,0.3906,0.3853
1995-10-06,0.4196,0.422,0.3997
1995-10-07,0.3961,0.4098,0.4023
1995-10-08,0.3846,0.399,0.4015
1995-10-09,0.376,0.3897,0.4002
1995-10-10,0.3685,0.3815,0.3985
1995-10-11,0.3621,0.3745,0.3965
1995-10-12,0.3558,0.3683,0.3946
1995-10-13,0.3502,0.3628,0.3927
1995-10-14,0.3491,0.3584,0.3908
1995-10-15,0.3658,0.3579,0.3895
1995-10-16,0.3668,0.3609,0.3884
1995-10-17,0.3575,0.3599,0.3869
1995-10-18,0.3625,0.3575,0.3855
1995-10-19,0.3936,0.3729,0.3845
1995-10-20,0.3731,0.3751,0.3839
1995-10-21,0.3645,0.3721,0.383
1995-10-22,0.3585,0.3683,0.3824
1995-10-23,0.3537,0.3643,0.3815
1995-10-24,0.3485,0.3602,0.3804
1995-10-25,0.3611,0.3578,0.3794
1995-10-26,0.3614,0.359,0.3785
1995-10-27,0.3562,0.3575,0.3777
1995-10-28,0.3562,0.3565,0.377
1995-10-29,0.3642,0.3563,0.376
1995-10-30,0.3838,0.3617,0.3756
1995-10-31,0.3801,0.3715,0.375
1995-11-01,0.3693,0.3716,0.375
1995-11-02,0.3698,0.3705,0.3749
1995-11-03,0.3666,0.3694,0.374
1995-11-04,0.3749,0.3698,0.374
1995-11-05,0.365,0.369,0.3736
1995-11-06,0.3591,0.3665,0.373
1995-11-07,0.3551,0.3638,0.3726
1995-11-08,0.3515,0.3608,0.372
1995-11-09,0.3494,0.3582,0.3715
1995-11-10,0.3482,0.3561,0.371
1995-11-11,0.3472,0.354,0.3702
1995-11-12,0.346,0.351,0.3693
1995-11-13,0.3918,0.38,0.369
1995-11-14,0.3873,0.3834,0.3696
1995-11-15,0.3763,0.3814,0.37
1995-11-16,0.3836,0.3798,0.37
1995-11-17,0.388,0.3811,0.371
1995-11-18,0.3874,0.3845,0.371
1995-11-19,0.3761,0.3822,0.372
1995-11-20,0.3709,0.3787,0.372
1995-11-21,0.3679,0.3757,0.372
1995-11-22,0.4065,0.3879,0.3722
1995-11-23,0.398,0.4027,0.3749
1995-11-24,0.3866,0.3958,0.3768
1995-11-25,0.3786,0.3894,0.378
1995-11-26,0.3847,0.3866,0.378
1995-11-27,0.4221,0.4242,0.3891
1995-11-28,0.4071,0.4134,0.3958
1995-11-29,0.4025,0.4072,0.3977
1995-11-30,0.3996,0.4036,0.398
1996-04-01,0.3873,0.3777,0.3783
1996-04-02,0.3901,0.3878,0.3775
1996-04-03,0.3788,0.3845,0.3766
1996-04-04,0.3725,0.3807,0.3756
1996-04-05,0.3759,0.3771,0.3744
1996-04-06,0.3757,0.3746,0.3725
1996-04-07,0.3685,0.3712,0.3706
1996-04-08,0.36,0.3669,0.3685
1996-04-09,0.3527,0.3622,0.3665
1996-04-10,0.3455,0.3572,0.3644
1996-04-11,0.3542,0.3536,0.3625
1996-04-12,0.3516,0.3522,0.3607
1996-04-13,0.3435,0.3486,0.3585
1996-04-14,0.3518,0.3472,0.3568
1996-04-15,0.3437,0.3452,0.355
1996-04-16,0.3309,0.3405,0.3525
1996-04-17,0.3701,0.343,0.3506
1996-04-18,0.3787,0.3591,0.3496
1996-04-19,0.3576,0.3583,0.3481
1996-04-20,0.3405,0.3518,0.346
1996-04-21,0.329,0.3445,0.3439
1996-04-22,0.3406,0.3387,0.3416
1996-04-23,0.4002,0.365,0.3406
1996-04-24,0.3942,0.3966,0.3426
1996-04-25,0.3761,0.3855,0.3436
1996-04-26,0.3642,0.3757,0.3435
1996-04-27,0.3609,0.3679,0.3426
1996-04-28,0.3758,0.3648,0.342
1996-04-29,0.4105,0.3877,0.3424
1996-04-30,0.4184,0.4134,0.3475
1996-05-01,0.4165,0.417,0.3543
1996-05-02,0.4103,0.4192,0.3678
1996-05-03,0.4034,0.4081,0.3773
1996-05-04,0.39,0.3985,0.3789
1996-05-05,0.3787,0.3892,0.3785
1996-05-06,0.3663,0.3802,0.3771
1996-05-07,0.3676,0.3731,0.3755
1996-05-08,0.3731,0.3708,0.3743
1996-05-09,0.4071,0.3857,0.3736
1996-05-10,0.3898,0.3939,0.374
1996-05-11,0.3765,0.387,0.3744
1996-05-12,0.3816,0.3817,0.374
1996-05-13,0.4005,0.3885,0.374
1996-05-14,0.3851,0.3885,0.374
1996-05-15,0.3725,0.3824,0.3735
1996-05-16,0.3606,0.3744,0.3721
1996-05-17,0.3774,0.3699,0.3702
1996-05-18,0.3742,0.3683,0.3685
1996-05-19,0.4201,0.4116,0.372
1996-05-20,0.3997,0.4112,0.3809
1996-05-21,0.3876,0.3973,0.382
1996-05-22,0.3788,0.3887,0.3816
1996-05-23,0.3684,0.3804,0.3805
1996-05-24,0.3611,0.3725,0.3787
1996-05-25,0.3761,0.3684,0.3766
1996-05-26,0.3907,0.3848,0.3756
1996-05-27,0.3763,0.3797,0.3745
1996-05-28,0.3793,0.3771,0.3735
1996-05-29,0.3611,0.3713,0.3719
1996-05-30,0.3448,0.3617,0.3692
1996-05-31,0.3299,0.3512,0.3665
1996-06-01,0.3957,0.3728,0.365
1996-06-02,0.4269,0.4278,0.3773
1996-06-03,0.4122,0.4191,0.3983
1996-06-04,0.3925,0.406,0.4
1996-06-05,0.3776,0.3938,0.3989
1996-06-06,0.3629,0.3807,0.3962
1996-06-07,0.3487,0.3685,0.3935
1996-06-08,0.3633,0.3653,0.3905
1996-06-09,0.3985,0.3954,0.3894
1996-06-10,0.3835,0.3889,0.3881
1996-06-11,0.376,0.3823,0.3862
1996-06-12,0.3621,0.3733,0.3843
1996-06-13,0.3536,0.3658,0.3824
1996-06-14,0.3392,0.3569,0.3801
1996-06-15,0.3262,0.3473,0.3772
1996-06-16,0.3145,0.338,0.3741
1996-06-17,0.3029,0.3292,0.3707
1996-06-18,0.2943,0.3215,0.3675
1996-06-19,0.2858,0.3146,0.3642
1996-06-20,0.2798,0.3082,0.3609
1996-06-21,0.3578,0.3227,0.3586
1996-06-22,0.3911,0.3634,0.3575
1996-06-23,0.3858,0.372,0.3565
1996-06-24,0.3887,0.388,0.357
1996-06-25,0.3765,0.3818,0.357
1996-06-26,0.3673,0.375,0.3567
1996-06-27,0.3546,0.3671,0.3556
1996-06-28,0.3412,0.3578,0.354
1996-06-29,0.3302,0.349,0.3519
1996-06-30,0.3193,0.3404,0.3495
1996-07-01,0.3135,0.3338,0.3476
1996-07-02,0.3202,0.3296,0.3464
1996-07-03,0.3182,0.3255,0.3442
1996-07-04,0.3207,0.3214,0.3425
1996-07-05,0.3818,0.3413,0.3411
1996-07-06,0.3791,0.373,0.3412
1996-07-07,0.4047,0.3957,0.345
1996-07-08,0.4165,0.4192,0.3715
1996-07-09,0.4009,0.4067,0.3765
1996-07-10,0.3873,0.3964,0.378
1996-07-11,0.3787,0.3888,0.3785
1996-07-12,0.3643,0.3793,0.3775
1996-07-13,0.3532,0.3697,0.3759
1996-07-14,0.3417,0.3602,0.3738
1996-07-15,0.3298,0.3504,0.3711
1996-07-16,0.3203,0.3418,0.369
1996-07-17,0.3109,0.3339,0.3664
1996-07-18,0.2998,0.3256,0.3635
1996-07-19,0.2888,0.3178,0.3605
1996-07-20,0.2789,0.3106,0.3574
1996-07-21,0.27,0.3038,0.3542
1996-07-22,0.2616,0.2973,0.3509
1996-07-23,0.2549,0.2915,0.3477
1996-07-24,0.3755,0.3277,0.3455
1996-07-25,0.365,0.3479,0.3442
1996-07-26,0.3399,0.3432,0.3421
1996-07-27,0.3408,0.3376,0.3405
1996-07-28,0.3414,0.3353,0.339
1996-07-29,0.3266,0.3303,0.337
1996-07-30,0.3207,0.3253,0.3352
1996-07-31,0.308,0.3199,0.3331
1996-08-01,0.3028,0.3135,0.331
1996-08-02,0.3283,0.31,0.3291
1996-08-03,0.3494,0.3158,0.3275
1996-08-04,0.3232,0.3143,0.3259
1996-08-05,0.3406,0.3132,0.3244
1996-08-06,0.3708,0.3228,0.3235
1996-08-07,0.3927,0.3582,0.323
1996-08-08,0.3616,0.359,0.3228
1996-08-09,0.3427,0.3511,0.3223
1996-08-10,0.3511,0.3441,0.3214
1996-08-11,0.3789,0.3514,0.3205
1996-08-12,0.355,0.3507,0.32
1996-08-13,0.3432,0.3457,0.3195
1996-08-14,0.3364,0.341,0.319
1996-08-15,0.3316,0.3368,0.3185
1996-08-16,0.321,0.3311,0.3175
1996-08-17,0.3086,0.3241,0.316
1996-08-18,0.2979,0.317,0.3145
1996-08-19,0.287,0.3099,0.3128
1996-08-20,0.2777,0.3031,0.311
1996-08-21,0.2912,0.298,0.3095
1996-08-22,0.3519,0.3019,0.3086
1996-08-23,0.3301,0.3054,0.3075
1996-08-24,0.313,0.3037,0.3065
1996-08-25,0.3002,0.3006,0.3054
1996-08-26,0.3009,0.2985,0.3045
1996-08-27,0.3472,0.3027,0.304
1996-08-28,0.3635,0.3223,0.3037
1996-08-29,0.3414,0.3247,0.303
1996-08-30,0.3298,0.3227,0.3026
1996-08-31,0.3211,0.3198,0.302
1996-09-01,0.3115,0.3162,0.3015
1996-09-02,0.3075,0.313,0.301
1996-09-03,0.3065,0.3105,0.3005
1996-09-04,0.3012,0.3078,0.3
1996-09-05,0.2962,0.3046,0.2994
1996-09-06,0.2882,0.3007,0.2985
1996-09-07,0.2787,0.2959,0.2974
1996-09-08,0.2709,0.2912,0.2961
1996-09-09,0.2645,0.287,0.2949
1996-09-10,0.2592,0.283,0.2937
1996-09-11,0.254,0.2789,0.2927
1996-09-12,0.2492,0.2751,0.2917
1996-09-13,0.2523,0.2721,0.291
1996-09-14,0.2517,0.2701,0.2905
1996-09-15,0.2485,0.268,0.2896
1996-09-16,0.2441,0.2654,0.2886
1996-09-17,0.2403,0.2625,0.2876
1996-09-18,0.2489,0.2605,0.287
1996-09-19,0.3438,0.2648,0.287
1996-09-20,0.3613,0.2908,0.2865
1996-09-21,0.3707,0.3055,0.286
1996-09-22,0.3843,0.3474,0.2866
1996-09-23,0.3601,0.35,0.2877
1996-09-24,0.3494,0.3465,0.2881
1996-09-25,0.3828,0.3509,0.2892
1996-09-26,0.377,0.3616,0.2906
1996-09-27,0.3783,0.3614,0.2921
1996-09-28,0.3709,0.3621,0.2937
1996-09-29,0.3555,0.3566,0.2945
1996-09-30,0.3438,0.3497,0.295
1996-10-01,0.3672,0.3575,0.2955
1996-10-02,0.3729,0.3707,0.2975
1996-10-03,0.3615,0.3642,0.2989
1996-10-04,0.352,0.3574,0.3
1996-10-05,0.3544,0.3523,0.3008
1996-10-06,0.3532,0.3496,0.3013
1996-10-07,0.3492,0.3475,0.302
1996-10-08,0.3585,0.346,0.3029
1996-10-09,0.363,0.3487,0.3034
1996-10-10,0.3541,0.3476,0.304
1996-10-11,0.3482,0.3456,0.3045
1996-10-12,0.3402,0.3423,0.305
1996-10-13,0.3317,0.3382,0.305
1996-10-14,0.346,0.3353,0.305
1996-10-15,0.428,0.3877,0.3065
1996-10-16,0.417,0.4133,0.3165
1996-10-17,0.3987,0.3997,0.3237
1996-10-18,0.3851,0.3896,0.3274
1996-10-19,0.3787,0.3814,0.3296
1996-10-20,0.3715,0.3755,0.3311
1996-10-21,0.366,0.3704,0.3323
1996-10-22,0.3626,0.3663,0.333
1996-10-23,0.3551,0.3616,0.3333
1996-10-24,0.3492,0.357,0.3338
1996-10-25,0.3464,0.353,0.334
1996-10-26,0.3563,0.351,0.334
1996-10-27,0.3495,0.35,0.3339
1996-10-28,0.3427,0.3471,0.3335
1996-10-29,0.3396,0.3443,0.333
1996-10-30,0.3458,0.343,0.333
1996-10-31,0.3399,0.3419,0.333
1996-11-01,0.3378,0.34,0.333
1996-11-02,0.337,0.3389,0.3326
1996-11-03,0.333,0.3372,0.332
1996-11-04,0.3295,0.3353,0.332
1996-11-05,0.3861,0.3606,0.332
1996-11-06,0.3711,0.3683,0.3329
1996-11-07,0.3647,0.3652,0.3337
1996-11-08,0.3657,0.3633,0.334
1996-11-09,0.3579,0.3607,0.3349
1996-11-10,0.3548,0.3579,0.335
1996-11-11,0.3987,0.3767,0.3357
1996-11-12,0.429,0.4237,0.347
1996-11-13,0.4173,0.4267,0.4094
1996-11-14,0.4051,0.413,0.4147
1996-11-15,0.4014,0.405,0.4132
1996-11-16,0.4171,0.4102,0.4116
1996-11-17,0.4112,0.413,0.411
1996-11-18,0.4196,0.425,0.4137
1996-11-19,0.4106,0.4159,0.415
1996-11-20,0.4184,0.4183,0.415
1996-11-21,0.4031,0.4132,0.4145
1996-11-22,0.3932,0.4045,0.4131
1996-11-23,0.397,0.3983,0.4115
1996-11-24,0.3918,0.3963,0.4098
1996-11-25,0.4141,0.4086,0.4091
1996-11-26,0.4269,0.429,0.415
1996-11-27,0.416,0.4228,0.4182
1996-11-28,0.4137,0.4235,0.4206
1996-11-29,0.4085,0.4125,0.4194
1996-11-30,0.4264,0.4301,0.4289
1997-04-01,0.2768,0.2884,0.3006
1997-04-02,0.2704,0.2848,0.2995
1997-04-03,0.2644,0.2817,0.2984
1997-04-04,0.2643,0.2792,0.2971
1997-04-05,0.2611,0.277,0.2963
1997-04-06,0.2597,0.275,0.295
1997-04-07,0.2575,0.2734,0.2945
1997-04-08,0.2507,0.2699,0.293
1997-04-09,0.2438,0.2666,0.2915
1997-04-10,0.2372,0.2631,0.2902
1997-04-11,0.2309,0.2595,0.2886
1997-04-12,0.2253,0.2561,0.2875
1997-04-13,0.2212,0.2534,0.2864
1997-04-14,0.2169,0.2505,0.285
1997-04-15,0.2132,0.2474,0.2836
1997-04-16,0.2097,0.2447,0.2825
1997-04-17,0.2057,0.242,0.2815
1997-04-18,0.2022,0.2393,0.2801
1997-04-19,0.1984,0.2365,0.2786
1997-04-20,0.1995,0.2343,0.2777
1997-04-21,0.1982,0.2322,0.2766
1997-04-22,0.1946,0.2302,0.2756
1997-04-23,0.1912,0.228,0.2745
1997-04-24,0.1875,0.2255,0.2732
1997-04-25,0.1833,0.2227,0.2716
1997-04-26,0.21,0.221,0.271
1997-04-27,0.2869,0.223,0.2703
1997-04-28,0.3183,0.2296,0.27
1997-04-29,0.3075,0.237,0.2695
1997-04-30,0.3176,0.2428,0.269
1997-05-01,0.2978,0.2472,0.2685
1997-05-02,0.2765,0.2465,0.2675
1997-05-03,0.2606,0.2441,0.2661
1997-05-04,0.2765,0.2425,0.265
1997-05-05,0.3188,0.2457,0.2646
1997-05-06,0.3738,0.2675,0.264
1997-05-07,0.3661,0.2914,0.264
1997-05-08,0.365,0.3113,0.264
1997-05-09,0.3642,0.3183,0.2643
1997-05-10,0.3517,0.3245,0.265
1997-05-11,0.3313,0.3216,0.2648
1997-05-12,0.3893,0.3356,0.265
1997-05-13,0.3955,0.3595,0.2663
1997-05-14,0.3741,0.3625,0.268
1997-05-15,0.3625,0.3554,0.2692
1997-05-16,0.3507,0.3478,0.27
1997-05-17,0.3398,0.3393,0.2702
1997-05-18,0.3377,0.3331,0.2705
1997-05-19,0.3235,0.3265,0.2705
1997-05-20,0.3377,0.3215,0.27
1997-05-21,0.3292,0.3182,0.27
1997-05-22,0.3235,0.3148,0.27
1997-05-23,0.313,0.3107,0.2695
1997-05-24,0.2997,0.305,0.269
1997-05-25,0.2931,0.2994,0.2684
1997-05-26,0.2881,0.2934,0.2675
1997-05-27,0.272,0.2866,0.2665
1997-05-28,0.2581,0.2797,0.2651
1997-05-29,0.2464,0.2731,0.2637
1997-05-30,0.2357,0.2665,0.2625
1997-05-31,0.226,0.2603,0.2615
1997-06-01,0.3128,0.2645,0.261
1997-06-02,0.3785,0.3097,0.261
1997-06-03,0.3667,0.3206,0.2611
1997-06-04,0.3582,0.3286,0.2617
1997-06-05,0.3755,0.3325,0.262
1997-06-06,0.3556,0.3365,0.2629
1997-06-07,0.332,0.3301,0.2628
1997-06-08,0.3343,0.3232,0.263
1997-06-09,0.3412,0.3216,0.2625
1997-06-10,0.3174,0.3156,0.2622
1997-06-11,0.3116,0.3082,0.2615
1997-06-12,0.3245,0.3043,0.261
1997-06-13,0.3267,0.3022,0.2608
1997-06-14,0.3512,0.3048,0.2606
1997-06-15,0.3305,0.3068,0.26
1997-06-16,0.3545,0.3079,0.26
1997-06-17,0.3598,0.3237,0.26
1997-06-18,0.3337,0.3212,0.26
1997-06-19,0.3182,0.3158,0.26
1997-06-20,0.3088,0.3104,0.26
1997-06-21,0.3633,0.3185,0.26
1997-06-22,0.4007,0.3729,0.2618
1997-06-23,0.3707,0.3675,0.2644
1997-06-24,0.3593,0.3578,0.266
1997-06-25,0.3513,0.3489,0.267
1997-06-26,0.3582,0.3445,0.268
1997-06-27,0.3467,0.3405,0.269
1997-06-28,0.3428,0.3337,0.269
1997-06-29,0.3924,0.3543,0.2697
1997-06-30,0.373,0.356,0.2707
1997-07-01,0.3591,0.3519,0.272
1997-07-02,0.3601,0.345,0.2724
1997-07-03,0.419,0.4003,0.2763
1997-07-04,0.4039,0.3997,0.2838
1997-07-05,0.4176,0.4114,0.2932
1997-07-06,0.3914,0.3945,0.3004
1997-07-07,0.3742,0.3801,0.3032
1997-07-08,0.3573,0.3675,0.3043
1997-07-09,0.3419,0.3555,0.3045
1997-07-10,0.3594,0.3482,0.304
1997-07-11,0.3915,0.3687,0.3048
1997-07-12,0.3667,0.3648,0.3052
1997-07-13,0.3493,0.3556,0.3055
1997-07-14,0.346,0.3474,0.305
1997-07-15,0.3415,0.3415,0.3046
1997-07-16,0.3241,0.3335,0.3036
1997-07-17,0.3583,0.3322,0.303
1997-07-18,0.3777,0.3518,0.303
1997-07-19,0.363,0.3511,0.3038
1997-07-20,0.3503,0.3474,0.3036
1997-07-21,0.3321,0.34,0.3032
1997-07-22,0.3177,0.3314,0.3024
1997-07-23,0.3158,0.3242,0.3015
1997-07-24,0.3329,0.3195,0.3004
1997-07-25,0.3525,0.3249,0.2996
1997-07-26,0.3336,0.3237,0.2994
1997-07-27,0.3183,0.3192,0.2985
1997-07-28,0.303,0.3129,0.2975
1997-07-29,0.289,0.3058,0.296
1997-07-30,0.2765,0.2987,0.2945
1997-07-31,0.2671,0.2924,0.2932
1997-08-01,0.2587,0.2866,0.2916
1997-08-02,0.2521,0.2812,0.2906
1997-08-03,0.246,0.2762,0.2895
1997-08-04,0.2375,0.2702,0.2878
1997-08-05,0.2704,0.2657,0.2864
1997-08-06,0.3665,0.2775,0.2854
1997-08-07,0.3789,0.3122,0.2845
1997-08-08,0.3488,0.3198,0.2836
1997-08-09,0.3208,0.3152,0.2826
1997-08-10,0.3008,0.3082,0.2816
1997-08-11,0.3522,0.3244,0.281
1997-08-12,0.3563,0.3422,0.2814
1997-08-13,0.3372,0.3357,0.2811
1997-08-14,0.3249,0.3289,0.281
1997-08-15,0.3139,0.3219,0.2805
1997-08-16,0.3148,0.3154,0.2799
1997-08-17,0.3237,0.3119,0.2795
1997-08-18,0.3085,0.3074,0.2785
1997-08-19,0.2943,0.3015,0.2776
1997-08-20,0.2818,0.2956,0.2766
1997-08-21,0.2733,0.2896,0.2756
1997-08-22,0.2687,0.284,0.2746
1997-08-23,0.2578,0.2786,0.2735
1997-08-24,0.2524,0.2731,0.2725
1997-08-25,0.2502,0.2684,0.2715
1997-08-26,0.2424,0.2645,0.2705
1997-08-27,0.2556,0.2614,0.2696
1997-08-28,0.3969,0.3405,0.2698
1997-08-29,0.3697,0.3595,0.2715
1997-08-30,0.3535,0.3527,0.2728
1997-08-31,0.3377,0.344,0.2732
1997-09-01,0.3348,0.3356,0.2735
1997-09-02,0.3904,0.3482,0.2742
1997-09-03,0.3663,0.3523,0.2755
1997-09-04,0.3505,0.3478,0.2762
1997-09-05,0.3355,0.3399,0.2767
1997-09-06,0.3638,0.3392,0.277
1997-09-07,0.3693,0.3516,0.2778
1997-09-08,0.3473,0.3462,0.2781
1997-09-09,0.3326,0.3385,0.2785
1997-09-10,0.3205,0.3309,0.2785
1997-09-11,0.3095,0.3235,0.2782
1997-09-12,0.3072,0.3165,0.2779
1997-09-13,0.3907,0.3315,0.278
1997-09-14,0.358,0.3423,0.2785
1997-09-15,0.3399,0.3377,0.279
1997-09-16,0.3279,0.332,0.279
1997-09-17,0.3169,0.3255,0.2789
1997-09-18,0.3072,0.3191,0.2785
1997-09-19,0.2988,0.3129,0.278
1997-09-20,0.2913,0.3073,0.2775
1997-09-21,0.2938,0.3026,0.277
1997-09-22,0.3126,0.3001,0.277
1997-09-23,0.3244,0.3,0.2765
1997-09-24,0.3085,0.2985,0.276
1997-09-25,0.2968,0.2955,0.2755
1997-09-26,0.2868,0.2917,0.2746
1997-09-27,0.2786,0.288,0.274
1997-09-28,0.2713,0.2842,0.2735
1997-09-29,0.265,0.2805,0.273
1997-09-30,0.2591,0.2769,0.2724
1997-10-01,0.2538,0.2735,0.2715
1997-10-02,0.2488,0.2704,0.271
1997-10-03,0.244,0.2671,0.2705
1997-10-04,0.2396,0.2638,0.2696
1997-10-05,0.2357,0.2609,0.269
1997-10-06,0.2564,0.2586,0.269
1997-10-07,0.3645,0.2735,0.2685
1997-10-08,0.3334,0.286,0.268
1997-10-09,0.3132,0.2877,0.268
1997-10-10,0.3392,0.2904,0.268
1997-10-11,0.3572,0.3042,0.268
1997-10-12,0.3461,0.3098,0.268
1997-10-13,0.3539,0.3146,0.2684
1997-10-14,0.3796,0.327,0.269
1997-10-15,0.3757,0.337,0.2699
1997-10-16,0.3942,0.3562,0.2712
1997-10-17,0.3704,0.3607,0.2731
1997-10-18,0.3558,0.3553,0.2747
1997-10-19,0.3458,0.349,0.2759
1997-10-20,0.3407,0.3437,0.2769
1997-10-21,0.3445,0.34,0.2778
1997-10-22,0.347,0.3379,0.2787
1997-10-23,0.3926,0.348,0.2794
1997-10-24,0.3702,0.3563,0.2808
1997-10-25,0.3553,0.3529,0.2821
1997-10-26,0.3465,0.348,0.283
1997-10-27,0.3402,0.3434,0.284
1997-10-28,0.3353,0.3394,0.2848
1997-10-29,0.331,0.3356,0.285
1997-10-30,0.3272,0.3322,0.286
1997-10-31,0.3239,0.329,0.286
1997-11-01,0.3215,0.3261,0.2861
1997-11-02,0.319,0.3237,0.287
1997-11-03,0.3165,0.3211,0.287
1997-11-04,0.3532,0.3219,0.287
1997-11-05,0.4034,0.3525,0.2879
1997-11-06,0.4127,0.3848,0.2904
1997-11-07,0.4068,0.4036,0.2975
1997-11-08,0.3918,0.3911,0.3029
1997-11-09,0.3966,0.3868,0.3065
1997-11-10,0.3919,0.3835,0.3096
1997-11-11,0.4016,0.3915,0.3127
1997-11-12,0.417,0.4163,0.3307
1997-11-13,0.3972,0.4017,0.3383
1997-11-14,0.3842,0.3913,0.3419
1997-11-15,0.3761,0.3836,0.344
1997-11-16,0.3705,0.3776,0.3453
1997-11-17,0.3666,0.3731,0.3462
1997-11-18,0.362,0.3691,0.347
1997-11-19,0.384,0.369,0.3473
1997-11-20,0.395,0.3794,0.3484
1997-11-21,0.3807,0.3807,0.3497
1997-11-22,0.3723,0.377,0.3507
1997-11-23,0.3704,0.3737,0.3515
1997-11-24,0.366,0.371,0.352
1997-11-25,0.371,0.369,0.3523
1997-11-26,0.3707,0.3685,0.353
1997-11-27,0.3663,0.3674,0.353
1997-11-28,0.3771,0.3672,0.3531
1997-11-29,0.3836,0.3726,0.354
1997-11-30,0.3802,0.374,0.3542
1998-04-01,0.3791,0.344,0.3706
1998-04-02,0.3816,0.3664,0.37
1998-04-03,0.3713,0.3684,0.3696
1998-04-04,0.4016,0.3938,0.3697
1998-04-05,0.3868,0.3944,0.3713
1998-04-06,0.3775,0.3867,0.372
1998-04-07,0.3906,0.3927,0.3724
1998-04-08,0.385,0.3929,0.3738
1998-04-09,0.3955,0.3897,0.374
1998-04-10,0.416,0.417,0.3775
1998-04-11,0.4071,0.412,0.3835
1998-04-12,0.4133,0.4098,0.3865
1998-04-13,0.4087,0.4111,0.3899
1998-04-14,0.4014,0.4052,0.3918
1998-04-15,0.4219,0.4172,0.3965
1998-04-16,0.4076,0.4168,0.4088
1998-04-17,0.4104,0.4113,0.4086
1998-04-18,0.4097,0.4094,0.4077
1998-04-19,0.4121,0.41,0.407
1998-04-20,0.406,0.4079,0.4065
1998-04-21,0.4021,0.4066,0.4056
1998-04-22,0.3852,0.3979,0.404
1998-04-23,0.3751,0.3873,0.402
1998-04-24,0.3675,0.3793,0.4
1998-04-25,0.3617,0.3718,0.398
1998-04-26,0.3624,0.3661,0.3956
1998-04-27,0.4223,0.4052,0.3952
1998-04-28,0.417,0.4178,0.3994
1998-04-29,0.4149,0.4143,0.4019
1998-04-30,0.4245,0.4271,0.4073
1998-05-01,0.409,0.4179,0.4109
1998-05-02,0.4164,0.422,0.4124
1998-05-03,0.4052,0.4173,0.4146
1998-05-04,0.4097,0.4112,0.4137
1998-05-05,0.392,0.4041,0.4125
1998-05-06,0.3807,0.3932,0.4103
1998-05-07,0.3692,0.3826,0.4077
1998-05-08,0.3559,0.3718,0.4045
1998-05-09,0.3432,0.3617,0.4011
1998-05-10,0.3318,0.3522,0.3975
1998-05-11,0.3205,0.3434,0.3938
1998-05-12,0.3107,0.3356,0.3902
1998-05-13,0.3013,0.3283,0.3864
1998-05-14,0.3097,0.322,0.3825
1998-05-15,0.3438,0.3226,0.3789
1998-05-16,0.3227,0.321,0.3755
1998-05-17,0.3058,0.3167,0.3718
1998-05-18,0.2925,0.3118,0.3684
1998-05-19,0.2823,0.3067,0.3647
1998-05-20,0.2737,0.3016,0.3613
1998-05-21,0.2676,0.2971,0.3578
1998-05-22,0.2641,0.2935,0.3547
1998-05-23,0.2588,0.2898,0.3516
1998-05-24,0.2526,0.2856,0.3485
1998-05-25,0.2517,0.283,0.3457
1998-05-26,0.2528,0.2805,0.343
1998-05-27,0.3,0.2816,0.3405
1998-05-28,0.4174,0.4112,0.3452
1998-05-29,0.3948,0.405,0.358
1998-05-30,0.3797,0.3913,0.3594
1998-05-31,0.4118,0.4074,0.3648
1998-06-01,0.3898,0.4037,0.3729
1998-06-02,0.3813,0.3895,0.3733
1998-06-03,0.4018,0.3942,0.373
1998-06-04,0.3997,0.3953,0.3731
1998-06-05,0.3729,0.386,0.3725
1998-06-06,0.3616,0.3753,0.3708
1998-06-07,0.3875,0.3755,0.3697
1998-06-08,0.3767,0.3777,0.3687
1998-06-09,0.3596,0.3705,0.3673
1998-06-10,0.3915,0.3803,0.366
1998-06-11,0.387,0.389,0.3665
1998-06-12,0.3878,0.3847,0.3665
1998-06-13,0.3784,0.3809,0.3664
1998-06-14,0.3751,0.3762,0.3656
1998-06-15,0.3701,0.3715,0.3645
1998-06-16,0.3595,0.3662,0.3632
1998-06-17,0.345,0.3589,0.3612
1998-06-18,0.3325,0.3503,0.3591
1998-06-19,0.3205,0.3411,0.3566
1998-06-20,0.3083,0.3319,0.3537
1998-06-21,0.295,0.3225,0.3506
1998-06-22,0.2892,0.3154,0.348
1998-06-23,0.2821,0.3092,0.3455
1998-06-24,0.2723,0.3024,0.3425
1998-06-25,0.3296,0.3123,0.3399
1998-06-26,0.4174,0.4034,0.3423
1998-06-27,0.4115,0.42,0.3597
1998-06-28,0.39,0.4047,0.3715
1998-06-29,0.3736,0.3893,0.3716
1998-06-30,0.3598,0.3769,0.3705
1998-07-01,0.3776,0.3757,0.369
1998-07-02,0.4155,0.4128,0.3712
1998-07-03,0.4105,0.4209,0.3914
1998-07-04,0.3969,0.4103,0.3955
1998-07-05,0.3781,0.3953,0.3948
1998-07-06,0.3638,0.3821,0.3926
1998-07-07,0.3693,0.3729,0.3905
1998-07-08,0.3697,0.37,0.3888
1998-07-09,0.3547,0.364,0.3869
1998-07-10,0.3441,0.3572,0.3847
1998-07-11,0.339,0.3513,0.3827
1998-07-12,0.3278,0.3441,0.3801
1998-07-13,0.3297,0.337,0.3773
1998-07-14,0.3341,0.3337,0.375
1998-07-15,0.3181,0.3291,0.3722
1998-07-16,0.307,0.324,0.3696
1998-07-17,0.2971,0.3185,0.3667
1998-07-18,0.2873,0.3122,0.3637
1998-07-19,0.2766,0.306,0.3605
1998-07-20,0.2637,0.2992,0.3568
1998-07-21,0.2526,0.2927,0.3534
1998-07-22,0.2506,0.2876,0.3502
1998-07-23,0.2431,0.2826,0.3467
1998-07-24,0.2354,0.2777,0.3436
1998-07-25,0.2291,0.2731,0.3405
1998-07-26,0.2271,0.269,0.3375
1998-07-27,0.3636,0.2877,0.3353
1998-07-28,0.3589,0.3222,0.3342
1998-07-29,0.3329,0.3223,0.3324
1998-07-30,0.316,0.318,0.3305
1998-07-31,0.3127,0.3141,0.3287
1998-08-01,0.3782,0.3288,0.328
1998-08-02,0.3943,0.3622,0.328
1998-08-03,0.3764,0.3688,0.3289
1998-08-04,0.3573,0.3626,0.3285
1998-08-05,0.3413,0.3537,0.3276
1998-08-06,0.327,0.3444,0.3265
1998-08-07,0.3144,0.335,0.3249
1998-08-08,0.303,0.326,0.323
1998-08-09,0.2904,0.3172,0.321
1998-08-10,0.2788,0.3088,0.3189
1998-08-11,0.2685,0.3007,0.3165
1998-08-12,0.27,0.2937,0.3144
1998-08-13,0.2887,0.2896,0.3126
1998-08-14,0.2764,0.2857,0.311
1998-08-15,0.263,0.2806,0.309
1998-08-16,0.2536,0.2757,0.307
1998-08-17,0.2525,0.2711,0.305
1998-08-18,0.3005,0.2694,0.3035
1998-08-19,0.3274,0.2767,0.302
1998-08-20,0.3005,0.277,0.3005
1998-08-21,0.2866,0.2751,0.2991
1998-08-22,0.2875,0.2743,0.298
1998-08-23,0.2942,0.2749,0.2976
1998-08-24,0.2928,0.2745,0.2966
1998-08-25,0.2911,0.2741,0.2957
1998-08-26,0.2775,0.2717,0.2945
1998-08-27,0.2668,0.269,0.2934
1998-08-28,0.2581,0.2667,0.2924
1998-08-29,0.2492,0.2637,0.291
1998-08-30,0.2414,0.2605,0.2896
1998-08-31,0.2335,0.2567,0.2885
1998-09-01,0.2265,0.2533,0.2866
1998-09-02,0.2194,0.2497,0.2855
1998-09-03,0.3204,0.2521,0.2845
1998-09-04,0.3386,0.2662,0.2834
1998-09-05,0.3783,0.3635,0.284
1998-09-06,0.3571,0.3572,0.285
1998-09-07,0.3624,0.3505,0.286
1998-09-08,0.3678,0.3522,0.2869
1998-09-09,0.3486,0.3475,0.2873
1998-09-10,0.3579,0.3456,0.2878
1998-09-11,0.4081,0.3986,0.2912
1998-09-12,0.4036,0.3928,0.2963
1998-09-13,0.4085,0.3943,0.3006
1998-09-14,0.3955,0.3908,0.3049
1998-09-15,0.3827,0.3822,0.3079
1998-09-16,0.3809,0.3753,0.3099
1998-09-17,0.3741,0.3712,0.3114
1998-09-18,0.3619,0.365,0.3122
1998-09-19,0.3497,0.3575,0.3129
1998-09-20,0.3405,0.3504,0.3128
1998-09-21,0.333,0.3439,0.3125
1998-09-22,0.3266,0.3378,0.312
1998-09-23,0.3202,0.3323,0.3115
1998-09-24,0.348,0.3305,0.311
1998-09-25,0.3456,0.3323,0.311
1998-09-26,0.3741,0.3486,0.3111
1998-09-27,0.4106,0.407,0.316
1998-09-28,0.4017,0.3967,0.3214
1998-09-29,0.3933,0.3909,0.3251
1998-09-30,0.4189,0.4178,0.3357
1998-10-01,0.409,0.406,0.3469
1998-10-02,0.418,0.4113,0.3523
1998-10-03,0.4143,0.4152,0.3604
1998-10-04,0.4026,0.4041,0.3656
1998-10-05,0.3925,0.398,0.3685
1998-10-06,0.4157,0.4126,0.3722
1998-10-07,0.4044,0.4123,0.3795
1998-10-08,0.3993,0.4034,0.3825
1998-10-09,0.3894,0.3975,0.3839
1998-10-10,0.3855,0.3912,0.384
1998-10-11,0.3961,0.3916,0.384
1998-10-12,0.3941,0.3926,0.384
1998-10-13,0.3823,0.3896,0.384
1998-10-14,0.3736,0.3844,0.3836
1998-10-15,0.3681,0.3793,0.3829
1998-10-16,0.3627,0.3742,0.382
1998-10-17,0.3625,0.3695,0.3812
1998-10-18,0.3991,0.3834,0.3805
1998-10-19,0.3816,0.3847,0.3804
1998-10-20,0.377,0.3821,0.38
1998-10-21,0.37,0.3787,0.3796
1998-10-22,0.3642,0.3744,0.379
1998-10-23,0.3595,0.3702,0.3785
1998-10-24,0.3598,0.3665,0.3775
1998-10-25,0.381,0.3677,0.377
1998-10-26,0.3766,0.3699,0.3761
1998-10-27,0.3746,0.3716,0.3757
1998-10-28,0.3689,0.3704,0.375
1998-10-29,0.3828,0.3719,0.375
1998-10-30,0.3827,0.3784,0.3747
1998-10-31,0.3835,0.3799,0.3747
1998-11-01,0.3921,0.3815,0.375
1998-11-02,0.3892,0.3874,0.375
1998-11-03,0.3888,0.3866,0.3757
1998-11-04,0.3909,0.3869,0.376
1998-11-05,0.3801,0.3855,0.3764
1998-11-06,0.3728,0.3818,0.377
1998-11-07,0.3681,0.3779,0.3765
1998-11-08,0.3641,0.3742,0.376
1998-11-09,0.3613,0.3705,0.3755
1998-11-10,0.4125,0.3922,0.3756
1998-11-11,0.4016,0.4057,0.3787
1998-11-12,0.3965,0.3993,0.3807
1998-11-13,0.3963,0.3968,0.3822
1998-11-14,0.4167,0.4088,0.3841
1998-11-15,0.4012,0.4058,0.387
1998-11-16,0.3934,0.4005,0.3885
1998-11-17,0.3846,0.3949,0.389
1998-11-18,0.3791,0.39,0.389
1998-11-19,0.3751,0.3859,0.3887
1998-11-20,0.3717,0.382,0.388
1998-11-21,0.3689,0.3787,0.388
1998-11-22,0.3668,0.3758,0.387
1998-11-23,0.3653,0.3732,0.3868
1998-11-24,0.3636,0.3709,0.386
1998-11-25,0.3767,0.37,0.3854
1998-11-26,0.3935,0.378,0.385
1998-11-27,0.4065,0.3878,0.385
1998-11-28,0.3995,0.4,0.3858
1998-11-29,0.4225,0.4141,0.3882
1998-11-30,0.4049,0.4118,0.3926
1999-04-01,0.3669,0.38,0.375
1999-04-02,0.3706,0.3743,0.3731
1999-04-03,0.3814,0.3752,0.3715
1999-04-04,0.3821,0.3768,0.3705
1999-04-05,0.3695,0.3743,0.3687
1999-04-06,0.3595,0.369,0.3669
1999-04-07,0.374,0.3658,0.3648
1999-04-08,0.4065,0.383,0.364
1999-04-09,0.3834,0.3863,0.3636
1999-04-10,0.3701,0.3798,0.3626
1999-04-11,0.3764,0.3753,0.3617
1999-04-12,0.3898,0.376,0.361
1999-04-13,0.4039,0.3901,0.361
1999-04-14,0.3929,0.3905,0.361
1999-04-15,0.4118,0.4068,0.363
1999-04-16,0.3962,0.3992,0.3651
1999-04-17,0.3877,0.3917,0.3658
1999-04-18,0.3882,0.3862,0.3655
1999-04-19,0.3893,0.3859,0.365
1999-04-20,0.402,0.3891,0.365
1999-04-21,0.4082,0.3989,0.366
1999-04-22,0.3881,0.3941,0.367
1999-04-23,0.3931,0.3894,0.367
1999-04-24,0.3869,0.3894,0.367
1999-04-25,0.372,0.3821,0.3665
1999-04-26,0.3837,0.3778,0.3652
1999-04-27,0.411,0.391,0.3652
1999-04-28,0.3988,0.3994,0.3667
1999-04-29,0.3848,0.391,0.367
1999-04-30,0.3794,0.3831,0.3665
1999-05-01,0.3955,0.3823,0.3655
1999-05-02,0.384,0.3838,0.3646
1999-05-03,0.3941,0.3824,0.364
1999-05-04,0.4234,0.4113,0.3658
1999-05-05,0.415,0.4228,0.3757
1999-05-06,0.3986,0.4108,0.3857
1999-05-07,0.3849,0.397,0.3864
1999-05-08,0.4183,0.4171,0.3883
1999-05-09,0.392,0.4072,0.3921
1999-05-10,0.3773,0.3932,0.3915
1999-05-11,0.3719,0.3838,0.39
1999-05-12,0.3739,0.3778,0.3885
1999-05-13,0.3704,0.3733,0.3869
1999-05-14,0.4104,0.3924,0.3859
1999-05-15,0.4048,0.4055,0.387
1999-05-16,0.3835,0.3964,0.3875
1999-05-17,0.399,0.395,0.387
1999-05-18,0.409,0.4178,0.394
1999-05-19,0.3891,0.4036,0.3971
1999-05-20,0.3988,0.4008,0.3968
1999-05-21,0.424,0.425,0.4037
1999-05-22,0.4045,0.4157,0.4094
1999-05-23,0.3943,0.4055,0.4087
1999-05-24,0.3802,0.394,0.407
1999-05-25,0.3781,0.3845,0.4049
1999-05-26,0.3688,0.3775,0.4026
1999-05-27,0.3532,0.3677,0.3996
1999-05-28,0.3515,0.3593,0.3965
1999-05-29,0.3342,0.3507,0.393
1999-05-30,0.3225,0.3421,0.3894
1999-05-31,0.3152,0.3352,0.3857
1999-06-01,0.313,0.329,0.3822
1999-06-02,0.3241,0.3243,0.3784
1999-06-03,0.3388,0.3225,0.3749
1999-06-04,0.3561,0.327,0.372
1999-06-05,0.3775,0.3472,0.3695
1999-06-06,0.4132,0.4195,0.3778
1999-06-07,0.401,0.4069,0.3818
1999-06-08,0.4039,0.412,0.3846
1999-06-09,0.3808,0.3964,0.3854
1999-06-10,0.3717,0.3857,0.384
1999-06-11,0.3631,0.3775,0.3825
1999-06-12,0.3525,0.3686,0.3802
1999-06-13,0.3441,0.3599,0.378
1999-06-14,0.3402,0.3532,0.3758
1999-06-15,0.3472,0.3493,0.3739
1999-06-16,0.3402,0.3455,0.3718
1999-06-17,0.3266,0.3395,0.3689
1999-06-18,0.3148,0.3325,0.366
1999-06-19,0.3043,0.3259,0.3631
1999-06-20,0.2955,0.3195,0.36
1999-06-21,0.3082,0.316,0.3577
1999-06-22,0.3048,0.3132,0.3552
1999-06-23,0.2928,0.3086,0.3523
1999-06-24,0.2808,0.3031,0.3489
1999-06-25,0.2701,0.297,0.3456
1999-06-26,0.2705,0.2923,0.3427
1999-06-27,0.2896,0.2895,0.34
1999-06-28,0.3077,0.289,0.3375
1999-06-29,0.3064,0.2876,0.335
1999-06-30,0.3151,0.2886,0.3329
1999-07-01,0.2952,0.287,0.3301
1999-07-02,0.2771,0.2826,0.3272
1999-07-03,0.2608,0.2776,0.324
1999-07-04,0.2464,0.2721,0.3208
1999-07-05,0.3372,0.2935,0.319
1999-07-06,0.3869,0.3552,0.3185
1999-07-07,0.3745,0.3594,0.3185
1999-07-08,0.3595,0.3565,0.3182
1999-07-09,0.3427,0.3496,0.3175
1999-07-10,0.3316,0.3422,0.3165
1999-07-11,0.367,0.3437,0.3158
1999-07-12,0.381,0.3647,0.316
1999-07-13,0.3915,0.3773,0.3162
1999-07-14,0.3951,0.3975,0.3199
1999-07-15,0.3763,0.384,0.3222
1999-07-16,0.3645,0.3729,0.323
1999-07-17,0.3493,0.3621,0.3226
1999-07-18,0.3386,0.3505,0.3215
1999-07-19,0.3395,0.3425,0.3201
1999-07-20,0.3249,0.3349,0.3185
1999-07-21,0.3179,0.3284,0.3174
1999-07-22,0.3108,0.3229,0.316
1999-07-23,0.3053,0.318,0.3146
1999-07-24,0.2975,0.3125,0.3132
1999-07-25,0.2856,0.3058,0.3113
1999-07-26,0.274,0.2987,0.3092
1999-07-27,0.2627,0.2915,0.3072
1999-07-28,0.2591,0.2858,0.3055
1999-07-29,0.2699,0.2821,0.3044
1999-07-30,0.2728,0.279,0.3029
1999-07-31,0.2597,0.2745,0.301
1999-08-01,0.2496,0.2697,0.2991
1999-08-02,0.25,0.2651,0.2972
1999-08-03,0.2864,0.2631,0.2956
1999-08-04,0.3156,0.2658,0.2946
1999-08-05,0.3002,0.2667,0.2935
1999-08-06,0.3135,0.267,0.292
1999-08-07,0.3398,0.2756,0.2905
1999-08-08,0.3845,0.3189,0.2898
1999-08-09,0.3802,0.3571,0.29
1999-08-10,0.3893,0.3685,0.2912
1999-08-11,0.3628,0.362,0.2927
1999-08-12,0.354,0.3544,0.293
1999-08-13,0.3425,0.3472,0.2935
1999-08-14,0.3278,0.3386,0.2933
1999-08-15,0.3168,0.3302,0.2926
1999-08-16,0.3673,0.3401,0.2923
1999-08-17,0.3745,0.3669,0.2938
1999-08-18,0.3616,0.3604,0.295
1999-08-19,0.3678,0.3545,0.2955
1999-08-20,0.3925,0.3758,0.2967
1999-08-21,0.363,0.3673,0.298
1999-08-22,0.346,0.3562,0.2983
1999-08-23,0.335,0.3468,0.2983
1999-08-24,0.3259,0.3385,0.298
1999-08-25,0.3128,0.3298,0.2974
1999-08-26,0.3092,0.3229,0.2965
1999-08-27,0.3099,0.3185,0.296
1999-08-28,0.3099,0.3142,0.2955
1999-08-29,0.3038,0.3102,0.2946
1999-08-30,0.2932,0.3053,0.2937
1999-08-31,0.2838,0.3003,0.2926
1999-09-01,0.275,0.2948,0.2916
1999-09-02,0.2662,0.2895,0.2905
1999-09-03,0.2613,0.2847,0.2895
1999-09-04,0.2574,0.2806,0.2885
1999-09-05,0.2517,0.276,0.2875
1999-09-06,0.2504,0.2725,0.2865
1999-09-07,0.2511,0.2695,0.2856
1999-09-08,0.2463,0.2662,0.2845
1999-09-09,0.2397,0.2625,0.2835
1999-09-10,0.2333,0.2587,0.2825
1999-09-11,0.2265,0.255,0.2811
1999-09-12,0.2209,0.2511,0.2796
1999-09-13,0.216,0.2475,0.2785
1999-09-14,0.2105,0.2444,0.2775
1999-09-15,0.2127,0.2424,0.277
1999-09-16,0.2165,0.241,0.2764
1999-09-17,0.238,0.2394,0.2754
1999-09-18,0.2621,0.239,0.2746
1999-09-19,0.3085,0.246,0.274
1999-09-20,0.3967,0.3882,0.2766
1999-09-21,0.3809,0.3792,0.2807
1999-09-22,0.3705,0.37,0.283
1999-09-23,0.3656,0.3627,0.2848
1999-09-24,0.357,0.3565,0.286
1999-09-25,0.4026,0.3882,0.291
1999-09-26,0.4145,0.418,0.3194
1999-09-27,0.395,0.3979,0.3268
1999-09-28,0.411,0.4067,0.3319
1999-09-29,0.3876,0.3947,0.3362
1999-09-30,0.3985,0.3918,0.3386
1999-10-01,0.388,0.391,0.3413
1999-10-02,0.3907,0.385,0.3432
1999-10-03,0.4211,0.4143,0.3486
1999-10-04,0.4021,0.4059,0.3564
1999-10-05,0.3937,0.3975,0.3597
1999-10-06,0.3805,0.3894,0.3615
1999-10-07,0.3711,0.3818,0.362
1999-10-08,0.3641,0.3753,0.362
1999-10-09,0.3591,0.37,0.362
1999-10-10,0.355,0.3656,0.362
1999-10-11,0.351,0.3615,0.3614
1999-10-12,0.347,0.3576,0.3607
1999-10-13,0.3918,0.3659,0.3602
1999-10-14,0.387,0.3807,0.361
1999-10-15,0.3738,0.378,0.3614
1999-10-16,0.3664,0.374,0.362
1999-10-17,0.3601,0.3695,0.3615
1999-10-18,0.393,0.3746,0.3615
1999-10-19,0.4166,0.4063,0.364
1999-10-20,0.4157,0.414,0.3699
1999-10-21,0.4227,0.4297,0.4073
1999-10-22,0.4083,0.4169,0.4146
1999-10-23,0.4083,0.4198,0.4281
1999-10-24,0.4114,0.4073,0.4243
1999-10-25,0.4193,0.427,0.4278
1999-10-26,0.3979,0.4088,0.4259
1999-10-27,0.3851,0.3943,0.4215
1999-10-28,0.3758,0.3845,0.4175
1999-10-29,0.369,0.3773,0.4138
1999-10-30,0.362,0.3714,0.4105
1999-10-31,0.3571,0.3665,0.4074
1999-11-01,0.353,0.3625,0.4047
1999-11-02,0.3845,0.3692,0.4024
1999-11-03,0.4175,0.4241,0.4065
1999-11-04,0.4021,0.4131,0.4098
1999-11-05,0.3903,0.4039,0.4089
1999-11-06,0.4112,0.4061,0.408
1999-11-07,0.403,0.4106,0.408
1999-11-08,0.3905,0.403,0.4079
1999-11-09,0.3871,0.3958,0.407
1999-11-10,0.3981,0.3939,0.406
1999-11-11,0.4074,0.398,0.4053
1999-11-12,0.4105,0.4072,0.405
1999-11-13,0.4113,0.4143,0.4062
1999-11-14,0.411,0.4125,0.4071
1999-11-15,0.3974,0.4081,0.4079
1999-11-16,0.3894,0.4012,0.407
1999-11-17,0.385,0.3944,0.4064
1999-11-18,0.3935,0.3945,0.4054
1999-11-19,0.4006,0.4103,0.406
1999-11-20,0.3912,0.4031,0.406
1999-11-21,0.3855,0.3965,0.4056
1999-11-22,0.3812,0.3907,0.4048
1999-11-23,0.3871,0.3869,0.4039
1999-11-24,0.4011,0.3908,0.403
1999-11-25,0.4004,0.3955,0.403
1999-11-26,0.4072,0.401,0.402
1999-11-27,0.4115,0.4092,0.403
1999-11-28,0.411,0.412,0.4042
1999-11-29,0.4065,0.4106,0.4051
1999-11-30,0.4014,0.4068,0.406
2000-04-01,0.3994,0.3949,0.3537
2000-04-02,0.389,0.3892,0.3549
2000-04-03,0.4085,0.4012,0.3558
2000-04-04,0.4142,0.4134,0.3614
2000-04-05,0.4139,0.4123,0.3674
2000-04-06,0.399,0.4042,0.3711
2000-04-07,0.3845,0.395,0.3725
2000-04-08,0.373,0.3857,0.3725
2000-04-09,0.3754,0.3791,0.3715
2000-04-10,0.3884,0.381,0.371
2000-04-11,0.393,0.3832,0.371
2000-04-12,0.3862,0.3841,0.3705
2000-04-13,0.3836,0.3816,0.37
2000-04-14,0.3709,0.3776,0.3693
2000-04-15,0.3936,0.3922,0.3686
2000-04-16,0.386,0.3882,0.369
2000-04-17,0.4115,0.4164,0.3726
2000-04-18,0.3891,0.4013,0.3759
2000-04-19,0.3784,0.3904,0.376
2000-04-20,0.3673,0.3812,0.3751
2000-04-21,0.3582,0.373,0.3735
2000-04-22,0.3493,0.3653,0.3719
2000-04-23,0.3996,0.3886,0.371
2000-04-24,0.4013,0.411,0.3758
2000-04-25,0.3821,0.396,0.3772
2000-04-26,0.3673,0.3841,0.3764
2000-04-27,0.3625,0.3747,0.3746
2000-04-28,0.4203,0.4025,0.3755
2000-04-29,0.4074,0.4159,0.384
2000-04-30,0.3873,0.4013,0.3862
2000-05-01,0.3769,0.3894,0.3855
2000-05-02,0.3824,0.3828,0.3845
2000-05-03,0.401,0.392,0.3836
2000-05-04,0.384,0.396,0.3835
2000-05-05,0.3713,0.3849,0.3825
2000-05-06,0.368,0.3772,0.3813
2000-05-07,0.3688,0.3727,0.3796
2000-05-08,0.3634,0.3678,0.3782
2000-05-09,0.3605,0.3623,0.3762
2000-05-10,0.3985,0.3735,0.3747
2000-05-11,0.3958,0.3951,0.375
2000-05-12,0.382,0.3871,0.3745
2000-05-13,0.3922,0.3845,0.3736
2000-05-14,0.3918,0.3903,0.3735
2000-05-15,0.3734,0.3829,0.3726
2000-05-16,0.3566,0.3726,0.371
2000-05-17,0.3961,0.3771,0.3695
2000-05-18,0.3925,0.3935,0.37
2000-05-19,0.3762,0.3855,0.37
2000-05-20,0.3662,0.378,0.3695
2000-05-21,0.3562,0.3703,0.368
2000-05-22,0.3513,0.3633,0.3665
2000-05-23,0.3424,0.3565,0.3648
2000-05-24,0.3313,0.3484,0.3622
2000-05-25,0.3277,0.3422,0.3605
2000-05-26,0.3231,0.3369,0.3585
2000-05-27,0.3921,0.3654,0.3566
2000-05-28,0.38,0.3735,0.356
2000-05-29,0.3694,0.3713,0.3556
2000-05-30,0.3585,0.3655,0.3547
2000-05-31,0.3546,0.3609,0.3538
2000-06-01,0.3455,0.3553,0.3522
2000-06-02,0.3299,0.3464,0.3501
2000-06-03,0.3153,0.3368,0.3475
2000-06-04,0.3023,0.3273,0.3446
2000-06-05,0.312,0.3196,0.342
2000-06-06,0.3695,0.3255,0.3406
2000-06-07,0.3504,0.331,0.3392
2000-06-08,0.328,0.3275,0.3371
2000-06-09,0.3088,0.3208,0.3347
2000-06-10,0.3447,0.3267,0.3325
2000-06-11,0.4271,0.4281,0.3569
2000-06-12,0.3994,0.41,0.3698
2000-06-13,0.387,0.3958,0.3719
2000-06-14,0.4065,0.3977,0.3727
2000-06-15,0.3873,0.397,0.3738
2000-06-16,0.3677,0.3838,0.3731
2000-06-17,0.3518,0.3715,0.3712
2000-06-18,0.3381,0.36,0.369
2000-06-19,0.3247,0.3488,0.3664
2000-06-20,0.3112,0.338,0.3635
2000-06-21,0.2982,0.3279,0.3605
2000-06-22,0.3386,0.325,0.358
2000-06-23,0.3619,0.338,0.3562
2000-06-24,0.341,0.3367,0.3545
2000-06-25,0.3309,0.3335,0.3528
2000-06-26,0.3178,0.3283,0.3507
2000-06-27,0.3067,0.3219,0.3481
2000-06-28,0.3026,0.3162,0.346
2000-06-29,0.2938,0.3115,0.3438
2000-06-30,0.2834,0.3057,0.3411
2000-07-01,0.2805,0.2996,0.3385
2000-07-02,0.277,0.2943,0.3357
2000-07-03,0.333,0.2934,0.3335
2000-07-04,0.3795,0.3388,0.3322
2000-07-05,0.3453,0.3397,0.3305
2000-07-06,0.3251,0.3332,0.3288
2000-07-07,0.3062,0.3246,0.3262
2000-07-08,0.3041,0.3187,0.3247
2000-07-09,0.3008,0.3148,0.3236
2000-07-10,0.3182,0.3125,0.323
2000-07-11,0.3497,0.315,0.3222
2000-07-12,0.3725,0.3265,0.3215
2000-07-13,0.3537,0.3318,0.3205
2000-07-14,0.3791,0.3392,0.32
2000-07-15,0.3744,0.3491,0.32
2000-07-16,0.3616,0.3497,0.32
2000-07-17,0.3452,0.3455,0.3194
2000-07-18,0.329,0.3386,0.318
2000-07-19,0.3153,0.3306,0.3165
2000-07-20,0.3027,0.3226,0.315
2000-07-21,0.2909,0.3146,0.3132
2000-07-22,0.2802,0.3067,0.3112
2000-07-23,0.2745,0.2998,0.3095
2000-07-24,0.3821,0.3116,0.3085
2000-07-25,0.3675,0.3298,0.3074
2000-07-26,0.3621,0.3532,0.307
2000-07-27,0.3449,0.3461,0.3065
2000-07-28,0.3676,0.344,0.306
2000-07-29,0.3478,0.3415,0.3055
2000-07-30,0.331,0.3356,0.3046
2000-07-31,0.3158,0.3281,0.3036
2000-08-01,0.301,0.3194,0.3022
2000-08-02,0.3318,0.315,0.301
2000-08-03,0.36,0.3266,0.301
2000-08-04,0.3407,0.3266,0.3005
2000-08-05,0.3756,0.3438,0.3002
2000-08-06,0.3883,0.3812,0.3024
2000-08-07,0.3681,0.3716,0.304
2000-08-08,0.3532,0.3616,0.3048
2000-08-09,0.3398,0.3516,0.3046
2000-08-10,0.3268,0.3418,0.3038
2000-08-11,0.3142,0.3323,0.303
2000-08-12,0.3185,0.3245,0.302
2000-08-13,0.3344,0.3215,0.3011
2000-08-14,0.3168,0.3166,0.2997
2000-08-15,0.3048,0.3112,0.2986
2000-08-16,0.2922,0.3052,0.2975
2000-08-17,0.3382,0.31,0.2964
2000-08-18,0.3838,0.3675,0.2965
2000-08-19,0.3545,0.3635,0.2972
2000-08-20,0.3346,0.3511,0.2972
2000-08-21,0.3707,0.3687,0.2991
2000-08-22,0.3916,0.4015,0.3115
2000-08-23,0.3716,0.383,0.3146
2000-08-24,0.3558,0.3691,0.3152
2000-08-25,0.3422,0.3574,0.3151
2000-08-26,0.3339,0.3471,0.3145
2000-08-27,0.3756,0.3478,0.3137
2000-08-28,0.3511,0.3463,0.3135
2000-08-29,0.336,0.3409,0.3126
2000-08-30,0.3658,0.3458,0.3121
2000-08-31,0.4129,0.397,0.3149
2000-09-01,0.3844,0.3893,0.3187
2000-09-02,0.3692,0.377,0.3202
2000-09-03,0.3674,0.3694,0.3211
2000-09-04,0.363,0.3639,0.322
2000-09-05,0.3511,0.3576,0.322
2000-09-06,0.3404,0.3504,0.3216
2000-09-07,0.339,0.3445,0.321
2000-09-08,0.3303,0.3392,0.3205
2000-09-09,0.3201,0.3328,0.3195
2000-09-10,0.3111,0.3264,0.3185
2000-09-11,0.3029,0.3202,0.3175
2000-09-12,0.3366,0.3193,0.3163
2000-09-13,0.3889,0.3482,0.3157
2000-09-14,0.3593,0.3517,0.3155
2000-09-15,0.3421,0.3461,0.315
2000-09-16,0.3307,0.3398,0.3145
2000-09-17,0.3227,0.3344,0.314
2000-09-18,0.3151,0.3287,0.3134
2000-09-19,0.3281,0.33,0.3125
2000-09-20,0.4224,0.4239,0.3431
2000-09-21,0.3997,0.4068,0.3572
2000-09-22,0.3816,0.3931,0.3598
2000-09-23,0.3698,0.3826,0.3603
2000-09-24,0.3595,0.3736,0.3601
2000-09-25,0.3569,0.367,0.3596
2000-09-26,0.3521,0.3623,0.3591
2000-09-27,0.3571,0.3581,0.3584
2000-09-28,0.3587,0.357,0.3576
2000-09-29,0.392,0.3833,0.36
2000-09-30,0.4103,0.4183,0.381
2000-10-01,0.3908,0.4034,0.3844
2000-10-02,0.3914,0.3954,0.385
2000-10-03,0.3859,0.3922,0.385
2000-10-04,0.3763,0.387,0.3847
2000-10-05,0.3717,0.3815,0.384
2000-10-06,0.3724,0.3778,0.3833
2000-10-07,0.3678,0.3742,0.3824
2000-10-08,0.3662,0.3708,0.3815
2000-10-09,0.3784,0.3712,0.3805
2000-10-10,0.392,0.3771,0.3796
2000-10-11,0.4061,0.3963,0.3797
2000-10-12,0.4073,0.4094,0.3825
2000-10-13,0.4241,0.4295,0.4042
2000-10-14,0.427,0.4304,0.4234
2000-10-15,0.4256,0.429,0.4305
2000-10-16,0.4086,0.4178,0.4293
2000-10-17,0.3976,0.4019,0.4245
2000-10-18,0.3836,0.391,0.4202
2000-10-19,0.3738,0.3821,0.4161
2000-10-20,0.3673,0.3755,0.4126
2000-10-21,0.3603,0.37,0.4093
2000-10-22,0.3547,0.365,0.4063
2000-10-23,0.3508,0.3607,0.4035
2000-10-24,0.3479,0.3574,0.401
2000-10-25,0.344,0.3543,0.3985
2000-10-26,0.3688,0.3549,0.3965
2000-10-27,0.365,0.3582,0.3946
2000-10-28,0.355,0.3572,0.3929
2000-10-29,0.3609,0.3565,0.3915
2000-10-30,0.3576,0.357,0.39
2000-10-31,0.3988,0.3838,0.389
2000-11-01,0.3822,0.3885,0.389
2000-11-02,0.3795,0.3849,0.3889
2000-11-03,0.4032,0.3927,0.3887
2000-11-04,0.3919,0.3933,0.389
2000-11-05,0.3862,0.3914,0.389
2000-11-06,0.4147,0.419,0.3966
2000-11-07,0.3955,0.4088,0.4017
2000-11-08,0.4053,0.4045,0.402
2000-11-09,0.4092,0.4163,0.4037
2000-11-10,0.3969,0.4073,0.405
2000-11-11,0.3892,0.4007,0.4045
2000-11-12,0.3844,0.3941,0.4036
2000-11-13,0.408,0.4035,0.4038
2000-11-14,0.4183,0.4248,0.4139
2000-11-15,0.398,0.4121,0.415
2000-11-16,0.389,0.4013,0.4136
2000-11-17,0.3857,0.3932,0.4122
2000-11-18,0.3844,0.3881,0.4105
2000-11-19,0.3983,0.3898,0.409
2000-11-20,0.4057,0.4013,0.408
2000-11-21,0.401,0.4031,0.4077
2000-11-22,0.396,0.3991,0.407
2000-11-23,0.4191,0.4119,0.4085
2000-11-24,0.4102,0.4219,0.4176
2000-11-25,0.3995,0.4094,0.417
2000-11-26,0.4013,0.4035,0.4156
2000-11-27,0.3912,0.3971,0.4144
2000-11-28,0.3882,0.3919,0.4126
2000-11-29,0.3814,0.3866,0.411
2000-11-30,0.3923,0.3858,0.4095
2001-04-01,0.3677,0.3809,0.3898
2001-04-02,0.359,0.3733,0.3867
2001-04-03,0.3677,0.3685,0.3839
2001-04-04,0.3824,0.3698,0.3813
2001-04-05,0.3812,0.3762,0.3791
2001-04-06,0.3857,0.3757,0.3766
2001-04-07,0.3962,0.3962,0.375
2001-04-08,0.4028,0.3958,0.375
2001-04-09,0.3964,0.3959,0.375
2001-04-10,0.3939,0.3931,0.3745
2001-04-11,0.4148,0.4004,0.3742
2001-04-12,0.403,0.4064,0.376
2001-04-13,0.3852,0.3966,0.3765
2001-04-14,0.3736,0.3873,0.3755
2001-04-15,0.3734,0.3803,0.3737
2001-04-16,0.4022,0.3858,0.3725
2001-04-17,0.3896,0.389,0.3717
2001-04-18,0.3776,0.3844,0.3706
2001-04-19,0.389,0.3822,0.3696
2001-04-20,0.3855,0.383,0.3685
2001-04-21,0.39,0.3823,0.3675
2001-04-22,0.3916,0.3853,0.3667
2001-04-23,0.4088,0.392,0.3661
2001-04-24,0.4041,0.3988,0.367
2001-04-25,0.4126,0.4145,0.3737
2001-04-26,0.3896,0.4035,0.3801
2001-04-27,0.3853,0.3918,0.3795
2001-04-28,0.3835,0.3873,0.378
2001-04-29,0.3875,0.3836,0.3765
2001-04-30,0.3813,0.3825,0.3752
2001-05-01,0.404,0.387,0.3736
2001-05-02,0.4209,0.4099,0.3744
2001-05-03,0.4064,0.4172,0.3874
2001-05-04,0.413,0.4107,0.3897
2001-05-05,0.4086,0.4216,0.4063
2001-05-06,0.3984,0.409,0.409
2001-05-07,0.3949,0.4031,0.408
2001-05-08,0.3859,0.3963,0.4075
2001-05-09,0.3757,0.3873,0.4056
2001-05-10,0.3749,0.3787,0.4032
2001-05-11,0.3878,0.3821,0.4011
2001-05-12,0.3649,0.3749,0.3985
2001-05-13,0.35,0.3654,0.3953
2001-05-14,0.3452,0.3574,0.392
2001-05-15,0.3999,0.373,0.3896
2001-05-16,0.3827,0.383,0.3879
2001-05-17,0.4038,0.394,0.3868
2001-05-18,0.3858,0.3998,0.3867
2001-05-19,0.372,0.388,0.3853
2001-05-20,0.3613,0.3779,0.3831
2001-05-21,0.3753,0.3722,0.3809
2001-05-22,0.3966,0.383,0.3791
2001-05-23,0.3955,0.4018,0.3794
2001-05-24,0.3905,0.3927,0.379
2001-05-25,0.3873,0.3898,0.3783
2001-05-26,0.3707,0.3818,0.3764
2001-05-27,0.3572,0.3725,0.3741
2001-05-28,0.3443,0.3625,0.3714
2001-05-29,0.3317,0.3522,0.3681
2001-05-30,0.3196,0.3422,0.3647
2001-05-31,0.3417,0.3358,0.3617
2001-06-01,0.3443,0.3355,0.3588
2001-06-02,0.3279,0.3315,0.3561
2001-06-03,0.34,0.3295,0.3538
2001-06-04,0.3249,0.3266,0.3511
2001-06-05,0.3103,0.321,0.348
2001-06-06,0.3195,0.3168,0.3453
2001-06-07,0.3105,0.3137,0.3428
2001-06-08,0.3159,0.3098,0.3401
2001-06-09,0.4206,0.4001,0.3411
2001-06-10,0.425,0.4207,0.3522
2001-06-11,0.4,0.4096,0.3601
2001-06-12,0.3785,0.3924,0.3615
2001-06-13,0.3644,0.379,0.3603
2001-06-14,0.3586,0.3692,0.3584
2001-06-15,0.3515,0.3601,0.3562
2001-06-16,0.3987,0.3737,0.3546
2001-06-17,0.3897,0.3825,0.354
2001-06-18,0.4051,0.3959,0.355
2001-06-19,0.3838,0.3907,0.356
2001-06-20,0.3656,0.3791,0.3555
2001-06-21,0.3499,0.3673,0.3539
2001-06-22,0.336,0.3562,0.3513
2001-06-23,0.3238,0.3458,0.3487
2001-06-24,0.3118,0.3357,0.3459
2001-06-25,0.2996,0.326,0.3428
2001-06-26,0.2876,0.3168,0.3397
2001-06-27,0.3013,0.3098,0.3372
2001-06-28,0.3476,0.3127,0.3355
2001-06-29,0.324,0.3126,0.3331
2001-06-30,0.3038,0.3075,0.3305
2001-07-01,0.2876,0.3016,0.328
2001-07-02,0.2735,0.2952,0.3251
2001-07-03,0.275,0.2894,0.3225
2001-07-04,0.2963,0.2858,0.3202
2001-07-05,0.2864,0.2828,0.318
2001-07-06,0.2802,0.2786,0.3154
2001-07-07,0.2964,0.2774,0.3136
2001-07-08,0.2938,0.2764,0.312
2001-07-09,0.2843,0.2746,0.3101
2001-07-10,0.2713,0.2718,0.3081
2001-07-11,0.2613,0.269,0.3064
2001-07-12,0.2541,0.2661,0.3047
2001-07-13,0.244,0.262,0.3023
2001-07-14,0.2938,0.2647,0.3006
2001-07-15,0.4221,0.4048,0.3074
2001-07-16,0.3934,0.4017,0.3217
2001-07-17,0.3762,0.3856,0.3245
2001-07-18,0.393,0.3822,0.3258
2001-07-19,0.3705,0.3749,0.326
2001-07-20,0.359,0.3662,0.3262
2001-07-21,0.3449,0.3571,0.3256
2001-07-22,0.3309,0.3471,0.3243
2001-07-23,0.3503,0.3438,0.3227
2001-07-24,0.3639,0.3568,0.3224
2001-07-25,0.3433,0.3498,0.3215
2001-07-26,0.3278,0.341,0.32
2001-07-27,0.3326,0.3333,0.3185
2001-07-28,0.3736,0.3525,0.318
2001-07-29,0.3667,0.3518,0.3175
2001-07-30,0.3626,0.3519,0.3166
2001-07-31,0.3374,0.344,0.3155
2001-08-01,0.3193,0.3346,0.314
2001-08-02,0.3071,0.326,0.3125
2001-08-03,0.3783,0.3388,0.312
2001-08-04,0.3746,0.3596,0.312
2001-08-05,0.3528,0.3544,0.3118
2001-08-06,0.3563,0.3492,0.3116
2001-08-07,0.3463,0.3452,0.3114
2001-08-08,0.3765,0.3467,0.3106
2001-08-09,0.3874,0.356,0.3107
2001-08-10,0.3794,0.3705,0.3115
2001-08-11,0.3559,0.362,0.3118
2001-08-12,0.34,0.3522,0.3115
2001-08-13,0.3265,0.3422,0.3105
2001-08-14,0.3134,0.3328,0.3095
2001-08-15,0.2997,0.3234,0.3079
2001-08-16,0.3067,0.3166,0.3066
2001-08-17,0.3449,0.3164,0.306
2001-08-18,0.3503,0.321,0.3055
2001-08-19,0.348,0.3212,0.3045
2001-08-20,0.3542,0.3252,0.304
2001-08-21,0.3332,0.3242,0.3035
2001-08-22,0.3171,0.3195,0.3025
2001-08-23,0.3029,0.3133,0.3011
2001-08-24,0.2908,0.307,0.2995
2001-08-25,0.2794,0.3002,0.2982
2001-08-26,0.268,0.2935,0.2965
2001-08-27,0.2598,0.2874,0.2952
2001-08-28,0.2554,0.2823,0.2936
2001-08-29,0.2987,0.2874,0.2925
2001-08-30,0.363,0.3412,0.292
2001-08-31,0.3709,0.3429,0.292
2001-09-01,0.3715,0.3473,0.293
2001-09-02,0.3558,0.3467,0.293
2001-09-03,0.3397,0.3412,0.2932
2001-09-04,0.3412,0.3357,0.293
2001-09-05,0.3453,0.3342,0.293
2001-09-06,0.3317,0.3311,0.293
2001-09-07,0.3448,0.3283,0.293
2001-09-08,0.3336,0.3267,0.2926
2001-09-09,0.3307,0.3238,0.2921
2001-09-10,0.3244,0.3211,0.292
2001-09-11,0.318,0.3185,0.292
2001-09-12,0.3142,0.3155,0.2917
2001-09-13,0.3072,0.312,0.2914
2001-09-14,0.3098,0.3082,0.2906
2001-09-15,0.3069,0.3061,0.29
2001-09-16,0.3077,0.304,0.29
2001-09-17,0.3377,0.3045,0.29
2001-09-18,0.3506,0.3124,0.2897
2001-09-19,0.3841,0.3267,0.29
2001-09-20,0.372,0.3451,0.2901
2001-09-21,0.3583,0.3461,0.291
2001-09-22,0.3852,0.3495,0.2915
2001-09-23,0.4204,0.4102,0.3038
2001-09-24,0.4146,0.4125,0.3234
2001-09-25,0.3925,0.3979,0.3298
2001-09-26,0.3793,0.3865,0.3327
2001-09-27,0.3677,0.3768,0.334
2001-09-28,0.3582,0.3686,0.3342
2001-09-29,0.4092,0.3867,0.3355
2001-09-30,0.4021,0.4084,0.3422
2001-10-01,0.3844,0.3936,0.346
2001-10-02,0.3725,0.3832,0.3478
2001-10-03,0.3756,0.3793,0.348
2001-10-04,0.4046,0.4095,0.3523
2001-10-05,0.3859,0.3959,0.356
2001-10-06,0.3823,0.3867,0.3578
2001-10-07,0.4157,0.4222,0.3752
2001-10-08,0.4081,0.4097,0.3841
2001-10-09,0.4176,0.4165,0.3878
2001-10-10,0.4036,0.4145,0.3933
2001-10-11,0.3885,0.4021,0.3945
2001-10-12,0.3792,0.3931,0.3936
2001-10-13,0.371,0.3849,0.3925
2001-10-14,0.3765,0.3794,0.3913
2001-10-15,0.3687,0.3756,0.3896
2001-10-16,0.3624,0.371,0.3885
2001-10-17,0.3562,0.3665,0.3869
2001-10-18,0.3977,0.3881,0.387
2001-10-19,0.3972,0.4129,0.3955
2001-10-20,0.4032,0.4117,0.3976
2001-10-21,0.3973,0.4137,0.407
2001-10-22,0.3873,0.4017,0.4062
2001-10-23,0.396,0.3958,0.4046
2001-10-24,0.3933,0.3981,0.4036
2001-10-25,0.3819,0.3921,0.4025
2001-10-26,0.3744,0.3855,0.4009
2001-10-27,0.3695,0.3796,0.3995
2001-10-28,0.3696,0.3749,0.3978
2001-10-29,0.376,0.3736,0.3963
2001-10-30,0.3659,0.371,0.3946
2001-10-31,0.3622,0.3675,0.3933
2001-11-01,0.3698,0.3666,0.3917
2001-11-02,0.3608,0.3651,0.3905
2001-11-03,0.3553,0.3625,0.3893
2001-11-04,0.3511,0.3596,0.3876
2001-11-05,0.35,0.3574,0.3866
2001-11-06,0.3501,0.3558,0.3855
2001-11-07,0.3513,0.3547,0.3845
2001-11-08,0.3681,0.3553,0.3834
2001-11-09,0.3795,0.3653,0.3827
2001-11-10,0.3663,0.3665,0.382
2001-11-11,0.3622,0.3654,0.3815
2001-11-12,0.362,0.3641,0.381
2001-11-13,0.3793,0.365,0.38
2001-11-14,0.3818,0.3726,0.38
2001-11-15,0.3714,0.3726,0.3796
2001-11-16,0.3713,0.3719,0.379
2001-11-17,0.3747,0.3713,0.379
2001-11-18,0.3842,0.3738,0.379
2001-11-19,0.3928,0.3812,0.379
2001-11-20,0.3804,0.3826,0.379
2001-11-21,0.3748,0.3807,0.379
2001-11-22,0.372,0.3784,0.379
2001-11-23,0.3938,0.382,0.379
2001-11-24,0.3814,0.3835,0.379
2001-11-25,0.3866,0.3833,0.379
2001-11-26,0.3862,0.3845,0.379
2001-11-27,0.4033,0.3908,0.38
2001-11-28,0.3932,0.3932,0.3808
2001-11-29,0.3898,0.3915,0.3818
2001-11-30,0.4208,0.4152,0.3845
2002-04-01,0.3231,0.3356,0.3698
2002-04-02,0.3172,0.332,0.3678
2002-04-03,0.315,0.3283,0.3656
2002-04-04,0.3174,0.3255,0.3636
2002-04-05,0.3235,0.3239,0.3617
2002-04-06,0.3233,0.3232,0.36
2002-04-07,0.3499,0.3248,0.3585
2002-04-08,0.3731,0.3336,0.3574
2002-04-09,0.3919,0.3614,0.3564
2002-04-10,0.3741,0.3644,0.3552
2002-04-11,0.3855,0.371,0.3545
2002-04-12,0.368,0.3687,0.3536
2002-04-13,0.3788,0.367,0.353
2002-04-14,0.3782,0.3711,0.353
2002-04-15,0.3627,0.3678,0.3525
2002-04-16,0.3572,0.3631,0.3517
2002-04-17,0.3526,0.3593,0.351
2002-04-18,0.3478,0.3549,0.3498
2002-04-19,0.341,0.35,0.3485
2002-04-20,0.3323,0.3449,0.3471
2002-04-21,0.325,0.3397,0.3455
2002-04-22,0.3176,0.334,0.3439
2002-04-23,0.31,0.3281,0.342
2002-04-24,0.303,0.3225,0.3401
2002-04-25,0.2959,0.317,0.3381
2002-04-26,0.2935,0.3119,0.3362
2002-04-27,0.3063,0.3087,0.3345
2002-04-28,0.297,0.3055,0.3326
2002-04-29,0.2948,0.3023,0.3309
2002-04-30,0.2904,0.2993,0.3291
2002-05-01,0.3623,0.3312,0.3281
2002-05-02,0.4309,0.4246,0.3388
2002-05-03,0.4279,0.4253,0.3555
2002-05-04,0.424,0.4199,0.3666
2002-05-05,0.4102,0.4116,0.3735
2002-05-06,0.3918,0.4012,0.3767
2002-05-07,0.3791,0.3911,0.3772
2002-05-08,0.3735,0.3825,0.3767
2002-05-09,0.3784,0.3791,0.3763
2002-05-10,0.3659,0.3742,0.3753
2002-05-11,0.387,0.3741,0.374
2002-05-12,0.3871,0.3778,0.374
2002-05-13,0.3803,0.3793,0.3732
2002-05-14,0.3728,0.374,0.3716
2002-05-15,0.3545,0.3665,0.37
2002-05-16,0.3404,0.3575,0.368
2002-05-17,0.3263,0.3476,0.3652
2002-05-18,0.3667,0.3458,0.3638
2002-05-19,0.362,0.352,0.3625
2002-05-20,0.3418,0.3473,0.3605
2002-05-21,0.3267,0.3404,0.3582
2002-05-22,0.34,0.3349,0.3562
2002-05-23,0.4244,0.4057,0.3587
2002-05-24,0.3971,0.4079,0.3669
2002-05-25,0.394,0.3962,0.369
2002-05-26,0.3815,0.3894,0.3699
2002-05-27,0.3871,0.3837,0.3695
2002-05-28,0.3843,0.3858,0.3693
2002-05-29,0.3685,0.3788,0.3687
2002-05-30,0.3557,0.3703,0.3675
2002-05-31,0.3427,0.3607,0.3659
2002-06-01,0.3313,0.3511,0.3635
2002-06-02,0.3208,0.342,0.3611
2002-06-03,0.3565,0.3406,0.3595
2002-06-04,0.3816,0.3569,0.3583
2002-06-05,0.4045,0.3794,0.3578
2002-06-06,0.4225,0.414,0.3613
2002-06-07,0.3965,0.4076,0.3683
2002-06-08,0.4035,0.3985,0.3705
2002-06-09,0.4097,0.412,0.3743
2002-06-10,0.3913,0.4004,0.377
2002-06-11,0.3767,0.3897,0.3776
2002-06-12,0.3631,0.3792,0.3765
2002-06-13,0.3501,0.3682,0.3748
2002-06-14,0.341,0.3578,0.3722
2002-06-15,0.3333,0.3489,0.3701
2002-06-16,0.3187,0.3396,0.3675
2002-06-17,0.304,0.3299,0.3645
2002-06-18,0.2887,0.3203,0.3611
2002-06-19,0.2785,0.3118,0.3578
2002-06-20,0.2771,0.3048,0.3547
2002-06-21,0.3167,0.3015,0.352
2002-06-22,0.351,0.3125,0.3492
2002-06-23,0.336,0.3115,0.3465
2002-06-24,0.3738,0.3222,0.3445
2002-06-25,0.3401,0.3267,0.3425
2002-06-26,0.3158,0.3209,0.34
2002-06-27,0.3353,0.3198,0.3372
2002-06-28,0.397,0.3823,0.3368
2002-06-29,0.3678,0.377,0.3372
2002-06-30,0.35,0.365,0.3365
2002-07-01,0.3377,0.3544,0.3353
2002-07-02,0.3368,0.3462,0.334
2002-07-03,0.3298,0.339,0.3325
2002-07-04,0.3257,0.3338,0.3311
2002-07-05,0.3152,0.3271,0.3292
2002-07-06,0.3703,0.3292,0.3276
2002-07-07,0.3427,0.3312,0.3265
2002-07-08,0.3208,0.3255,0.3245
2002-07-09,0.312,0.3187,0.3225
2002-07-10,0.356,0.3365,0.3215
2002-07-11,0.3473,0.3425,0.3205
2002-07-12,0.3319,0.3361,0.3195
2002-07-13,0.3305,0.3302,0.3184
2002-07-14,0.3695,0.333,0.318
2002-07-15,0.4097,0.357,0.318
2002-07-16,0.4278,0.4255,0.3459
2002-07-17,0.4202,0.4192,0.3681
2002-07-18,0.3926,0.4047,0.3737
2002-07-19,0.374,0.3898,0.3738
2002-07-20,0.3587,0.3769,0.3726
2002-07-21,0.3831,0.3803,0.3715
2002-07-22,0.3874,0.3922,0.3717
2002-07-23,0.3656,0.3808,0.371
2002-07-24,0.358,0.3711,0.3696
2002-07-25,0.3542,0.3652,0.3686
2002-07-26,0.3465,0.359,0.3675
2002-07-27,0.3355,0.3515,0.366
2002-07-28,0.3251,0.343,0.3639
2002-07-29,0.3285,0.3353,0.3614
2002-07-30,0.3672,0.3358,0.3595
2002-07-31,0.394,0.3499,0.3582
2002-08-01,0.3925,0.371,0.3578
2002-08-02,0.3678,0.3693,0.3571
2002-08-03,0.388,0.3747,0.3564
2002-08-04,0.3938,0.3976,0.3585
2002-08-05,0.392,0.3894,0.3597
2002-08-06,0.4123,0.3995,0.361
2002-08-07,0.3949,0.3992,0.3638
2002-08-08,0.3794,0.3888,0.365
2002-08-09,0.3844,0.3824,0.365
2002-08-10,0.4086,0.3966,0.366
2002-08-11,0.3863,0.393,0.3677
2002-08-12,0.3902,0.3885,0.3688
2002-08-13,0.379,0.3845,0.369
2002-08-14,0.3643,0.3767,0.3685
2002-08-15,0.3513,0.3674,0.3671
2002-08-16,0.3402,0.3582,0.3655
2002-08-17,0.3298,0.3493,0.3638
2002-08-18,0.3199,0.3407,0.3616
2002-08-19,0.315,0.3332,0.3594
2002-08-20,0.3567,0.3405,0.3575
2002-08-21,0.3806,0.3726,0.3573
2002-08-22,0.3606,0.3676,0.3565
2002-08-23,0.3667,0.3618,0.3555
2002-08-24,0.4099,0.3942,0.3558
2002-08-25,0.4107,0.4137,0.3684
2002-08-26,0.4105,0.4196,0.3857
2002-08-27,0.4058,0.4135,0.3923
2002-08-28,0.4024,0.4152,0.3975
2002-08-29,0.4066,0.4073,0.3981
2002-08-30,0.4129,0.4105,0.399
2002-08-31,0.4209,0.4222,0.4018
2002-09-01,0.4089,0.4188,0.4083
2002-09-02,0.4023,0.4085,0.4083
2002-09-03,0.3939,0.4029,0.4065
2002-09-04,0.3823,0.3929,0.4045
2002-09-05,0.411,0.4,0.403
2002-09-06,0.3999,0.409,0.4033
2002-09-07,0.3873,0.3998,0.4025
2002-09-08,0.392,0.393,0.4011
2002-09-09,0.4198,0.4264,0.4103
2002-09-10,0.395,0.4108,0.4216
2002-09-11,0.3825,0.395,0.418
2002-09-12,0.3756,0.3844,0.4144
2002-09-13,0.3699,0.3775,0.4111
2002-09-14,0.36,0.3705,0.4077
2002-09-15,0.3516,0.3639,0.4045
2002-09-16,0.3451,0.3582,0.4014
2002-09-17,0.3387,0.3527,0.3984
2002-09-18,0.3322,0.3476,0.3955
2002-09-19,0.3355,0.3433,0.3927
2002-09-20,0.3517,0.3426,0.3902
2002-09-21,0.3694,0.3461,0.3883
2002-09-22,0.3693,0.3526,0.3865
2002-09-23,0.3821,0.3568,0.3849
2002-09-24,0.3918,0.371,0.384
2002-09-25,0.3795,0.3764,0.3836
2002-09-26,0.3702,0.3741,0.383
2002-09-27,0.3759,0.373,0.382
2002-09-28,0.3677,0.3716,0.3815
2002-09-29,0.3582,0.3673,0.3805
2002-09-30,0.3513,0.3624,0.3789
2002-10-01,0.3445,0.3573,0.3775
2002-10-02,0.3391,0.3524,0.3759
2002-10-03,0.3342,0.348,0.3745
2002-10-04,0.3425,0.3451,0.3729
2002-10-05,0.3455,0.3448,0.3716
2002-10-06,0.342,0.3435,0.3704
2002-10-07,0.3478,0.3434,0.3693
2002-10-08,0.3412,0.343,0.3679
2002-10-09,0.3563,0.3428,0.3667
2002-10-10,0.4173,0.3835,0.3664
2002-10-11,0.4001,0.4012,0.3691
2002-10-12,0.4007,0.3979,0.3712
2002-10-13,0.3906,0.395,0.3728
2002-10-14,0.3863,0.3901,0.3736
2002-10-15,0.3773,0.3856,0.374
2002-10-16,0.3816,0.383,0.374
2002-10-17,0.4189,0.4141,0.3765
2002-10-18,0.3985,0.4072,0.3811
2002-10-19,0.3865,0.3979,0.3829
2002-10-20,0.3783,0.3904,0.383
2002-10-21,0.3895,0.3865,0.383
2002-10-22,0.3935,0.3911,0.383
2002-10-23,0.3876,0.3886,0.383
2002-10-24,0.39,0.3875,0.383
2002-10-25,0.4076,0.397,0.3836
2002-10-26,0.3936,0.3993,0.3849
2002-10-27,0.3812,0.3925,0.3854
2002-10-28,0.3742,0.3864,0.3855
2002-10-29,0.3688,0.381,0.385
2002-10-30,0.3646,0.3761,0.3842
2002-10-31,0.366,0.3727,0.384
2002-11-01,0.3653,0.3706,0.383
2002-11-02,0.39,0.3741,0.383
2002-11-03,0.4149,0.4045,0.3837
2002-11-04,0.3966,0.4028,0.3858
2002-11-05,0.3942,0.398,0.3871
2002-11-06,0.3916,0.3951,0.388
2002-11-07,0.4195,0.4238,0.3971
2002-11-08,0.4085,0.4144,0.4027
2002-11-09,0.4187,0.4172,0.4049
2002-11-10,0.4241,0.4221,0.4081
2002-11-11,0.4118,0.4185,0.4115
2002-11-12,0.3962,0.4095,0.4115
2002-11-13,0.3878,0.4001,0.4105
2002-11-14,0.4221,0.4229,0.4187
2002-11-15,0.4214,0.4193,0.4331
2002-11-16,0.4166,0.4153,0.434
2002-11-17,0.4025,0.3987,0.428
2002-11-18,0.3912,0.3927,0.4238
2002-11-19,0.38,0.3849,0.4203
2002-11-20,0.3728,0.3787,0.417
2002-11-21,0.3949,0.3885,0.4143
2002-11-22,0.3993,0.4131,0.414
2002-11-23,0.4076,0.4087,0.4137
2002-11-24,0.4281,0.4294,0.426
2002-11-25,0.4147,0.4116,0.4325
2002-11-26,0.3964,0.3978,0.4278
2002-11-27,0.385,0.3883,0.4238
2002-11-28,0.387,0.3853,0.4195
2002-11-29,0.4007,0.4022,0.4162
2002-11-30,0.3898,0.3961,0.4131
2003-04-01,0.2912,0.2954,0.3291
2003-04-02,0.3207,0.2951,0.3275
2003-04-03,0.327,0.2989,0.3264
2003-04-04,0.3175,0.3003,0.325
2003-04-05,0.3153,0.3005,0.3235
2003-04-06,0.3142,0.3003,0.3222
2003-04-07,0.3048,0.2995,0.3206
2003-04-08,0.2975,0.298,0.3195
2003-04-09,0.3,0.2968,0.3182
2003-04-10,0.3862,0.3166,0.3174
2003-04-11,0.3663,0.3314,0.3165
2003-04-12,0.3702,0.3391,0.316
2003-04-13,0.3523,0.3404,0.3154
2003-04-14,0.336,0.3363,0.3144
2003-04-15,0.3226,0.3305,0.313
2003-04-16,0.3148,0.3248,0.3116
2003-04-17,0.3092,0.3198,0.3105
2003-04-18,0.3001,0.3142,0.3091
2003-04-19,0.3243,0.3104,0.3075
2003-04-20,0.3726,0.3256,0.307
2003-04-21,0.3509,0.3309,0.3065
2003-04-22,0.3361,0.3286,0.3055
2003-04-23,0.3228,0.3244,0.3045
2003-04-24,0.3103,0.3186,0.3035
2003-04-25,0.3004,0.3127,0.302
2003-04-26,0.3117,0.3088,0.301
2003-04-27,0.3291,0.3094,0.3005
2003-04-28,0.3097,0.3062,0.299
2003-04-29,0.3097,0.3025,0.2976
2003-04-30,0.3424,0.3035,0.297
2003-05-01,0.3479,0.3132,0.2965
2003-05-02,0.33,0.312,0.2955
2003-05-03,0.3272,0.3103,0.2945
2003-05-04,0.3072,0.3061,0.2931
2003-05-05,0.2884,0.3,0.2915
2003-05-06,0.2744,0.2937,0.2901
2003-05-07,0.2651,0.2876,0.2886
2003-05-08,0.2558,0.2819,0.2872
2003-05-09,0.2572,0.2766,0.286
2003-05-10,0.2669,0.274,0.285
2003-05-11,0.2726,0.2713,0.2844
2003-05-12,0.2995,0.2701,0.283
2003-05-13,0.2898,0.2695,0.282
2003-05-14,0.2819,0.268,0.2814
2003-05-15,0.269,0.2652,0.28
2003-05-16,0.2557,0.2612,0.2785
2003-05-17,0.283,0.259,0.2776
2003-05-18,0.2972,0.2602,0.2768
2003-05-19,0.321,0.2678,0.276
2003-05-20,0.3417,0.2919,0.2754
2003-05-21,0.3261,0.2944,0.275
2003-05-22,0.3149,0.295,0.2747
2003-05-23,0.3016,0.2924,0.2738
2003-05-24,0.2854,0.2866,0.2725
2003-05-25,0.3268,0.2855,0.272
2003-05-26,0.3765,0.3022,0.272
2003-05-27,0.3564,0.3158,0.272
2003-05-28,0.3625,0.3221,0.2725
2003-05-29,0.3393,0.3218,0.2724
2003-05-30,0.3237,0.3167,0.2716
2003-05-31,0.3093,0.3102,0.271
2003-06-01,0.3288,0.3058,0.2704
2003-06-02,0.3627,0.312,0.27
2003-06-03,0.3601,0.3212,0.2696
2003-06-04,0.3282,0.318,0.2693
2003-06-05,0.3054,0.3105,0.2684
2003-06-06,0.3019,0.3038,0.2675
2003-06-07,0.2952,0.298,0.2666
2003-06-08,0.2888,0.291,0.2655
2003-06-09,0.2957,0.2862,0.2646
2003-06-10,0.2767,0.2807,0.2635
2003-06-11,0.2593,0.2741,0.2625
2003-06-12,0.243,0.2673,0.2609
2003-06-13,0.2285,0.2602,0.2595
2003-06-14,0.2262,0.2536,0.258
2003-06-15,0.2587,0.2497,0.257
2003-06-16,0.2882,0.2488,0.2561
2003-06-17,0.265,0.246,0.2546
2003-06-18,0.2523,0.2427,0.2536
2003-06-19,0.2368,0.239,0.2525
2003-06-20,0.2223,0.2345,0.2512
2003-06-21,0.2085,0.2297,0.2497
2003-06-22,0.1959,0.225,0.2485
2003-06-23,0.1841,0.2205,0.2469
2003-06-24,0.1749,0.2161,0.2455
2003-06-25,0.1713,0.212,0.244
2003-06-26,0.1837,0.2088,0.2426
2003-06-27,0.185,0.2058,0.2415
2003-06-28,0.1772,0.2031,0.2405
2003-06-29,0.1716,0.2005,0.2395
2003-06-30,0.1752,0.198,0.2384
2003-07-01,0.3438,0.2097,0.2375
2003-07-02,0.3115,0.2238,0.237
2003-07-03,0.2876,0.2271,0.2364
2003-07-04,0.2758,0.2278,0.236
2003-07-05,0.2635,0.2272,0.2354
2003-07-06,0.2458,0.225,0.2345
2003-07-07,0.2304,0.2221,0.2335
2003-07-08,0.2159,0.2186,0.2325
2003-07-09,0.204,0.2155,0.2316
2003-07-10,0.194,0.2122,0.2306
2003-07-11,0.1839,0.2086,0.2296
2003-07-12,0.1753,0.2051,0.2285
2003-07-13,0.1679,0.2016,0.2275
2003-07-14,0.1691,0.1985,0.2265
2003-07-15,0.1774,0.1959,0.2255
2003-07-16,0.2027,0.1935,0.2246
2003-07-17,0.2285,0.193,0.2237
2003-07-18,0.2121,0.1912,0.2227
2003-07-19,0.1979,0.1891,0.2218
2003-07-20,0.1889,0.1872,0.221
2003-07-21,0.2971,0.1899,0.2205
2003-07-22,0.3383,0.2096,0.22
2003-07-23,0.3425,0.233,0.2196
2003-07-24,0.3079,0.2392,0.219
2003-07-25,0.2797,0.2392,0.2186
2003-07-26,0.2595,0.2366,0.218
2003-07-27,0.3303,0.2601,0.218
2003-07-28,0.351,0.2988,0.2187
2003-07-29,0.3195,0.2978,0.219
2003-07-30,0.3032,0.2917,0.219
2003-07-31,0.3235,0.2893,0.219
2003-08-01,0.3001,0.2858,0.219
2003-08-02,0.2796,0.2797,0.2186
2003-08-03,0.2619,0.2726,0.2184
2003-08-04,0.2461,0.2655,0.2178
2003-08-05,0.2338,0.2588,0.2174
2003-08-06,0.2238,0.2524,0.2167
2003-08-07,0.2122,0.2462,0.2164
2003-08-08,0.2025,0.2403,0.2155
2003-08-09,0.1943,0.2346,0.215
2003-08-10,0.1867,0.2295,0.2144
2003-08-11,0.1809,0.2248,0.2136
2003-08-12,0.1729,0.2201,0.213
2003-08-13,0.1669,0.216,0.2125
2003-08-14,0.1737,0.2125,0.212
2003-08-15,0.2005,0.21,0.2115
2003-08-16,0.2647,0.2091,0.211
2003-08-17,0.3202,0.2168,0.211
2003-08-18,0.302,0.2236,0.2109
2003-08-19,0.2753,0.2245,0.2105
2003-08-20,0.264,0.2235,0.21
2003-08-21,0.2719,0.2234,0.21
2003-08-22,0.2584,0.2228,0.2096
2003-08-23,0.2408,0.2205,0.209
2003-08-24,0.2313,0.2175,0.2086
2003-08-25,0.2359,0.2151,0.2081
2003-08-26,0.2284,0.213,0.208
2003-08-27,0.2153,0.2105,0.2075
2003-08-28,0.2337,0.2083,0.207
2003-08-29,0.3583,0.2302,0.207
2003-08-30,0.3256,0.2445,0.207
2003-08-31,0.3365,0.2527,0.207
2003-09-01,0.307,0.2574,0.207
2003-09-02,0.2856,0.2568,0.207
2003-09-03,0.2699,0.2545,0.207
2003-09-04,0.2563,0.251,0.2067
2003-09-05,0.2521,0.248,0.207
2003-09-06,0.25,0.2455,0.2067
2003-09-07,0.2995,0.2474,0.207
2003-09-08,0.3613,0.2772,0.207
2003-09-09,0.3931,0.3062,0.2075
2003-09-10,0.3622,0.3339,0.2088
2003-09-11,0.345,0.3305,0.2104
2003-09-12,0.3539,0.3286,0.2117
2003-09-13,0.3441,0.3279,0.2131
2003-09-14,0.3253,0.3216,0.214
2003-09-15,0.3116,0.3144,0.215
2003-09-16,0.2997,0.3072,0.215
2003-09-17,0.289,0.3002,0.2159
2003-09-18,0.2789,0.2935,0.216
2003-09-19,0.268,0.287,0.216
2003-09-20,0.2585,0.2807,0.216
2003-09-21,0.2509,0.275,0.216
2003-09-22,0.2839,0.2713,0.216
2003-09-23,0.3502,0.2818,0.216
2003-09-24,0.3267,0.2876,0.2161
2003-09-25,0.3073,0.2867,0.217
2003-09-26,0.2932,0.2836,0.217
2003-09-27,0.3087,0.2816,0.217
2003-09-28,0.3777,0.3128,0.2175
2003-09-29,0.3627,0.34,0.2193
2003-09-30,0.3435,0.3355,0.2208
2003-10-01,0.387,0.354,0.2227
2003-10-02,0.3624,0.3571,0.2254
2003-10-03,0.387,0.3647,0.2281
2003-10-04,0.3761,0.3607,0.2311
2003-10-05,0.4042,0.3733,0.2343
2003-10-06,0.3818,0.3741,0.2384
2003-10-07,0.3791,0.3658,0.2417
2003-10-08,0.3937,0.3742,0.2449
2003-10-09,0.382,0.37,0.2484
2003-10-10,0.3679,0.3642,0.2512
2003-10-11,0.3556,0.3562,0.2533
2003-10-12,0.3461,0.3488,0.2549
2003-10-13,0.3428,0.3428,0.2562
2003-10-14,0.3402,0.3382,0.2572
2003-10-15,0.3335,0.3338,0.258
2003-10-16,0.3265,0.3292,0.259
2003-10-17,0.3216,0.3249,0.2592
2003-10-18,0.3187,0.3212,0.26
2003-10-19,0.3272,0.318,0.26
2003-10-20,0.3871,0.3324,0.2609
2003-10-21,0.3705,0.3436,0.262
2003-10-22,0.3521,0.3429,0.2631
2003-10-23,0.3671,0.3426,0.2641
2003-10-24,0.3662,0.3453,0.2654
2003-10-25,0.3531,0.3443,0.2666
2003-10-26,0.345,0.3412,0.2677
2003-10-27,0.3403,0.3378,0.2686
2003-10-28,0.3369,0.3344,0.2692
2003-10-29,0.3915,0.3587,0.2705
2003-10-30,0.3951,0.3773,0.2733
2003-10-31,0.4148,0.3944,0.2774
2003-11-01,0.4064,0.4109,0.2938
2003-11-02,0.3933,0.3946,0.3007
2003-11-03,0.3818,0.3838,0.3047
2003-11-04,0.3725,0.3759,0.3072
2003-11-05,0.3643,0.369,0.309
2003-11-06,0.3577,0.363,0.3102
2003-11-07,0.353,0.3579,0.3112
2003-11-08,0.3893,0.3628,0.3123
2003-11-09,0.3819,0.368,0.3136
2003-11-10,0.3705,0.3673,0.3152
2003-11-11,0.362,0.3635,0.3163
2003-11-12,0.3661,0.3604,0.3174
2003-11-13,0.3806,0.3642,0.3185
2003-11-14,0.38,0.3651,0.3196
2003-11-15,0.38,0.3704,0.321
2003-11-16,0.4098,0.3813,0.3226
2003-11-17,0.4129,0.413,0.3297
2003-11-18,0.3906,0.3978,0.3358
2003-11-19,0.3805,0.3878,0.3388
2003-11-20,0.3731,0.3806,0.3406
2003-11-21,0.367,0.3746,0.3418
2003-11-22,0.3621,0.3698,0.3426
2003-11-23,0.3601,0.3659,0.343
2003-11-24,0.3997,0.3762,0.3436
2003-11-25,0.39,0.3898,0.3458
2003-11-26,0.3796,0.3842,0.3477
2003-11-27,0.4199,0.4061,0.3507
2003-11-28,0.4125,0.4129,0.359
2003-11-29,0.3985,0.4027,0.3636
2003-11-30,0.4232,0.4148,0.368
2004-04-01,0.3701,0.3745,0.3881
2004-04-02,0.3798,0.372,0.3865
2004-04-03,0.386,0.3784,0.3846
2004-04-04,0.3713,0.3762,0.383
2004-04-05,0.3762,0.3739,0.3815
2004-04-06,0.378,0.3728,0.3798
2004-04-07,0.3939,0.3797,0.3785
2004-04-08,0.3817,0.3805,0.3774
2004-04-09,0.4006,0.3856,0.3762
2004-04-10,0.4141,0.4045,0.3771
2004-04-11,0.4148,0.4138,0.3801
2004-04-12,0.4099,0.4143,0.3855
2004-04-13,0.4027,0.406,0.3875
2004-04-14,0.396,0.3995,0.388
2004-04-15,0.3894,0.3942,0.3875
2004-04-16,0.3819,0.3887,0.3865
2004-04-17,0.418,0.4017,0.3862
2004-04-18,0.408,0.4077,0.3881
2004-04-19,0.3974,0.4036,0.3892
2004-04-20,0.4021,0.4,0.3895
2004-04-21,0.3842,0.3947,0.3891
2004-04-22,0.3762,0.3855,0.3875
2004-04-23,0.4033,0.3912,0.3864
2004-04-24,0.3832,0.3905,0.3857
2004-04-25,0.3684,0.3825,0.3842
2004-04-26,0.3579,0.3737,0.3821
2004-04-27,0.359,0.3662,0.38
2004-04-28,0.3907,0.3693,0.3783
2004-04-29,0.4159,0.3922,0.3774
2004-04-30,0.4161,0.4211,0.3883
2004-05-01,0.4011,0.4089,0.394
2004-05-02,0.3953,0.4001,0.3945
2004-05-03,0.3948,0.3967,0.394
2004-05-04,0.3899,0.3942,0.3936
2004-05-05,0.3923,0.3906,0.3925
2004-05-06,0.394,0.3888,0.3914
2004-05-07,0.4009,0.394,0.3904
2004-05-08,0.4,0.3953,0.39
2004-05-09,0.4056,0.4057,0.3903
2004-05-10,0.3869,0.3978,0.3907
2004-05-11,0.38,0.3898,0.3896
2004-05-12,0.3758,0.3826,0.3882
2004-05-13,0.381,0.3794,0.3867
2004-05-14,0.3722,0.3769,0.3855
2004-05-15,0.3589,0.3707,0.3835
2004-05-16,0.3467,0.3622,0.3811
2004-05-17,0.3354,0.3536,0.3783
2004-05-18,0.3256,0.3452,0.3754
2004-05-19,0.3152,0.3368,0.372
2004-05-20,0.3147,0.3293,0.3687
2004-05-21,0.3867,0.3474,0.3664
2004-05-22,0.3806,0.3775,0.3655
2004-05-23,0.3608,0.3711,0.3639
2004-05-24,0.3464,0.3622,0.3618
2004-05-25,0.3346,0.353,0.3591
2004-05-26,0.3499,0.3463,0.3568
2004-05-27,0.3815,0.3602,0.3547
2004-05-28,0.3665,0.3725,0.3535
2004-05-29,0.3483,0.3627,0.3517
2004-05-30,0.3468,0.3546,0.3495
2004-05-31,0.3585,0.3528,0.3485
2004-06-01,0.3871,0.3573,0.3475
2004-06-02,0.3883,0.375,0.347
2004-06-03,0.38,0.3737,0.347
2004-06-04,0.3707,0.3711,0.3466
2004-06-05,0.3607,0.3655,0.3457
2004-06-06,0.3493,0.3587,0.3443
2004-06-07,0.3334,0.3494,0.3421
2004-06-08,0.3191,0.3394,0.3397
2004-06-09,0.3058,0.3295,0.337
2004-06-10,0.2922,0.3198,0.334
2004-06-11,0.3296,0.3151,0.3316
2004-06-12,0.3671,0.3261,0.3305
2004-06-13,0.3455,0.3291,0.3289
2004-06-14,0.3307,0.3269,0.3272
2004-06-15,0.3144,0.3213,0.3252
2004-06-16,0.3054,0.3158,0.3233
2004-06-17,0.2932,0.3097,0.3211
2004-06-18,0.2793,0.3022,0.3188
2004-06-19,0.2717,0.2962,0.3166
2004-06-20,0.289,0.2932,0.3155
2004-06-21,0.2874,0.2905,0.3139
2004-06-22,0.3176,0.2891,0.3124
2004-06-23,0.3538,0.2978,0.3112
2004-06-24,0.3268,0.3015,0.3096
2004-06-25,0.3052,0.2982,0.3079
2004-06-26,0.2872,0.2931,0.3059
2004-06-27,0.3023,0.2882,0.3037
2004-06-28,0.3262,0.29,0.3021
2004-06-29,0.2984,0.2872,0.3
2004-06-30,0.2775,0.282,0.298
2004-07-01,0.262,0.2763,0.2959
2004-07-02,0.2502,0.2711,0.294
2004-07-03,0.2405,0.2665,0.2922
2004-07-04,0.23,0.2609,0.2901
2004-07-05,0.258,0.2562,0.2885
2004-07-06,0.3244,0.2607,0.2873
2004-07-07,0.3092,0.2633,0.2856
2004-07-08,0.3918,0.3395,0.2855
2004-07-09,0.3613,0.3615,0.2868
2004-07-10,0.3415,0.3507,0.287
2004-07-11,0.3291,0.3408,0.287
2004-07-12,0.3315,0.3342,0.287
2004-07-13,0.3321,0.3297,0.287
2004-07-14,0.3174,0.3235,0.2864
2004-07-15,0.3023,0.3157,0.2854
2004-07-16,0.3053,0.3083,0.2844
2004-07-17,0.3212,0.3045,0.283
2004-07-18,0.2998,0.2991,0.2815
2004-07-19,0.2897,0.2936,0.2805
2004-07-20,0.2914,0.2882,0.2795
2004-07-21,0.3215,0.2872,0.2785
2004-07-22,0.3083,0.2855,0.2771
2004-07-23,0.2997,0.2816,0.2756
2004-07-24,0.3337,0.284,0.2747
2004-07-25,0.305,0.2832,0.2736
2004-07-26,0.2847,0.2793,0.2726
2004-07-27,0.2711,0.2753,0.2716
2004-07-28,0.2575,0.2706,0.2705
2004-07-29,0.2445,0.2649,0.2691
2004-07-30,0.2317,0.2589,0.2675
2004-07-31,0.2209,0.2533,0.2661
2004-08-01,0.2105,0.2476,0.2645
2004-08-02,0.2013,0.2421,0.2631
2004-08-03,0.2172,0.2375,0.2616
2004-08-04,0.3178,0.2437,0.261
2004-08-05,0.3775,0.2886,0.261
2004-08-06,0.3517,0.3041,0.261
2004-08-07,0.3275,0.3047,0.2605
2004-08-08,0.3074,0.3002,0.26
2004-08-09,0.2951,0.295,0.2595
2004-08-10,0.3724,0.3092,0.259
2004-08-11,0.4055,0.4045,0.2664
2004-08-12,0.3945,0.3962,0.2737
2004-08-13,0.3861,0.3922,0.2804
2004-08-14,0.3677,0.3753,0.2836
2004-08-15,0.3504,0.3618,0.2849
2004-08-16,0.3593,0.352,0.285
2004-08-17,0.3967,0.3678,0.2862
2004-08-18,0.3895,0.398,0.2913
2004-08-19,0.4197,0.4172,0.306
2004-08-20,0.3955,0.405,0.3286
2004-08-21,0.3775,0.3879,0.3318
2004-08-22,0.3628,0.3753,0.3324
2004-08-23,0.3516,0.365,0.3325
2004-08-24,0.3858,0.3775,0.3327
2004-08-25,0.3759,0.381,0.334
2004-08-26,0.3696,0.3727,0.3347
2004-08-27,0.3587,0.3659,0.3346
2004-08-28,0.3463,0.3579,0.3344
2004-08-29,0.3403,0.3509,0.3336
2004-08-30,0.3375,0.3457,0.3327
2004-08-31,0.3294,0.3402,0.332
2004-09-01,0.3211,0.3347,0.331
2004-09-02,0.3159,0.3289,0.3296
2004-09-03,0.3134,0.3239,0.3285
2004-09-04,0.3048,0.3186,0.3272
2004-09-05,0.2958,0.313,0.3255
2004-09-06,0.2938,0.308,0.3244
2004-09-07,0.2976,0.3042,0.3226
2004-09-08,0.2882,0.3,0.3212
2004-09-09,0.2781,0.2955,0.3195
2004-09-10,0.2683,0.2905,0.318
2004-09-11,0.2767,0.2863,0.3165
2004-09-12,0.3194,0.2865,0.3152
2004-09-13,0.3011,0.2862,0.3135
2004-09-14,0.3103,0.2854,0.3125
2004-09-15,0.3315,0.2906,0.3116
2004-09-16,0.3123,0.292,0.3106
2004-09-17,0.2983,0.2906,0.3096
2004-09-18,0.287,0.288,0.3085
2004-09-19,0.2796,0.2855,0.3075
2004-09-20,0.2743,0.2836,0.3065
2004-09-21,0.2696,0.2815,0.3056
2004-09-22,0.2649,0.2793,0.3046
2004-09-23,0.2632,0.2775,0.304
2004-09-24,0.2918,0.277,0.3035
2004-09-25,0.2993,0.2781,0.303
2004-09-26,0.2985,0.2795,0.303
2004-09-27,0.2956,0.2803,0.302
2004-09-28,0.288,0.2797,0.3015
2004-09-29,0.2816,0.2791,0.301
2004-09-30,0.2751,0.2772,0.3
2004-10-01,0.2709,0.2755,0.2994
2004-10-02,0.2653,0.274,0.2985
2004-10-03,0.2602,0.2716,0.2975
2004-10-04,0.2549,0.2691,0.2965
2004-10-05,0.2497,0.267,0.2956
2004-10-06,0.296,0.2674,0.295
2004-10-07,0.3739,0.2993,0.2945
2004-10-08,0.3385,0.3085,0.294
2004-10-09,0.3278,0.3086,0.294
2004-10-10,0.3959,0.3417,0.294
2004-10-11,0.3646,0.3511,0.2943
2004-10-12,0.3697,0.35,0.295
2004-10-13,0.3844,0.3582,0.2962
2004-10-14,0.4036,0.3889,0.299
2004-10-15,0.4067,0.4017,0.3064
2004-10-16,0.4021,0.3954,0.3119
2004-10-17,0.4013,0.3981,0.3168
2004-10-18,0.3837,0.388,0.3206
2004-10-19,0.4007,0.3876,0.3233
2004-10-20,0.3933,0.3882,0.3265
2004-10-21,0.3958,0.3884,0.3291
2004-10-22,0.378,0.3824,0.3314
2004-10-23,0.3685,0.3753,0.3329
2004-10-24,0.3607,0.369,0.3339
2004-10-25,0.3916,0.3805,0.335
2004-10-26,0.4231,0.427,0.3722
2004-10-27,0.4001,0.4103,0.386
2004-10-28,0.4247,0.4168,0.3893
2004-10-29,0.4138,0.4247,0.406
2004-10-30,0.4007,0.4148,0.4127
2004-10-31,0.4125,0.4085,0.4113
2004-11-01,0.42,0.4257,0.4137
2004-11-02,0.4046,0.413,0.4143
2004-11-03,0.412,0.4141,0.4128
2004-11-04,0.4121,0.4137,0.412
2004-11-05,0.4076,0.4179,0.4129
2004-11-06,0.3952,0.408,0.4121
2004-11-07,0.3912,0.3995,0.4105
2004-11-08,0.3865,0.3938,0.4088
2004-11-09,0.3782,0.3876,0.407
2004-11-10,0.3732,0.382,0.4051
2004-11-11,0.3699,0.3775,0.4033
2004-11-12,0.367,0.3737,0.4014
2004-11-13,0.3659,0.3708,0.3996
2004-11-14,0.3622,0.3685,0.3979
2004-11-15,0.3583,0.3658,0.3964
2004-11-16,0.3602,0.3635,0.3947
2004-11-17,0.371,0.3644,0.3935
2004-11-18,0.3669,0.365,0.3923
2004-11-19,0.3823,0.3676,0.3911
2004-11-20,0.3762,0.3727,0.3902
2004-11-21,0.3697,0.3717,0.3895
2004-11-22,0.3659,0.3702,0.3886
2004-11-23,0.364,0.3684,0.3879
2004-11-24,0.362,0.3667,0.387
2004-11-25,0.3585,0.3649,0.3862
2004-11-26,0.3563,0.3627,0.3853
2004-11-27,0.3545,0.361,0.3845
2004-11-28,0.3535,0.3595,0.3836
2004-11-29,0.4112,0.3779,0.383
2004-11-30,0.4182,0.4064,0.3844
2005-04-01,0.378,0.3784,0.3825
2005-04-02,0.364,0.3737,0.3807
2005-04-03,0.3536,0.3673,0.3789
2005-04-04,0.3456,0.3608,0.3769
2005-04-05,0.3384,0.3544,0.3747
2005-04-06,0.3371,0.3493,0.3724
2005-04-07,0.3815,0.3522,0.3707
2005-04-08,0.4123,0.3966,0.3706
2005-04-09,0.3937,0.3974,0.3718
2005-04-10,0.3896,0.3918,0.3724
2005-04-11,0.3888,0.3884,0.3725
2005-04-12,0.3854,0.3853,0.372
2005-04-13,0.3827,0.3826,0.3716
2005-04-14,0.3738,0.3785,0.3705
2005-04-15,0.4173,0.3985,0.3706
2005-04-16,0.4331,0.4309,0.3844
2005-04-17,0.4265,0.4298,0.4075
2005-04-18,0.4225,0.4285,0.4225
2005-04-19,0.4204,0.4281,0.4321
2005-04-20,0.4181,0.4153,0.4313
2005-04-21,0.4204,0.4178,0.4277
2005-04-22,0.417,0.4185,0.4258
2005-04-23,0.4175,0.4191,0.4248
2005-04-24,0.4177,0.4201,0.4255
2005-04-25,0.4,0.4093,0.4322
2005-04-26,0.3812,0.3882,0.426
2005-04-27,0.37,0.3773,0.4208
2005-04-28,0.3597,0.3693,0.4154
2005-04-29,0.3466,0.3606,0.409
2005-04-30,0.335,0.3524,0.4024
2005-05-01,0.3225,0.3441,0.3956
2005-05-02,0.3124,0.3368,0.3892
2005-05-03,0.3523,0.3394,0.3836
2005-05-04,0.3787,0.3552,0.379
2005-05-05,0.3932,0.366,0.3748
2005-05-06,0.3787,0.3735,0.3715
2005-05-07,0.368,0.371,0.3682
2005-05-08,0.3613,0.3663,0.3646
2005-05-09,0.3486,0.3599,0.3607
2005-05-10,0.3394,0.3533,0.357
2005-05-11,0.33,0.3465,0.3533
2005-05-12,0.3319,0.3398,0.3496
2005-05-13,0.3449,0.3376,0.3462
2005-05-14,0.3816,0.3587,0.3435
2005-05-15,0.3703,0.3688,0.3413
2005-05-16,0.41,0.3997,0.3412
2005-05-17,0.3913,0.3955,0.343
2005-05-18,0.374,0.3841,0.3427
2005-05-19,0.3593,0.3727,0.3413
2005-05-20,0.3455,0.3617,0.3391
2005-05-21,0.3384,0.3518,0.3365
2005-05-22,0.3817,0.3515,0.3345
2005-05-23,0.403,0.3871,0.3337
2005-05-24,0.3728,0.38,0.3335
2005-05-25,0.3552,0.368,0.332
2005-05-26,0.3395,0.3562,0.33
2005-05-27,0.3236,0.3445,0.3272
2005-05-28,0.3091,0.3335,0.3245
2005-05-29,0.297,0.3235,0.3215
2005-05-30,0.3365,0.3192,0.3195
2005-05-31,0.3377,0.3211,0.3175
2005-06-01,0.3155,0.3164,0.3151
2005-06-02,0.2989,0.3102,0.3127
2005-06-03,0.3017,0.3034,0.3101
2005-06-04,0.3558,0.3092,0.3081
2005-06-05,0.3245,0.3092,0.3061
2005-06-06,0.3109,0.3062,0.3045
2005-06-07,0.3198,0.3043,0.303
2005-06-08,0.3046,0.3012,0.3012
2005-06-09,0.2885,0.2962,0.2992
2005-06-10,0.2748,0.2904,0.2972
2005-06-11,0.2631,0.2845,0.2952
2005-06-12,0.2799,0.2797,0.2935
2005-06-13,0.305,0.2785,0.292
2005-06-14,0.3799,0.303,0.291
2005-06-15,0.3604,0.3415,0.2905
2005-06-16,0.3398,0.3368,0.29
2005-06-17,0.3234,0.3295,0.2895
2005-06-18,0.3064,0.3207,0.288
2005-06-19,0.2914,0.3115,0.2863
2005-06-20,0.2768,0.3022,0.2845
2005-06-21,0.2738,0.2936,0.283
2005-06-22,0.2995,0.2884,0.2815
2005-06-23,0.2948,0.2837,0.2797
2005-06-24,0.3084,0.2799,0.2784
2005-06-25,0.3478,0.2856,0.2769
2005-06-26,0.3413,0.2942,0.2755
2005-06-27,0.3064,0.2912,0.274
2005-06-28,0.2914,0.2857,0.2725
2005-06-29,0.3338,0.2859,0.2716
2005-06-30,0.3454,0.2987,0.2711
2005-07-01,0.3187,0.2982,0.2705
2005-07-02,0.3011,0.295,0.2696
2005-07-03,0.2853,0.2895,0.2686
2005-07-04,0.3233,0.2975,0.268
2005-07-05,0.3299,0.3113,0.2675
2005-07-06,0.3554,0.3168,0.267
2005-07-07,0.3585,0.3315,0.2678
2005-07-08,0.3438,0.3297,0.268
2005-07-09,0.3368,0.3259,0.268
2005-07-10,0.343,0.3234,0.268
2005-07-11,0.3267,0.3195,0.268
2005-07-12,0.3124,0.3131,0.2675
2005-07-13,0.3025,0.3068,0.2667
2005-07-14,0.2869,0.2993,0.2657
2005-07-15,0.271,0.2912,0.2646
2005-07-16,0.2647,0.2838,0.2635
2005-07-17,0.2675,0.2775,0.2625
2005-07-18,0.3707,0.2905,0.262
2005-07-19,0.3501,0.3128,0.2616
2005-07-20,0.3198,0.3093,0.2612
2005-07-21,0.3011,0.3033,0.2606
2005-07-22,0.2863,0.2971,0.26
2005-07-23,0.2745,0.2909,0.2595
2005-07-24,0.2628,0.2845,0.2585
2005-07-25,0.2987,0.2803,0.258
2005-07-26,0.3304,0.2858,0.2576
2005-07-27,0.3014,0.2837,0.2566
2005-07-28,0.2774,0.2781,0.2556
2005-07-29,0.2774,0.273,0.2547
2005-07-30,0.299,0.271,0.2543
2005-07-31,0.2781,0.268,0.2535
2005-08-01,0.2654,0.2639,0.2525
2005-08-02,0.274,0.2615,0.252
2005-08-03,0.2951,0.2616,0.252
2005-08-04,0.2773,0.2598,0.2514
2005-08-05,0.2597,0.2562,0.2505
2005-08-06,0.2486,0.2526,0.2496
2005-08-07,0.2422,0.2501,0.249
2005-08-08,0.2344,0.2473,0.2486
2005-08-09,0.2242,0.2432,0.2476
2005-08-10,0.2151,0.239,0.2466
2005-08-11,0.2334,0.2362,0.246
2005-08-12,0.2319,0.2336,0.2455
2005-08-13,0.2207,0.2307,0.2446
2005-08-14,0.2162,0.228,0.244
2005-08-15,0.222,0.2266,0.244
2005-08-16,0.2199,0.225,0.2435
2005-08-17,0.2105,0.2223,0.2425
2005-08-18,0.2071,0.2193,0.2416
2005-08-19,0.2068,0.2172,0.241
2005-08-20,0.2045,0.2155,0.2405
2005-08-21,0.2447,0.2152,0.24
2005-08-22,0.3444,0.2262,0.2404
2005-08-23,0.3158,0.2385,0.2405
2005-08-24,0.302,0.2425,0.24
2005-08-25,0.2916,0.244,0.24
2005-08-26,0.2901,0.2448,0.2395
2005-08-27,0.2748,0.2446,0.239
2005-08-28,0.2627,0.2431,0.239
2005-08-29,0.25,0.2407,0.2384
2005-08-30,0.2377,0.2376,0.2375
2005-08-31,0.2257,0.2342,0.2367
2005-09-01,0.2197,0.231,0.236
2005-09-02,0.2191,0.2285,0.2356
2005-09-03,0.211,0.2255,0.235
2005-09-04,0.2032,0.2225,0.2345
2005-09-05,0.2485,0.2214,0.234
2005-09-06,0.3439,0.2303,0.234
2005-09-07,0.3493,0.2561,0.234
2005-09-08,0.3264,0.2636,0.234
2005-09-09,0.3237,0.2691,0.234
2005-09-10,0.3287,0.2719,0.234
2005-09-11,0.3682,0.2882,0.2347
2005-09-12,0.3462,0.3006,0.235
2005-09-13,0.3307,0.3022,0.2351
2005-09-14,0.3221,0.3015,0.236
2005-09-15,0.3107,0.2992,0.236
2005-09-16,0.3004,0.2946,0.236
2005-09-17,0.3434,0.2961,0.236
2005-09-18,0.3285,0.2985,0.237
2005-09-19,0.3434,0.3022,0.237
2005-09-20,0.3229,0.3025,0.2378
2005-09-21,0.3072,0.2995,0.238
2005-09-22,0.2961,0.2952,0.238
2005-09-23,0.2867,0.291,0.238
2005-09-24,0.2781,0.2865,0.238
2005-09-25,0.2895,0.283,0.238
2005-09-26,0.3344,0.2856,0.238
2005-09-27,0.3176,0.2878,0.238
2005-09-28,0.3043,0.2868,0.238
2005-09-29,0.2988,0.2855,0.2382
2005-09-30,0.2956,0.284,0.239
2005-10-01,0.3091,0.2832,0.239
2005-10-02,0.3455,0.2878,0.239
2005-10-03,0.3838,0.3057,0.24
2005-10-04,0.4146,0.3818,0.2427
2005-10-05,0.3901,0.3862,0.2494
2005-10-06,0.3798,0.3756,0.2539
2005-10-07,0.3689,0.3673,0.257
2005-10-08,0.3565,0.3585,0.2592
2005-10-09,0.346,0.3502,0.2607
2005-10-10,0.3373,0.343,0.2619
2005-10-11,0.3291,0.3363,0.2628
2005-10-12,0.3215,0.3305,0.263
2005-10-13,0.3151,0.325,0.264
2005-10-14,0.31,0.32,0.264
2005-10-15,0.3106,0.3157,0.264
2005-10-16,0.35,0.3159,0.2648
2005-10-17,0.3502,0.3222,0.265
2005-10-18,0.3523,0.3232,0.2659
2005-10-19,0.4114,0.3919,0.2691
2005-10-20,0.3877,0.3901,0.276
2005-10-21,0.3737,0.3775,0.2798
2005-10-22,0.3662,0.3685,0.2823
2005-10-23,0.3891,0.3695,0.2844
2005-10-24,0.3752,0.3709,0.2868
2005-10-25,0.3626,0.3644,0.2886
2005-10-26,0.3538,0.3579,0.29
2005-10-27,0.346,0.3518,0.291
2005-10-28,0.3393,0.3464,0.2919
2005-10-29,0.3369,0.3417,0.2921
2005-10-30,0.3314,0.3376,0.293
2005-10-31,0.3401,0.3342,0.293
2005-11-01,0.393,0.373,0.2942
2005-11-02,0.3711,0.3701,0.2963
2005-11-03,0.3606,0.3638,0.298
2005-11-04,0.3894,0.3764,0.2996
2005-11-05,0.4057,0.4108,0.3104
2005-11-06,0.3866,0.3932,0.3164
2005-11-07,0.376,0.3825,0.3193
2005-11-08,0.3676,0.3745,0.3212
2005-11-09,0.388,0.3777,0.3228
2005-11-10,0.4045,0.4042,0.3276
2005-11-11,0.3869,0.3929,0.3321
2005-11-12,0.3895,0.3857,0.3349
2005-11-13,0.3903,0.3859,0.3372
2005-11-14,0.3769,0.3809,0.3391
2005-11-15,0.3694,0.3755,0.3406
2005-11-16,0.3705,0.3712,0.3416
2005-11-17,0.3793,0.3718,0.3424
2005-11-18,0.3678,0.3699,0.3432
2005-11-19,0.3617,0.3667,0.344
2005-11-20,0.3576,0.3636,0.3442
2005-11-21,0.3547,0.3609,0.345
2005-11-22,0.3519,0.3584,0.345
2005-11-23,0.3493,0.3562,0.345
2005-11-24,0.3475,0.3544,0.3453
2005-11-25,0.3528,0.353,0.346
2005-11-26,0.3536,0.353,0.346
2005-11-27,0.3524,0.3527,0.346
2005-11-28,0.3523,0.352,0.346
2005-11-29,0.37,0.3538,0.346
2005-11-30,0.3679,0.3586,0.346
2006-04-01,0.4015,0.4071,0.4115
2006-04-02,0.3958,0.4027,0.4105
2006-04-03,0.3832,0.394,0.4089
2006-04-04,0.373,0.3846,0.4069
2006-04-05,0.4042,0.3948,0.4051
2006-04-06,0.3887,0.4011,0.4046
2006-04-07,0.3778,0.3915,0.4034
2006-04-08,0.369,0.3823,0.4015
2006-04-09,0.3845,0.382,0.4001
2006-04-10,0.4235,0.4212,0.403
2006-04-11,0.4088,0.4178,0.4084
2006-04-12,0.4023,0.4086,0.4086
2006-04-13,0.3993,0.4038,0.4077
2006-04-14,0.3918,0.3975,0.4065
2006-04-15,0.3984,0.3934,0.4052
2006-04-16,0.3954,0.397,0.4041
2006-04-17,0.3794,0.3899,0.4026
2006-04-18,0.3745,0.3829,0.4015
2006-04-19,0.3656,0.3763,0.3995
2006-04-20,0.3559,0.3687,0.3971
2006-04-21,0.348,0.3615,0.3947
2006-04-22,0.3396,0.3547,0.3918
2006-04-23,0.3354,0.3487,0.3889
2006-04-24,0.3485,0.3442,0.3859
2006-04-25,0.3718,0.3504,0.3831
2006-04-26,0.3524,0.3499,0.3805
2006-04-27,0.3705,0.3588,0.3784
2006-04-28,0.3804,0.3786,0.3772
2006-04-29,0.3699,0.3763,0.376
2006-04-30,0.3591,0.3708,0.3742
2006-05-01,0.3504,0.3642,0.3722
2006-05-02,0.3424,0.3575,0.37
2006-05-03,0.3321,0.35,0.3674
2006-05-04,0.3218,0.3417,0.3645
2006-05-05,0.3396,0.3363,0.3619
2006-05-06,0.3864,0.3459,0.3598
2006-05-07,0.4124,0.3807,0.359
2006-05-08,0.4159,0.4158,0.3652
2006-05-09,0.3964,0.4072,0.3767
2006-05-10,0.3965,0.3975,0.378
2006-05-11,0.3888,0.3941,0.378
2006-05-12,0.38,0.3862,0.3774
2006-05-13,0.3905,0.389,0.3765
2006-05-14,0.3887,0.3955,0.3768
2006-05-15,0.3734,0.386,0.3761
2006-05-16,0.3692,0.377,0.3744
2006-05-17,0.3678,0.3722,0.3722
2006-05-18,0.3889,0.3862,0.371
2006-05-19,0.3997,0.4104,0.3754
2006-05-20,0.3843,0.3962,0.3768
2006-05-21,0.3747,0.3867,0.3762
2006-05-22,0.3825,0.3852,0.375
2006-05-23,0.3857,0.3923,0.3746
2006-05-24,0.3684,0.3824,0.3736
2006-05-25,0.3574,0.3728,0.3719
2006-05-26,0.3513,0.3652,0.37
2006-05-27,0.3446,0.3585,0.368
2006-05-28,0.3365,0.3516,0.366
2006-05-29,0.3509,0.3469,0.3638
2006-05-30,0.3579,0.3475,0.3621
2006-05-31,0.3555,0.3464,0.3604
2006-06-01,0.355,0.3466,0.3586
2006-06-02,0.3567,0.3464,0.3573
2006-06-03,0.3439,0.3442,0.3552
2006-06-04,0.3296,0.3388,0.3531
2006-06-05,0.3187,0.3332,0.351
2006-06-06,0.3083,0.3268,0.3483
2006-06-07,0.2978,0.3197,0.3456
2006-06-08,0.2878,0.3127,0.3427
2006-06-09,0.2774,0.3055,0.3396
2006-06-10,0.2662,0.2979,0.3365
2006-06-11,0.2561,0.2909,0.3335
2006-06-12,0.2454,0.284,0.33
2006-06-13,0.2354,0.2772,0.3267
2006-06-14,0.2256,0.2707,0.3235
2006-06-15,0.2162,0.2643,0.3202
2006-06-16,0.2095,0.259,0.317
2006-06-17,0.2296,0.255,0.3146
2006-06-18,0.2489,0.2525,0.3121
2006-06-19,0.2536,0.2501,0.3098
2006-06-20,0.258,0.2478,0.3071
2006-06-21,0.2687,0.2466,0.3052
2006-06-22,0.2982,0.2481,0.3034
2006-06-23,0.2772,0.2483,0.3012
2006-06-24,0.2721,0.2465,0.2991
2006-06-25,0.3165,0.2483,0.2974
2006-06-26,0.3292,0.2587,0.2957
2006-06-27,0.3498,0.2794,0.2944
2006-06-28,0.3833,0.3519,0.2938
2006-06-29,0.3518,0.3484,0.2935
2006-06-30,0.3297,0.3388,0.2926
2006-07-01,0.3106,0.328,0.2915
2006-07-02,0.295,0.3175,0.2901
2006-07-03,0.2902,0.3084,0.2885
2006-07-04,0.2952,0.3016,0.2871
2006-07-05,0.3174,0.2967,0.2855
2006-07-06,0.4,0.3636,0.2859
2006-07-07,0.387,0.3831,0.289
2006-07-08,0.3741,0.3727,0.291
2006-07-09,0.3588,0.3629,0.2921
2006-07-10,0.3423,0.3524,0.2925
2006-07-11,0.3248,0.3405,0.2916
2006-07-12,0.3109,0.3298,0.2906
2006-07-13,0.3137,0.321,0.2896
2006-07-14,0.3347,0.3168,0.2889
2006-07-15,0.3499,0.3158,0.2884
2006-07-16,0.3584,0.3228,0.2874
2006-07-17,0.3335,0.3202,0.2862
2006-07-18,0.3226,0.3142,0.2853
2006-07-19,0.318,0.3096,0.284
2006-07-20,0.2975,0.3028,0.2825
2006-07-21,0.2817,0.2956,0.2811
2006-07-22,0.2774,0.2888,0.2795
2006-07-23,0.2755,0.2836,0.2785
2006-07-24,0.261,0.2775,0.2771
2006-07-25,0.2482,0.2713,0.2755
2006-07-26,0.2363,0.2651,0.274
2006-07-27,0.2327,0.2594,0.2725
2006-07-28,0.2772,0.2565,0.2715
2006-07-29,0.3098,0.2589,0.2707
2006-07-30,0.288,0.2585,0.2695
2006-07-31,0.3134,0.2713,0.2685
2006-08-01,0.3279,0.297,0.2682
2006-08-02,0.3097,0.2945,0.2675
2006-08-03,0.3847,0.3147,0.267
2006-08-04,0.3619,0.327,0.2677
2006-08-05,0.3501,0.3285,0.268
2006-08-06,0.35,0.3282,0.2681
2006-08-07,0.3394,0.3262,0.2687
2006-08-08,0.3227,0.3212,0.2685
2006-08-09,0.308,0.3149,0.268
2006-08-10,0.299,0.3088,0.268
2006-08-11,0.295,0.3039,0.2675
2006-08-12,0.3774,0.3138,0.2678
2006-08-13,0.3652,0.3317,0.268
2006-08-14,0.3468,0.3315,0.2682
2006-08-15,0.3456,0.327,0.2685
2006-08-16,0.3922,0.3605,0.2691
2006-08-17,0.4084,0.395,0.2732
2006-08-18,0.3933,0.3986,0.2805
2006-08-19,0.38,0.38,0.2845
2006-08-20,0.3767,0.3726,0.2867
2006-08-21,0.357,0.3625,0.288
2006-08-22,0.3435,0.353,0.2887
2006-08-23,0.3319,0.3438,0.2887
2006-08-24,0.321,0.335,0.2885
2006-08-25,0.3335,0.3285,0.288
2006-08-26,0.3501,0.3294,0.288
2006-08-27,0.3356,0.3273,0.288
2006-08-28,0.3335,0.3244,0.288
2006-08-29,0.3688,0.3283,0.288
2006-08-30,0.3731,0.3419,0.2888
2006-08-31,0.3493,0.341,0.289
2006-09-01,0.3312,0.3347,0.2885
2006-09-02,0.3181,0.3277,0.288
2006-09-03,0.3105,0.3212,0.2875
2006-09-04,0.3005,0.3148,0.2867
2006-09-05,0.292,0.3088,0.2864
2006-09-06,0.3151,0.3042,0.2855
2006-09-07,0.3622,0.3105,0.2847
2006-09-08,0.3775,0.3353,0.285
2006-09-09,0.3453,0.3357,0.2846
2006-09-10,0.3502,0.3314,0.2845
2006-09-11,0.3559,0.3343,0.2843
2006-09-12,0.3342,0.3302,0.284
2006-09-13,0.321,0.3246,0.2836
2006-09-14,0.3253,0.3199,0.2835
2006-09-15,0.424,0.3912,0.2868
2006-09-16,0.401,0.4025,0.297
2006-09-17,0.3836,0.3867,0.3015
2006-09-18,0.3789,0.3772,0.304
2006-09-19,0.3714,0.371,0.3058
2006-09-20,0.3568,0.3629,0.3069
2006-09-21,0.3445,0.3545,0.307
2006-09-22,0.334,0.3466,0.307
2006-09-23,0.3339,0.3404,0.307
2006-09-24,0.3635,0.3391,0.307
2006-09-25,0.4024,0.376,0.3079
2006-09-26,0.3864,0.3819,0.3106
2006-09-27,0.3754,0.376,0.3128
2006-09-28,0.3643,0.369,0.3141
2006-09-29,0.3541,0.3616,0.315
2006-09-30,0.3508,0.3553,0.315
2006-10-01,0.3967,0.3631,0.3161
2006-10-02,0.3774,0.3712,0.3172
2006-10-03,0.404,0.3873,0.3192
2006-10-04,0.3933,0.394,0.3236
2006-10-05,0.3806,0.3847,0.3264
2006-10-06,0.3693,0.3764,0.328
2006-10-07,0.3863,0.374,0.3291
2006-10-08,0.3696,0.3713,0.33
2006-10-09,0.3582,0.3652,0.3307
2006-10-10,0.3501,0.3591,0.331
2006-10-11,0.3542,0.3543,0.331
2006-10-12,0.3838,0.3605,0.331
2006-10-13,0.3667,0.3617,0.3318
2006-10-14,0.359,0.3598,0.332
2006-10-15,0.3565,0.3569,0.3321
2006-10-16,0.3502,0.3536,0.3324
2006-10-17,0.3422,0.3497,0.332
2006-10-18,0.3363,0.3456,0.332
2006-10-19,0.364,0.3449,0.332
2006-10-20,0.4047,0.3702,0.3323
2006-10-21,0.39,0.3813,0.3338
2006-10-22,0.3745,0.3765,0.3352
2006-10-23,0.3946,0.3765,0.3364
2006-10-24,0.3913,0.3841,0.3381
2006-10-25,0.3736,0.3788,0.3397
2006-10-26,0.3618,0.3719,0.3404
2006-10-27,0.3545,0.3653,0.341
2006-10-28,0.3501,0.3601,0.341
2006-10-29,0.3461,0.3559,0.341
2006-10-30,0.3422,0.3519,0.341
2006-10-31,0.3436,0.3488,0.341
2006-11-01,0.3488,0.3475,0.341
2006-11-02,0.3442,0.3463,0.3405
2006-11-03,0.3385,0.3443,0.34
2006-11-04,0.3355,0.3423,0.34
2006-11-05,0.3329,0.3403,0.34
2006-11-06,0.3305,0.3382,0.3395
2006-11-07,0.3278,0.3361,0.339
2006-11-08,0.3261,0.3342,0.339
2006-11-09,0.326,0.3325,0.3385
2006-11-10,0.3288,0.3316,0.338
2006-11-11,0.3305,0.3306,0.338
2006-11-12,0.3437,0.3316,0.338
2006-11-13,0.3427,0.3332,0.3375
2006-11-14,0.3375,0.334,0.337
2006-11-15,0.3331,0.3335,0.337
2006-11-16,0.3295,0.3325,0.337
2006-11-17,0.4103,0.3936,0.3498
2006-11-18,0.3979,0.412,0.3835
2006-11-19,0.3949,0.4038,0.3857
2006-11-20,0.3942,0.4059,0.3876
2006-11-21,0.4095,0.4034,0.3887
2006-11-22,0.3996,0.4042,0.39
2006-11-23,0.397,0.3996,0.391
2006-11-24,0.3902,0.397,0.391
2006-11-25,0.3895,0.3935,0.391
2006-11-26,0.383,0.3908,0.39
2006-11-27,0.3756,0.3862,0.3895
2006-11-28,0.3748,0.382,0.3888
2006-11-29,0.4115,0.4042,0.389
2006-11-30,0.3925,0.4021,0.3906
2007-04-01,0.3973,0.3987,0.3878
2007-04-02,0.394,0.3964,0.3881
2007-04-03,0.4052,0.4023,0.3887
2007-04-04,0.4075,0.4132,0.3927
2007-04-05,0.3978,0.4059,0.3948
2007-04-06,0.3847,0.3968,0.3946
2007-04-07,0.3752,0.3881,0.3935
2007-04-08,0.3676,0.3802,0.3922
2007-04-09,0.3759,0.3746,0.3905
2007-04-10,0.3827,0.379,0.3895
2007-04-11,0.3658,0.3741,0.3877
2007-04-12,0.3651,0.3682,0.3865
2007-04-13,0.3815,0.3694,0.3853
2007-04-14,0.3767,0.3708,0.3838
2007-04-15,0.3693,0.3685,0.3826
2007-04-16,0.3598,0.3645,0.3811
2007-04-17,0.346,0.358,0.3791
2007-04-18,0.3362,0.3513,0.3771
2007-04-19,0.3275,0.3448,0.375
2007-04-20,0.319,0.3381,0.3724
2007-04-21,0.3105,0.3313,0.3699
2007-04-22,0.302,0.3251,0.367
2007-04-23,0.2945,0.3188,0.3641
2007-04-24,0.2876,0.3135,0.3613
2007-04-25,0.2815,0.3079,0.3584
2007-04-26,0.2769,0.303,0.3555
2007-04-27,0.3066,0.3002,0.3529
2007-04-28,0.3337,0.3036,0.3504
2007-04-29,0.3393,0.3087,0.348
2007-04-30,0.371,0.3377,0.3463
2007-05-01,0.3812,0.3475,0.3445
2007-05-02,0.3938,0.364,0.344
2007-05-03,0.3769,0.3687,0.3436
2007-05-04,0.4013,0.375,0.3435
2007-05-05,0.4196,0.4041,0.3456
2007-05-06,0.4088,0.4145,0.3531
2007-05-07,0.3873,0.398,0.3571
2007-05-08,0.3786,0.3875,0.3584
2007-05-09,0.3682,0.3793,0.3585
2007-05-10,0.3534,0.3689,0.3571
2007-05-11,0.3474,0.3602,0.3556
2007-05-12,0.3394,0.3536,0.3542
2007-05-13,0.3292,0.3458,0.3521
2007-05-14,0.4104,0.3983,0.3623
2007-05-15,0.3983,0.4083,0.3834
2007-05-16,0.4,0.3995,0.3848
2007-05-17,0.4256,0.4191,0.3882
2007-05-18,0.4096,0.4182,0.3955
2007-05-19,0.3866,0.4022,0.3965
2007-05-20,0.3935,0.3945,0.3952
2007-05-21,0.3746,0.3868,0.3933
2007-05-22,0.3607,0.3765,0.3911
2007-05-23,0.3482,0.366,0.3888
2007-05-24,0.3485,0.357,0.3861
2007-05-25,0.3602,0.3527,0.3836
2007-05-26,0.3593,0.3497,0.3813
2007-05-27,0.3941,0.3627,0.3797
2007-05-28,0.3925,0.3727,0.3787
2007-05-29,0.3821,0.3813,0.3778
2007-05-30,0.3656,0.375,0.3765
2007-05-31,0.3909,0.3753,0.3755
2007-06-01,0.402,0.398,0.3762
2007-06-02,0.4026,0.4029,0.3785
2007-06-03,0.3956,0.3991,0.3801
2007-06-04,0.3962,0.4011,0.381
2007-06-05,0.4109,0.4187,0.3867
2007-06-06,0.4141,0.424,0.4001
2007-06-07,0.4042,0.4192,0.411
2007-06-08,0.4007,0.4121,0.415
2007-06-09,0.3935,0.4007,0.4127
2007-06-10,0.384,0.3895,0.4097
2007-06-11,0.4025,0.3996,0.4074
2007-06-12,0.3989,0.4093,0.4075
2007-06-13,0.4006,0.4053,0.4059
2007-06-14,0.3957,0.408,0.4055
2007-06-15,0.4152,0.4209,0.4167
2007-06-16,0.3939,0.4062,0.4198
2007-06-17,0.3815,0.3908,0.4163
2007-06-18,0.3974,0.387,0.4126
2007-06-19,0.3827,0.3871,0.4095
2007-06-20,0.3793,0.3797,0.4062
2007-06-21,0.4119,0.4237,0.4178
2007-06-22,0.4,0.407,0.4182
2007-06-23,0.3793,0.3927,0.415
2007-06-24,0.3653,0.3795,0.4114
2007-06-25,0.378,0.3787,0.408
2007-06-26,0.3772,0.383,0.4058
2007-06-27,0.3725,0.377,0.4036
2007-06-28,0.3606,0.3702,0.4011
2007-06-29,0.3495,0.3623,0.3983
2007-06-30,0.3403,0.3546,0.3952
2007-07-01,0.3405,0.3474,0.3917
2007-07-02,0.3816,0.355,0.3887
2007-07-03,0.3609,0.3554,0.3861
2007-07-04,0.3602,0.3542,0.384
2007-07-05,0.3487,0.3512,0.3812
2007-07-06,0.3375,0.3466,0.3785
2007-07-07,0.327,0.3406,0.3755
2007-07-08,0.3593,0.34,0.3727
2007-07-09,0.4011,0.3773,0.3707
2007-07-10,0.3937,0.3847,0.37
2007-07-11,0.3922,0.3861,0.3695
2007-07-12,0.3762,0.382,0.3685
2007-07-13,0.3586,0.3727,0.3666
2007-07-14,0.3414,0.3616,0.3638
2007-07-15,0.3244,0.3499,0.3606
2007-07-16,0.3071,0.3381,0.3573
2007-07-17,0.2987,0.3285,0.3541
2007-07-18,0.3009,0.3219,0.3513
2007-07-19,0.3017,0.3159,0.3485
2007-07-20,0.3627,0.322,0.3464
2007-07-21,0.3977,0.3596,0.3448
2007-07-22,0.375,0.3666,0.3436
2007-07-23,0.3778,0.3649,0.3425
2007-07-24,0.3772,0.3716,0.3417
2007-07-25,0.3575,0.3648,0.3406
2007-07-26,0.3421,0.3558,0.3391
2007-07-27,0.3279,0.3459,0.337
2007-07-28,0.3168,0.337,0.3349
2007-07-29,0.3079,0.3292,0.3327
2007-07-30,0.3255,0.3239,0.3306
2007-07-31,0.3146,0.3196,0.3287
2007-08-01,0.2988,0.3132,0.3261
2007-08-02,0.3088,0.3082,0.3242
2007-08-03,0.3045,0.3055,0.3224
2007-08-04,0.2918,0.3012,0.3202
2007-08-05,0.2781,0.2953,0.318
2007-08-06,0.33,0.3048,0.316
2007-08-07,0.4137,0.387,0.3167
2007-08-08,0.392,0.3901,0.3196
2007-08-09,0.3879,0.3816,0.3213
2007-08-10,0.3976,0.3854,0.3232
2007-08-11,0.3871,0.383,0.3254
2007-08-12,0.3739,0.3766,0.3264
2007-08-13,0.3598,0.3675,0.3265
2007-08-14,0.3474,0.3587,0.3257
2007-08-15,0.3329,0.3491,0.3245
2007-08-16,0.3928,0.3745,0.324
2007-08-17,0.3698,0.3742,0.3249
2007-08-18,0.3535,0.3645,0.3245
2007-08-19,0.3427,0.3553,0.3237
2007-08-20,0.34,0.3483,0.3231
2007-08-21,0.3948,0.3621,0.323
2007-08-22,0.3793,0.3783,0.3241
2007-08-23,0.3721,0.3718,0.325
2007-08-24,0.3619,0.3651,0.325
2007-08-25,0.3475,0.3571,0.3245
2007-08-26,0.3364,0.3489,0.3235
2007-08-27,0.3266,0.3412,0.3225
2007-08-28,0.3176,0.3338,0.3212
2007-08-29,0.3516,0.3394,0.32
2007-08-30,0.4098,0.409,0.3244
2007-08-31,0.3878,0.3941,0.3292
2007-09-01,0.3807,0.3838,0.3312
2007-09-02,0.3703,0.376,0.332
2007-09-03,0.3588,0.3679,0.3324
2007-09-04,0.355,0.3614,0.3322
2007-09-05,0.3453,0.3552,0.3316
2007-09-06,0.3363,0.3488,0.331
2007-09-07,0.331,0.3433,0.3305
2007-09-08,0.3243,0.3378,0.3295
2007-09-09,0.3172,0.3324,0.3284
2007-09-10,0.3104,0.3269,0.3267
2007-09-11,0.3055,0.3218,0.3255
2007-09-12,0.2998,0.3171,0.3245
2007-09-13,0.2938,0.3122,0.3228
2007-09-14,0.2873,0.3071,0.3215
2007-09-15,0.2817,0.3026,0.3198
2007-09-16,0.2753,0.2978,0.3183
2007-09-17,0.3043,0.2946,0.3166
2007-09-18,0.38,0.3155,0.316
2007-09-19,0.3472,0.3252,0.3154
2007-09-20,0.3302,0.3238,0.3145
2007-09-21,0.3178,0.3205,0.3135
2007-09-22,0.3088,0.3162,0.3125
2007-09-23,0.3495,0.3165,0.3115
2007-09-24,0.3315,0.3174,0.3105
2007-09-25,0.3574,0.3203,0.3096
2007-09-26,0.3542,0.324,0.309
2007-09-27,0.4071,0.3486,0.3092
2007-09-28,0.4145,0.4032,0.3129
2007-09-29,0.3937,0.395,0.3184
2007-09-30,0.4056,0.4004,0.3225
2007-10-01,0.3818,0.3889,0.326
2007-10-02,0.3693,0.3782,0.3278
2007-10-03,0.364,0.3698,0.328
2007-10-04,0.3658,0.3654,0.329
2007-10-05,0.3587,0.3616,0.329
2007-10-06,0.3647,0.3586,0.3294
2007-10-07,0.3607,0.3575,0.3296
2007-10-08,0.3501,0.3538,0.3295
2007-10-09,0.343,0.3498,0.329
2007-10-10,0.3598,0.3486,0.329
2007-10-11,0.3538,0.349,0.329
2007-10-12,0.3457,0.3471,0.329
2007-10-13,0.3402,0.3447,0.329
2007-10-14,0.3348,0.3415,0.3285
2007-10-15,0.3287,0.3377,0.3277
2007-10-16,0.3232,0.3339,0.327
2007-10-17,0.3194,0.3305,0.3265
2007-10-18,0.3311,0.3285,0.326
2007-10-19,0.326,0.3271,0.3255
2007-10-20,0.3201,0.3253,0.325
2007-10-21,0.3154,0.3232,0.3241
2007-10-22,0.3118,0.3211,0.3236
2007-10-23,0.3095,0.3192,0.323
2007-10-24,0.3085,0.3175,0.3228
2007-10-25,0.3073,0.316,0.322
2007-10-26,0.316,0.315,0.322
2007-10-27,0.3159,0.3146,0.3214
2007-10-28,0.3116,0.3136,0.321
2007-10-29,0.3098,0.3125,0.32
2007-10-30,0.3379,0.3134,0.32
2007-10-31,0.3353,0.3169,0.3194
2007-11-01,0.326,0.318,0.319
2007-11-02,0.3196,0.3175,0.3186
2007-11-03,0.316,0.3169,0.318
2007-11-04,0.3221,0.3168,0.318
2007-11-05,0.321,0.317,0.3177
2007-11-06,0.3223,0.317,0.317
2007-11-07,0.323,0.3172,0.317
2007-11-08,0.3191,0.317,0.317
2007-11-09,0.3266,0.3172,0.3167
2007-11-10,0.3315,0.3182,0.316
2007-11-11,0.3409,0.3208,0.316
2007-11-12,0.3545,0.3247,0.316
2007-11-13,0.3452,0.3288,0.316
2007-11-14,0.3778,0.336,0.316
2007-11-15,0.3642,0.346,0.316
2007-11-16,0.3527,0.347,0.317
2007-11-17,0.3472,0.3462,0.317
2007-11-18,0.3483,0.345,0.3177
2007-11-19,0.3622,0.3458,0.318
2007-11-20,0.377,0.3514,0.318
2007-11-21,0.3916,0.3599,0.319
2007-11-22,0.422,0.3958,0.3211
2007-11-23,0.4232,0.4255,0.3569
2007-11-24,0.4042,0.4089,0.3685
2007-11-25,0.3934,0.4001,0.372
2007-11-26,0.3881,0.3942,0.3738
2007-11-27,0.3799,0.389,0.375
2007-11-28,0.3748,0.3842,0.3753
2007-11-29,0.3711,0.3804,0.376
2007-11-30,0.3733,0.3778,0.376
2008-04-01,0.3919,0.4029,0.3867
2008-04-02,0.3872,0.3946,0.387
2008-04-03,0.4145,0.4132,0.3891
2008-04-04,0.3935,0.4062,0.3924
2008-04-05,0.3813,0.3956,0.3925
2008-04-06,0.3928,0.3909,0.392
2008-04-07,0.3824,0.389,0.3914
2008-04-08,0.3938,0.3879,0.3906
2008-04-09,0.4007,0.3943,0.3903
2008-04-10,0.4172,0.4062,0.3913
2008-04-11,0.4246,0.4277,0.4086
2008-04-12,0.4102,0.4182,0.4179
2008-04-13,0.4067,0.4092,0.4165
2008-04-14,0.411,0.4186,0.4159
2008-04-15,0.3983,0.4088,0.4147
2008-04-16,0.3864,0.3979,0.413
2008-04-17,0.3981,0.3924,0.4108
2008-04-18,0.4103,0.4039,0.4095
2008-04-19,0.4061,0.4168,0.4104
2008-04-20,0.4007,0.4062,0.4099
2008-04-21,0.4158,0.413,0.4091
2008-04-22,0.4057,0.4154,0.4107
2008-04-23,0.3948,0.4066,0.4105
2008-04-24,0.385,0.3971,0.4092
2008-04-25,0.3744,0.3873,0.4072
2008-04-26,0.3634,0.3774,0.4048
2008-04-27,0.3524,0.368,0.4019
2008-04-28,0.3876,0.3732,0.3995
2008-04-29,0.4017,0.4091,0.4
2008-04-30,0.4029,0.4091,0.4005
2008-05-01,0.3909,0.4043,0.401
2008-05-02,0.3777,0.393,0.3995
2008-05-03,0.3653,0.3814,0.3977
2008-05-04,0.3567,0.3708,0.3951
2008-05-05,0.351,0.3627,0.3922
2008-05-06,0.3435,0.3564,0.3898
2008-05-07,0.3362,0.3506,0.387
2008-05-08,0.3252,0.3432,0.3836
2008-05-09,0.316,0.3364,0.3803
2008-05-10,0.3128,0.3307,0.377
2008-05-11,0.3298,0.3265,0.3737
2008-05-12,0.3737,0.3335,0.3709
2008-05-13,0.3693,0.342,0.3682
2008-05-14,0.364,0.3455,0.3657
2008-05-15,0.3661,0.3468,0.3636
2008-05-16,0.362,0.3495,0.3618
2008-05-17,0.4112,0.3775,0.3602
2008-05-18,0.3911,0.3902,0.361
2008-05-19,0.3774,0.3834,0.3606
2008-05-20,0.3685,0.3764,0.3597
2008-05-21,0.36,0.37,0.3586
2008-05-22,0.3525,0.3636,0.3574
2008-05-23,0.3455,0.357,0.3554
2008-05-24,0.3598,0.3531,0.3535
2008-05-25,0.3818,0.3569,0.3521
2008-05-26,0.3919,0.3693,0.3514
2008-05-27,0.3973,0.3775,0.3505
2008-05-28,0.394,0.3812,0.3496
2008-05-29,0.4193,0.4183,0.3583
2008-05-30,0.4234,0.4232,0.3702
2008-05-31,0.4146,0.4206,0.3795
2008-06-01,0.4142,0.4159,0.3856
2008-06-02,0.4148,0.4202,0.3919
2008-06-03,0.3957,0.4098,0.3995
2008-06-04,0.3867,0.3988,0.3993
2008-06-05,0.3945,0.3933,0.3982
2008-06-06,0.4281,0.4215,0.401
2008-06-07,0.408,0.4169,0.4067
2008-06-08,0.4162,0.4131,0.4078
2008-06-09,0.4152,0.419,0.4097
2008-06-10,0.4123,0.4182,0.4102
2008-06-11,0.4154,0.4241,0.4142
2008-06-12,0.4025,0.4164,0.4201
2008-06-13,0.3943,0.4024,0.4174
2008-06-14,0.3766,0.3897,0.4145
2008-06-15,0.3693,0.3789,0.4112
2008-06-16,0.4085,0.3908,0.4091
2008-06-17,0.406,0.4167,0.4096
2008-06-18,0.3973,0.4126,0.4106
2008-06-19,0.3799,0.397,0.4087
2008-06-20,0.365,0.3823,0.4057
2008-06-21,0.3519,0.3701,0.4025
2008-06-22,0.338,0.3585,0.3988
2008-06-23,0.3238,0.3479,0.3947
2008-06-24,0.3108,0.3378,0.3902
2008-06-25,0.3011,0.3295,0.3859
2008-06-26,0.2935,0.3225,0.3816
2008-06-27,0.2876,0.3165,0.3774
2008-06-28,0.2802,0.3109,0.3732
2008-06-29,0.2744,0.305,0.3689
2008-06-30,0.2904,0.3015,0.3651
2008-07-01,0.2823,0.2985,0.3613
2008-07-02,0.2696,0.2936,0.3571
2008-07-03,0.3787,0.3525,0.3546
2008-07-04,0.3878,0.3948,0.3558
2008-07-05,0.3686,0.3814,0.3551
2008-07-06,0.4108,0.3963,0.3549
2008-07-07,0.3962,0.4061,0.3596
2008-07-08,0.3784,0.3907,0.3606
2008-07-09,0.3658,0.3796,0.3599
2008-07-10,0.3505,0.368,0.358
2008-07-11,0.3689,0.363,0.3555
2008-07-12,0.4052,0.3905,0.3551
2008-07-13,0.4119,0.4048,0.3575
2008-07-14,0.3931,0.3985,0.3598
2008-07-15,0.372,0.3858,0.3596
2008-07-16,0.3564,0.3732,0.3581
2008-07-17,0.3488,0.3634,0.3565
2008-07-18,0.3405,0.3557,0.3542
2008-07-19,0.3277,0.3467,0.3519
2008-07-20,0.3173,0.3379,0.3491
2008-07-21,0.3079,0.3303,0.3468
2008-07-22,0.2983,0.323,0.3441
2008-07-23,0.2891,0.3158,0.3415
2008-07-24,0.2798,0.3085,0.3387
2008-07-25,0.2716,0.3016,0.3358
2008-07-26,0.2951,0.2972,0.3335
2008-07-27,0.3321,0.2991,0.3316
2008-07-28,0.3232,0.2998,0.3295
2008-07-29,0.3161,0.2989,0.3272
2008-07-30,0.3116,0.2973,0.3251
2008-07-31,0.2936,0.2936,0.3228
2008-08-01,0.2933,0.2905,0.3206
2008-08-02,0.2948,0.2887,0.319
2008-08-03,0.2808,0.2852,0.317
2008-08-04,0.2665,0.2806,0.3144
2008-08-05,0.255,0.2757,0.312
2008-08-06,0.2466,0.2712,0.31
2008-08-07,0.2896,0.2691,0.3078
2008-08-08,0.3412,0.2805,0.3065
2008-08-09,0.3137,0.2832,0.305
2008-08-10,0.2933,0.2812,0.3031
2008-08-11,0.3326,0.2823,0.302
2008-08-12,0.39,0.3274,0.3015
2008-08-13,0.371,0.368,0.3022
2008-08-14,0.3541,0.3589,0.303
2008-08-15,0.3805,0.3568,0.303
2008-08-16,0.3687,0.36,0.3039
2008-08-17,0.3572,0.354,0.304
2008-08-18,0.3466,0.3479,0.3035
2008-08-19,0.3691,0.3587,0.3031
2008-08-20,0.3954,0.398,0.3073
2008-08-21,0.3726,0.3819,0.31
2008-08-22,0.3892,0.3825,0.3116
2008-08-23,0.3833,0.3889,0.3147
2008-08-24,0.3679,0.3767,0.3161
2008-08-25,0.355,0.3659,0.317
2008-08-26,0.3465,0.3576,0.317
2008-08-27,0.3387,0.3503,0.3165
2008-08-28,0.3298,0.3429,0.3157
2008-08-29,0.3199,0.3354,0.3146
2008-08-30,0.3098,0.3277,0.3135
2008-08-31,0.3009,0.3203,0.3121
2008-09-01,0.33,0.3168,0.311
2008-09-02,0.3168,0.3141,0.3096
2008-09-03,0.3387,0.3186,0.3088
2008-09-04,0.4097,0.3831,0.31
2008-09-05,0.3986,0.4007,0.3161
2008-09-06,0.4193,0.4194,0.344
2008-09-07,0.3956,0.4057,0.3638
2008-09-08,0.3802,0.3924,0.3658
2008-09-09,0.3681,0.3816,0.3655
2008-09-10,0.3588,0.3728,0.3648
2008-09-11,0.3732,0.3727,0.3637
2008-09-12,0.4096,0.4204,0.3792
2008-09-13,0.4169,0.4159,0.3867
2008-09-14,0.4171,0.424,0.4008
2008-09-15,0.3933,0.4085,0.4036
2008-09-16,0.3815,0.3965,0.4025
2008-09-17,0.3729,0.3865,0.4008
2008-09-18,0.3653,0.378,0.3987
2008-09-19,0.3653,0.372,0.3967
2008-09-20,0.3581,0.3671,0.3949
2008-09-21,0.3502,0.3618,0.3928
2008-09-22,0.3436,0.3564,0.3907
2008-09-23,0.3384,0.3518,0.3886
2008-09-24,0.3345,0.3478,0.3867
2008-09-25,0.3351,0.345,0.385
2008-09-26,0.3363,0.3435,0.3835
2008-09-27,0.3321,0.3415,0.3819
2008-09-28,0.3268,0.3385,0.38
2008-09-29,0.3219,0.3352,0.3781
2008-09-30,0.3174,0.332,0.3764
2008-10-01,0.3155,0.3297,0.3746
2008-10-02,0.3191,0.3285,0.3733
2008-10-03,0.3243,0.3275,0.3716
2008-10-04,0.3275,0.3271,0.3703
2008-10-05,0.3253,0.3267,0.3685
2008-10-06,0.3845,0.3425,0.3673
2008-10-07,0.3646,0.3556,0.3665
2008-10-08,0.4139,0.4003,0.3723
2008-10-09,0.413,0.4203,0.3915
2008-10-10,0.395,0.4071,0.3948
2008-10-11,0.384,0.3977,0.395
2008-10-12,0.3777,0.3899,0.3944
2008-10-13,0.3722,0.3835,0.3934
2008-10-14,0.3673,0.3778,0.3924
2008-10-15,0.3643,0.3731,0.3912
2008-10-16,0.367,0.3702,0.39
2008-10-17,0.3677,0.369,0.3892
2008-10-18,0.3597,0.3661,0.3878
2008-10-19,0.3542,0.3627,0.3866
2008-10-20,0.351,0.3598,0.3856
2008-10-21,0.3513,0.3572,0.3845
2008-10-22,0.4289,0.4023,0.3849
2008-10-23,0.4059,0.4152,0.3905
2008-10-24,0.3908,0.4035,0.3929
2008-10-25,0.3824,0.3954,0.393
2008-10-26,0.3761,0.3888,0.3925
2008-10-27,0.39,0.3892,0.392
2008-10-28,0.4318,0.4241,0.3956
2008-10-29,0.4247,0.4272,0.4115
2008-10-30,0.4121,0.4205,0.4158
2008-10-31,0.4162,0.4208,0.418
2008-11-01,0.4271,0.4283,0.4243
2008-11-02,0.4153,0.4131,0.4331
2008-11-03,0.4062,0.4124,0.4282
2008-11-04,0.3951,0.3985,0.4244
2008-11-05,0.4109,0.3982,0.4212
2008-11-06,0.408,0.4016,0.4191
2008-11-07,0.3954,0.3987,0.4174
2008-11-08,0.3834,0.3911,0.4153
2008-11-09,0.3761,0.3841,0.4132
2008-11-10,0.3706,0.3785,0.411
2008-11-11,0.3845,0.3762,0.409
2008-11-12,0.4087,0.3987,0.408
2008-11-13,0.391,0.3976,0.407
2008-11-14,0.3823,0.3919,0.4061
2008-11-15,0.3771,0.3863,0.4046
2008-11-16,0.3745,0.3818,0.4033
2008-11-17,0.3845,0.3805,0.4016
2008-11-18,0.3882,0.3816,0.4
2008-11-19,0.3846,0.383,0.3985
2008-11-20,0.3783,0.3814,0.3969
2008-11-21,0.3839,0.3799,0.3954
2008-11-22,0.393,0.3863,0.3938
2008-11-23,0.3836,0.3855,0.3925
2008-11-24,0.4025,0.3932,0.3911
2008-11-25,0.3881,0.3935,0.3902
2008-11-26,0.3809,0.3901,0.3893
2008-11-27,0.38,0.3868,0.3879
2008-11-28,0.3797,0.3849,0.3866
2008-11-29,0.3925,0.3899,0.3853
2008-11-30,0.41,0.4145,0.3877
2009-04-01,0.3586,0.3593,0.3324
2009-04-02,0.3527,0.3556,0.3314
2009-04-03,0.4048,0.3781,0.3311
2009-04-04,0.3891,0.3866,0.3322
2009-04-05,0.3785,0.38,0.333
2009-04-06,0.367,0.3731,0.3332
2009-04-07,0.3835,0.3698,0.333
2009-04-08,0.3904,0.3822,0.3337
2009-04-09,0.3716,0.3765,0.334
2009-04-10,0.359,0.3686,0.3335
2009-04-11,0.3539,0.3616,0.333
2009-04-12,0.3839,0.3624,0.3325
2009-04-13,0.4035,0.3836,0.3331
2009-04-14,0.3851,0.3837,0.334
2009-04-15,0.3697,0.3759,0.3345
2009-04-16,0.4068,0.386,0.3349
2009-04-17,0.3997,0.394,0.3372
2009-04-18,0.3916,0.3899,0.3389
2009-04-19,0.3944,0.3865,0.3401
2009-04-20,0.412,0.4065,0.3441
2009-04-21,0.4072,0.4167,0.3606
2009-04-22,0.3896,0.405,0.3711
2009-04-23,0.3757,0.3907,0.3716
2009-04-24,0.3641,0.3797,0.3705
2009-04-25,0.3693,0.3725,0.3693
2009-04-26,0.4173,0.4065,0.3725
2009-04-27,0.3956,0.4084,0.382
2009-04-28,0.3839,0.396,0.383
2009-04-29,0.3783,0.3875,0.3824
2009-04-30,0.3678,0.3802,0.381
2009-05-01,0.3595,0.3728,0.3794
2009-05-02,0.3592,0.367,0.3776
2009-05-03,0.3549,0.3626,0.376
2009-05-04,0.3525,0.3579,0.3743
2009-05-05,0.3475,0.3542,0.3724
2009-05-06,0.3374,0.3491,0.3702
2009-05-07,0.3274,0.3426,0.3679
2009-05-08,0.3281,0.3363,0.3651
2009-05-09,0.3324,0.3333,0.363
2009-05-10,0.3403,0.3312,0.3608
2009-05-11,0.3413,0.3312,0.3586
2009-05-12,0.3264,0.3273,0.3559
2009-05-13,0.3149,0.3229,0.3531
2009-05-14,0.3352,0.3205,0.3513
2009-05-15,0.414,0.3889,0.3508
2009-05-16,0.3853,0.3923,0.3525
2009-05-17,0.3698,0.3799,0.3524
2009-05-18,0.3827,0.3756,0.3515
2009-05-19,0.3637,0.3694,0.3505
2009-05-20,0.348,0.3605,0.3487
2009-05-21,0.3325,0.3504,0.3461
2009-05-22,0.3207,0.3412,0.344
2009-05-23,0.3113,0.3328,0.3417
2009-05-24,0.2993,0.3243,0.339
2009-05-25,0.2845,0.3148,0.3359
2009-05-26,0.3412,0.3128,0.3338
2009-05-27,0.3518,0.323,0.3322
2009-05-28,0.3281,0.3215,0.3305
2009-05-29,0.3134,0.3176,0.3287
2009-05-30,0.3035,0.3117,0.3264
2009-05-31,0.3171,0.3089,0.3246
2009-06-01,0.3068,0.306,0.323
2009-06-02,0.2918,0.3011,0.3209
2009-06-03,0.2774,0.2952,0.3185
2009-06-04,0.2643,0.289,0.316
2009-06-05,0.2855,0.2842,0.3141
2009-06-06,0.365,0.296,0.3126
2009-06-07,0.3321,0.302,0.3112
2009-06-08,0.3292,0.302,0.31
2009-06-09,0.3897,0.3717,0.3099
2009-06-10,0.3696,0.3705,0.311
2009-06-11,0.3637,0.3621,0.3107
2009-06-12,0.3423,0.3521,0.3103
2009-06-13,0.3255,0.3413,0.309
2009-06-14,0.3378,0.3327,0.3075
2009-06-15,0.3864,0.3452,0.3066
2009-06-16,0.3867,0.3776,0.3072
2009-06-17,0.3593,0.3665,0.3076
2009-06-18,0.3689,0.3588,0.3075
2009-06-19,0.3798,0.3641,0.308
2009-06-20,0.3613,0.3599,0.308
2009-06-21,0.3482,0.3527,0.308
2009-06-22,0.3362,0.3453,0.3076
2009-06-23,0.3255,0.3376,0.307
2009-06-24,0.3153,0.3302,0.3061
2009-06-25,0.3028,0.3216,0.3045
2009-06-26,0.3363,0.3167,0.3034
2009-06-27,0.3655,0.3265,0.3027
2009-06-28,0.3409,0.3274,0.3016
2009-06-29,0.3193,0.3215,0.3005
2009-06-30,0.3028,0.3139,0.2991
2009-07-01,0.2889,0.3065,0.2975
2009-07-02,0.2835,0.299,0.2958
2009-07-03,0.2903,0.2938,0.2945
2009-07-04,0.2895,0.2888,0.2929
2009-07-05,0.3192,0.2874,0.2916
2009-07-06,0.3124,0.2873,0.2905
2009-07-07,0.2971,0.2845,0.2894
2009-07-08,0.2876,0.2816,0.2882
2009-07-09,0.276,0.2781,0.2867
2009-07-10,0.2684,0.275,0.2858
2009-07-11,0.2599,0.2715,0.2846
2009-07-12,0.2469,0.2665,0.2831
2009-07-13,0.2354,0.2607,0.2815
2009-07-14,0.2328,0.2555,0.2798
2009-07-15,0.3531,0.2617,0.2786
2009-07-16,0.3318,0.2737,0.2775
2009-07-17,0.357,0.2819,0.2767
2009-07-18,0.331,0.2911,0.2757
2009-07-19,0.3092,0.2898,0.2752
2009-07-20,0.291,0.286,0.2741
2009-07-21,0.2721,0.2802,0.2726
2009-07-22,0.257,0.2744,0.2715
2009-07-23,0.2965,0.271,0.2704
2009-07-24,0.3428,0.2766,0.2695
2009-07-25,0.3406,0.288,0.2686
2009-07-26,0.3083,0.2868,0.2676
2009-07-27,0.3209,0.2891,0.2665
2009-07-28,0.3495,0.3206,0.2663
2009-07-29,0.3206,0.3153,0.2656
2009-07-30,0.2996,0.3076,0.265
2009-07-31,0.284,0.2998,0.2644
2009-08-01,0.27,0.292,0.2634
2009-08-02,0.3388,0.2905,0.2625
2009-08-03,0.3214,0.292,0.262
2009-08-04,0.3012,0.2892,0.2615
2009-08-05,0.2823,0.2841,0.2605
2009-08-06,0.2666,0.278,0.2595
2009-08-07,0.2727,0.2732,0.259
2009-08-08,0.2968,0.2725,0.2586
2009-08-09,0.3085,0.2717,0.258
2009-08-10,0.3576,0.2862,0.258
2009-08-11,0.3213,0.2898,0.2575
2009-08-12,0.299,0.2865,0.2567
2009-08-13,0.2811,0.2816,0.2557
2009-08-14,0.2652,0.2759,0.2554
2009-08-15,0.2518,0.2701,0.2544
2009-08-16,0.2398,0.2645,0.2534
2009-08-17,0.2376,0.259,0.2524
2009-08-18,0.241,0.2545,0.2515
2009-08-19,0.2321,0.2499,0.2505
2009-08-20,0.2276,0.2455,0.2495
2009-08-21,0.2238,0.242,0.2486
2009-08-22,0.2194,0.2387,0.2477
2009-08-23,0.2095,0.235,0.2467
2009-08-24,0.2132,0.2308,0.2457
2009-08-25,0.3184,0.233,0.2451
2009-08-26,0.3353,0.2446,0.245
2009-08-27,0.3201,0.2528,0.2446
2009-08-28,0.295,0.2539,0.244
2009-08-29,0.2778,0.253,0.2435
2009-08-30,0.2612,0.2505,0.243
2009-08-31,0.2475,0.2471,0.2424
2009-09-01,0.244,0.2435,0.2415
2009-09-02,0.3238,0.2455,0.241
2009-09-03,0.3308,0.258,0.241
2009-09-04,0.3271,0.2632,0.241
2009-09-05,0.3045,0.2656,0.2407
2009-09-06,0.2855,0.2644,0.2404
2009-09-07,0.2705,0.2613,0.2397
2009-09-08,0.2573,0.2576,0.2394
2009-09-09,0.2458,0.2537,0.2386
2009-09-10,0.236,0.2499,0.238
2009-09-11,0.232,0.2471,0.238
2009-09-12,0.2324,0.2452,0.238
2009-09-13,0.2294,0.2431,0.2375
2009-09-14,0.2242,0.241,0.237
2009-09-15,0.2249,0.2393,0.237
2009-09-16,0.317,0.2415,0.237
2009-09-17,0.329,0.2533,0.237
2009-09-18,0.3053,0.2571,0.237
2009-09-19,0.3098,0.2591,0.237
2009-09-20,0.3441,0.2653,0.237
2009-09-21,0.358,0.2839,0.237
2009-09-22,0.3357,0.2918,0.2377
2009-09-23,0.3203,0.2935,0.238
2009-09-24,0.3065,0.292,0.238
2009-09-25,0.301,0.2902,0.238
2009-09-26,0.3002,0.2889,0.2384
2009-09-27,0.3086,0.2871,0.239
2009-09-28,0.3235,0.2883,0.239
2009-09-29,0.3061,0.2876,0.239
2009-09-30,0.2934,0.2847,0.239
2009-10-01,0.2835,0.2817,0.2388
2009-10-02,0.2753,0.279,0.239
2009-10-03,0.2689,0.2759,0.2386
2009-10-04,0.2631,0.2727,0.2385
2009-10-05,0.2572,0.2697,0.2381
2009-10-06,0.2566,0.2672,0.238
2009-10-07,0.2562,0.265,0.238
2009-10-08,0.369,0.3045,0.2383
2009-10-09,0.3938,0.3655,0.2411
2009-10-10,0.3861,0.3686,0.2444
2009-10-11,0.3726,0.3642,0.2473
2009-10-12,0.3684,0.3584,0.2498
2009-10-13,0.3564,0.3532,0.2518
2009-10-14,0.345,0.3466,0.2534
2009-10-15,0.3369,0.3407,0.2547
2009-10-16,0.3311,0.3354,0.2558
2009-10-17,0.3487,0.333,0.2567
2009-10-18,0.3441,0.3322,0.2577
2009-10-19,0.3344,0.3297,0.2585
2009-10-20,0.3275,0.3265,0.259
2009-10-21,0.3702,0.3413,0.2601
2009-10-22,0.4195,0.4093,0.2668
2009-10-23,0.4018,0.4058,0.2873
2009-10-24,0.386,0.3887,0.2931
2009-10-25,0.3837,0.3801,0.2966
2009-10-26,0.3729,0.3737,0.299
2009-10-27,0.3631,0.3668,0.3008
2009-10-28,0.3554,0.3604,0.302
2009-10-29,0.349,0.3547,0.303
2009-10-30,0.3436,0.3497,0.3038
2009-10-31,0.3391,0.3453,0.304
2009-11-01,0.3393,0.3418,0.3048
2009-11-02,0.3954,0.3601,0.3052
2009-11-03,0.4159,0.3904,0.3077
2009-11-04,0.401,0.3948,0.3124
2009-11-05,0.3978,0.3897,0.3162
2009-11-06,0.3872,0.387,0.3196
2009-11-07,0.3965,0.3847,0.3222
2009-11-08,0.389,0.388,0.3252
2009-11-09,0.4061,0.3882,0.328
2009-11-10,0.4148,0.4027,0.3321
2009-11-11,0.3935,0.3978,0.3373
2009-11-12,0.3961,0.3908,0.3404
2009-11-13,0.3943,0.393,0.3432
2009-11-14,0.3845,0.3867,0.3456
2009-11-15,0.3841,0.3833,0.3474
2009-11-16,0.3794,0.3802,0.3488
2009-11-17,0.3704,0.3758,0.3498
2009-11-18,0.3815,0.3747,0.3503
2009-11-19,0.3703,0.3729,0.351
2009-11-20,0.3613,0.369,0.351
2009-11-21,0.3563,0.365,0.3516
2009-11-22,0.3691,0.3635,0.352
2009-11-23,0.37,0.365,0.352
2009-11-24,0.3625,0.3642,0.352
2009-11-25,0.3567,0.362,0.352
2009-11-26,0.3529,0.3595,0.352
2009-11-27,0.3518,0.3574,0.352
2009-11-28,0.3515,0.3556,0.352
2009-11-29,0.37,0.358,0.352
2009-11-30,0.4078,0.3927,0.353
2010-04-01,0.4127,0.4081,0.3798
2010-04-02,0.3927,0.401,0.3813
2010-04-03,0.3996,0.3971,0.382
2010-04-04,0.4046,0.4088,0.3836
2010-04-05,0.3887,0.3994,0.385
2010-04-06,0.377,0.3905,0.3845
2010-04-07,0.3842,0.3843,0.3834
2010-04-08,0.4056,0.3965,0.383
2010-04-09,0.3947,0.3963,0.384
2010-04-10,0.3818,0.3913,0.3835
2010-04-11,0.3699,0.3835,0.3825
2010-04-12,0.3698,0.3774,0.3812
2010-04-13,0.3698,0.3741,0.3796
2010-04-14,0.3642,0.3703,0.3783
2010-04-15,0.3619,0.3658,0.3765
2010-04-16,0.3705,0.3647,0.3748
2010-04-17,0.3575,0.362,0.373
2010-04-18,0.3493,0.3567,0.371
2010-04-19,0.3437,0.3518,0.3689
2010-04-20,0.3355,0.3467,0.3664
2010-04-21,0.3282,0.3417,0.3642
2010-04-22,0.3232,0.3363,0.362
2010-04-23,0.3206,0.3322,0.3598
2010-04-24,0.3122,0.3274,0.3571
2010-04-25,0.3026,0.3215,0.3543
2010-04-26,0.2944,0.316,0.3516
2010-04-27,0.2875,0.3108,0.349
2010-04-28,0.28,0.3056,0.346
2010-04-29,0.2715,0.2999,0.3431
2010-04-30,0.2894,0.2964,0.3406
2010-05-01,0.362,0.3022,0.3392
2010-05-02,0.4044,0.3486,0.3382
2010-05-03,0.3863,0.3703,0.338
2010-05-04,0.4269,0.4041,0.3402
2010-05-05,0.428,0.4227,0.351
2010-05-06,0.4108,0.4152,0.3624
2010-05-07,0.396,0.4022,0.3665
2010-05-08,0.3931,0.3939,0.3679
2010-05-09,0.4061,0.3951,0.3688
2010-05-10,0.4139,0.4124,0.3717
2010-05-11,0.4089,0.4182,0.3812
2010-05-12,0.4082,0.41,0.3889
2010-05-13,0.4089,0.4128,0.3924
2010-05-14,0.4215,0.416,0.3955
2010-05-15,0.4104,0.4135,0.3988
2010-05-16,0.3994,0.4083,0.4
2010-05-17,0.3856,0.3985,0.3995
2010-05-18,0.3748,0.389,0.3981
2010-05-19,0.3632,0.379,0.3962
2010-05-20,0.3541,0.3701,0.3942
2010-05-21,0.3483,0.363,0.3922
2010-05-22,0.3404,0.3559,0.39
2010-05-23,0.3306,0.3479,0.387
2010-05-24,0.3205,0.3402,0.3838
2010-05-25,0.3079,0.3319,0.3805
2010-05-26,0.3293,0.3268,0.377
2010-05-27,0.3707,0.3397,0.3747
2010-05-28,0.3544,0.3416,0.3724
2010-05-29,0.3421,0.3398,0.3701
2010-05-30,0.3701,0.3412,0.368
2010-05-31,0.3967,0.3637,0.3667
2010-06-01,0.3726,0.3722,0.3655
2010-06-02,0.4022,0.3844,0.365
2010-06-03,0.3795,0.385,0.3647
2010-06-04,0.3646,0.3764,0.3639
2010-06-05,0.3501,0.3662,0.362
2010-06-06,0.3735,0.3719,0.36
2010-06-07,0.4027,0.4085,0.3627
2010-06-08,0.3987,0.3982,0.3649
2010-06-09,0.3847,0.3915,0.3659
2010-06-10,0.3898,0.3851,0.3655
2010-06-11,0.3985,0.3855,0.3646
2010-06-12,0.3945,0.395,0.365
2010-06-13,0.3909,0.3886,0.3654
2010-06-14,0.4043,0.3968,0.366
2010-06-15,0.4221,0.4232,0.3729
2010-06-16,0.4207,0.4277,0.3952
2010-06-17,0.4057,0.4154,0.4064
2010-06-18,0.4045,0.4133,0.4074
2010-06-19,0.4085,0.4079,0.407
2010-06-20,0.4176,0.4162,0.4075
2010-06-21,0.3975,0.4092,0.4078
2010-06-22,0.3818,0.3975,0.4062
2010-06-23,0.3675,0.3843,0.4038
2010-06-24,0.3541,0.3721,0.4007
2010-06-25,0.3411,0.361,0.3974
2010-06-26,0.3288,0.3507,0.3938
2010-06-27,0.318,0.3415,0.3904
2010-06-28,0.3097,0.3337,0.3867
2010-06-29,0.3059,0.327,0.3834
2010-06-30,0.307,0.322,0.3798
2010-07-01,0.2971,0.3167,0.3762
2010-07-02,0.2864,0.311,0.3722
2010-07-03,0.3146,0.3069,0.3685
2010-07-04,0.3557,0.3163,0.3655
2010-07-05,0.3266,0.3165,0.3624
2010-07-06,0.3058,0.3125,0.359
2010-07-07,0.2895,0.3068,0.3556
2010-07-08,0.2751,0.3002,0.352
2010-07-09,0.262,0.2939,0.3484
2010-07-10,0.2878,0.2887,0.3448
2010-07-11,0.3291,0.2917,0.3417
2010-07-12,0.3266,0.2913,0.3389
2010-07-13,0.3454,0.2986,0.3363
2010-07-14,0.3204,0.2989,0.3339
2010-07-15,0.3274,0.2984,0.3312
2010-07-16,0.323,0.2966,0.3288
2010-07-17,0.3684,0.31,0.3266
2010-07-18,0.3303,0.3135,0.3247
2010-07-19,0.3061,0.3082,0.3221
2010-07-20,0.2881,0.3018,0.3198
2010-07-21,0.2777,0.2954,0.3172
2010-07-22,0.338,0.296,0.316
2010-07-23,0.3588,0.314,0.3152
2010-07-24,0.332,0.3149,0.3136
2010-07-25,0.3128,0.3116,0.3121
2010-07-26,0.3045,0.3076,0.3106
2010-07-27,0.3185,0.3058,0.3097
2010-07-28,0.3122,0.3041,0.3085
2010-07-29,0.3038,0.3006,0.307
2010-07-30,0.293,0.2969,0.3055
2010-07-31,0.2803,0.2921,0.304
2010-08-01,0.269,0.2859,0.302
2010-08-02,0.3265,0.2919,0.3006
2010-08-03,0.3488,0.3172,0.3
2010-08-04,0.3289,0.3161,0.2994
2010-08-05,0.3814,0.3265,0.2985
2010-08-06,0.3465,0.3318,0.2976
2010-08-07,0.3253,0.3264,0.2966
2010-08-08,0.3089,0.3193,0.2956
2010-08-09,0.2947,0.3117,0.2945
2010-08-10,0.2826,0.3042,0.293
2010-08-11,0.273,0.2975,0.2915
2010-08-12,0.2719,0.2922,0.2905
2010-08-13,0.2692,0.2881,0.2896
2010-08-14,0.2636,0.2843,0.2886
2010-08-15,0.2875,0.2815,0.288
2010-08-16,0.3209,0.2838,0.2874
2010-08-17,0.303,0.2836,0.2865
2010-08-18,0.2885,0.2812,0.2854
2010-08-19,0.2806,0.2787,0.2845
2010-08-20,0.296,0.2769,0.2835
2010-08-21,0.2935,0.2752,0.2825
2010-08-22,0.2755,0.2717,0.281
2010-08-23,0.2619,0.2677,0.2796
2010-08-24,0.2529,0.2643,0.2786
2010-08-25,0.2421,0.2602,0.2775
2010-08-26,0.2316,0.2556,0.276
2010-08-27,0.2517,0.2525,0.275
2010-08-28,0.2684,0.2515,0.2743
2010-08-29,0.2588,0.25,0.2734
2010-08-30,0.248,0.248,0.2725
2010-08-31,0.2402,0.2456,0.2715
2010-09-01,0.2318,0.2427,0.2705
2010-09-02,0.2232,0.2398,0.2695
2010-09-03,0.2153,0.2367,0.2682
2010-09-04,0.2078,0.2336,0.2666
2010-09-05,0.2013,0.2306,0.2656
2010-09-06,0.1967,0.2277,0.2645
2010-09-07,0.3452,0.2487,0.264
2010-09-08,0.3678,0.3199,0.264
2010-09-09,0.369,0.326,0.2641
2010-09-10,0.353,0.3309,0.265
2010-09-11,0.3322,0.3268,0.265
2010-09-12,0.3337,0.3218,0.265
2010-09-13,0.3437,0.3217,0.265
2010-09-14,0.3258,0.319,0.2653
2010-09-15,0.3124,0.3138,0.2652
2010-09-16,0.3063,0.3093,0.265
2010-09-17,0.3099,0.3067,0.265
2010-09-18,0.3046,0.3041,0.265
2010-09-19,0.2956,0.3007,0.265
2010-09-20,0.2867,0.2962,0.265
2010-09-21,0.279,0.2919,0.2645
2010-09-22,0.2724,0.2877,0.264
2010-09-23,0.2657,0.2831,0.2635
2010-09-24,0.3188,0.2835,0.263
2010-09-25,0.385,0.3057,0.2637
2010-09-26,0.3636,0.3261,0.264
2010-09-27,0.3464,0.3283,0.265
2010-09-28,0.3404,0.3275,0.2654
2010-09-29,0.3333,0.3256,0.266
2010-09-30,0.3373,0.3237,0.2667
2010-10-01,0.3362,0.3231,0.267
2010-10-02,0.3228,0.3199,0.267
2010-10-03,0.3154,0.3154,0.267
2010-10-04,0.3277,0.3124,0.267
2010-10-05,0.3559,0.3174,0.2679
2010-10-06,0.3356,0.319,0.268
2010-10-07,0.3218,0.3165,0.268
2010-10-08,0.3145,0.3129,0.268
2010-10-09,0.3068,0.3095,0.268
2010-10-10,0.3054,0.3066,0.268
2010-10-11,0.3372,0.3071,0.2681
2010-10-12,0.3485,0.3143,0.269
2010-10-13,0.3307,0.3153,0.269
2010-10-14,0.321,0.314,0.269
2010-10-15,0.3148,0.3122,0.2693
2010-10-16,0.3232,0.311,0.27
2010-10-17,0.3643,0.316,0.2701
2010-10-18,0.3687,0.3279,0.271
2010-10-19,0.3533,0.3328,0.2718
2010-10-20,0.3577,0.3344,0.2724
2010-10-21,0.3446,0.3342,0.273
2010-10-22,0.3347,0.3317,0.274
2010-10-23,0.3286,0.3285,0.274
2010-10-24,0.3933,0.3418,0.2751
2010-10-25,0.3916,0.3747,0.2773
2010-10-26,0.372,0.3704,0.2799
2010-10-27,0.361,0.3631,0.2819
2010-10-28,0.3525,0.3563,0.2833
2010-10-29,0.3452,0.3504,0.2843
2010-10-30,0.3925,0.3601,0.2855
2010-10-31,0.4213,0.4113,0.2916
2010-11-01,0.4123,0.4147,0.3078
2010-11-02,0.394,0.3969,0.3152
2010-11-03,0.3894,0.3879,0.319
2010-11-04,0.3797,0.3814,0.3218
2010-11-05,0.3721,0.3755,0.3237
2010-11-06,0.3664,0.3705,0.3252
2010-11-07,0.3913,0.3764,0.3265
2010-11-08,0.3935,0.3843,0.3289
2010-11-09,0.3962,0.3862,0.3312
2010-11-10,0.4079,0.3924,0.334
2010-11-11,0.3953,0.3938,0.3375
2010-11-12,0.3905,0.3895,0.3403
2010-11-13,0.3787,0.3838,0.3426
2010-11-14,0.3716,0.3778,0.3439
2010-11-15,0.4188,0.412,0.3493
2010-11-16,0.4254,0.4224,0.3633
2010-11-17,0.411,0.412,0.3713
2010-11-18,0.411,0.4083,0.3755
2010-11-19,0.3998,0.403,0.3784
2010-11-20,0.4063,0.4033,0.3802
2010-11-21,0.4192,0.4226,0.3879
2010-11-22,0.413,0.4146,0.3932
2010-11-23,0.4014,0.4087,0.3956
2010-11-24,0.3928,0.402,0.396
2010-11-25,0.3955,0.398,0.396
2010-11-26,0.3929,0.398,0.3957
2010-11-27,0.3842,0.3941,0.395
2010-11-28,0.3835,0.3902,0.3946
2010-11-29,0.3823,0.3878,0.394
2010-11-30,0.3793,0.3851,0.3931
2011-04-01,0.392,0.3995,0.3885
2011-04-02,0.3776,0.391,0.3884
2011-04-03,0.3765,0.3833,0.3871
2011-04-04,0.3996,0.3885,0.386
2011-04-05,0.3793,0.387,0.3855
2011-04-06,0.3667,0.3799,0.3842
2011-04-07,0.3568,0.3718,0.3825
2011-04-08,0.3479,0.364,0.3805
2011-04-09,0.3398,0.3567,0.3783
2011-04-10,0.3323,0.3498,0.3761
2011-04-11,0.3255,0.3436,0.374
2011-04-12,0.3224,0.3388,0.3718
2011-04-13,0.3178,0.3349,0.3699
2011-04-14,0.312,0.3302,0.3675
2011-04-15,0.3064,0.326,0.3651
2011-04-16,0.3008,0.3214,0.3629
2011-04-17,0.2951,0.317,0.3601
2011-04-18,0.289,0.3122,0.3576
2011-04-19,0.2819,0.3077,0.3549
2011-04-20,0.275,0.303,0.352
2011-04-21,0.2722,0.2985,0.3492
2011-04-22,0.2712,0.295,0.3466
2011-04-23,0.2759,0.292,0.3441
2011-04-24,0.3089,0.2918,0.3421
2011-04-25,0.3119,0.292,0.34
2011-04-26,0.3132,0.2928,0.3377
2011-04-27,0.2983,0.291,0.3352
2011-04-28,0.3151,0.291,0.3335
2011-04-29,0.3578,0.299,0.3319
2011-04-30,0.3472,0.3092,0.3303
2011-05-01,0.3275,0.3098,0.3285
2011-05-02,0.3132,0.3074,0.3268
2011-05-03,0.3246,0.3055,0.3249
2011-05-04,0.3344,0.3083,0.3235
2011-05-05,0.3122,0.3061,0.3216
2011-05-06,0.2952,0.3015,0.3192
2011-05-07,0.28,0.2957,0.3171
2011-05-08,0.2672,0.2898,0.315
2011-05-09,0.2603,0.2842,0.3129
2011-05-10,0.2544,0.2795,0.3109
2011-05-11,0.2662,0.2747,0.3089
2011-05-12,0.3356,0.277,0.3074
2011-05-13,0.3334,0.2863,0.306
2011-05-14,0.3539,0.2957,0.3048
2011-05-15,0.3564,0.317,0.304
2011-05-16,0.3333,0.318,0.3033
2011-05-17,0.3162,0.3144,0.302
2011-05-18,0.3231,0.3096,0.3005
2011-05-19,0.3527,0.312,0.2995
2011-05-20,0.3508,0.3169,0.2985
2011-05-21,0.3322,0.3151,0.2971
2011-05-22,0.3409,0.3132,0.296
2011-05-23,0.3308,0.3125,0.2949
2011-05-24,0.3075,0.307,0.2932
2011-05-25,0.2893,0.3001,0.2915
2011-05-26,0.2901,0.2939,0.2904
2011-05-27,0.298,0.2906,0.2891
2011-05-28,0.285,0.2867,0.2876
2011-05-29,0.2701,0.2813,0.2861
2011-05-30,0.2607,0.2756,0.2845
2011-05-31,0.3306,0.2786,0.284
2011-06-01,0.398,0.3189,0.284
2011-06-02,0.3727,0.35,0.2848
2011-06-03,0.358,0.347,0.285
2011-06-04,0.3661,0.344,0.285
2011-06-05,0.364,0.346,0.2853
2011-06-06,0.345,0.3409,0.2855
2011-06-07,0.3316,0.3336,0.285
2011-06-08,0.3976,0.3507,0.285
2011-06-09,0.3638,0.3562,0.286
2011-06-10,0.3579,0.3495,0.2862
2011-06-11,0.3573,0.3465,0.2867
2011-06-12,0.3355,0.3391,0.2865
2011-06-13,0.3232,0.331,0.286
2011-06-14,0.3167,0.3242,0.2855
2011-06-15,0.3055,0.3173,0.2846
2011-06-16,0.3362,0.3132,0.284
2011-06-17,0.3655,0.3227,0.2835
2011-06-18,0.383,0.3369,0.2834
2011-06-19,0.3527,0.3399,0.2836
2011-06-20,0.332,0.3332,0.2834
2011-06-21,0.324,0.3248,0.2825
2011-06-22,0.3705,0.3379,0.282
2011-06-23,0.3825,0.3751,0.2837
2011-06-24,0.3566,0.3632,0.285
2011-06-25,0.3373,0.3505,0.2851
2011-06-26,0.3206,0.3382,0.2846
2011-06-27,0.3033,0.3262,0.2835
2011-06-28,0.2867,0.3147,0.2825
2011-06-29,0.2907,0.3073,0.2817
2011-06-30,0.293,0.3029,0.2807
2011-07-01,0.2782,0.2959,0.2796
2011-07-02,0.2643,0.2887,0.2785
2011-07-03,0.2519,0.2813,0.277
2011-07-04,0.2432,0.2748,0.2755
2011-07-05,0.2352,0.2688,0.2742
2011-07-06,0.2273,0.263,0.2727
2011-07-07,0.3089,0.2717,0.272
2011-07-08,0.3643,0.3385,0.272
2011-07-09,0.3518,0.3335,0.272
2011-07-10,0.3849,0.3507,0.2722
2011-07-11,0.3811,0.3812,0.2755
2011-07-12,0.3583,0.3654,0.2771
2011-07-13,0.4251,0.4098,0.2985
2011-07-14,0.3938,0.4033,0.3317
2011-07-15,0.3725,0.3857,0.334
2011-07-16,0.3588,0.3721,0.3343
2011-07-17,0.4014,0.396,0.3358
2011-07-18,0.3878,0.3976,0.3407
2011-07-19,0.4062,0.396,0.343
2011-07-20,0.4086,0.4053,0.3471
2011-07-21,0.3887,0.3942,0.3502
2011-07-22,0.3778,0.384,0.3513
2011-07-23,0.3715,0.3762,0.3517
2011-07-24,0.3664,0.37,0.3515
2011-07-25,0.3713,0.3663,0.3511
2011-07-26,0.3841,0.3716,0.3517
2011-07-27,0.3787,0.3803,0.352
2011-07-28,0.3799,0.3752,0.352
2011-07-29,0.3738,0.3734,0.352
2011-07-30,0.3646,0.3684,0.352
2011-07-31,0.3532,0.3622,0.3515
2011-08-01,0.3388,0.3538,0.35
2011-08-02,0.3267,0.345,0.3481
2011-08-03,0.3285,0.3379,0.3465
2011-08-04,0.3202,0.3324,0.3451
2011-08-05,0.3111,0.3265,0.3435
2011-08-06,0.3125,0.3214,0.3416
2011-08-07,0.3843,0.3356,0.3408
2011-08-08,0.3538,0.3415,0.3396
2011-08-09,0.3389,0.3386,0.3386
2011-08-10,0.3279,0.3342,0.3375
2011-08-11,0.3137,0.3277,0.3359
2011-08-12,0.3016,0.3205,0.334
2011-08-13,0.2907,0.3134,0.332
2011-08-14,0.3344,0.312,0.3304
2011-08-15,0.3785,0.3419,0.3295
2011-08-16,0.3509,0.343,0.3285
2011-08-17,0.3306,0.3369,0.3272
2011-08-18,0.316,0.3292,0.3255
2011-08-19,0.3256,0.3229,0.324
2011-08-20,0.3256,0.3195,0.3225
2011-08-21,0.3056,0.3138,0.3208
2011-08-22,0.2871,0.3068,0.3189
2011-08-23,0.2714,0.2995,0.3169
2011-08-24,0.2755,0.293,0.315
2011-08-25,0.352,0.3054,0.3137
2011-08-26,0.3894,0.357,0.3139
2011-08-27,0.397,0.4038,0.3226
2011-08-28,0.3765,0.3864,0.326
2011-08-29,0.3617,0.3737,0.327
2011-08-30,0.3495,0.3632,0.3272
2011-08-31,0.339,0.3539,0.3266
2011-09-01,0.3335,0.3459,0.3257
2011-09-02,0.3236,0.3386,0.325
2011-09-03,0.3176,0.3322,0.324
2011-09-04,0.3814,0.3466,0.324
2011-09-05,0.3826,0.373,0.3249
2011-09-06,0.3612,0.3662,0.3252
2011-09-07,0.3513,0.359,0.3252
2011-09-08,0.344,0.3531,0.3255
2011-09-09,0.3348,0.3461,0.3247
2011-09-10,0.3254,0.3393,0.3242
2011-09-11,0.3176,0.3328,0.3233
2011-09-12,0.3122,0.3271,0.3222
2011-09-13,0.3046,0.3214,0.3209
2011-09-14,0.303,0.317,0.32
2011-09-15,0.2973,0.3128,0.3192
2011-09-16,0.293,0.3078,0.3176
2011-09-17,0.3315,0.3069,0.317
2011-09-18,0.3607,0.3204,0.3165
2011-09-19,0.3595,0.3257,0.316
2011-09-20,0.3465,0.3295,0.3155
2011-09-21,0.3302,0.3272,0.3147
2011-09-22,0.3191,0.3232,0.314
2011-09-23,0.311,0.3196,0.3135
2011-09-24,0.3042,0.3154,0.3125
2011-09-25,0.2989,0.3113,0.3116
2011-09-26,0.2942,0.3072,0.3106
2011-09-27,0.2872,0.3031,0.3096
2011-09-28,0.2808,0.299,0.3086
2011-09-29,0.275,0.2948,0.3075
2011-09-30,0.2693,0.2906,0.3065
2011-10-01,0.2641,0.2866,0.3055
2011-10-02,0.2593,0.2829,0.3045
2011-10-03,0.2548,0.2795,0.3035
2011-10-04,0.2502,0.2758,0.3024
2011-10-05,0.2465,0.273,0.3014
2011-10-06,0.2454,0.2701,0.3004
2011-10-07,0.2661,0.2686,0.2995
2011-10-08,0.321,0.2707,0.299
2011-10-09,0.4029,0.3085,0.299
2011-10-10,0.3849,0.35,0.2996
2011-10-11,0.3597,0.3518,0.3001
2011-10-12,0.3473,0.3478,0.301
2011-10-13,0.3418,0.3436,0.301
2011-10-14,0.3371,0.3402,0.302
2011-10-15,0.3305,0.3361,0.302
2011-10-16,0.3243,0.3319,0.302
2011-10-17,0.3194,0.3278,0.3017
2011-10-18,0.3147,0.3241,0.3015
2011-10-19,0.3688,0.3344,0.3014
2011-10-20,0.3746,0.3553,0.3024
2011-10-21,0.3596,0.3547,0.3033
2011-10-22,0.3501,0.3511,0.304
2011-10-23,0.3428,0.3469,0.3049
2011-10-24,0.3375,0.3427,0.305
2011-10-25,0.4188,0.4006,0.3141
2011-10-26,0.3933,0.4046,0.3346
2011-10-27,0.3808,0.3903,0.3382
2011-10-28,0.4084,0.3919,0.3407
2011-10-29,0.3911,0.3924,0.3437
2011-10-30,0.3891,0.3871,0.346
2011-10-31,0.3816,0.3841,0.3478
2011-11-01,0.3861,0.3829,0.3491
2011-11-02,0.3994,0.4011,0.3521
2011-11-03,0.4,0.3968,0.355
2011-11-04,0.4232,0.4233,0.3661
2011-11-05,0.4223,0.4214,0.3888
2011-11-06,0.4144,0.4178,0.3945
2011-11-07,0.4086,0.4114,0.3969
2011-11-08,0.4095,0.4109,0.3982
2011-11-09,0.3952,0.4066,0.399
2011-11-10,0.3865,0.3986,0.3984
2011-11-11,0.3805,0.392,0.3974
2011-11-12,0.3747,0.3859,0.396
2011-11-13,0.37,0.3805,0.3945
2011-11-14,0.3658,0.3758,0.3933
2011-11-15,0.3616,0.3716,0.3916
2011-11-16,0.3586,0.3679,0.3904
2011-11-17,0.3563,0.3649,0.3887
2011-11-18,0.354,0.3622,0.3875
2011-11-19,0.3608,0.3605,0.3862
2011-11-20,0.3843,0.3656,0.3851
2011-11-21,0.3717,0.3693,0.3842
2011-11-22,0.3636,0.368,0.3833
2011-11-23,0.3589,0.3658,0.3824
2011-11-24,0.356,0.3634,0.3815
2011-11-25,0.3531,0.361,0.3805
2011-11-26,0.3515,0.3589,0.3796
2011-11-27,0.3499,0.3571,0.3787
2011-11-28,0.3481,0.3555,0.3779
2011-11-29,0.3463,0.3537,0.377
2011-11-30,0.3454,0.3524,0.3761
2012-04-01,0.3084,0.3263,0.348
2012-04-02,0.3036,0.3221,0.3462
2012-04-03,0.2999,0.3179,0.3445
2012-04-04,0.3852,0.332,0.343
2012-04-05,0.3769,0.3555,0.3426
2012-04-06,0.3732,0.3575,0.342
2012-04-07,0.4047,0.3743,0.342
2012-04-08,0.4017,0.3952,0.3438
2012-04-09,0.3813,0.3878,0.3458
2012-04-10,0.3851,0.3827,0.3465
2012-04-11,0.4094,0.4048,0.3493
2012-04-12,0.4089,0.4046,0.3529
2012-04-13,0.4022,0.4065,0.3577
2012-04-14,0.4001,0.3978,0.3602
2012-04-15,0.427,0.42,0.367
2012-04-16,0.4231,0.4236,0.387
2012-04-17,0.4203,0.4191,0.3935
2012-04-18,0.4205,0.4229,0.3989
2012-04-19,0.4188,0.4204,0.4044
2012-04-20,0.4115,0.4147,0.4069
2012-04-21,0.4113,0.4125,0.407
2012-04-22,0.3988,0.4076,0.4069
2012-04-23,0.3949,0.3996,0.4056
2012-04-24,0.4082,0.403,0.4047
2012-04-25,0.3902,0.4001,0.4036
2012-04-26,0.3754,0.3902,0.4022
2012-04-27,0.3873,0.3841,0.4005
2012-04-28,0.3713,0.3799,0.3982
2012-04-29,0.4111,0.415,0.3992
2012-04-30,0.4024,0.4085,0.4019
2012-05-01,0.3941,0.4037,0.4015
2012-05-02,0.3989,0.4024,0.4006
2012-05-03,0.4015,0.4123,0.4019
2012-05-04,0.3949,0.4015,0.4015
2012-05-05,0.4201,0.425,0.413
2012-05-06,0.404,0.4173,0.4157
2012-05-07,0.3875,0.4021,0.414
2012-05-08,0.3869,0.3917,0.4118
2012-05-09,0.3992,0.392,0.4099
2012-05-10,0.3778,0.3862,0.4071
2012-05-11,0.3596,0.3746,0.4039
2012-05-12,0.3645,0.3673,0.4013
2012-05-13,0.3574,0.3635,0.399
2012-05-14,0.3423,0.3561,0.3958
2012-05-15,0.3329,0.3489,0.3929
2012-05-16,0.3275,0.3434,0.39
2012-05-17,0.32,0.3379,0.3868
2012-05-18,0.3879,0.3529,0.384
2012-05-19,0.3793,0.3635,0.3819
2012-05-20,0.3962,0.376,0.3803
2012-05-21,0.4243,0.425,0.3933
2012-05-22,0.4244,0.4299,0.4215
2012-05-23,0.4071,0.4096,0.43
2012-05-24,0.3978,0.3965,0.4249
2012-05-25,0.3891,0.3865,0.4202
2012-05-26,0.3826,0.3804,0.4158
2012-05-27,0.3975,0.3791,0.4121
2012-05-28,0.3942,0.3932,0.4099
2012-05-29,0.3726,0.3836,0.4071
2012-05-30,0.3574,0.3724,0.4038
2012-05-31,0.3477,0.3627,0.4004
2012-06-01,0.3381,0.3545,0.3966
2012-06-02,0.3259,0.3458,0.3923
2012-06-03,0.3847,0.3754,0.3893
2012-06-04,0.399,0.4082,0.3904
2012-06-05,0.3845,0.3967,0.3898
2012-06-06,0.3896,0.3904,0.3885
2012-06-07,0.3855,0.3868,0.3865
2012-06-08,0.4206,0.4226,0.3895
2012-06-09,0.3939,0.4077,0.3933
2012-06-10,0.4002,0.4038,0.3931
2012-06-11,0.406,0.4116,0.3944
2012-06-12,0.4127,0.4149,0.3966
2012-06-13,0.4037,0.4088,0.398
2012-06-14,0.3885,0.3999,0.3972
2012-06-15,0.3696,0.3871,0.3949
2012-06-16,0.3538,0.374,0.3917
2012-06-17,0.343,0.363,0.3886
2012-06-18,0.3416,0.3534,0.3851
2012-06-19,0.356,0.3495,0.3819
2012-06-20,0.4023,0.379,0.3795
2012-06-21,0.3933,0.3927,0.3782
2012-06-22,0.3825,0.3932,0.3771
2012-06-23,0.3637,0.3806,0.375
2012-06-24,0.3502,0.3692,0.3722
2012-06-25,0.3463,0.361,0.3697
2012-06-26,0.3466,0.3562,0.3678
2012-06-27,0.3357,0.3493,0.3648
2012-06-28,0.3209,0.3404,0.3615
2012-06-29,0.305,0.3307,0.3578
2012-06-30,0.2935,0.3214,0.3542
2012-07-01,0.393,0.3699,0.3533
2012-07-02,0.4127,0.416,0.3665
2012-07-03,0.3863,0.3998,0.3694
2012-07-04,0.383,0.3865,0.3685
2012-07-05,0.3968,0.3886,0.3676
2012-07-06,0.412,0.4062,0.3684
2012-07-07,0.3824,0.3954,0.3695
2012-07-08,0.385,0.3855,0.3685
2012-07-09,0.3673,0.377,0.3668
2012-07-10,0.3777,0.3708,0.3646
2012-07-11,0.3763,0.372,0.3631
2012-07-12,0.3551,0.365,0.361
2012-07-13,0.3426,0.3574,0.3588
2012-07-14,0.3377,0.3501,0.3562
2012-07-15,0.3293,0.3434,0.3541
2012-07-16,0.3214,0.3371,0.3519
2012-07-17,0.31,0.3297,0.3491
2012-07-18,0.2982,0.3218,0.346
2012-07-19,0.287,0.3138,0.3428
2012-07-20,0.2791,0.3073,0.34
2012-07-21,0.2743,0.3018,0.3376
2012-07-22,0.2663,0.2965,0.335
2012-07-23,0.2575,0.2905,0.3321
2012-07-24,0.2489,0.2844,0.3291
2012-07-25,0.2405,0.2786,0.326
2012-07-26,0.2325,0.2729,0.3231
2012-07-27,0.2235,0.2674,0.3201
2012-07-28,0.3347,0.2714,0.3177
2012-07-29,0.3471,0.2934,0.3162
2012-07-30,0.3145,0.2938,0.314
2012-07-31,0.2941,0.2901,0.312
2012-08-01,0.2794,0.2855,0.3097
2012-08-02,0.2778,0.2815,0.3075
2012-08-03,0.278,0.2782,0.3059
2012-08-04,0.2701,0.274,0.3039
2012-08-05,0.2964,0.2715,0.3019
2012-08-06,0.371,0.2878,0.3007
2012-08-07,0.3318,0.2971,0.2995
2012-08-08,0.3075,0.2952,0.2981
2012-08-09,0.2895,0.2907,0.2962
2012-08-10,0.2741,0.2856,0.2945
2012-08-11,0.2607,0.2798,0.2929
2012-08-12,0.2508,0.2747,0.2911
2012-08-13,0.2426,0.2697,0.2895
2012-08-14,0.2339,0.2647,0.288
2012-08-15,0.248,0.26,0.2861
2012-08-16,0.3683,0.3158,0.285
2012-08-17,0.3315,0.3165,0.2842
2012-08-18,0.3091,0.3106,0.283
2012-08-19,0.2898,0.3035,0.2815
2012-08-20,0.2742,0.296,0.2805
2012-08-21,0.2655,0.2892,0.2791
2012-08-22,0.2758,0.2834,0.2776
2012-08-23,0.2974,0.2806,0.2766
2012-08-24,0.3162,0.2837,0.2758
2012-08-25,0.3752,0.3305,0.2756
2012-08-26,0.3511,0.3332,0.2755
2012-08-27,0.3283,0.3275,0.2752
2012-08-28,0.3532,0.3255,0.275
2012-08-29,0.3533,0.3298,0.275
2012-08-30,0.3772,0.3373,0.2754
2012-08-31,0.3667,0.344,0.276
2012-09-01,0.3646,0.345,0.277
2012-09-02,0.3632,0.3458,0.278
2012-09-03,0.3535,0.3442,0.2789
2012-09-04,0.3515,0.3409,0.2793
2012-09-05,0.356,0.3401,0.28
2012-09-06,0.3408,0.3367,0.28
2012-09-07,0.3265,0.3305,0.2801
2012-09-08,0.3141,0.3235,0.2796
2012-09-09,0.3022,0.3165,0.2794
2012-09-10,0.2926,0.3097,0.2785
2012-09-11,0.3237,0.3062,0.278
2012-09-12,0.3775,0.3334,0.2781
2012-09-13,0.3687,0.3468,0.2792
2012-09-14,0.3599,0.3477,0.28
2012-09-15,0.3457,0.3432,0.2809
2012-09-16,0.3345,0.3377,0.281
2012-09-17,0.3231,0.331,0.281
2012-09-18,0.3561,0.3336,0.281
2012-09-19,0.3934,0.3762,0.2827
2012-09-20,0.3672,0.3689,0.2848
2012-09-21,0.3531,0.3594,0.286
2012-09-22,0.3443,0.3513,0.287
2012-09-23,0.3367,0.3446,0.2875
2012-09-24,0.3715,0.3593,0.2881
2012-09-25,0.3879,0.3785,0.2899
2012-09-26,0.4198,0.4175,0.3069
2012-09-27,0.4011,0.4087,0.3298
2012-09-28,0.3847,0.3922,0.334
2012-09-29,0.4151,0.3965,0.3365
2012-09-30,0.4053,0.4047,0.3417
2012-10-01,0.3868,0.394,0.3454
2012-10-02,0.3754,0.3846,0.3471
2012-10-03,0.3674,0.3765,0.348
2012-10-04,0.3627,0.3707,0.348
2012-10-05,0.3557,0.3654,0.3485
2012-10-06,0.3487,0.3597,0.348
2012-10-07,0.3775,0.3599,0.348
2012-10-08,0.399,0.3727,0.348
2012-10-09,0.4092,0.4038,0.3508
2012-10-10,0.3972,0.3978,0.3546
2012-10-11,0.3889,0.3911,0.3568
2012-10-12,0.381,0.3857,0.3582
2012-10-13,0.3702,0.3794,0.359
2012-10-14,0.371,0.3746,0.3591
2012-10-15,0.371,0.3727,0.36
2012-10-16,0.3659,0.3693,0.36
2012-10-17,0.3658,0.3673,0.36
2012-10-18,0.3562,0.3642,0.3595
2012-10-19,0.3486,0.3602,0.359
2012-10-20,0.3431,0.356,0.3585
2012-10-21,0.3414,0.3521,0.3579
2012-10-22,0.3415,0.349,0.357
2012-10-23,0.343,0.3474,0.357
2012-10-24,0.34,0.3455,0.356
2012-10-25,0.3355,0.3431,0.3555
2012-10-26,0.3883,0.3563,0.355
2012-10-27,0.417,0.4193,0.3639
2012-10-28,0.3942,0.4053,0.3715
2012-10-29,0.3849,0.3952,0.3737
2012-10-30,0.3814,0.3886,0.3747
2012-10-31,0.3929,0.3875,0.375
2012-11-01,0.3973,0.3956,0.376
2012-11-02,0.3878,0.392,0.377
2012-11-03,0.3818,0.3878,0.3779
2012-11-04,0.3987,0.3953,0.3782
2012-11-05,0.4046,0.4136,0.383
2012-11-06,0.397,0.4033,0.3857
2012-11-07,0.391,0.3984,0.387
2012-11-08,0.3819,0.3926,0.387
2012-11-09,0.3766,0.3875,0.387
2012-11-10,0.417,0.4138,0.391
2012-11-11,0.418,0.4191,0.4016
2012-11-12,0.4009,0.4127,0.4045
2012-11-13,0.3908,0.4038,0.4044
2012-11-14,0.3841,0.3962,0.4035
2012-11-15,0.3789,0.3897,0.4023
2012-11-16,0.3742,0.3842,0.4007
2012-11-17,0.3699,0.3793,0.3995
2012-11-18,0.3695,0.3756,0.3982
2012-11-19,0.3671,0.373,0.3966
2012-11-20,0.3626,0.3699,0.3955
2012-11-21,0.3717,0.368,0.394
2012-11-22,0.3812,0.3735,0.3928
2012-11-23,0.37,0.3729,0.3918
2012-11-24,0.3645,0.3706,0.3909
2012-11-25,0.3635,0.3683,0.3899
2012-11-26,0.398,0.3855,0.3894
2012-11-27,0.4173,0.4242,0.4083
2012-11-28,0.4302,0.4282,0.414
2012-11-29,0.4117,0.4218,0.4195
2012-11-30,0.3983,0.4105,0.4185
2013-04-01,0.3957,0.4073,0.4157
2013-04-02,0.3991,0.3997,0.4145
2013-04-03,0.3886,0.3945,0.4127
2013-04-04,0.3781,0.3864,0.4106
2013-04-05,0.3862,0.3821,0.4086
2013-04-06,0.3891,0.3828,0.4071
2013-04-07,0.3776,0.3807,0.4055
2013-04-08,0.3805,0.3775,0.4038
2013-04-09,0.3923,0.3803,0.4025
2013-04-10,0.3792,0.3803,0.4005
2013-04-11,0.4144,0.3933,0.3991
2013-04-12,0.4058,0.4145,0.4006
2013-04-13,0.3882,0.4025,0.4006
2013-04-14,0.3756,0.3914,0.399
2013-04-15,0.3642,0.3806,0.3968
2013-04-16,0.3562,0.3715,0.3941
2013-04-17,0.3467,0.3631,0.3913
2013-04-18,0.3391,0.3553,0.388
2013-04-19,0.371,0.3542,0.3856
2013-04-20,0.4087,0.3768,0.3841
2013-04-21,0.4065,0.4025,0.384
2013-04-22,0.3918,0.3978,0.3845
2013-04-23,0.3789,0.3903,0.3835
2013-04-24,0.3667,0.3814,0.3818
2013-04-25,0.3565,0.3725,0.3791
2013-04-26,0.3726,0.3675,0.3772
2013-04-27,0.4246,0.4222,0.3851
2013-04-28,0.4258,0.4264,0.3977
2013-04-29,0.4244,0.427,0.4137
2013-04-30,0.4262,0.4283,0.4287
2013-05-01,0.4131,0.419,0.4355
2013-05-02,0.3992,0.394,0.429
2013-05-03,0.4228,0.4182,0.4256
2013-05-04,0.4014,0.4116,0.4242
2013-05-05,0.3861,0.397,0.4215
2013-05-06,0.3762,0.3844,0.4177
2013-05-07,0.3666,0.3754,0.413
2013-05-08,0.3594,0.3676,0.4079
2013-05-09,0.3805,0.368,0.4029
2013-05-10,0.4093,0.4083,0.3997
2013-05-11,0.3894,0.4005,0.3972
2013-05-12,0.3811,0.3925,0.3938
2013-05-13,0.3724,0.385,0.3901
2013-05-14,0.3639,0.3771,0.386
2013-05-15,0.4006,0.3873,0.3826
2013-05-16,0.4214,0.425,0.3989
2013-05-17,0.4149,0.4166,0.4029
2013-05-18,0.4175,0.4218,0.4082
2013-05-19,0.4081,0.4171,0.4189
2013-05-20,0.3985,0.4054,0.4174
2013-05-21,0.4044,0.4009,0.4156
2013-05-22,0.4064,0.4016,0.4142
2013-05-23,0.3939,0.3975,0.4121
2013-05-24,0.3922,0.3917,0.4095
2013-05-25,0.4191,0.4045,0.407
2013-05-26,0.4006,0.4085,0.4056
2013-05-27,0.384,0.3982,0.4031
2013-05-28,0.4011,0.3992,0.4003
2013-05-29,0.4136,0.4175,0.4003
2013-05-30,0.4111,0.4147,0.402
2013-05-31,0.4173,0.4143,0.4022
2013-06-01,0.4078,0.4138,0.403
2013-06-02,0.3932,0.4047,0.4024
2013-06-03,0.379,0.3945,0.3997
2013-06-04,0.3667,0.3832,0.3961
2013-06-05,0.3567,0.373,0.3921
2013-06-06,0.3456,0.363,0.3876
2013-06-07,0.3338,0.3532,0.3828
2013-06-08,0.3341,0.345,0.3783
2013-06-09,0.3526,0.3429,0.3744
2013-06-10,0.3501,0.3423,0.3707
2013-06-11,0.3397,0.3402,0.367
2013-06-12,0.3267,0.3355,0.3633
2013-06-13,0.3473,0.3322,0.3594
2013-06-14,0.372,0.3462,0.3559
2013-06-15,0.3454,0.3443,0.3525
2013-06-16,0.328,0.3378,0.3489
2013-06-17,0.3087,0.329,0.345
2013-06-18,0.2931,0.3199,0.3409
2013-06-19,0.3045,0.3129,0.3375
2013-06-20,0.322,0.3105,0.3345
2013-06-21,0.3108,0.3075,0.3316
2013-06-22,0.2998,0.3042,0.3288
2013-06-23,0.2906,0.3,0.326
2013-06-24,0.2852,0.2965,0.3235
2013-06-25,0.2828,0.2935,0.3212
2013-06-26,0.2789,0.2902,0.319
2013-06-27,0.271,0.2863,0.3165
2013-06-28,0.281,0.2843,0.3146
2013-06-29,0.317,0.2855,0.3135
2013-06-30,0.3242,0.2899,0.312
2013-07-01,0.3012,0.2882,0.3096
2013-07-02,0.3029,0.2846,0.3071
2013-07-03,0.3615,0.2924,0.3055
2013-07-04,0.3484,0.3037,0.3044
2013-07-05,0.3198,0.3035,0.3023
2013-07-06,0.2993,0.2988,0.3002
2013-07-07,0.2824,0.2931,0.2981
2013-07-08,0.27,0.2868,0.296
2013-07-09,0.2795,0.2817,0.2942
2013-07-10,0.3196,0.2805,0.2925
2013-07-11,0.3339,0.2863,0.2911
2013-07-12,0.304,0.2851,0.2892
2013-07-13,0.2823,0.2803,0.2872
2013-07-14,0.2647,0.2747,0.2853
2013-07-15,0.2495,0.2691,0.2833
2013-07-16,0.2362,0.2631,0.2813
2013-07-17,0.2527,0.258,0.2795
2013-07-18,0.345,0.2634,0.2785
2013-07-19,0.3709,0.3045,0.2778
2013-07-20,0.3535,0.3268,0.2775
2013-07-21,0.3376,0.3233,0.2765
2013-07-22,0.3313,0.3172,0.2755
2013-07-23,0.3386,0.3147,0.2746
2013-07-24,0.3218,0.3106,0.2737
2013-07-25,0.3035,0.3047,0.2728
2013-07-26,0.2852,0.2976,0.2716
2013-07-27,0.266,0.2894,0.2705
2013-07-28,0.3358,0.3105,0.2698
2013-07-29,0.4107,0.4044,0.275
2013-07-30,0.3817,0.3864,0.2809
2013-07-31,0.3615,0.3706,0.283
2013-08-01,0.3421,0.3562,0.2837
2013-08-02,0.3227,0.3429,0.2835
2013-08-03,0.3075,0.3309,0.2826
2013-08-04,0.3203,0.3223,0.2817
2013-08-05,0.3155,0.3157,0.281
2013-08-06,0.3336,0.3177,0.2804
2013-08-07,0.4047,0.3693,0.2809
2013-08-08,0.4194,0.4208,0.3072
2013-08-09,0.3887,0.399,0.3286
2013-08-10,0.37,0.3827,0.3303
2013-08-11,0.3551,0.37,0.3305
2013-08-12,0.3419,0.3585,0.3295
2013-08-13,0.3303,0.3485,0.3285
2013-08-14,0.3193,0.3396,0.327
2013-08-15,0.3091,0.3311,0.3255
2013-08-16,0.2997,0.3231,0.3236
2013-08-17,0.2911,0.3157,0.3219
2013-08-18,0.2847,0.309,0.3201
2013-08-19,0.2802,0.3034,0.3185
2013-08-20,0.2726,0.2978,0.3169
2013-08-21,0.2635,0.292,0.315
2013-08-22,0.255,0.286,0.313
2013-08-23,0.2462,0.2801,0.311
2013-08-24,0.273,0.2765,0.3095
2013-08-25,0.2867,0.2752,0.3081
2013-08-26,0.2782,0.2738,0.3066
2013-08-27,0.2978,0.2734,0.306
2013-08-28,0.3159,0.2768,0.3048
2013-08-29,0.2988,0.2772,0.3036
2013-08-30,0.284,0.2755,0.3025
2013-08-31,0.2711,0.2726,0.3009
2013-09-01,0.2643,0.27,0.2995
2013-09-02,0.2571,0.2672,0.2981
2013-09-03,0.2465,0.2636,0.2965
2013-09-04,0.2374,0.26,0.295
2013-09-05,0.2277,0.2558,0.2931
2013-09-06,0.2191,0.2518,0.2915
2013-09-07,0.2627,0.2499,0.2904
2013-09-08,0.4038,0.321,0.2901
2013-09-09,0.3706,0.3606,0.291
2013-09-10,0.3543,0.3543,0.292
2013-09-11,0.3464,0.3483,0.2921
2013-09-12,0.3499,0.3445,0.293
2013-09-13,0.3453,0.3416,0.293
2013-09-14,0.3458,0.3378,0.2936
2013-09-15,0.3946,0.3547,0.2942
2013-09-16,0.3839,0.3623,0.2955
2013-09-17,0.377,0.3653,0.2969
2013-09-18,0.3768,0.3627,0.2982
2013-09-19,0.3783,0.365,0.2996
2013-09-20,0.3644,0.3616,0.3007
2013-09-21,0.3546,0.3566,0.3017
2013-09-22,0.3433,0.35,0.302
2013-09-23,0.3342,0.3433,0.302
2013-09-24,0.3256,0.3368,0.3015
2013-09-25,0.318,0.3307,0.301
2013-09-26,0.3119,0.3253,0.3006
2013-09-27,0.3055,0.3198,0.3
2013-09-28,0.2997,0.315,0.2995
2013-09-29,0.382,0.3391,0.2992
2013-09-30,0.3853,0.3735,0.301
2013-10-01,0.3686,0.3683,0.3027
2013-10-02,0.3579,0.3617,0.3038
2013-10-03,0.3485,0.355,0.304
2013-10-04,0.357,0.3498,0.305
2013-10-05,0.3995,0.3749,0.3059
2013-10-06,0.3831,0.3757,0.3081
2013-10-07,0.3773,0.3725,0.31
2013-10-08,0.371,0.3685,0.3116
2013-10-09,0.3666,0.3647,0.3129
2013-10-10,0.3792,0.3635,0.314
2013-10-11,0.3892,0.3694,0.3153
2013-10-12,0.4022,0.3796,0.3169
2013-10-13,0.4048,0.3991,0.3211
2013-10-14,0.3912,0.3918,0.3251
2013-10-15,0.3995,0.3873,0.3279
2013-10-16,0.4059,0.3963,0.3313
2013-10-17,0.3918,0.392,0.3348
2013-10-18,0.3778,0.384,0.337
2013-10-19,0.369,0.3767,0.3383
2013-10-20,0.3784,0.3729,0.3394
2013-10-21,0.3721,0.3718,0.3401
2013-10-22,0.3618,0.3675,0.341
2013-10-23,0.4069,0.3907,0.3421
2013-10-24,0.3922,0.3987,0.3465
2013-10-25,0.3786,0.3882,0.3487
2013-10-26,0.3695,0.38,0.35
2013-10-27,0.3979,0.3934,0.3514
2013-10-28,0.3838,0.3906,0.3537
2013-10-29,0.3882,0.386,0.3552
2013-10-30,0.3752,0.3815,0.3563
2013-10-31,0.3683,0.3765,0.357
2013-11-01,0.3644,0.3722,0.3578
2013-11-02,0.3878,0.3731,0.358
2013-11-03,0.4047,0.3935,0.3591
2013-11-04,0.4062,0.3956,0.3613
2013-11-05,0.4128,0.405,0.3646
2013-11-06,0.4054,0.4069,0.3688
2013-11-07,0.3914,0.399,0.3719
2013-11-08,0.389,0.3925,0.3735
2013-11-09,0.39,0.3909,0.3744
2013-11-10,0.414,0.4014,0.3757
2013-11-11,0.397,0.4048,0.3789
2013-11-12,0.3851,0.3962,0.3807
2013-11-13,0.378,0.3895,0.381
2013-11-14,0.3836,0.3852,0.381
2013-11-15,0.4084,0.3955,0.3814
2013-11-16,0.3965,0.3972,0.3827
2013-11-17,0.3934,0.3948,0.3834
2013-11-18,0.3952,0.3938,0.384
2013-11-19,0.4094,0.3988,0.3848
2013-11-20,0.3977,0.4024,0.3865
2013-11-21,0.3913,0.3973,0.3874
2013-11-22,0.386,0.3938,0.388
2013-11-23,0.3843,0.3902,0.388
2013-11-24,0.4129,0.399,0.3882
2013-11-25,0.401,0.4057,0.3903
2013-11-26,0.389,0.3992,0.3913
2013-11-27,0.3832,0.3938,0.3916
2013-11-28,0.3795,0.3895,0.391
2013-11-29,0.3771,0.3858,0.391
2013-11-30,0.394,0.387,0.39
2014-04-01,0.32,0.3309,0.3229
2014-04-02,0.3138,0.3268,0.3215
2014-04-03,0.3094,0.3226,0.3197
2014-04-04,0.3187,0.32,0.3185
2014-04-05,0.3188,0.3182,0.3174
2014-04-06,0.3097,0.3155,0.3155
2014-04-07,0.3005,0.3112,0.314
2014-04-08,0.3531,0.3127,0.3125
2014-04-09,0.336,0.3167,0.3111
2014-04-10,0.3185,0.3142,0.3095
2014-04-11,0.3057,0.3102,0.3078
2014-04-12,0.2953,0.306,0.3062
2014-04-13,0.2859,0.3012,0.3045
2014-04-14,0.2777,0.2966,0.303
2014-04-15,0.2702,0.292,0.3015
2014-04-16,0.2636,0.2875,0.2998
2014-04-17,0.2571,0.283,0.2982
2014-04-18,0.2534,0.279,0.2966
2014-04-19,0.2548,0.2762,0.2956
2014-04-20,0.2672,0.274,0.2945
2014-04-21,0.3364,0.2771,0.2939
2014-04-22,0.3546,0.2932,0.293
2014-04-23,0.3543,0.3182,0.2925
2014-04-24,0.3355,0.3185,0.2916
2014-04-25,0.3685,0.3235,0.291
2014-04-26,0.3591,0.3332,0.291
2014-04-27,0.36,0.3346,0.291
2014-04-28,0.3727,0.3381,0.291
2014-04-29,0.3701,0.3482,0.291
2014-04-30,0.379,0.3505,0.2913
2014-05-01,0.3718,0.3546,0.292
2014-05-02,0.4149,0.3761,0.2935
2014-05-03,0.3991,0.3901,0.2971
2014-05-04,0.3777,0.3808,0.3
2014-05-05,0.3592,0.3683,0.301
2014-05-06,0.3458,0.3572,0.3011
2014-05-07,0.3709,0.3533,0.3019
2014-05-08,0.3573,0.3514,0.3016
2014-05-09,0.3425,0.345,0.3013
2014-05-10,0.3323,0.3386,0.3007
2014-05-11,0.3303,0.3326,0.3003
2014-05-12,0.3265,0.328,0.2995
2014-05-13,0.3249,0.324,0.299
2014-05-14,0.3312,0.3212,0.2985
2014-05-15,0.3307,0.3197,0.2977
2014-05-16,0.3175,0.3162,0.2967
2014-05-17,0.3027,0.311,0.2956
2014-05-18,0.2896,0.3042,0.2943
2014-05-19,0.2775,0.2979,0.2926
2014-05-20,0.2677,0.2919,0.2915
2014-05-21,0.2575,0.2857,0.29
2014-05-22,0.258,0.2806,0.2886
2014-05-23,0.2669,0.277,0.2875
2014-05-24,0.2859,0.2739,0.2865
2014-05-25,0.2736,0.2709,0.2851
2014-05-26,0.3026,0.2687,0.2836
2014-05-27,0.3733,0.3037,0.283
2014-05-28,0.3346,0.3097,0.2825
2014-05-29,0.3225,0.3074,0.2818
2014-05-30,0.34,0.3069,0.2814
2014-05-31,0.3395,0.3098,0.2805
2014-06-01,0.315,0.3065,0.2796
2014-06-02,0.3009,0.3023,0.279
2014-06-03,0.2898,0.2976,0.2784
2014-06-04,0.2962,0.294,0.2776
2014-06-05,0.2935,0.2908,0.2766
2014-06-06,0.2775,0.2852,0.2755
2014-06-07,0.2607,0.2787,0.2741
2014-06-08,0.2441,0.2715,0.2723
2014-06-09,0.2299,0.2645,0.2706
2014-06-10,0.2225,0.258,0.2691
2014-06-11,0.2221,0.2523,0.2675
2014-06-12,0.25,0.2473,0.266
2014-06-13,0.3299,0.2519,0.2646
2014-06-14,0.3165,0.257,0.2636
2014-06-15,0.2912,0.2572,0.2627
2014-06-16,0.2722,0.2555,0.2617
2014-06-17,0.2597,0.2524,0.2607
2014-06-18,0.2805,0.2505,0.26
2014-06-19,0.3122,0.2534,0.2595
2014-06-20,0.2853,0.2528,0.2585
2014-06-21,0.2628,0.2492,0.2571
2014-06-22,0.2477,0.245,0.2556
2014-06-23,0.2741,0.2422,0.2546
2014-06-24,0.3293,0.2485,0.254
2014-06-25,0.3008,0.2524,0.2535
2014-06-26,0.2756,0.2506,0.2525
2014-06-27,0.2606,0.2477,0.2516
2014-06-28,0.2602,0.2447,0.2507
2014-06-29,0.3714,0.2717,0.2501
2014-06-30,0.3303,0.2822,0.25
2014-07-01,0.3048,0.2809,0.2495
2014-07-02,0.3587,0.285,0.249
2014-07-03,0.337,0.2934,0.2486
2014-07-04,0.3262,0.2921,0.2482
2014-07-05,0.3299,0.2939,0.2481
2014-07-06,0.3237,0.2914,0.248
2014-07-07,0.4249,0.3639,0.2492
2014-07-08,0.4077,0.4017,0.2594
2014-07-09,0.4152,0.3984,0.2665
2014-07-10,0.4223,0.4071,0.2748
2014-07-11,0.4096,0.4045,0.2843
2014-07-12,0.397,0.3918,0.2902
2014-07-13,0.3951,0.3837,0.2937
2014-07-14,0.4034,0.3934,0.2974
2014-07-15,0.3736,0.3804,0.3003
2014-07-16,0.3532,0.3658,0.3011
2014-07-17,0.3359,0.3523,0.3006
2014-07-18,0.3193,0.34,0.2999
2014-07-19,0.3014,0.3282,0.2985
2014-07-20,0.3492,0.3316,0.298
2014-07-21,0.3994,0.3678,0.299
2014-07-22,0.4009,0.3826,0.3015
2014-07-23,0.387,0.3801,0.304
2014-07-24,0.3765,0.3726,0.3058
2014-07-25,0.3737,0.3652,0.3062
2014-07-26,0.3915,0.3692,0.307
2014-07-27,0.3665,0.3656,0.3077
2014-07-28,0.3779,0.3615,0.3082
2014-07-29,0.4161,0.3969,0.3112
2014-07-30,0.413,0.4147,0.3222
2014-07-31,0.3853,0.3958,0.3286
2014-08-01,0.3673,0.3802,0.33
2014-08-02,0.4037,0.3834,0.3309
2014-08-03,0.4084,0.4013,0.3339
2014-08-04,0.4037,0.4046,0.3387
2014-08-05,0.3931,0.4029,0.3436
2014-08-06,0.373,0.3865,0.3454
2014-08-07,0.3624,0.3747,0.3459
2014-08-08,0.3757,0.3702,0.3455
2014-08-09,0.3918,0.3773,0.3459
2014-08-10,0.3725,0.3747,0.3457
2014-08-11,0.3621,0.3677,0.3458
2014-08-12,0.351,0.361,0.3454
2014-08-13,0.3893,0.3704,0.3448
2014-08-14,0.3758,0.374,0.345
2014-08-15,0.3666,0.3687,0.345
2014-08-16,0.3593,0.3634,0.3447
2014-08-17,0.347,0.357,0.3441
2014-08-18,0.3338,0.3488,0.3425
2014-08-19,0.3252,0.3414,0.3415
2014-08-20,0.3205,0.3355,0.3404
2014-08-21,0.3155,0.3304,0.339
2014-08-22,0.3067,0.3243,0.3375
2014-08-23,0.3002,0.3187,0.336
2014-08-24,0.3015,0.3142,0.3346
2014-08-25,0.2931,0.3098,0.3331
2014-08-26,0.338,0.3093,0.3319
2014-08-27,0.3372,0.314,0.3306
2014-08-28,0.3181,0.3122,0.3295
2014-08-29,0.3595,0.317,0.3281
2014-08-30,0.3625,0.3353,0.328
2014-08-31,0.342,0.3353,0.3275
2014-09-01,0.3292,0.3318,0.3265
2014-09-02,0.3172,0.3268,0.3255
2014-09-03,0.3068,0.3215,0.3241
2014-09-04,0.298,0.3158,0.3225
2014-09-05,0.2908,0.31,0.3215
2014-09-06,0.2851,0.3048,0.3198
2014-09-07,0.2905,0.3,0.3185
2014-09-08,0.3254,0.2982,0.3174
2014-09-09,0.3657,0.3071,0.3161
2014-09-10,0.3662,0.3218,0.316
2014-09-11,0.3448,0.326,0.3155
2014-09-12,0.3259,0.3232,0.3145
2014-09-13,0.3155,0.3199,0.3136
2014-09-14,0.3094,0.3167,0.313
2014-09-15,0.3026,0.3129,0.3123
2014-09-16,0.2967,0.3088,0.3114
2014-09-17,0.3009,0.3051,0.3103
2014-09-18,0.3058,0.3035,0.3095
2014-09-19,0.3095,0.302,0.309
2014-09-20,0.3227,0.3014,0.3084
2014-09-21,0.3365,0.304,0.3075
2014-09-22,0.3285,0.3056,0.3067
2014-09-23,0.3137,0.305,0.306
2014-09-24,0.3386,0.3058,0.3055
2014-09-25,0.3568,0.3168,0.3055
2014-09-26,0.3368,0.3197,0.305
2014-09-27,0.3221,0.3176,0.3045
2014-09-28,0.3108,0.3141,0.3036
2014-09-29,0.3485,0.3147,0.303
2014-09-30,0.3706,0.3326,0.303
2014-10-01,0.3519,0.3361,0.3034
2014-10-02,0.3397,0.3347,0.3035
2014-10-03,0.3293,0.3313,0.3032
2014-10-04,0.3228,0.3275,0.303
2014-10-05,0.3209,0.3243,0.303
2014-10-06,0.3177,0.3215,0.3026
2014-10-07,0.3469,0.3209,0.302
2014-10-08,0.352,0.3258,0.302
2014-10-09,0.3375,0.3265,0.302
2014-10-10,0.4233,0.4091,0.3182
2014-10-11,0.4128,0.4219,0.3757
2014-10-12,0.4014,0.405,0.3823
2014-10-13,0.4188,0.426,0.4031
2014-10-14,0.3982,0.4114,0.4095
2014-10-15,0.3878,0.4008,0.4076
2014-10-16,0.3853,0.3927,0.4055
2014-10-17,0.3767,0.3863,0.4033
2014-10-18,0.3684,0.3793,0.401
2014-10-19,0.3617,0.3729,0.3987
2014-10-20,0.3562,0.3674,0.3962
2014-10-21,0.3736,0.3658,0.3942
2014-10-22,0.3671,0.3654,0.3924
2014-10-23,0.3638,0.3645,0.3906
2014-10-24,0.3562,0.362,0.3891
2014-10-25,0.3505,0.3588,0.3875
2014-10-26,0.3465,0.3558,0.3856
2014-10-27,0.3436,0.353,0.3843
2014-10-28,0.3417,0.3507,0.3826
2014-10-29,0.3395,0.3482,0.3814
2014-10-30,0.3362,0.346,0.3796
2014-10-31,0.3334,0.3434,0.3784
2014-11-01,0.3305,0.341,0.3766
2014-11-02,0.3283,0.339,0.3755
2014-11-03,0.3563,0.3397,0.3742
2014-11-04,0.424,0.4013,0.3836
2014-11-05,0.4191,0.4234,0.4106
2014-11-06,0.4009,0.4132,0.4117
2014-11-07,0.3953,0.4042,0.4105
2014-11-08,0.3892,0.3976,0.4086
2014-11-09,0.4113,0.4055,0.4075
2014-11-10,0.4088,0.4197,0.4106
2014-11-11,0.4104,0.4129,0.4109
2014-11-12,0.4157,0.4199,0.4112
2014-11-13,0.4005,0.4143,0.4129
2014-11-14,0.401,0.407,0.4116
2014-11-15,0.4131,0.423,0.429
2014-11-16,0.3988,0.4022,0.4258
2014-11-17,0.4075,0.4005,0.4217
2014-11-18,0.4178,0.4062,0.419
2014-11-19,0.4031,0.4097,0.4176
2014-11-20,0.3896,0.4001,0.4158
2014-11-21,0.3818,0.3915,0.4137
2014-11-22,0.376,0.3847,0.4115
2014-11-23,0.3713,0.3791,0.4092
2014-11-24,0.3666,0.3744,0.407
2014-11-25,0.3965,0.3772,0.4051
2014-11-26,0.4198,0.4068,0.4042
2014-11-27,0.4148,0.417,0.4063
2014-11-28,0.3999,0.4101,0.4078
2014-11-29,0.39,0.4024,0.407
2014-11-30,0.3901,0.3964,0.4065
2015-04-01,0.3898,0.3964,0.378
2015-04-02,0.3835,0.3905,0.3776
2015-04-03,0.3859,0.3868,0.3766
2015-04-04,0.4112,0.3938,0.376
2015-04-05,0.4008,0.4038,0.3767
2015-04-06,0.3828,0.3944,0.3765
2015-04-07,0.3723,0.3853,0.3753
2015-04-08,0.3637,0.3775,0.3732
2015-04-09,0.3551,0.3698,0.371
2015-04-10,0.3457,0.3623,0.3681
2015-04-11,0.3434,0.3559,0.3657
2015-04-12,0.339,0.3507,0.363
2015-04-13,0.33,0.3447,0.3602
2015-04-14,0.321,0.3383,0.3572
2015-04-15,0.3121,0.3318,0.3542
2015-04-16,0.3087,0.3261,0.3513
2015-04-17,0.3553,0.3263,0.3491
2015-04-18,0.3652,0.3369,0.3474
2015-04-19,0.385,0.3484,0.3457
2015-04-20,0.379,0.3696,0.3446
2015-04-21,0.3579,0.364,0.3432
2015-04-22,0.3438,0.3562,0.3412
2015-04-23,0.332,0.3479,0.3391
2015-04-24,0.3223,0.3402,0.337
2015-04-25,0.3547,0.3369,0.335
2015-04-26,0.371,0.3452,0.3335
2015-04-27,0.4223,0.4007,0.3368
2015-04-28,0.3977,0.4074,0.3515
2015-04-29,0.3797,0.3918,0.3532
2015-04-30,0.3672,0.3801,0.3527
2015-05-01,0.3973,0.3792,0.3523
2015-05-02,0.3923,0.3853,0.353
2015-05-03,0.3913,0.3849,0.353
2015-05-04,0.3975,0.3879,0.353
2015-05-05,0.3842,0.3838,0.353
2015-05-06,0.388,0.3825,0.353
2015-05-07,0.3705,0.3765,0.3524
2015-05-08,0.3767,0.3708,0.3514
2015-05-09,0.3785,0.3737,0.3505
2015-05-10,0.3582,0.3668,0.349
2015-05-11,0.3434,0.3578,0.347
2015-05-12,0.3286,0.348,0.3445
2015-05-13,0.3172,0.3381,0.3417
2015-05-14,0.3164,0.3298,0.3391
2015-05-15,0.3834,0.3357,0.3375
2015-05-16,0.388,0.3691,0.337
2015-05-17,0.3712,0.3675,0.3365
2015-05-18,0.3538,0.3607,0.3353
2015-05-19,0.3453,0.3534,0.334
2015-05-20,0.3473,0.349,0.3333
2015-05-21,0.3417,0.3441,0.3316
2015-05-22,0.3292,0.3382,0.3301
2015-05-23,0.3172,0.3318,0.3285
2015-05-24,0.3082,0.3257,0.3266
2015-05-25,0.3029,0.3198,0.3249
2015-05-26,0.3207,0.3162,0.3235
2015-05-27,0.3102,0.3126,0.3213
2015-05-28,0.295,0.3068,0.3192
2015-05-29,0.2818,0.3001,0.317
2015-05-30,0.272,0.2941,0.3148
2015-05-31,0.2639,0.2889,0.3129
2015-06-01,0.2586,0.2832,0.3105
2015-06-02,0.2575,0.2784,0.3085
2015-06-03,0.246,0.2726,0.306
2015-06-04,0.2358,0.267,0.3037
2015-06-05,0.2257,0.2611,0.301
2015-06-06,0.2553,0.2564,0.2989
2015-06-07,0.3548,0.2751,0.297
2015-06-08,0.3317,0.2807,0.2952
2015-06-09,0.3163,0.282,0.2935
2015-06-10,0.2948,0.2795,0.292
2015-06-11,0.2784,0.2756,0.2901
2015-06-12,0.3018,0.277,0.2885
2015-06-13,0.3785,0.3392,0.288
2015-06-14,0.3755,0.3442,0.288
2015-06-15,0.38,0.3626,0.2882
2015-06-16,0.4069,0.3777,0.2899
2015-06-17,0.3884,0.391,0.294
2015-06-18,0.3683,0.3757,0.2964
2015-06-19,0.3712,0.3666,0.2977
2015-06-20,0.3526,0.3576,0.298
2015-06-21,0.342,0.3491,0.298
2015-06-22,0.3288,0.3401,0.2975
2015-06-23,0.3191,0.331,0.2965
2015-06-24,0.3068,0.323,0.2955
2015-06-25,0.2928,0.314,0.294
2015-06-26,0.2791,0.305,0.2922
2015-06-27,0.2671,0.2965,0.2905
2015-06-28,0.2555,0.2885,0.289
2015-06-29,0.2438,0.2805,0.287
2015-06-30,0.2327,0.2726,0.285
2015-07-01,0.2203,0.2649,0.283
2015-07-02,0.2086,0.2577,0.2809
2015-07-03,0.1991,0.2512,0.279
2015-07-04,0.189,0.2448,0.2769
2015-07-05,0.192,0.239,0.2749
2015-07-06,0.2064,0.2345,0.273
2015-07-07,0.1995,0.2301,0.271
2015-07-08,0.1952,0.2266,0.2695
2015-07-09,0.1871,0.223,0.2679
2015-07-10,0.1798,0.2192,0.266
2015-07-11,0.1726,0.2152,0.2641
2015-07-12,0.1666,0.2116,0.2622
2015-07-13,0.162,0.2085,0.2605
2015-07-14,0.1583,0.2054,0.2589
2015-07-15,0.1551,0.2023,0.257
2015-07-16,0.152,0.1993,0.2552
2015-07-17,0.149,0.1964,0.2535
2015-07-18,0.2564,0.1958,0.2524
2015-07-19,0.3112,0.206,0.2515
2015-07-20,0.281,0.2107,0.2505
2015-07-21,0.2559,0.2109,0.2492
2015-07-22,0.2965,0.2233,0.248
2015-07-23,0.3493,0.281,0.2475
2015-07-24,0.3096,0.2812,0.2466
2015-07-25,0.2901,0.2771,0.246
2015-07-26,0.2727,0.2725,0.2455
2015-07-27,0.26,0.2676,0.2446
2015-07-28,0.2461,0.2622,0.2437
2015-07-29,0.2495,0.2584,0.2438
2015-07-30,0.255,0.2562,0.2435
2015-07-31,0.2426,0.2522,0.2426
2015-08-01,0.3253,0.2547,0.242
2015-08-02,0.3063,0.2595,0.2416
2015-08-03,0.2798,0.257,0.2406
2015-08-04,0.2886,0.255,0.24
2015-08-05,0.2849,0.254,0.2396
2015-08-06,0.2618,0.2502,0.2387
2015-08-07,0.2425,0.2457,0.2377
2015-08-08,0.257,0.2422,0.2374
2015-08-09,0.3578,0.2988,0.237
2015-08-10,0.3432,0.3048,0.238
2015-08-11,0.3235,0.3042,0.238
2015-08-12,0.3021,0.2983,0.2376
2015-08-13,0.3126,0.2929,0.2378
2015-08-14,0.3917,0.3584,0.2387
2015-08-15,0.3825,0.3728,0.2424
2015-08-16,0.3603,0.3616,0.2451
2015-08-17,0.3453,0.3508,0.247
2015-08-18,0.3367,0.3414,0.2481
2015-08-19,0.3271,0.333,0.249
2015-08-20,0.3132,0.3242,0.2491
2015-08-21,0.2998,0.3154,0.2491
2015-08-22,0.2875,0.3069,0.249
2015-08-23,0.3192,0.3028,0.249
2015-08-24,0.3879,0.3404,0.2497
2015-08-25,0.355,0.3427,0.251
2015-08-26,0.3329,0.3344,0.2512
2015-08-27,0.3149,0.3252,0.2515
2015-08-28,0.3002,0.3162,0.2515
2015-08-29,0.2868,0.3073,0.251
2015-08-30,0.2739,0.299,0.2506
2015-08-31,0.263,0.2912,0.25
2015-09-01,0.3497,0.293,0.25
2015-09-02,0.34,0.3024,0.25
2015-09-03,0.3195,0.3013,0.25
2015-09-04,0.3061,0.2985,0.25
2015-09-05,0.2963,0.2948,0.25
2015-09-06,0.293,0.2921,0.25
2015-09-07,0.286,0.2888,0.25
2015-09-08,0.2757,0.2842,0.2495
2015-09-09,0.2665,0.2797,0.249
2015-09-10,0.259,0.275,0.2485
2015-09-11,0.2595,0.2714,0.248
2015-09-12,0.2661,0.2689,0.248
2015-09-13,0.3964,0.3085,0.248
2015-09-14,0.3984,0.4014,0.2559
2015-09-15,0.3838,0.3824,0.262
2015-09-16,0.3909,0.3749,0.2655
2015-09-17,0.4131,0.4094,0.2785
2015-09-18,0.3968,0.3958,0.2906
2015-09-19,0.3806,0.3828,0.2946
2015-09-20,0.3707,0.3735,0.297
2015-09-21,0.3595,0.3653,0.2988
2015-09-22,0.3517,0.3576,0.2998
2015-09-23,0.3532,0.3525,0.3002
2015-09-24,0.3465,0.3482,0.301
2015-09-25,0.3374,0.343,0.301
2015-09-26,0.3311,0.3383,0.301
2015-09-27,0.325,0.3338,0.301
2015-09-28,0.3188,0.329,0.301
2015-09-29,0.3135,0.3242,0.3007
2015-09-30,0.3079,0.3199,0.3004
2015-10-01,0.3112,0.316,0.3
2015-10-02,0.3226,0.3145,0.2996
2015-10-03,0.3749,0.351,0.3004
2015-10-04,0.4098,0.4087,0.3098
2015-10-05,0.3982,0.3972,0.3159
2015-10-06,0.3999,0.391,0.3197
2015-10-07,0.3883,0.3884,0.3228
2015-10-08,0.3764,0.3802,0.3251
2015-10-09,0.3679,0.3735,0.3268
2015-10-10,0.3599,0.3672,0.3278
2015-10-11,0.3538,0.3617,0.328
2015-10-12,0.3764,0.3609,0.329
2015-10-13,0.383,0.3708,0.3301
2015-10-14,0.3708,0.3698,0.3312
2015-10-15,0.3782,0.368,0.3323
2015-10-16,0.3773,0.3707,0.3335
2015-10-17,0.3658,0.3678,0.3342
2015-10-18,0.3599,0.3639,0.335
2015-10-19,0.3551,0.3604,0.3356
2015-10-20,0.3495,0.3565,0.336
2015-10-21,0.3458,0.3532,0.336
2015-10-22,0.3458,0.3507,0.336
2015-10-23,0.3543,0.35,0.336
2015-10-24,0.3473,0.3489,0.3364
2015-10-25,0.3422,0.3465,0.336
2015-10-26,0.338,0.3442,0.336
2015-10-27,0.3394,0.3413,0.336
2015-10-28,0.3922,0.3675,0.3362
2015-10-29,0.3949,0.3978,0.3397
2015-10-30,0.381,0.3884,0.3426
2015-10-31,0.3722,0.3805,0.3441
2015-11-01,0.3655,0.374,0.345
2015-11-02,0.3592,0.3685,0.3458
2015-11-03,0.3847,0.3707,0.346
2015-11-04,0.3993,0.3835,0.3473
2015-11-05,0.3857,0.3871,0.3491
2015-11-06,0.3747,0.3814,0.3507
2015-11-07,0.3676,0.3757,0.3512
2015-11-08,0.3618,0.3707,0.352
2015-11-09,0.357,0.3662,0.352
2015-11-10,0.3548,0.3625,0.352
2015-11-11,0.3515,0.3594,0.352
2015-11-12,0.3485,0.3567,0.352
2015-11-13,0.346,0.354,0.3515
2015-11-14,0.3438,0.3519,0.351
2015-11-15,0.3414,0.3494,0.351
2015-11-16,0.3388,0.3471,0.3504
2015-11-17,0.3372,0.3451,0.35
2015-11-18,0.3365,0.3433,0.3496
2015-11-19,0.3341,0.3415,0.349
2015-11-20,0.3687,0.3432,0.349
2015-11-21,0.4079,0.3887,0.3497
2015-11-22,0.3891,0.3905,0.352
2015-11-23,0.3795,0.3853,0.3538
2015-11-24,0.3767,0.3807,0.3552
2015-11-25,0.4111,0.3906,0.3565
2015-11-26,0.4145,0.4118,0.3612
2015-11-27,0.3978,0.4037,0.3658
2015-11-28,0.3977,0.3973,0.3685
2015-11-29,0.397,0.3953,0.3705
2015-11-30,0.399,0.3951,0.372
2016-04-01,0.4227,0.4198,0.3896
2016-04-02,0.4035,0.4113,0.3945
2016-04-03,0.4052,0.411,0.3963
2016-04-04,0.3945,0.4046,0.398
2016-04-05,0.4176,0.4133,0.3992
2016-04-06,0.4031,0.417,0.4057
2016-04-07,0.389,0.4037,0.4057
2016-04-08,0.3825,0.3945,0.4046
2016-04-09,0.377,0.3871,0.4033
2016-04-10,0.3659,0.3789,0.4012
2016-04-11,0.3593,0.371,0.3991
2016-04-12,0.3526,0.3647,0.397
2016-04-13,0.3799,0.3632,0.3948
2016-04-14,0.3773,0.3708,0.3932
2016-04-15,0.3871,0.3753,0.3915
2016-04-16,0.4044,0.3912,0.3906
2016-04-17,0.4118,0.4102,0.3913
2016-04-18,0.4137,0.4159,0.3953
2016-04-19,0.3932,0.406,0.3972
2016-04-20,0.3795,0.3946,0.3965
2016-04-21,0.3747,0.3855,0.3954
2016-04-22,0.3887,0.3815,0.3943
2016-04-23,0.4271,0.4134,0.3948
2016-04-24,0.4087,0.4165,0.3993
2016-04-25,0.3905,0.4042,0.4005
2016-04-26,0.387,0.3957,0.3996
2016-04-27,0.3821,0.3898,0.3985
2016-04-28,0.3688,0.3817,0.397
2016-04-29,0.3587,0.373,0.395
2016-04-30,0.3768,0.3686,0.3934
2016-05-01,0.4176,0.3943,0.393
2016-05-02,0.4139,0.4092,0.394
2016-05-03,0.4031,0.4058,0.3951
2016-05-04,0.388,0.3985,0.3955
2016-05-05,0.3733,0.3881,0.3939
2016-05-06,0.3596,0.377,0.3918
2016-05-07,0.348,0.3666,0.3892
2016-05-08,0.3391,0.3576,0.387
2016-05-09,0.3736,0.3552,0.3847
2016-05-10,0.3977,0.3892,0.3837
2016-05-11,0.4198,0.4099,0.3846
2016-05-12,0.4247,0.4259,0.394
2016-05-13,0.4207,0.4242,0.4032
2016-05-14,0.4135,0.4183,0.4083
2016-05-15,0.3966,0.41,0.4087
2016-05-16,0.381,0.3967,0.4072
2016-05-17,0.3705,0.3853,0.405
2016-05-18,0.3632,0.3757,0.4027
2016-05-19,0.3772,0.3704,0.4003
2016-05-20,0.3776,0.3722,0.3982
2016-05-21,0.357,0.3661,0.3957
2016-05-22,0.3652,0.363,0.393
2016-05-23,0.387,0.3835,0.3915
2016-05-24,0.3773,0.3798,0.3899
2016-05-25,0.3683,0.375,0.3885
2016-05-26,0.3563,0.3682,0.3863
2016-05-27,0.3416,0.3587,0.3836
2016-05-28,0.3521,0.3532,0.3806
2016-05-29,0.4193,0.4052,0.38
2016-05-30,0.4061,0.4115,0.3845
2016-05-31,0.4144,0.4102,0.387
2016-06-01,0.4168,0.4202,0.3927
2016-06-02,0.4147,0.4159,0.3968
2016-06-03,0.4056,0.4146,0.4008
2016-06-04,0.3965,0.4047,0.4016
2016-06-05,0.3917,0.3986,0.4007
2016-06-06,0.3799,0.3909,0.3994
2016-06-07,0.3793,0.3824,0.3975
2016-06-08,0.3847,0.3805,0.396
2016-06-09,0.3759,0.377,0.3942
2016-06-10,0.3615,0.37,0.392
2016-06-11,0.3573,0.3634,0.3898
2016-06-12,0.3484,0.3579,0.3875
2016-06-13,0.3817,0.3581,0.3855
2016-06-14,0.3846,0.3707,0.3839
2016-06-15,0.374,0.3696,0.3821
2016-06-16,0.3947,0.373,0.3802
2016-06-17,0.3927,0.3847,0.3787
2016-06-18,0.3885,0.3832,0.378
2016-06-19,0.3982,0.3872,0.3776
2016-06-20,0.3847,0.3881,0.3767
2016-06-21,0.3821,0.3833,0.376
2016-06-22,0.367,0.377,0.3747
2016-06-23,0.3484,0.3662,0.3719
2016-06-24,0.3358,0.3553,0.369
2016-06-25,0.3553,0.3496,0.3668
2016-06-26,0.3572,0.35,0.3649
2016-06-27,0.3366,0.3443,0.3621
2016-06-28,0.3228,0.3375,0.3595
2016-06-29,0.3217,0.3303,0.3567
2016-06-30,0.3627,0.3318,0.3542
2016-07-01,0.3384,0.3313,0.3518
2016-07-02,0.3498,0.3298,0.3496
2016-07-03,0.339,0.3298,0.3474
2016-07-04,0.3189,0.3246,0.3447
2016-07-05,0.3186,0.3193,0.3421
2016-07-06,0.305,0.3143,0.3396
2016-07-07,0.2909,0.3082,0.3367
2016-07-08,0.2783,0.3014,0.3339
2016-07-09,0.2665,0.2948,0.3309
2016-07-10,0.2548,0.2878,0.3278
2016-07-11,0.3028,0.3019,0.3254
2016-07-12,0.3924,0.3628,0.325
2016-07-13,0.3738,0.3685,0.325
2016-07-14,0.374,0.3636,0.325
2016-07-15,0.3745,0.3667,0.3246
2016-07-16,0.3505,0.3587,0.3236
2016-07-17,0.3331,0.3483,0.3225
2016-07-18,0.3184,0.338,0.3209
2016-07-19,0.3044,0.3278,0.3188
2016-07-20,0.2901,0.3178,0.3162
2016-07-21,0.3125,0.3115,0.3146
2016-07-22,0.4054,0.3419,0.314
2016-07-23,0.3982,0.381,0.3151
2016-07-24,0.3804,0.3774,0.3165
2016-07-25,0.3615,0.3678,0.317
2016-07-26,0.3448,0.3572,0.3165
2016-07-27,0.331,0.347,0.3155
2016-07-28,0.3194,0.3378,0.3145
2016-07-29,0.3093,0.3294,0.313
2016-07-30,0.2998,0.3209,0.3115
2016-07-31,0.3904,0.35,0.3106
2016-08-01,0.3737,0.3734,0.3115
2016-08-02,0.3509,0.3617,0.3115
2016-08-03,0.3345,0.3501,0.3106
2016-08-04,0.3581,0.3494,0.3098
2016-08-05,0.39,0.3765,0.3108
2016-08-06,0.3637,0.3687,0.3115
2016-08-07,0.345,0.3576,0.3115
2016-08-08,0.3296,0.3466,0.3105
2016-08-09,0.3215,0.3378,0.3096
2016-08-10,0.3145,0.3309,0.3087
2016-08-11,0.304,0.3236,0.3076
2016-08-12,0.2938,0.3162,0.3065
2016-08-13,0.284,0.3087,0.305
2016-08-14,0.2733,0.301,0.3031
2016-08-15,0.2625,0.2937,0.3012
2016-08-16,0.2538,0.2868,0.2995
2016-08-17,0.2596,0.2807,0.2979
2016-08-18,0.2875,0.2783,0.2967
2016-08-19,0.2865,0.2767,0.2956
2016-08-20,0.337,0.2801,0.295
2016-08-21,0.339,0.2932,0.2945
2016-08-22,0.3108,0.2927,0.293
2016-08-23,0.2924,0.2891,0.2915
2016-08-24,0.2769,0.2841,0.29
2016-08-25,0.2616,0.2786,0.2885
2016-08-26,0.2487,0.2729,0.2869
2016-08-27,0.2377,0.2675,0.2851
2016-08-28,0.228,0.262,0.2835
2016-08-29,0.2233,0.2576,0.2825
2016-08-30,0.2184,0.2538,0.2814
2016-08-31,0.214,0.25,0.2799
2016-09-01,0.2111,0.2462,0.2785
2016-09-02,0.2049,0.2422,0.2772
2016-09-03,0.1988,0.2385,0.2755
2016-09-04,0.1932,0.2347,0.2745
2016-09-05,0.2013,0.2325,0.2733
2016-09-06,0.2054,0.2305,0.2725
2016-09-07,0.1987,0.2276,0.2711
2016-09-08,0.1921,0.225,0.2696
2016-09-09,0.1871,0.2224,0.2685
2016-09-10,0.1831,0.22,0.2675
2016-09-11,0.1797,0.2177,0.2664
2016-09-12,0.177,0.2152,0.2651
2016-09-13,0.1746,0.2131,0.2636
2016-09-14,0.1767,0.2115,0.263
2016-09-15,0.2124,0.2106,0.2625
2016-09-16,0.2167,0.2102,0.2617
2016-09-17,0.2464,0.2102,0.261
2016-09-18,0.3352,0.218,0.261
2016-09-19,0.3595,0.2575,0.261
2016-09-20,0.3215,0.2677,0.261
2016-09-21,0.3016,0.2694,0.2605
2016-09-22,0.2875,0.2688,0.26
2016-09-23,0.2775,0.267,0.2595
2016-09-24,0.2695,0.2647,0.259
2016-09-25,0.2609,0.262,0.2585
2016-09-26,0.2601,0.2605,0.258
2016-09-27,0.2606,0.2595,0.258
2016-09-28,0.2562,0.258,0.2577
2016-09-29,0.2483,0.2554,0.2574
2016-09-30,0.2423,0.2529,0.257
2016-10-01,0.2832,0.2524,0.257
2016-10-02,0.3148,0.2569,0.2566
2016-10-03,0.3017,0.2599,0.2564
2016-10-04,0.287,0.2605,0.256
2016-10-05,0.276,0.2595,0.2556
2016-10-06,0.2678,0.2585,0.2554
2016-10-07,0.2612,0.2571,0.255
2016-10-08,0.2573,0.256,0.255
2016-10-09,0.2545,0.2554,0.255
2016-10-10,0.2508,0.254,0.255
2016-10-11,0.2466,0.2525,0.2545
2016-10-12,0.2439,0.2515,0.254
2016-10-13,0.362,0.2669,0.254
2016-10-14,0.415,0.36,0.2556
2016-10-15,0.3859,0.3795,0.2593
2016-10-16,0.3694,0.3698,0.2625
2016-10-17,0.3672,0.3625,0.265
2016-10-18,0.3922,0.3676,0.2673
2016-10-19,0.3735,0.3663,0.2699
2016-10-20,0.364,0.3613,0.272
2016-10-21,0.3601,0.3562,0.2737
2016-10-22,0.354,0.352,0.2753
2016-10-23,0.3461,0.3472,0.2764
2016-10-24,0.3412,0.3428,0.2773
2016-10-25,0.41,0.3827,0.2797
2016-10-26,0.3973,0.396,0.2863
2016-10-27,0.3815,0.3838,0.2908
2016-10-28,0.3696,0.374,0.2936
2016-10-29,0.3611,0.366,0.2954
2016-10-30,0.3545,0.3595,0.2968
2016-10-31,0.349,0.3541,0.2978
2016-11-01,0.3437,0.3491,0.2987
2016-11-02,0.34,0.3451,0.299
2016-11-03,0.3367,0.3415,0.2999
2016-11-04,0.3328,0.3381,0.3
2016-11-05,0.376,0.3458,0.3004
2016-11-06,0.3993,0.3815,0.3025
2016-11-07,0.3822,0.3795,0.3052
2016-11-08,0.3765,0.3739,0.3076
2016-11-09,0.385,0.3718,0.3095
2016-11-10,0.4045,0.3815,0.3117
2016-11-11,0.4155,0.4036,0.3163
2016-11-12,0.3934,0.396,0.3219
2016-11-13,0.3882,0.387,0.3252
2016-11-14,0.3944,0.3866,0.328
2016-11-15,0.3791,0.3815,0.3303
2016-11-16,0.3725,0.376,0.332
2016-11-17,0.3681,0.3717,0.3333
2016-11-18,0.3747,0.3686,0.3344
2016-11-19,0.3969,0.378,0.3356
2016-11-20,0.3769,0.3779,0.3373
2016-11-21,0.4123,0.3949,0.3395
2016-11-22,0.4236,0.4287,0.3717
2016-11-23,0.3977,0.4118,0.3968
2016-11-24,0.4143,0.4138,0.3989
2016-11-25,0.4154,0.4215,0.4082
2016-11-26,0.397,0.4106,0.409
2016-11-27,0.3887,0.4014,0.4077
2016-11-28,0.3836,0.3941,0.4062
2016-11-29,0.3785,0.3882,0.4045
2016-11-30,0.3739,0.383,0.4027
2017-04-01,0.3887,0.3621,0.3645
2017-04-02,0.4021,0.3798,0.3644
2017-04-03,0.3848,0.3855,0.3655
2017-04-04,0.3718,0.3796,0.3652
2017-04-05,0.3687,0.3729,0.363
2017-04-06,0.3673,0.3708,0.363
2017-04-07,0.3557,0.3653,0.3615
2017-04-08,0.3438,0.3564,0.3579
2017-04-09,0.3306,0.3461,0.3525
2017-04-10,0.3222,0.3395,0.351
2017-04-11,0.3231,0.3353,0.3501
2017-04-12,0.3144,0.3288,0.348
2017-04-13,0.3016,0.3222,0.3409
2017-04-14,0.2934,0.3142,0.3365
2017-04-15,0.2899,0.3075,0.3324
2017-04-16,0.3019,0.3055,0.3305
2017-04-17,0.3,0.3036,0.3289
2017-04-18,0.2944,0.2986,0.3257
2017-04-19,0.2867,0.2958,0.3237
2017-04-20,0.2788,0.2923,0.3216
2017-04-21,0.2679,0.2857,0.3173
2017-04-22,0.2532,0.2751,0.3095
2017-04-23,0.2414,0.2667,0.3033
2017-04-24,0.2305,0.2585,0.2977
2017-04-25,0.3005,0.2551,0.292
2017-04-26,0.3962,0.3489,0.2925
2017-04-27,0.3715,0.3605,0.2967
2017-04-28,0.3695,0.3595,0.3
2017-04-29,0.3579,0.3553,0.3016
2017-04-30,0.3524,0.349,0.3015
2017-05-01,0.3956,0.3562,0.3015
2017-05-02,0.4168,0.3829,0.3022
2017-05-03,0.4,0.3955,0.3069
2017-05-04,0.3892,0.386,0.3042
2017-05-05,0.373,0.3767,0.308
2017-05-06,0.4107,0.3861,0.3085
2017-05-07,0.395,0.3954,0.313
2017-05-08,0.4007,0.3923,0.3167
2017-05-09,0.3892,0.3892,0.3201
2017-05-10,0.375,0.3783,0.3208
2017-05-11,0.4001,0.3933,0.3222
2017-05-12,0.4111,0.4077,0.3269
2017-05-13,0.4022,0.4015,0.3329
2017-05-14,0.3992,0.4002,0.3376
2017-05-15,0.3836,0.389,0.3379
2017-05-16,0.3624,0.3746,0.334
2017-05-17,0.3446,0.3614,0.3282
2017-05-18,0.3345,0.3492,0.325
2017-05-19,0.403,0.371,0.324
2017-05-20,0.3801,0.3798,0.3256
2017-05-21,0.3614,0.3702,0.3265
2017-05-22,0.3438,0.3582,0.323
2017-05-23,0.329,0.3472,0.3175
2017-05-24,0.3154,0.3344,0.3127
2017-05-25,0.3002,0.3221,0.3076
2017-05-26,0.2868,0.3103,0.3025
2017-05-27,0.2713,0.299,0.2975
2017-05-28,0.2567,0.2887,0.2931
2017-05-29,0.2415,0.2785,0.289
2017-05-30,0.2303,0.2699,0.2857
2017-05-31,0.2362,0.2657,0.2857
2017-06-01,0.3323,0.2686,0.285
2017-06-02,0.3292,0.2763,0.2849
2017-06-03,0.3656,0.2965,0.284
2017-06-04,0.3752,0.3431,0.2847
2017-06-05,0.348,0.3421,0.2875
2017-06-06,0.3552,0.341,0.2905
2017-06-07,0.3465,0.3417,0.2935
2017-06-08,0.3281,0.3341,0.292
2017-06-09,0.3148,0.3207,0.2865
2017-06-10,0.3016,0.3115,0.2831
2017-06-11,0.2826,0.2999,0.278
2017-06-12,0.2772,0.297,0.2565
2017-06-13,0.265,0.287,0.254
2017-06-14,0.289,0.2797,0.2515
2017-06-15,0.2967,0.2724,0.248
2017-06-16,0.2754,0.2659,0.2465
2017-06-17,0.2559,0.2594,0.2436
2017-06-18,0.2382,0.2515,0.2405
2017-06-19,0.2213,0.2431,0.2375
2017-06-20,0.2046,0.2341,0.2333
2017-06-21,0.2029,0.225,0.2259
2017-06-22,0.1959,0.222,0.2261
2017-06-23,0.1995,0.2218,0.2205
2017-06-24,0.2048,0.218,0.2195
2017-06-25,0.1914,0.2115,0.2175
2017-06-26,0.2043,0.2076,0.215
2017-06-27,0.271,0.2082,0.215
2017-06-28,0.3431,0.2174,0.2125
2017-06-29,0.3378,0.2484,0.2117
2017-06-30,0.3162,0.255,0.213
2017-07-01,0.3216,0.2598,0.213
2017-07-02,0.3571,0.274,0.213
2017-07-03,0.3344,0.2867,0.2125
2017-07-04,0.3048,0.2825,0.2115
2017-07-05,0.2777,0.2726,0.2082
2017-07-06,0.2495,0.2598,0.202
2017-07-07,0.2272,0.2484,0.1965
2017-07-08,0.2488,0.2429,0.1921
2017-07-09,0.2588,0.2385,0.1915
2017-07-10,0.2837,0.2399,0.1945
2017-07-11,0.2993,0.2441,0.209
2017-07-12,0.2892,0.2474,0.2224
2017-07-13,0.2802,0.2429,0.2206
2017-07-14,0.2777,0.2402,0.2185
2017-07-15,0.2569,0.2357,0.215
2017-07-16,0.2394,0.2321,0.214
2017-07-17,0.2238,0.2271,0.2125
2017-07-18,0.2083,0.2216,0.21
2017-07-19,0.1968,0.216,0.2065
2017-07-20,0.2428,0.214,0.2065
2017-07-21,0.2807,0.2136,0.206
2017-07-22,0.3421,0.2223,0.205
2017-07-23,0.3336,0.2478,0.205
2017-07-24,0.352,0.2607,0.204
2017-07-25,0.3588,0.2777,0.2042
2017-07-26,0.3542,0.2952,0.206
2017-07-27,0.3259,0.297,0.2067
2017-07-28,0.3028,0.2888,0.2045
2017-07-29,0.2973,0.28,0.204
2017-07-30,0.3353,0.2811,0.2045
2017-07-31,0.3498,0.2959,0.2104
2017-08-01,0.335,0.2959,0.2115
2017-08-02,0.3062,0.2908,0.2115
2017-08-03,0.2813,0.2785,0.203
2017-08-04,0.2609,0.2685,0.2
2017-08-05,0.2573,0.2608,0.1978
2017-08-06,0.2648,0.2547,0.196
2017-08-07,0.2463,0.2488,0.1945
2017-08-08,0.3557,0.2729,0.1948
2017-08-09,0.3397,0.2964,0.1958
2017-08-10,0.32,0.2949,0.1967
2017-08-11,0.33,0.2963,0.1975
2017-08-12,0.3246,0.2972,0.198
2017-08-13,0.3059,0.293,0.1985
2017-08-14,0.2934,0.287,0.1983
2017-08-15,0.2872,0.2771,0.193
2017-08-16,0.2868,0.2745,0.194
2017-08-17,0.266,0.269,0.194
2017-08-18,0.2873,0.2601,0.1918
2017-08-19,0.3376,0.2665,0.192
2017-08-20,0.3019,0.2656,0.191
2017-08-21,0.2812,0.2617,0.191
2017-08-22,0.2616,0.2542,0.189
2017-08-23,0.2488,0.2481,0.188
2017-08-24,0.2982,0.2447,0.187
2017-08-25,0.3061,0.2492,0.1875
2017-08-26,0.2786,0.2474,0.185
2017-08-27,0.2603,0.242,0.1813
2017-08-28,0.2669,0.2422,0.19
2017-08-29,0.2697,0.2355,0.189
2017-08-30,0.2615,0.2313,0.188
2017-08-31,0.399,0.2937,0.1881
2017-09-01,0.354,0.3106,0.1876
2017-09-02,0.3472,0.3104,0.187
2017-09-03,0.3406,0.3142,0.1889
2017-09-04,0.3198,0.3091,0.1902
2017-09-05,0.3021,0.3004,0.1904
2017-09-06,0.2909,0.2924,0.1902
2017-09-07,0.281,0.2862,0.1903
2017-09-08,0.2733,0.2825,0.1915
2017-09-09,0.3032,0.2805,0.1921
2017-09-10,0.3175,0.2828,0.1933
2017-09-11,0.3149,0.2833,0.1943
2017-09-12,0.3108,0.284,0.195
2017-09-13,0.2969,0.282,0.1957
2017-09-14,0.3049,0.2803,0.1958
2017-09-15,0.3041,0.2796,0.196
2017-09-16,0.3159,0.2783,0.196
2017-09-17,0.3235,0.278,0.1973
2017-09-18,0.344,0.2836,0.1985
2017-09-19,0.34,0.2892,0.199
2017-09-20,0.3242,0.2916,0.1995
2017-09-21,0.3075,0.2896,0.1995
2017-09-22,0.2922,0.2848,0.1995
2017-09-23,0.2824,0.279,0.199
2017-09-24,0.2752,0.2728,0.1984
2017-09-25,0.3185,0.2718,0.1985
2017-09-26,0.3467,0.2851,0.2
2017-09-27,0.3243,0.2908,0.2017
2017-09-28,0.3103,0.2895,0.2025
2017-09-29,0.2925,0.2862,0.2025
2017-09-30,0.3318,0.2872,0.2016
2017-10-01,0.3525,0.3053,0.2026
2017-10-02,0.3445,0.3086,0.2045
2017-10-03,0.368,0.3202,0.2022
2017-10-04,0.3578,0.3319,0.2044
2017-10-05,0.3374,0.327,0.2054
2017-10-06,0.3415,0.318,0.205
2017-10-07,0.3385,0.3173,0.2064
2017-10-08,0.3296,0.3144,0.207
2017-10-09,0.366,0.3205,0.2086
2017-10-10,0.3481,0.3252,0.2097
2017-10-11,0.3309,0.3211,0.21
2017-10-12,0.3172,0.3151,0.2105
2017-10-13,0.308,0.3087,0.2109
2017-10-14,0.2995,0.3036,0.2117
2017-10-15,0.2911,0.2985,0.2125
2017-10-16,0.2817,0.2931,0.212
2017-10-17,0.274,0.2878,0.212
2017-10-18,0.2674,0.2838,0.2125
2017-10-19,0.2658,0.2796,0.212
2017-10-20,0.2705,0.2768,0.2121
2017-10-21,0.2736,0.2749,0.212
2017-10-22,0.274,0.2734,0.2123
2017-10-23,0.2854,0.2725,0.213
2017-10-24,0.2882,0.2725,0.2131
2017-10-25,0.286,0.2745,0.2165
2017-10-26,0.2832,0.277,0.2205
2017-10-27,0.2913,0.2737,0.2208
2017-10-28,0.3175,0.2769,0.221
2017-10-29,0.3225,0.2783,0.2215
2017-10-30,0.344,0.2852,0.2215
2017-10-31,0.3229,0.2891,0.2215
2017-11-01,0.3114,0.2895,0.2225
2017-11-02,0.303,0.2895,0.2235
2017-11-03,0.2964,0.2895,0.224
2017-11-04,0.3234,0.2912,0.2249
2017-11-05,0.4154,0.3938,0.2318
2017-11-06,0.3934,0.392,0.2433
2017-11-07,0.3822,0.3792,0.2481
2017-11-08,0.3765,0.3718,0.252
2017-11-09,0.3677,0.3643,0.2553
2017-11-10,0.3642,0.3582,0.2578
2017-11-11,0.3741,0.3558,0.2597
2017-11-12,0.3867,0.3582,0.2611
2017-11-13,0.3833,0.3639,0.2623
2017-11-14,0.3729,0.3628,0.2647
2017-11-15,0.3673,0.3598,0.267
2017-11-16,0.3664,0.3578,0.2688
2017-11-17,0.3701,0.357,0.2712
2017-11-18,0.3748,0.358,0.273
2017-11-19,0.375,0.3604,0.2773
2017-11-20,0.384,0.3656,0.2819
2017-11-21,0.3723,0.3644,0.2842
2017-11-22,0.3662,0.3608,0.2857
2017-11-23,0.3623,0.3558,0.2851
2017-11-24,0.3582,0.3528,0.286
2017-11-25,0.3974,0.3661,0.2864
2017-11-26,0.3795,0.3727,0.2889
2017-11-27,0.3701,0.3688,0.2919
2017-11-28,0.3705,0.3646,0.2938
2017-11-29,0.3731,0.3638,0.2943
2017-11-30,0.3627,0.3612,0.2941
2018-04-01,0.3843,0.3949,0.4029
2018-04-02,0.3751,0.3875,0.4014
2018-04-03,0.3705,0.3799,0.3991
2018-04-04,0.3909,0.3882,0.397
2018-04-05,0.3964,0.4042,0.399
2018-04-06,0.3811,0.3958,0.3977
2018-04-07,0.3755,0.3868,0.3962
2018-04-08,0.372,0.382,0.3946
2018-04-09,0.3974,0.3831,0.392
2018-04-10,0.4103,0.3984,0.3915
2018-04-11,0.3952,0.3971,0.391
2018-04-12,0.4013,0.3975,0.3913
2018-04-13,0.3933,0.399,0.3925
2018-04-14,0.3967,0.3937,0.3905
2018-04-15,0.3853,0.3936,0.394
2018-04-16,0.3744,0.3872,0.3921
2018-04-17,0.3639,0.3783,0.3892
2018-04-18,0.3538,0.3697,0.3865
2018-04-19,0.3438,0.3612,0.385
2018-04-20,0.332,0.3522,0.3825
2018-04-21,0.3209,0.3432,0.3788
2018-04-22,0.3086,0.333,0.3764
2018-04-23,0.3211,0.3242,0.373
2018-04-24,0.3531,0.3308,0.37
2018-04-25,0.3321,0.3256,0.365
2018-04-26,0.319,0.3222,0.3614
2018-04-27,0.3028,0.3157,0.3562
2018-04-28,0.3338,0.3124,0.3538
2018-04-29,0.3596,0.3205,0.3519
2018-04-30,0.3883,0.3642,0.3485
2018-05-01,0.3978,0.3755,0.348
2018-05-02,0.391,0.3837,0.3484
2018-05-03,0.38,0.3797,0.3479
2018-05-04,0.3747,0.3755,0.348
2018-05-05,0.3698,0.3713,0.3475
2018-05-06,0.3555,0.3634,0.3443
2018-05-07,0.3513,0.356,0.3415
2018-05-08,0.378,0.353,0.338
2018-05-09,0.3738,0.3567,0.3375
2018-05-10,0.3677,0.358,0.3365
2018-05-11,0.3528,0.3547,0.3347
2018-05-12,0.3509,0.3473,0.33
2018-05-13,0.4211,0.3776,0.3282
2018-05-14,0.4312,0.4215,0.3359
2018-05-15,0.4309,0.4274,0.3533
2018-05-16,0.4209,0.418,0.3637
2018-05-17,0.4098,0.4094,0.3683
2018-05-18,0.3865,0.3971,0.3698
2018-05-19,0.3756,0.3856,0.3688
2018-05-20,0.3648,0.3763,0.3675
2018-05-21,0.3812,0.3747,0.366
2018-05-22,0.4015,0.3929,0.3613
2018-05-23,0.4129,0.4,0.3619
2018-05-24,0.3867,0.3928,0.3645
2018-05-25,0.373,0.381,0.3626
2018-05-26,0.3725,0.3743,0.3596
2018-05-27,0.373,0.3678,0.3575
2018-05-28,0.3997,0.3746,0.3565
2018-05-29,0.3844,0.379,0.3566
2018-05-30,0.3967,0.3822,0.357
2018-05-31,0.4115,0.399,0.3581
2018-06-01,0.3841,0.3866,0.3585
2018-06-02,0.3802,0.3827,0.3577
2018-06-03,0.3844,0.3758,0.356
2018-06-04,0.4002,0.3823,0.3555
2018-06-05,0.399,0.3909,0.3624
2018-06-06,0.3872,0.3862,0.3684
2018-06-07,0.3929,0.3833,0.3695
2018-06-08,0.415,0.4089,0.3758
2018-06-09,0.4068,0.4089,0.3802
2018-06-10,0.4002,0.4038,0.382
2018-06-11,0.4205,0.4139,0.3866
2018-06-12,0.4222,0.4238,0.3954
2018-06-13,0.4315,0.4335,0.4125
2018-06-14,0.4043,0.4187,0.4171
2018-06-15,0.3906,0.4032,0.4149
2018-06-16,0.3816,0.3902,0.4112
2018-06-17,0.3739,0.381,0.4075
2018-06-18,0.3603,0.371,0.4038
2018-06-19,0.3472,0.3614,0.3993
2018-06-20,0.3358,0.3519,0.3944
2018-06-21,0.3263,0.3412,0.3877
2018-06-22,0.3107,0.3302,0.382
2018-06-23,0.2962,0.3211,0.377
2018-06-24,0.2843,0.3119,0.3714
2018-06-25,0.2755,0.3056,0.3673
2018-06-26,0.2654,0.2987,0.3628
2018-06-27,0.2522,0.2893,0.3572
2018-06-28,0.2413,0.2825,0.352
2018-06-29,0.236,0.2775,0.3483
2018-06-30,0.2303,0.2726,0.3445
2018-07-01,0.2172,0.2643,0.3383
2018-07-02,0.215,0.2579,0.3333
2018-07-03,0.2378,0.25,0.3244
2018-07-04,0.3141,0.2529,0.3205
2018-07-05,0.3895,0.3065,0.3188
2018-07-06,0.3928,0.3571,0.3165
2018-07-07,0.3655,0.3601,0.3156
2018-07-08,0.3414,0.35,0.3135
2018-07-09,0.3219,0.3382,0.3105
2018-07-10,0.3066,0.3273,0.3076
2018-07-11,0.2929,0.3174,0.3045
2018-07-12,0.283,0.3095,0.3026
2018-07-13,0.2735,0.3011,0.3001
2018-07-14,0.2697,0.2923,0.2966
2018-07-15,0.269,0.2848,0.2934
2018-07-16,0.2798,0.2807,0.2916
2018-07-17,0.2659,0.2762,0.2904
2018-07-18,0.2515,0.2701,0.2879
2018-07-19,0.2388,0.264,0.2855
2018-07-20,0.2599,0.2581,0.2801
2018-07-21,0.3792,0.2878,0.2775
2018-07-22,0.3546,0.3181,0.2755
2018-07-23,0.3248,0.3145,0.2736
2018-07-24,0.3052,0.307,0.2715
2018-07-25,0.2901,0.297,0.2661
2018-07-26,0.2756,0.2875,0.2624
2018-07-27,0.2592,0.2777,0.2585
2018-07-28,0.3523,0.2945,0.267
2018-07-29,0.3501,0.3186,0.267
2018-07-30,0.3195,0.3113,0.2625
2018-07-31,0.2992,0.3009,0.2584
2018-08-01,0.2883,0.2944,0.2572
2018-08-02,0.285,0.2908,0.2587
2018-08-03,0.2687,0.283,0.2567
2018-08-04,0.2568,0.2743,0.254
2018-08-05,0.2455,0.267,0.2515
2018-08-06,0.2452,0.2596,0.2485
2018-08-07,0.236,0.2566,0.249
2018-08-08,0.2443,0.2518,0.2475
2018-08-09,0.2888,0.2496,0.246
2018-08-10,0.3134,0.2551,0.245
2018-08-11,0.2873,0.2541,0.2436
2018-08-12,0.265,0.247,0.2395
2018-08-13,0.3035,0.2391,0.234
2018-08-14,0.3088,0.2416,0.234
2018-08-15,0.2909,0.2427,0.233
2018-08-16,0.2704,0.24,0.231
2018-08-17,0.2942,0.2397,0.2305
2018-08-18,0.2983,0.2425,0.2305
2018-08-19,0.2755,0.2407,0.2284
2018-08-20,0.2524,0.2335,0.223
2018-08-21,0.2347,0.2275,0.2192
2018-08-22,0.225,0.224,0.2205
2018-08-23,0.2547,0.2226,0.2215
2018-08-24,0.2426,0.2176,0.2173
2018-08-25,0.2403,0.218,0.218
2018-08-26,0.2362,0.2171,0.2185
2018-08-27,0.2222,0.2121,0.2152
2018-08-28,0.2066,0.2059,0.2111
2018-08-29,0.2008,0.204,0.2116
2018-08-30,0.2337,0.204,0.2115
2018-08-31,0.2288,0.204,0.213
2018-09-01,0.2265,0.204,0.213
2018-09-02,0.2211,0.2026,0.213
2018-09-03,0.2139,0.2014,0.2131
2018-09-04,0.2053,0.1985,0.212
2018-09-05,0.1967,0.1935,0.2095
2018-09-06,0.3111,0.212,0.2125
2018-09-07,0.3538,0.2543,0.2126
2018-09-08,0.3155,0.261,0.211
2018-09-09,0.2915,0.2576,0.21
2018-09-10,0.2722,0.253,0.207
2018-09-11,0.2553,0.2455,0.2045
2018-09-12,0.2422,0.2375,0.2015
2018-09-13,0.234,0.228,0.195
2018-09-14,0.2484,0.225,0.194
2018-09-15,0.2521,0.2237,0.1935
2018-09-16,0.238,0.221,0.192
2018-09-17,0.2233,0.2154,0.1895
2018-09-18,0.2107,0.21,0.1879
2018-09-19,0.2007,0.2061,0.1865
2018-09-20,0.1923,0.203,0.186
2018-09-21,0.1933,0.2024,0.187
2018-09-22,0.2143,0.201,0.187
2018-09-23,0.2062,0.1985,0.185
2018-09-24,0.267,0.1973,0.1835
2018-09-25,0.2597,0.2,0.1857
2018-09-26,0.2465,0.1995,0.185
2018-09-27,0.2315,0.197,0.1835
2018-09-28,0.2167,0.1939,0.182
2018-09-29,0.2087,0.1925,0.182
2018-09-30,0.2109,0.1935,0.1835
2018-10-01,0.2259,0.1856,0.1804
2018-10-02,0.2331,0.186,0.181
2018-10-03,0.2271,0.186,0.1802
2018-10-04,0.2213,0.185,0.1805
2018-10-05,0.2114,0.183,0.18
2018-10-06,0.2075,0.1825,0.18
2018-10-07,0.3233,0.2171,0.18
2018-10-08,0.3374,0.261,0.1808
2018-10-09,0.3143,0.2676,0.1824
2018-10-10,0.3112,0.2683,0.1825
2018-10-11,0.343,0.2755,0.1835
2018-10-12,0.3184,0.2797,0.184
2018-10-13,0.3022,0.279,0.1842
2018-10-14,0.3038,0.277,0.1842
2018-10-15,0.2882,0.2749,0.184
2018-10-16,0.2805,0.2724,0.184
2018-10-17,0.2737,0.2695,0.1849
2018-10-18,0.2663,0.2651,0.1844
2018-10-19,0.2601,0.2623,0.184
2018-10-20,0.2555,0.2594,0.184
2018-10-21,0.2517,0.258,0.1845
2018-10-22,0.2496,0.2576,0.186
2018-10-23,0.2447,0.2544,0.185
2018-10-24,0.2391,0.2504,0.184
2018-10-25,0.2361,0.2475,0.184
2018-10-26,0.2355,0.2461,0.1855
2018-10-27,0.2716,0.2461,0.1875
2018-10-28,0.311,0.2484,0.188
2018-10-29,0.3495,0.2588,0.1884
2018-10-30,0.3452,0.2713,0.1892
2018-10-31,0.4286,0.3597,0.1915
2018-11-01,0.4282,0.4216,0.2233
2018-11-02,0.405,0.3984,0.238
2018-11-03,0.3952,0.3869,0.244
2018-11-04,0.3817,0.3772,0.2498
2018-11-05,0.3708,0.3684,0.2536
2018-11-06,0.4023,0.39,0.2576
2018-11-07,0.4087,0.4015,0.2642
2018-11-08,0.4057,0.4063,0.274
2018-11-09,0.4005,0.3975,0.282
2018-11-10,0.3943,0.3925,0.2885
2018-11-11,0.3917,0.3865,0.2926
2018-11-12,0.3869,0.3815,0.2971
2018-11-13,0.3932,0.3801,0.2997
2018-11-14,0.3826,0.3807,0.3029
2018-11-15,0.373,0.3754,0.3043
2018-11-16,0.3661,0.3698,0.3057
2018-11-17,0.3718,0.3661,0.308
2018-11-18,0.3725,0.366,0.3105
2018-11-19,0.3623,0.3617,0.3105
2018-11-20,0.363,0.3578,0.3115
2018-11-21,0.4044,0.3814,0.3139
2018-11-22,0.3826,0.3813,0.3169
2018-11-23,0.4108,0.3958,0.3214
2018-11-24,0.4057,0.4135,0.3362
2018-11-25,0.399,0.3994,0.3421
2018-11-26,0.4,0.3953,0.3456
2018-11-27,0.4094,0.4064,0.35
2018-11-28,0.3898,0.3975,0.3538
2018-11-29,0.3806,0.3895,0.3556
2018-11-30,0.4009,0.3913,0.3573
2019-04-01,0.292,0.3112,0.339
2019-04-02,0.2897,0.3054,0.3349
2019-04-03,0.3348,0.3049,0.3335
2019-04-04,0.3436,0.312,0.3326
2019-04-05,0.3292,0.3158,0.3335
2019-04-06,0.326,0.3158,0.333
2019-04-07,0.3368,0.3166,0.333
2019-04-08,0.3466,0.3199,0.332
2019-04-09,0.3362,0.3194,0.3288
2019-04-10,0.331,0.3187,0.327
2019-04-11,0.3588,0.3212,0.3255
2019-04-12,0.3407,0.3245,0.3246
2019-04-13,0.3238,0.3211,0.3219
2019-04-14,0.3112,0.3147,0.3175
2019-04-15,0.3002,0.3085,0.3126
2019-04-16,0.3387,0.3068,0.31
2019-04-17,0.3355,0.3119,0.3105
2019-04-18,0.3143,0.3082,0.3082
2019-04-19,0.295,0.2998,0.3033
2019-04-20,0.2773,0.2894,0.2975
2019-04-21,0.2833,0.2845,0.295
2019-04-22,0.2881,0.2837,0.2947
2019-04-23,0.2893,0.276,0.2876
2019-04-24,0.338,0.279,0.2865
2019-04-25,0.3823,0.3052,0.2868
2019-04-26,0.4243,0.4141,0.2947
2019-04-27,0.4116,0.4066,0.3052
2019-04-28,0.3998,0.3947,0.3099
2019-04-29,0.396,0.391,0.3141
2019-04-30,0.378,0.3821,0.3165
2019-05-01,0.3652,0.3726,0.3171
2019-05-02,0.3653,0.3621,0.3146
2019-05-03,0.3698,0.3588,0.315
2019-05-04,0.3688,0.3565,0.315
2019-05-05,0.3707,0.3584,0.3165
2019-05-06,0.3588,0.3557,0.317
2019-05-07,0.3518,0.3505,0.3156
2019-05-08,0.3834,0.3546,0.3111
2019-05-09,0.3828,0.3671,0.312
2019-05-10,0.366,0.3635,0.312
2019-05-11,0.3717,0.3583,0.3162
2019-05-12,0.389,0.3639,0.3163
2019-05-13,0.3658,0.3635,0.3155
2019-05-14,0.3464,0.3543,0.3129
2019-05-15,0.3296,0.343,0.308
2019-05-16,0.3181,0.3339,0.3056
2019-05-17,0.3242,0.3264,0.304
2019-05-18,0.3412,0.3202,0.299
2019-05-19,0.4043,0.3647,0.2993
2019-05-20,0.3823,0.3663,0.2999
2019-05-21,0.3924,0.3713,0.3018
2019-05-22,0.3732,0.3701,0.3025
2019-05-23,0.3498,0.3571,0.2995
2019-05-24,0.3342,0.3447,0.2959
2019-05-25,0.3518,0.3378,0.2945
2019-05-26,0.3655,0.341,0.295
2019-05-27,0.3533,0.3389,0.294
2019-05-28,0.3663,0.3378,0.2925
2019-05-29,0.369,0.3418,0.294
2019-05-30,0.3493,0.3402,0.2941
2019-05-31,0.3336,0.3333,0.2925
2019-06-01,0.3139,0.3232,0.288
2019-06-02,0.2925,0.3083,0.2815
2019-06-03,0.2793,0.2949,0.275
2019-06-04,0.2815,0.289,0.2735
2019-06-05,0.2686,0.2767,0.267
2019-06-06,0.3103,0.2749,0.266
2019-06-07,0.302,0.2768,0.2685
2019-06-08,0.3286,0.2811,0.2669
2019-06-09,0.3574,0.2883,0.2615
2019-06-10,0.4217,0.395,0.2684
2019-06-11,0.426,0.4183,0.2911
2019-06-12,0.4057,0.409,0.3054
2019-06-13,0.3738,0.3865,0.3093
2019-06-14,0.382,0.3703,0.3088
2019-06-15,0.4202,0.4158,0.317
2019-06-16,0.3957,0.4049,0.3233
2019-06-17,0.3718,0.385,0.3252
2019-06-18,0.3481,0.3668,0.3238
2019-06-19,0.3278,0.3473,0.3215
2019-06-20,0.3642,0.3391,0.3215
2019-06-21,0.3707,0.3427,0.321
2019-06-22,0.3605,0.3459,0.3206
2019-06-23,0.3364,0.339,0.3195
2019-06-24,0.3142,0.3284,0.3172
2019-06-25,0.2937,0.3179,0.315
2019-06-26,0.2695,0.3033,0.311
2019-06-27,0.252,0.2914,0.3078
2019-06-28,0.2376,0.2811,0.3045
2019-06-29,0.228,0.2743,0.3025
2019-06-30,0.225,0.2665,0.3004
2019-07-01,0.2487,0.264,0.299
2019-07-02,0.3045,0.2706,0.2964
2019-07-03,0.2783,0.2602,0.2925
2019-07-04,0.2608,0.2562,0.2902
2019-07-05,0.2459,0.2525,0.288
2019-07-06,0.2435,0.2551,0.2869
2019-07-07,0.2451,0.2425,0.2855
2019-07-08,0.2397,0.225,0.282
2019-07-09,0.2288,0.2241,0.2801
2019-07-10,0.2222,0.2291,0.2805
2019-07-11,0.2155,0.2295,0.2795
2019-07-12,0.2107,0.2298,0.2787
2019-07-13,0.188,0.2185,0.2749
2019-07-14,0.1799,0.214,0.2725
2019-07-15,0.1733,0.2089,0.2714
2019-07-16,0.1718,0.208,0.27
2019-07-17,0.1662,0.205,0.267
2019-07-18,0.158,0.2014,0.2643
2019-07-19,0.1576,0.2,0.2626
2019-07-20,0.1594,0.1981,0.2611
2019-07-21,0.1546,0.1925,0.2592
2019-07-22,0.143,0.1881,0.2566
2019-07-23,0.1347,0.182,0.254
2019-07-24,0.1411,0.183,0.2529
2019-07-25,0.1466,0.1846,0.2524
2019-07-26,0.1593,0.1875,0.2515
2019-07-27,0.3363,0.216,0.2505
2019-07-28,0.4028,0.3688,0.2524
2019-07-29,0.3742,0.3794,0.2572
2019-07-30,0.3553,0.3632,0.2595
2019-07-31,0.3465,0.3517,0.2605
2019-08-01,0.334,0.3425,0.2625
2019-08-02,0.3208,0.3328,0.2635
2019-08-03,0.3031,0.3216,0.264
2019-08-04,0.2895,0.3121,0.264
2019-08-05,0.274,0.2991,0.2613
2019-08-06,0.3173,0.2933,0.2565
2019-08-07,0.3904,0.3286,0.2566
2019-08-08,0.3607,0.3488,0.2577
2019-08-09,0.3291,0.3368,0.255
2019-08-10,0.4032,0.3821,0.2563
2019-08-11,0.4045,0.3962,0.2616
2019-08-12,0.4092,0.4076,0.2753
2019-08-13,0.3827,0.3877,0.2792
2019-08-14,0.3669,0.374,0.2824
2019-08-15,0.3519,0.3612,0.2844
2019-08-16,0.3412,0.3522,0.2845
2019-08-17,0.3182,0.3363,0.2809
2019-08-18,0.3154,0.3221,0.2766
2019-08-19,0.4213,0.3991,0.2777
2019-08-20,0.4245,0.4165,0.285
2019-08-21,0.3983,0.4038,0.2979
2019-08-22,0.3797,0.3872,0.3033
2019-08-23,0.3649,0.3743,0.3056
2019-08-24,0.3499,0.3623,0.306
2019-08-25,0.3355,0.3506,0.305
2019-08-26,0.3231,0.3404,0.304
2019-08-27,0.3145,0.3327,0.304
2019-08-28,0.315,0.3221,0.3021
2019-08-29,0.3074,0.3163,0.301
2019-08-30,0.2928,0.305,0.2976
2019-08-31,0.3015,0.3064,0.2987
2019-09-01,0.3012,0.302,0.2985
2019-09-02,0.2982,0.3002,0.2979
2019-09-03,0.2892,0.299,0.297
2019-09-04,0.2818,0.2986,0.2972
2019-09-05,0.2901,0.29,0.295
2019-09-06,0.2888,0.2865,0.2947
2019-09-07,0.2828,0.2853,0.294
2019-09-08,0.2937,0.2848,0.2925
2019-09-09,0.3094,0.2876,0.2915
2019-09-10,0.3003,0.2915,0.2916
2019-09-11,0.294,0.2958,0.2925
2019-09-12,0.2835,0.2924,0.2916
2019-09-13,0.2706,0.2832,0.289
2019-09-14,0.2585,0.272,0.286
2019-09-15,0.2503,0.2675,0.284
2019-09-16,0.2448,0.265,0.2847
2019-09-17,0.2347,0.2594,0.2836
2019-09-18,0.2269,0.2556,0.283
2019-09-19,0.226,0.2565,0.283
2019-09-20,0.2278,0.2587,0.2835
2019-09-21,0.2278,0.259,0.2834
2019-09-22,0.2945,0.267,0.2831
2019-09-23,0.3627,0.3061,0.2835
2019-09-24,0.3553,0.314,0.2835
2019-09-25,0.35,0.3206,0.285
2019-09-26,0.3402,0.322,0.285
2019-09-27,0.3249,0.3197,0.284
2019-09-28,0.3092,0.3139,0.2841
2019-09-29,0.299,0.3091,0.284
2019-09-30,0.2749,0.2965,0.282
2019-10-01,0.3043,0.292,0.2825
2019-10-02,0.3402,0.2961,0.2845
2019-10-03,0.3365,0.3019,0.2865
2019-10-04,0.3316,0.305,0.287
2019-10-05,0.3211,0.3047,0.286
2019-10-06,0.3298,0.3059,0.2875
2019-10-07,0.363,0.3165,0.288
2019-10-08,0.3393,0.3203,0.288
2019-10-09,0.3463,0.318,0.2862
2019-10-10,0.3436,0.3229,0.2855
2019-10-11,0.335,0.3231,0.287
2019-10-12,0.326,0.3219,0.288
2019-10-13,0.3182,0.3195,0.2885
2019-10-14,0.304,0.3132,0.286
2019-10-15,0.3876,0.3476,0.2865
2019-10-16,0.3751,0.3683,0.2891
2019-10-17,0.3719,0.3636,0.292
2019-10-18,0.3898,0.3649,0.2947
2019-10-19,0.4011,0.3842,0.297
2019-10-20,0.4138,0.4007,0.3015
2019-10-21,0.4195,0.4095,0.3083
2019-10-22,0.4167,0.4112,0.3175
2019-10-23,0.4107,0.4082,0.3237
2019-10-24,0.4098,0.4192,0.3567
2019-10-25,0.3907,0.4018,0.3632
2019-10-26,0.3813,0.3927,0.3655
2019-10-27,0.3741,0.3849,0.3658
2019-10-28,0.3871,0.3817,0.3666
2019-10-29,0.391,0.3846,0.367
2019-10-30,0.3859,0.3867,0.3672
2019-10-31,0.4084,0.3932,0.3681
2019-11-01,0.4088,0.4002,0.3703
2019-11-02,0.4187,0.4184,0.3758
2019-11-03,0.4149,0.4155,0.3827
2019-11-04,0.411,0.4126,0.387
2019-11-05,0.3999,0.4115,0.3913
2019-11-06,0.3919,0.4018,0.3922
2019-11-07,0.3962,0.3992,0.3925
2019-11-08,0.3943,0.3973,0.392
2019-11-09,0.3926,0.394,0.3916
2019-11-10,0.3915,0.392,0.3909
2019-11-11,0.3831,0.3903,0.3902
2019-11-12,0.3803,0.3887,0.39
2019-11-13,0.3752,0.385,0.3893
2019-11-14,0.3825,0.3838,0.389
2019-11-15,0.3866,0.3853,0.3885
2019-11-16,0.3898,0.3878,0.3875
2019-11-17,0.3902,0.3875,0.386
2019-11-18,0.3927,0.3871,0.385
2019-11-19,0.3995,0.3907,0.384
2019-11-20,0.4087,0.3973,0.3838
2019-11-21,0.4242,0.4156,0.3863
2019-11-22,0.427,0.4265,0.3954
2019-11-23,0.4266,0.4338,0.4212
2019-11-24,0.4254,0.432,0.4308
2019-11-25,0.3991,0.4108,0.4273
2019-11-26,0.386,0.3955,0.4223
2019-11-27,0.4021,0.395,0.4183
2019-11-28,0.3854,0.3875,0.4144
2019-11-29,0.405,0.3888,0.4105
2019-11-30,0.3887,0.389,0.4079
2020-04-01,0.3242,0.3205,0.3445
2020-04-02,0.3215,0.3195,0.3429
2020-04-03,0.3126,0.3181,0.3409
2020-04-04,0.3082,0.3158,0.3385
2020-04-05,0.2903,0.3058,0.3327
2020-04-06,0.2704,0.2941,0.326
2020-04-07,0.2557,0.2845,0.3194
2020-04-08,0.2416,0.2743,0.3118
2020-04-09,0.2313,0.267,0.3076
2020-04-10,0.218,0.2568,0.2994
2020-04-11,0.2104,0.2502,0.2951
2020-04-12,0.2067,0.248,0.2945
2020-04-13,0.202,0.245,0.2931
2020-04-14,0.2067,0.2475,0.2954
2020-04-15,0.205,0.2465,0.2939
2020-04-16,0.1987,0.242,0.2911
2020-04-17,0.191,0.2361,0.2877
2020-04-18,0.2026,0.2354,0.287
2020-04-19,0.2646,0.237,0.2875
2020-04-20,0.3038,0.244,0.2895
2020-04-21,0.3082,0.2483,0.2878
2020-04-22,0.2912,0.2502,0.2887
2020-04-23,0.3151,0.2514,0.287
2020-04-24,0.2787,0.2482,0.2814
2020-04-25,0.2767,0.2404,0.2735
2020-04-26,0.3786,0.2571,0.2655
2020-04-27,0.3653,0.2838,0.262
2020-04-28,0.4092,0.3398,0.2621
2020-04-29,0.384,0.3708,0.265
2020-04-30,0.373,0.3649,0.27
2020-05-01,0.4163,0.3816,0.2739
2020-05-02,0.4183,0.4079,0.282
2020-05-03,0.4198,0.4139,0.2893
2020-05-04,0.3864,0.3918,0.2915
2020-05-05,0.3803,0.3755,0.2908
2020-05-06,0.3689,0.3668,0.2895
2020-05-07,0.3493,0.3559,0.288
2020-05-08,0.3258,0.3413,0.282
2020-05-09,0.3065,0.3267,0.2755
2020-05-10,0.3279,0.3167,0.273
2020-05-11,0.3885,0.3304,0.2721
2020-05-12,0.3793,0.3513,0.2725
2020-05-13,0.4118,0.3814,0.2767
2020-05-14,0.3913,0.3895,0.2758
2020-05-15,0.3837,0.3783,0.2764
2020-05-16,0.378,0.3722,0.279
2020-05-17,0.3588,0.3622,0.28
2020-05-18,0.333,0.3455,0.2776
2020-05-19,0.3095,0.3286,0.2745
2020-05-20,0.2876,0.3125,0.2703
2020-05-21,0.2675,0.2971,0.2661
2020-05-22,0.2518,0.2848,0.2631
2020-05-23,0.2934,0.2702,0.2595
2020-05-24,0.329,0.2791,0.259
2020-05-25,0.3037,0.2798,0.2587
2020-05-26,0.2781,0.2718,0.2555
2020-05-27,0.2567,0.2633,0.2515
2020-05-28,0.2418,0.2575,0.2501
2020-05-29,0.2262,0.25,0.2479
2020-05-30,0.219,0.2468,0.2482
2020-05-31,0.2351,0.2451,0.2481
2020-06-01,0.2251,0.2433,0.2485
2020-06-02,0.2188,0.2371,0.2465
2020-06-03,0.2596,0.2393,0.249
2020-06-04,0.3176,0.2471,0.2505
2020-06-05,0.329,0.2536,0.251
2020-06-06,0.3112,0.2577,0.2491
2020-06-07,0.3758,0.2903,0.2526
2020-06-08,0.3565,0.294,0.254
2020-06-09,0.4063,0.3346,0.2547
2020-06-10,0.3941,0.3703,0.2585
2020-06-11,0.3737,0.3676,0.2618
2020-06-12,0.396,0.3684,0.2647
2020-06-13,0.3957,0.3741,0.2676
2020-06-14,0.3791,0.3713,0.2719
2020-06-15,0.3624,0.3627,0.275
2020-06-16,0.3631,0.3513,0.2735
2020-06-17,0.3631,0.3429,0.2697
2020-06-18,0.3664,0.3418,0.27
2020-06-19,0.3553,0.3354,0.2687
2020-06-20,0.3373,0.3312,0.2695
2020-06-21,0.3188,0.3223,0.2665
2020-06-22,0.32,0.316,0.2615
2020-06-23,0.3105,0.3095,0.2586
2020-06-24,0.2842,0.2948,0.2501
2020-06-25,0.2605,0.2823,0.245
2020-06-26,0.254,0.2715,0.2389
2020-06-27,0.2815,0.2692,0.2382
2020-06-28,0.271,0.2609,0.234
2020-06-29,0.3033,0.262,0.235
2020-06-30,0.2667,0.2551,0.24
2020-07-01,0.2361,0.2419,0.2412
2020-07-02,0.2649,0.2373,0.2385
2020-07-03,0.3038,0.2389,0.238
2020-07-04,0.2801,0.2387,0.2371
2020-07-05,0.2529,0.2337,0.2327
2020-07-06,0.2293,0.2266,0.225
2020-07-07,0.2117,0.2212,0.221
2020-07-08,0.1997,0.2171,0.2198
2020-07-09,0.1874,0.2125,0.2192
2020-07-10,0.1901,0.205,0.2151
2020-07-11,0.2955,0.2048,0.215
2020-07-12,0.2669,0.2059,0.214
2020-07-13,0.2441,0.2046,0.2133
2020-07-14,0.2255,0.2016,0.2121
2020-07-15,0.2192,0.1995,0.2105
2020-07-16,0.2167,0.2005,0.2125
2020-07-17,0.2325,0.2025,0.2139
2020-07-18,0.2356,0.2051,0.216
2020-07-19,0.2199,0.2035,0.2153
2020-07-20,0.2041,0.2005,0.2154
2020-07-21,0.194,0.195,0.2129
2020-07-22,0.301,0.1954,0.21
2020-07-23,0.2924,0.1936,0.2046
2020-07-24,0.2585,0.1856,0.1845
2020-07-25,0.2343,0.1835,0.181
2020-07-26,0.2102,0.1741,0.1735
2020-07-27,0.1879,0.1695,0.17
2020-07-28,0.1768,0.162,0.165
2020-07-29,0.2008,0.1585,0.163
2020-07-30,0.1855,0.152,0.1618
2020-07-31,0.2192,0.1513,0.1625
2020-08-01,0.2052,0.1555,0.166
2020-08-02,0.2377,0.1595,0.17
2020-08-03,0.2992,0.1677,0.1715
2020-08-04,0.2855,0.1763,0.1747
2020-08-05,0.2652,0.1802,0.175
2020-08-06,0.2403,0.1803,0.175
2020-08-07,0.219,0.1781,0.1738
2020-08-08,0.2014,0.176,0.176
2020-08-09,0.1955,0.175,0.172
2020-08-10,0.2142,0.179,0.1785
2020-08-11,0.2116,0.181,0.1825
2020-08-12,0.2202,0.181,0.17
2020-08-13,0.228,0.182,0.1715
2020-08-14,0.2865,0.188,0.1735
2020-08-15,0.2675,0.1913,0.1725
2020-08-16,0.269,0.1921,0.174
2020-08-17,0.2656,0.1939,0.1705
2020-08-18,0.2525,0.195,0.1713
2020-08-19,0.239,0.1931,0.17
2020-08-20,0.2208,0.1912,0.1695
2020-08-21,0.1985,0.186,0.1649
2020-08-22,0.2357,0.1813,0.1605
2020-08-23,0.2074,0.1796,0.16
2020-08-24,0.2006,0.18,0.164
2020-08-25,0.1988,0.182,0.1715
2020-08-26,0.1715,0.174,0.164
2020-08-27,0.1611,0.1713,0.1655
2020-08-28,0.2274,0.1673,0.16
2020-08-29,0.3077,0.1824,0.1545
2020-08-30,0.3009,0.1932,0.1555
2020-08-31,0.298,0.1994,0.152
2020-09-01,0.2926,0.2048,0.15
2020-09-02,0.2682,0.2063,0.1505
2020-09-03,0.2519,0.2065,0.1518
2020-09-04,0.2334,0.2037,0.1535
2020-09-05,0.2155,0.2005,0.155
2020-09-06,0.2043,0.1976,0.1575
2020-09-07,0.1994,0.1956,0.157
2020-09-08,0.1937,0.1946,0.1553
2020-09-09,0.1933,0.1939,0.1575
2020-09-10,0.194,0.1952,0.162
2020-09-11,0.184,0.1923,0.1635
2020-09-12,0.1778,0.1901,0.1625
2020-09-13,0.1735,0.189,0.1641
2020-09-14,0.1713,0.1885,0.165
2020-09-15,0.1699,0.188,0.169
2020-09-16,0.1742,0.1895,0.1695
2020-09-17,0.1769,0.19,0.174
2020-09-18,0.1739,0.187,0.1745
2020-09-19,0.1815,0.186,0.176
2020-09-20,0.3038,0.1931,0.176
2020-09-21,0.3458,0.2083,0.1715
2020-09-22,0.3547,0.2248,0.1679
2020-09-23,0.3473,0.2599,0.165
2020-09-24,0.3376,0.2665,0.1685
2020-09-25,0.361,0.291,0.1732
2020-09-26,0.3576,0.3,0.1777
2020-09-27,0.383,0.314,0.1771
2020-09-28,0.4042,0.3514,0.179
2020-09-29,0.3795,0.3622,0.1822
2020-09-30,0.3581,0.3533,0.1855
2020-10-01,0.3514,0.3443,0.1885
2020-10-02,0.403,0.3883,0.1998
2020-10-03,0.4168,0.4092,0.2354
2020-10-04,0.4041,0.3932,0.2442
2020-10-05,0.3838,0.3811,0.2502
2020-10-06,0.4021,0.383,0.2542
2020-10-07,0.3877,0.3849,0.2589
2020-10-08,0.3713,0.3731,0.2622
2020-10-09,0.3585,0.3627,0.2646
2020-10-10,0.3558,0.355,0.2665
2020-10-11,0.366,0.3527,0.2686
2020-10-12,0.3782,0.3576,0.2708
2020-10-13,0.3673,0.3568,0.2721
2020-10-14,0.3758,0.357,0.2728
2020-10-15,0.3723,0.3575,0.2734
2020-10-16,0.3928,0.3621,0.2751
2020-10-17,0.3816,0.3675,0.2773
2020-10-18,0.3663,0.3628,0.2792
2020-10-19,0.3568,0.3578,0.2808
2020-10-20,0.3515,0.3536,0.2825
2020-10-21,0.3422,0.3486,0.2837
2020-10-22,0.3431,0.3426,0.2848
2020-10-23,0.4002,0.3693,0.2862
2020-10-24,0.3905,0.3879,0.2898
2020-10-25,0.3745,0.3777,0.2943
2020-10-26,0.4231,0.4155,0.3018
2020-10-27,0.3974,0.4005,0.3088
2020-10-28,0.3909,0.3896,0.3128
2020-10-29,0.3844,0.3843,0.3162
2020-10-30,0.3748,0.3785,0.3187
2020-10-31,0.3606,0.3687,0.3204
2020-11-01,0.3487,0.3588,0.3203
2020-11-02,0.3424,0.3536,0.3215
2020-11-03,0.3552,0.3458,0.321
2020-11-04,0.3525,0.3465,0.321
2020-11-05,0.35,0.3475,0.3225
2020-11-06,0.3477,0.348,0.3234
2020-11-07,0.3429,0.3465,0.3235
2020-11-08,0.3665,0.3471,0.323
2020-11-09,0.3635,0.3526,0.3237
2020-11-10,0.3549,0.3517,0.324
2020-11-11,0.3513,0.3505,0.3245
2020-11-12,0.3453,0.3479,0.3245
2020-11-13,0.3374,0.343,0.3233
2020-11-14,0.3331,0.3398,0.323
2020-11-15,0.3402,0.3377,0.323
2020-11-16,0.3639,0.3415,0.323
2020-11-17,0.3505,0.3431,0.3235
2020-11-18,0.3417,0.3419,0.3233
2020-11-19,0.3392,0.3407,0.3239
2020-11-20,0.338,0.3403,0.3249
2020-11-21,0.3362,0.3396,0.325
2020-11-22,0.3335,0.3379,0.325
2020-11-23,0.3326,0.3369,0.325
2020-11-24,0.3315,0.3358,0.325
2020-11-25,0.3305,0.3351,0.3255
2020-11-26,0.3305,0.3345,0.326
2020-11-27,0.335,0.3345,0.3269
2020-11-28,0.3311,0.3335,0.327
2020-11-29,0.3235,0.33,0.326
2020-11-30,0.3209,0.3281,0.326
2021-04-01,0.2797,0.3068,0.337
2021-04-02,0.2642,0.2952,0.3322
2021-04-03,0.2585,0.287,0.3273
2021-04-04,0.2512,0.2808,0.3227
2021-04-05,0.2406,0.2726,0.3179
2021-04-06,0.239,0.2675,0.3158
2021-04-07,0.2414,0.2665,0.3145
2021-04-08,0.243,0.2644,0.3129
2021-04-09,0.2408,0.259,0.3075
2021-04-10,0.2489,0.2585,0.306
2021-04-11,0.2882,0.2559,0.3025
2021-04-12,0.3497,0.27,0.3035
2021-04-13,0.326,0.2761,0.3055
2021-04-14,0.3135,0.2792,0.303
2021-04-15,0.3029,0.2802,0.302
2021-04-16,0.2958,0.2805,0.3006
2021-04-17,0.2947,0.2821,0.3015
2021-04-18,0.2778,0.275,0.2955
2021-04-19,0.2849,0.274,0.295
2021-04-20,0.2798,0.2669,0.29
2021-04-21,0.2707,0.262,0.2845
2021-04-22,0.3359,0.27,0.2815
2021-04-23,0.3057,0.2703,0.2773
2021-04-24,0.2835,0.266,0.2671
2021-04-25,0.2674,0.2614,0.264
2021-04-26,0.2789,0.2617,0.2605
2021-04-27,0.2864,0.2624,0.2606
2021-04-28,0.3064,0.2636,0.26
2021-04-29,0.3327,0.2683,0.2585
2021-04-30,0.3765,0.2846,0.257
2021-05-01,0.4038,0.3174,0.257
2021-05-02,0.378,0.3455,0.2585
2021-05-03,0.3534,0.344,0.2598
2021-05-04,0.3326,0.3339,0.257
2021-05-05,0.3321,0.3237,0.251
2021-05-06,0.3302,0.3168,0.2482
2021-05-07,0.3471,0.316,0.248
2021-05-08,0.3332,0.315,0.2475
2021-05-09,0.3093,0.3057,0.2435
2021-05-10,0.3785,0.3483,0.2432
2021-05-11,0.4283,0.4257,0.2851
2021-05-12,0.3949,0.4002,0.2975
2021-05-13,0.402,0.3883,0.3011
2021-05-14,0.3813,0.3767,0.3027
2021-05-15,0.3985,0.3787,0.3046
2021-05-16,0.4022,0.3914,0.3084
2021-05-17,0.3925,0.3858,0.3104
2021-05-18,0.3906,0.3786,0.3118
2021-05-19,0.3922,0.3763,0.3135
2021-05-20,0.379,0.3782,0.3149
2021-05-21,0.3949,0.3774,0.3157
2021-05-22,0.4023,0.4052,0.3204
2021-05-23,0.3749,0.3864,0.3231
2021-05-24,0.3579,0.3709,0.3235
2021-05-25,0.3512,0.3578,0.322
2021-05-26,0.336,0.3463,0.3201
2021-05-27,0.3192,0.3345,0.3181
2021-05-28,0.3016,0.3222,0.3162
2021-05-29,0.2797,0.3062,0.312
2021-05-30,0.2658,0.2964,0.3091
2021-05-31,0.2546,0.2839,0.3052
2021-06-01,0.2686,0.2675,0.3004
2021-06-02,0.2712,0.2685,0.3006
2021-06-03,0.2689,0.271,0.3012
2021-06-04,0.2829,0.2657,0.2985
2021-06-05,0.349,0.2746,0.2985
2021-06-06,0.3508,0.2893,0.298
2021-06-07,0.3797,0.3055,0.297
2021-06-08,0.3607,0.3163,0.2951
2021-06-09,0.357,0.3183,0.2935
2021-06-10,0.341,0.3185,0.293
2021-06-11,0.3165,0.3128,0.2909
2021-06-12,0.2964,0.3039,0.2864
2021-06-13,0.2803,0.2952,0.2822
2021-06-14,0.2642,0.2856,0.2781
2021-06-15,0.2447,0.2743,0.2731
2021-06-16,0.2344,0.267,0.2711
2021-06-17,0.2309,0.2614,0.2691
2021-06-18,0.228,0.2558,0.267
2021-06-19,0.2222,0.2505,0.2648
2021-06-20,0.2387,0.2463,0.2634
2021-06-21,0.285,0.2455,0.2625
2021-06-22,0.3677,0.264,0.2614
2021-06-23,0.351,0.2811,0.26
2021-06-24,0.4026,0.3412,0.2611
2021-06-25,0.3718,0.3612,0.2628
2021-06-26,0.3482,0.3515,0.264
2021-06-27,0.3325,0.3395,0.2645
2021-06-28,0.3627,0.3345,0.2644
2021-06-29,0.3688,0.3357,0.265
2021-06-30,0.3366,0.3302,0.265
2021-07-01,0.3225,0.3231,0.2645
2021-07-02,0.3044,0.3139,0.2633
2021-07-03,0.3221,0.3073,0.2625
2021-07-04,0.3447,0.3098,0.2631
2021-07-05,0.3235,0.3077,0.2616
2021-07-06,0.4042,0.3613,0.2613
2021-07-07,0.397,0.394,0.266
2021-07-08,0.4136,0.4114,0.2772
2021-07-09,0.39,0.3945,0.2873
2021-07-10,0.3795,0.3782,0.29
2021-07-11,0.3922,0.3784,0.2919
2021-07-12,0.4007,0.3946,0.2982
2021-07-13,0.415,0.4174,0.3272
2021-07-14,0.4178,0.4133,0.3394
2021-07-15,0.4133,0.4069,0.3457
2021-07-16,0.4234,0.4157,0.353
2021-07-17,0.4199,0.4206,0.3636
2021-07-18,0.3864,0.4004,0.3682
2021-07-19,0.3697,0.3869,0.3686
2021-07-20,0.3525,0.374,0.368
2021-07-21,0.3306,0.3547,0.364
2021-07-22,0.3175,0.342,0.3614
2021-07-23,0.3075,0.3325,0.3585
2021-07-24,0.3806,0.3382,0.3566
2021-07-25,0.3665,0.3481,0.3556
2021-07-26,0.3467,0.3445,0.3517
2021-07-27,0.3282,0.3353,0.345
2021-07-28,0.377,0.3397,0.3446
2021-07-29,0.3428,0.3361,0.3441
2021-07-30,0.3646,0.335,0.3404
2021-07-31,0.3846,0.3657,0.34
2021-08-01,0.3992,0.3812,0.341
2021-08-02,0.3828,0.3837,0.3431
2021-08-03,0.3898,0.3822,0.3428
2021-08-04,0.4036,0.3828,0.345
2021-08-05,0.389,0.3893,0.3475
2021-08-06,0.3702,0.3803,0.3475
2021-08-07,0.4014,0.3924,0.3459
2021-08-08,0.3917,0.4001,0.3496
2021-08-09,0.3743,0.3867,0.3511
2021-08-10,0.3595,0.3747,0.3515
2021-08-11,0.3536,0.364,0.3494
2021-08-12,0.3487,0.3544,0.3465
2021-08-13,0.3851,0.375,0.347
2021-08-14,0.3592,0.3649,0.344
2021-08-15,0.3415,0.3545,0.3415
2021-08-16,0.3402,0.3447,0.3415
2021-08-17,0.3272,0.3373,0.3389
2021-08-18,0.3182,0.3312,0.335
2021-08-19,0.3112,0.3257,0.3335
2021-08-20,0.299,0.3174,0.33
2021-08-21,0.2853,0.3079,0.3257
2021-08-22,0.2839,0.302,0.3245
2021-08-23,0.2946,0.2985,0.3245
2021-08-24,0.2959,0.2962,0.323
2021-08-25,0.2871,0.2941,0.3233
2021-08-26,0.2744,0.2879,0.3205
2021-08-27,0.2628,0.2796,0.3165
2021-08-28,0.2542,0.2749,0.3143
2021-08-29,0.2492,0.2703,0.3125
2021-08-30,0.2474,0.2685,0.311
2021-08-31,0.2432,0.2671,0.3106
2021-09-01,0.2347,0.2616,0.3081
2021-09-02,0.2271,0.255,0.3035
2021-09-03,0.2859,0.2556,0.3063
2021-09-04,0.2588,0.2545,0.3072
2021-09-05,0.2612,0.2442,0.3025
2021-09-06,0.2737,0.243,0.2996
2021-09-07,0.2638,0.238,0.2948
2021-09-08,0.2472,0.2345,0.2925
2021-09-09,0.2447,0.2274,0.2885
2021-09-10,0.2762,0.2237,0.2861
2021-09-11,0.2823,0.2228,0.283
2021-09-12,0.2687,0.2204,0.2765
2021-09-13,0.25,0.2166,0.2719
2021-09-14,0.2376,0.2145,0.269
2021-09-15,0.2879,0.2142,0.2685
2021-09-16,0.3862,0.2757,0.269
2021-09-17,0.3506,0.2964,0.269
2021-09-18,0.3445,0.3009,0.2685
2021-09-19,0.3961,0.3385,0.268
2021-09-20,0.3895,0.3548,0.2689
2021-09-21,0.38,0.3607,0.2709
2021-09-22,0.3616,0.3572,0.2722
2021-09-23,0.3462,0.3493,0.273
2021-09-24,0.334,0.341,0.2735
2021-09-25,0.328,0.335,0.2745
2021-09-26,0.3758,0.3553,0.2752
2021-09-27,0.3368,0.3282,0.2753
2021-09-28,0.3272,0.3246,0.275
2021-09-29,0.3283,0.3215,0.2746
2021-09-30,0.3237,0.3185,0.2755
2021-10-01,0.3147,0.3154,0.2755
2021-10-02,0.3046,0.3098,0.2735
2021-10-03,0.357,0.3408,0.2741
2021-10-04,0.4361,0.4338,0.3056
2021-10-05,0.4123,0.4135,0.3252
2021-10-06,0.3982,0.3988,0.3316
2021-10-07,0.3824,0.3859,0.3339
2021-10-08,0.3722,0.3781,0.3353
2021-10-09,0.3623,0.3695,0.336
2021-10-10,0.3585,0.3656,0.3368
2021-10-11,0.3504,0.3595,0.3365
2021-10-12,0.354,0.3607,0.3435
2021-10-13,0.3607,0.3616,0.35
2021-10-14,0.3529,0.3587,0.35
2021-10-15,0.3451,0.354,0.3495
2021-10-16,0.3396,0.3496,0.3487
2021-10-17,0.3369,0.3468,0.348
2021-10-18,0.329,0.3411,0.3465
2021-10-19,0.3232,0.3362,0.346
2021-10-20,0.3253,0.3353,0.346
2021-10-21,0.3417,0.333,0.345
2021-10-22,0.3242,0.3287,0.3436
2021-10-23,0.321,0.3279,0.3425
2021-10-24,0.319,0.3259,0.3415
2021-10-25,0.3145,0.3228,0.34
2021-10-26,0.3218,0.3218,0.3392
2021-10-27,0.3248,0.3212,0.339
2021-10-28,0.317,0.3192,0.3375
2021-10-29,0.311,0.3165,0.337
2021-10-30,0.3702,0.3231,0.336
2021-10-31,0.4057,0.3613,0.3361
2021-11-01,0.4274,0.4225,0.3473
2021-11-02,0.4105,0.4076,0.3574
2021-11-03,0.4092,0.404,0.3612
2021-11-04,0.3925,0.3992,0.3647
2021-11-05,0.3891,0.3922,0.3674
2021-11-06,0.3864,0.3891,0.369
2021-11-07,0.3809,0.3876,0.3703
2021-11-08,0.3822,0.385,0.371
2021-11-09,0.3716,0.3792,0.371
2021-11-10,0.3705,0.3765,0.3705
2021-11-11,0.382,0.3758,0.3685
2021-11-12,0.3764,0.3751,0.366
2021-11-13,0.367,0.3701,0.3635
2021-11-14,0.388,0.3741,0.364
2021-11-15,0.3926,0.3817,0.3645
2021-11-16,0.3898,0.386,0.3655
2021-11-17,0.3831,0.3842,0.366
2021-11-18,0.3806,0.3825,0.3669
2021-11-19,0.3765,0.3818,0.3672
2021-11-20,0.3667,0.3759,0.3671
2021-11-21,0.3652,0.373,0.367
2021-11-22,0.3716,0.3745,0.3685
2021-11-23,0.3737,0.3744,0.3685
2021-11-24,0.3698,0.3742,0.369
2021-11-25,0.3891,0.3802,0.3705
2021-11-26,0.3885,0.3883,0.372
2021-11-27,0.3781,0.3847,0.3725
2021-11-28,0.373,0.381,0.372
2021-11-29,0.3696,0.378,0.372
2021-11-30,0.3678,0.3756,0.372
2022-04-01,0.2959,0.2589,0.2745
2022-04-02,0.2902,0.2623,0.271
2022-04-03,0.2854,0.2637,0.271
2022-04-04,0.2988,0.2643,0.2707
2022-04-05,0.329,0.2676,0.2705
2022-04-06,0.3412,0.2721,0.271
2022-04-07,0.3549,0.2847,0.27
2022-04-08,0.3327,0.2927,0.2725
2022-04-09,0.3106,0.2929,0.27
2022-04-10,0.2942,0.2871,0.2635
2022-04-11,0.2764,0.2809,0.2597
2022-04-12,0.2772,0.2793,0.253
2022-04-13,0.2849,0.2791,0.2475
2022-04-14,0.2654,0.2735,0.2443
2022-04-15,0.257,0.2688,0.243
2022-04-16,0.2508,0.2656,0.244
2022-04-17,0.2397,0.2589,0.2396
2022-04-18,0.2296,0.2531,0.2358
2022-04-19,0.2221,0.248,0.233
2022-04-20,0.2462,0.2455,0.2325
2022-04-21,0.3202,0.2537,0.2365
2022-04-22,0.3051,0.256,0.2385
2022-04-23,0.349,0.2773,0.2387
2022-04-24,0.3646,0.2929,0.242
2022-04-25,0.3577,0.3058,0.2455
2022-04-26,0.3395,0.3106,0.2455
2022-04-27,0.3194,0.308,0.247
2022-04-28,0.3025,0.3024,0.2475
2022-04-29,0.2879,0.2958,0.2465
2022-04-30,0.2824,0.2908,0.2482
2022-05-01,0.2812,0.2882,0.2496
2022-05-02,0.2728,0.2841,0.2505
2022-05-03,0.2678,0.2803,0.251
2022-05-04,0.3222,0.281,0.254
2022-05-05,0.3572,0.289,0.2548
2022-05-06,0.3656,0.304,0.254
2022-05-07,0.3439,0.3106,0.2515
2022-05-08,0.3237,0.3079,0.249
2022-05-09,0.3179,0.3065,0.2505
2022-05-10,0.3028,0.3018,0.2555
2022-05-11,0.283,0.2918,0.2489
2022-05-12,0.2718,0.283,0.2465
2022-05-13,0.2891,0.2773,0.2415
2022-05-14,0.2889,0.2733,0.2371
2022-05-15,0.28,0.2711,0.239
2022-05-16,0.2874,0.2682,0.2408
2022-05-17,0.2662,0.2655,0.2386
2022-05-18,0.2532,0.2573,0.2382
2022-05-19,0.2429,0.25,0.2345
2022-05-20,0.2252,0.2418,0.23
2022-05-21,0.216,0.2361,0.229
2022-05-22,0.2196,0.2334,0.2315
2022-05-23,0.3451,0.2512,0.2386
2022-05-24,0.3373,0.2726,0.2425
2022-05-25,0.314,0.279,0.2547
2022-05-26,0.297,0.2793,0.257
2022-05-27,0.2866,0.2789,0.258
2022-05-28,0.2747,0.2758,0.2566
2022-05-29,0.2619,0.2713,0.2555
2022-05-30,0.2573,0.2696,0.2535
2022-05-31,0.3,0.2681,0.2505
2022-06-01,0.36,0.2836,0.249
2022-06-02,0.3552,0.2978,0.2465
2022-06-03,0.3376,0.3045,0.2427
2022-06-04,0.3653,0.3085,0.239
2022-06-05,0.3819,0.3383,0.2358
2022-06-06,0.3682,0.3605,0.2349
2022-06-07,0.3644,0.3518,0.2375
2022-06-08,0.3765,0.3497,0.2404
2022-06-09,0.3833,0.3594,0.2451
2022-06-10,0.3586,0.3529,0.2469
2022-06-11,0.3305,0.339,0.2447
2022-06-12,0.3055,0.3234,0.242
2022-06-13,0.3028,0.3169,0.2474
2022-06-14,0.2911,0.3096,0.2517
2022-06-15,0.2844,0.2965,0.247
2022-06-16,0.259,0.2853,0.2406
2022-06-17,0.2472,0.2778,0.242
2022-06-18,0.2316,0.2688,0.2405
2022-06-19,0.2148,0.26,0.2374
2022-06-20,0.1995,0.2518,0.2356
2022-06-21,0.206,0.2436,0.2323
2022-06-22,0.2897,0.2418,0.2305
2022-06-23,0.3898,0.2711,0.225
2022-06-24,0.375,0.2894,0.225
2022-06-25,0.3581,0.3209,0.2275
2022-06-26,0.3973,0.3422,0.2326
2022-06-27,0.3859,0.362,0.2385
2022-06-28,0.3653,0.3559,0.2407
2022-06-29,0.347,0.3471,0.243
2022-06-30,0.3618,0.3454,0.241
2022-07-01,0.3944,0.3744,0.2425
2022-07-02,0.3623,0.363,0.2448
2022-07-03,0.3248,0.3403,0.2425
2022-07-04,0.316,0.3286,0.243
2022-07-05,0.3092,0.3186,0.2407
2022-07-06,0.2923,0.3087,0.2402
2022-07-07,0.2775,0.2987,0.2395
2022-07-08,0.2683,0.291,0.239
2022-07-09,0.2549,0.2825,0.2384
2022-07-10,0.2426,0.2745,0.2375
2022-07-11,0.2332,0.2683,0.237
2022-07-12,0.2258,0.2633,0.2367
2022-07-13,0.2145,0.2556,0.2355
2022-07-14,0.1972,0.2432,0.2322
2022-07-15,0.1862,0.2352,0.2305
2022-07-16,0.1812,0.2311,0.23
2022-07-17,0.1783,0.228,0.2297
2022-07-18,0.1738,0.2241,0.2293
2022-07-19,0.1637,0.2174,0.2275
2022-07-20,0.1723,0.2138,0.2267
2022-07-21,0.2205,0.2103,0.2256
2022-07-22,0.212,0.2155,0.226
2022-07-23,0.2348,0.2131,0.2255
2022-07-24,0.2373,0.2141,0.2256
2022-07-25,0.2212,0.2055,0.2235
2022-07-26,0.225,0.2031,0.2235
2022-07-27,0.2136,0.2016,0.2226
2022-07-28,0.2031,0.201,0.2226
2022-07-29,0.2158,0.2045,0.2235
2022-07-30,0.237,0.2051,0.223
2022-07-31,0.2208,0.2011,0.2226
2022-08-01,0.2063,0.1977,0.2225
2022-08-02,0.1948,0.1956,0.2216
2022-08-03,0.183,0.1913,0.2214
2022-08-04,0.1644,0.1827,0.2194
2022-08-05,0.1677,0.1775,0.216
2022-08-06,0.1565,0.1775,0.216
2022-08-07,0.1587,0.1826,0.2193
2022-08-08,0.1603,0.1867,0.22
2022-08-09,0.1586,0.188,0.2195
2022-08-10,0.1534,0.1855,0.2189
2022-08-11,0.1534,0.1861,0.219
2022-08-12,0.147,0.1817,0.2186
2022-08-13,0.1513,0.186,0.2194
2022-08-14,0.2997,0.2782,0.2179
2022-08-15,0.3777,0.3711,0.2241
2022-08-16,0.3562,0.3587,0.2278
2022-08-17,0.4025,0.3838,0.2303
2022-08-18,0.4083,0.3967,0.2425
2022-08-19,0.4158,0.4035,0.254
2022-08-20,0.394,0.3893,0.2627
2022-08-21,0.3751,0.3767,0.2665
2022-08-22,0.3575,0.3639,0.2694
2022-08-23,0.342,0.3524,0.2705
2022-08-24,0.3261,0.3406,0.271
2022-08-25,0.3094,0.3281,0.267
2022-08-26,0.312,0.3225,0.267
2022-08-27,0.3156,0.3202,0.272
2022-08-28,0.3117,0.319,0.278
2022-08-29,0.2972,0.3105,0.276
2022-08-30,0.335,0.306,0.274
2022-08-31,0.3736,0.3536,0.2737
2022-09-01,0.351,0.349,0.275
2022-09-02,0.3475,0.3413,0.2765
2022-09-03,0.3798,0.3514,0.2819
2022-09-04,0.3712,0.3542,0.2842
2022-09-05,0.3549,0.3492,0.2852
2022-09-06,0.3523,0.3452,0.2868
2022-09-07,0.385,0.3568,0.2892
2022-09-08,0.3637,0.3478,0.2895
2022-09-09,0.35,0.3462,0.2918
2022-09-10,0.3398,0.3421,0.2925
2022-09-11,0.332,0.338,0.292
2022-09-12,0.3176,0.3291,0.2905
2022-09-13,0.3071,0.3219,0.289
2022-09-14,0.351,0.3242,0.29
2022-09-15,0.3534,0.3225,0.291
2022-09-16,0.3848,0.3565,0.2915
2022-09-17,0.3941,0.3674,0.294
2022-09-18,0.3707,0.3674,0.2984
2022-09-19,0.3557,0.3601,0.2994
2022-09-20,0.3453,0.3533,0.3006
2022-09-21,0.3353,0.3458,0.3006
2022-09-22,0.3272,0.3388,0.3005
2022-09-23,0.3268,0.3335,0.3005
2022-09-24,0.4091,0.3646,0.3029
2022-09-25,0.3851,0.3655,0.3052
2022-09-26,0.3778,0.3677,0.3067
2022-09-27,0.3826,0.3676,0.3085
2022-09-28,0.409,0.379,0.3101
2022-09-29,0.4096,0.4011,0.3148
2022-09-30,0.4008,0.3958,0.3196
2022-10-01,0.4036,0.3953,0.3232
2022-10-02,0.3888,0.3896,0.3264
2022-10-03,0.3757,0.3798,0.3282
2022-10-04,0.3638,0.3708,0.329
2022-10-05,0.3521,0.3628,0.3293
2022-10-06,0.3474,0.355,0.3292
2022-10-07,0.3579,0.3518,0.329
2022-10-08,0.3692,0.3537,0.3289
2022-10-09,0.3707,0.3604,0.3285
2022-10-10,0.3581,0.3581,0.329
2022-10-11,0.3484,0.3534,0.3293
2022-10-12,0.3466,0.3501,0.329
2022-10-13,0.3515,0.3506,0.3295
2022-10-14,0.3814,0.3587,0.3308
2022-10-15,0.3677,0.3616,0.3313
2022-10-16,0.356,0.3582,0.331
2022-10-17,0.3415,0.3507,0.33
2022-10-18,0.3232,0.3346,0.308
2022-10-19,0.3079,0.3187,0.2865
2022-10-20,0.3572,0.3178,0.2867
2022-10-21,0.4025,0.3517,0.287
2022-10-22,0.364,0.3327,0.2878
2022-10-23,0.3439,0.3321,0.287
2022-10-24,0.3405,0.3293,0.286
2022-10-25,0.3341,0.3275,0.286
2022-10-26,0.3251,0.3244,0.287
2022-10-27,0.3167,0.3209,0.287
2022-10-28,0.3047,0.3149,0.286
2022-10-29,0.2815,0.3016,0.2815
2022-10-30,0.263,0.2912,0.278
2022-10-31,0.266,0.2827,0.274
2022-11-01,0.3898,0.3347,0.2747
2022-11-02,0.3709,0.3617,0.2775
2022-11-03,0.3662,0.3592,0.2796
2022-11-04,0.3896,0.3628,0.2812
2022-11-05,0.4044,0.3843,0.284
2022-11-06,0.3855,0.3793,0.2872
2022-11-07,0.38,0.3742,0.2898
2022-11-08,0.3755,0.3675,0.2912
2022-11-09,0.4229,0.4077,0.2961
2022-11-10,0.4039,0.4019,0.302
2022-11-11,0.3877,0.3907,0.3071
2022-11-12,0.3739,0.38,0.31
2022-11-13,0.3663,0.3717,0.3118
2022-11-14,0.3762,0.3686,0.3136
2022-11-15,0.3993,0.3826,0.3159
2022-11-16,0.3922,0.3854,0.3187
2022-11-17,0.3891,0.3845,0.3214
2022-11-18,0.3843,0.3811,0.3238
2022-11-19,0.3873,0.3806,0.3262
2022-11-20,0.3942,0.3834,0.3283
2022-11-21,0.3942,0.382,0.3301
2022-11-22,0.3968,0.3873,0.3326
2022-11-23,0.398,0.3878,0.3353
2022-11-24,0.3959,0.3932,0.3382
2022-11-25,0.4004,0.3922,0.3418
2022-11-26,0.4005,0.397,0.3455
2022-11-27,0.3907,0.3916,0.3484
2022-11-28,0.4045,0.3934,0.3513
2022-11-29,0.4052,0.3967,0.3538
2022-11-30,0.4016,0.3964,0.357
2023-04-01,0.4083,0.4032,0.4081
2023-04-02,0.4312,0.4281,0.4119
2023-04-03,0.4235,0.4292,0.4228
2023-04-04,0.4048,0.418,0.4241
2023-04-05,0.3932,0.4011,0.4218
2023-04-06,0.3855,0.3898,0.4189
2023-04-07,0.3755,0.3775,0.4132
2023-04-08,0.3723,0.371,0.4102
2023-04-09,0.3688,0.3652,0.4068
2023-04-10,0.3601,0.357,0.4018
2023-04-11,0.3639,0.3545,0.3946
2023-04-12,0.3682,0.3603,0.3954
2023-04-13,0.3795,0.3679,0.3928
2023-04-14,0.3921,0.3738,0.3911
2023-04-15,0.4179,0.3982,0.392
2023-04-16,0.4076,0.4098,0.3945
2023-04-17,0.4077,0.4076,0.3965
2023-04-18,0.4091,0.408,0.399
2023-04-19,0.407,0.4047,0.4002
2023-04-20,0.4137,0.4118,0.4085
2023-04-21,0.4215,0.4234,0.4125
2023-04-22,0.4146,0.4203,0.4152
2023-04-23,0.4173,0.4217,0.4156
2023-04-24,0.405,0.4138,0.4165
2023-04-25,0.3963,0.403,0.4149
2023-04-26,0.389,0.3942,0.4137
2023-04-27,0.381,0.3865,0.4115
2023-04-28,0.3617,0.3723,0.4063
2023-04-29,0.3986,0.3701,0.4021
2023-04-30,0.3798,0.3755,0.4017
2023-05-01,0.373,0.3727,0.4014
2023-05-02,0.3741,0.3708,0.3992
2023-05-03,0.3579,0.3653,0.3948
2023-05-04,0.3382,0.3545,0.3875
2023-05-05,0.3233,0.3445,0.3816
2023-05-06,0.3803,0.3632,0.3786
2023-05-07,0.4147,0.4001,0.3777
2023-05-08,0.411,0.4138,0.3822
2023-05-09,0.4096,0.4098,0.3833
2023-05-10,0.4041,0.4126,0.3871
2023-05-11,0.4028,0.404,0.388
2023-05-12,0.4106,0.4042,0.3882
2023-05-13,0.4264,0.4309,0.3987
2023-05-14,0.4175,0.4223,0.406
2023-05-15,0.4143,0.419,0.4094
2023-05-16,0.4193,0.419,0.4104
2023-05-17,0.4036,0.4174,0.4129
2023-05-18,0.4005,0.4084,0.413
2023-05-19,0.3979,0.4013,0.4112
2023-05-20,0.3922,0.3928,0.4098
2023-05-21,0.3998,0.3937,0.4085
2023-05-22,0.3917,0.3892,0.4061
2023-05-23,0.419,0.4151,0.4062
2023-05-24,0.4143,0.4159,0.4072
2023-05-25,0.4009,0.4103,0.4078
2023-05-26,0.3883,0.402,0.4065
2023-05-27,0.38,0.3879,0.404
2023-05-28,0.3877,0.3805,0.4005
2023-05-29,0.3838,0.3844,0.3975
2023-05-30,0.3553,0.371,0.3943
2023-05-31,0.3508,0.3618,0.3909
2023-06-01,0.3693,0.3628,0.389
2023-06-02,0.3598,0.3582,0.3867
2023-06-03,0.4095,0.3925,0.383
2023-06-04,0.405,0.4013,0.382
2023-06-05,0.3957,0.4036,0.3822
2023-06-06,0.3782,0.3919,0.3802
2023-06-07,0.3639,0.3797,0.3775
2023-06-08,0.3847,0.3835,0.3742
2023-06-09,0.3944,0.3832,0.3726
2023-06-10,0.4185,0.4178,0.375
2023-06-11,0.395,0.399,0.375
2023-06-12,0.4056,0.4058,0.3768
2023-06-13,0.4187,0.4185,0.3805
2023-06-14,0.4004,0.4123,0.3861
2023-06-15,0.3763,0.3935,0.3847
2023-06-16,0.3577,0.3781,0.3808
2023-06-17,0.3409,0.3636,0.3765
2023-06-18,0.334,0.3496,0.3723
2023-06-19,0.3249,0.3443,0.3697
2023-06-20,0.3195,0.336,0.365
2023-06-21,0.3437,0.3367,0.362
2023-06-22,0.3672,0.3526,0.3613
2023-06-23,0.3938,0.3978,0.3631
2023-06-24,0.3703,0.3849,0.3621
2023-06-25,0.3473,0.3682,0.3576
2023-06-26,0.3276,0.3525,0.3525
2023-06-27,0.3182,0.343,0.3521
2023-06-28,0.3081,0.3343,0.3516
2023-06-29,0.3216,0.3272,0.3492
2023-06-30,0.4018,0.3657,0.348
2023-07-01,0.3839,0.3794,0.351
2023-07-02,0.3866,0.3807,0.3535
2023-07-03,0.375,0.378,0.356
2023-07-04,0.3594,0.3707,0.356
2023-07-05,0.3447,0.36,0.3526
2023-07-06,0.3446,0.3545,0.351
2023-07-07,0.3349,0.3475,0.35
2023-07-08,0.3242,0.3396,0.3476
2023-07-09,0.3067,0.3285,0.344
2023-07-10,0.2968,0.3212,0.3415
2023-07-11,0.2982,0.3142,0.34
2023-07-12,0.3282,0.3116,0.3365
2023-07-13,0.349,0.3186,0.336
2023-07-14,0.3242,0.3185,0.3355
2023-07-15,0.3232,0.3158,0.3321
2023-07-16,0.3875,0.339,0.3306
2023-07-17,0.3473,0.3334,0.3295
2023-07-18,0.3268,0.3289,0.3265
2023-07-19,0.3041,0.3189,0.3217
2023-07-20,0.2917,0.3128,0.3212
2023-07-21,0.284,0.3068,0.3201
2023-07-22,0.2779,0.3023,0.3187
2023-07-23,0.268,0.296,0.3161
2023-07-24,0.3511,0.3305,0.3139
2023-07-25,0.3795,0.3752,0.3156
2023-07-26,0.3713,0.3697,0.319
2023-07-27,0.3543,0.362,0.3206
2023-07-28,0.3327,0.3495,0.3182
2023-07-29,0.3265,0.3389,0.3159
2023-07-30,0.3475,0.3405,0.3155
2023-07-31,0.3282,0.3353,0.316
2023-08-01,0.311,0.3245,0.3092
2023-08-02,0.3052,0.318,0.3076
2023-08-03,0.2981,0.3135,0.307
2023-08-04,0.322,0.3113,0.3072
2023-08-05,0.3367,0.3129,0.3071
2023-08-06,0.3279,0.314,0.308
2023-08-07,0.3205,0.3132,0.3084
2023-08-08,0.3102,0.3108,0.308
2023-08-09,0.2894,0.3025,0.3031
2023-08-10,0.2715,0.2934,0.2985
2023-08-11,0.2591,0.286,0.2956
2023-08-12,0.247,0.2761,0.2914
2023-08-13,0.2458,0.271,0.288
2023-08-14,0.2885,0.2705,0.2861
2023-08-15,0.283,0.2687,0.285
2023-08-16,0.284,0.2645,0.28
2023-08-17,0.2714,0.259,0.2765
2023-08-18,0.2489,0.2524,0.2717
2023-08-19,0.2302,0.2453,0.2687
2023-08-20,0.2108,0.2355,0.2626
2023-08-21,0.1993,0.2295,0.2599
2023-08-22,0.1882,0.2245,0.2575
2023-08-23,0.1826,0.2224,0.256
2023-08-24,0.1756,0.2204,0.256
2023-08-25,0.1957,0.217,0.255
2023-08-26,0.3064,0.2315,0.2595
2023-08-27,0.3809,0.3113,0.2615
2023-08-28,0.3825,0.3371,0.2621
2023-08-29,0.3759,0.3436,0.2617
2023-08-30,0.36,0.3455,0.2629
2023-08-31,0.3424,0.3397,0.2633
2023-09-01,0.3183,0.3282,0.2605
2023-09-02,0.3012,0.3179,0.2583
2023-09-03,0.2889,0.3092,0.2571
2023-09-04,0.2747,0.2997,0.2551
2023-09-05,0.2574,0.2889,0.2535
2023-09-06,0.245,0.2799,0.2515
2023-09-07,0.2355,0.2726,0.2504
2023-09-08,0.2221,0.2634,0.2475
2023-09-09,0.2122,0.2562,0.246
2023-09-10,0.2036,0.2497,0.2445
2023-09-11,0.1995,0.2462,0.2447
2023-09-12,0.2352,0.2427,0.2445
2023-09-13,0.3796,0.2683,0.2445
2023-09-14,0.3542,0.3044,0.2457
2023-09-15,0.3511,0.3117,0.247
2023-09-16,0.357,0.3159,0.2475
2023-09-17,0.3484,0.319,0.2474
2023-09-18,0.4022,0.3561,0.2491
2023-09-19,0.3633,0.3529,0.2513
2023-09-20,0.3497,0.3481,0.2574
2023-09-21,0.37,0.347,0.2596
2023-09-22,0.3761,0.3559,0.2619
2023-09-23,0.3824,0.371,0.2633
2023-09-24,0.3647,0.3638,0.2655
2023-09-25,0.35,0.3547,0.2664
2023-09-26,0.338,0.3458,0.2677
2023-09-27,0.327,0.3369,0.2657
2023-09-28,0.3139,0.3273,0.265
2023-09-29,0.3043,0.3196,0.264
2023-09-30,0.2998,0.315,0.265
2023-10-01,0.2936,0.3094,0.2645
2023-10-02,0.2822,0.3011,0.262
2023-10-03,0.2728,0.2943,0.2625
2023-10-04,0.2787,0.2913,0.264
2023-10-05,0.2815,0.2931,0.268
2023-10-06,0.2781,0.2911,0.2685
2023-10-07,0.2633,0.2814,0.2646
2023-10-08,0.2479,0.2707,0.2585
2023-10-09,0.236,0.2622,0.2535
2023-10-10,0.2293,0.2569,0.2505
2023-10-11,0.2227,0.252,0.248
2023-10-12,0.2108,0.244,0.2455
2023-10-13,0.2008,0.237,0.2425
2023-10-14,0.2159,0.239,0.244
2023-10-15,0.2278,0.2445,0.2461
2023-10-16,0.2375,0.2498,0.252
2023-10-17,0.2381,0.2524,0.254
2023-10-18,0.271,0.2524,0.255
2023-10-19,0.4188,0.37,0.257
2023-10-20,0.4221,0.4213,0.2814
2023-10-21,0.3912,0.3973,0.2945
2023-10-22,0.3767,0.3837,0.2985
2023-10-23,0.401,0.386,0.3011
2023-10-24,0.4213,0.4243,0.3406
2023-10-25,0.4034,0.4055,0.3533
2023-10-26,0.4245,0.4148,0.3584
2023-10-27,0.4066,0.413,0.3658
2023-10-28,0.3912,0.4019,0.37
2023-10-29,0.386,0.3941,0.3721
2023-10-30,0.3861,0.3854,0.3725
2023-10-31,0.3907,0.3884,0.373
2023-11-01,0.3832,0.3862,0.3738
2023-11-02,0.411,0.4055,0.3758
2023-11-03,0.4087,0.413,0.3836
2023-11-04,0.4175,0.4109,0.3864
2023-11-05,0.4129,0.4155,0.3911
2023-11-06,0.4072,0.409,0.3935
2023-11-07,0.4069,0.407,0.3945
2023-11-08,0.4029,0.4054,0.396
2023-11-09,0.4227,0.4181,0.3978
2023-11-10,0.4185,0.4202,0.4035
2023-11-11,0.4065,0.4137,0.4055
2023-11-12,0.4221,0.418,0.4058
2023-11-13,0.4063,0.4127,0.407
2023-11-14,0.3975,0.406,0.4061
2023-11-15,0.3909,0.4004,0.4052
2023-11-16,0.3989,0.3998,0.405
2023-11-17,0.3855,0.3938,0.4037
2023-11-18,0.3813,0.3882,0.4024
2023-11-19,0.3739,0.3827,0.4005
2023-11-20,0.3704,0.3782,0.3986
2023-11-21,0.3828,0.3742,0.3966
2023-11-22,0.3907,0.3801,0.3955
2023-11-23,0.3811,0.381,0.3946
2023-11-24,0.3983,0.384,0.394
2023-11-25,0.3927,0.3907,0.393
2023-11-26,0.3812,0.3889,0.3922
2023-11-27,0.3802,0.3857,0.392
2023-11-28,0.4144,0.4078,0.3941
2023-11-29,0.396,0.4035,0.395
2023-11-30,0.4291,0.4206,0.3983
2024-04-01,0.421,0.4257,0.4022
2024-04-02,0.3976,0.4106,0.4023
2024-04-03,0.3927,0.4005,0.3981
2024-04-04,0.3861,0.3958,0.3959
2024-04-05,0.3827,0.3898,0.3942
2024-04-06,0.3641,0.3819,0.3873
2024-04-07,0.3501,0.3725,0.3669
2024-04-08,0.3408,0.3632,0.3633
2024-04-09,0.4234,0.4096,0.3617
2024-04-10,0.41,0.4091,0.3647
2024-04-11,0.3978,0.399,0.367
2024-04-12,0.3912,0.3898,0.3641
2024-04-13,0.3816,0.3845,0.364
2024-04-14,0.362,0.3737,0.3584
2024-04-15,0.3485,0.3638,0.3563
2024-04-16,0.3649,0.3627,0.3558
2024-04-17,0.3819,0.3714,0.3582
2024-04-18,0.389,0.3774,0.3543
2024-04-19,0.3848,0.377,0.3514
2024-04-20,0.3981,0.3827,0.3505
2024-04-21,0.3819,0.3806,0.351
2024-04-22,0.3758,0.3772,0.3511
2024-04-23,0.3859,0.3761,0.3495
2024-04-24,0.3898,0.3785,0.349
2024-04-25,0.393,0.3807,0.3465
2024-04-26,0.406,0.3883,0.3474
2024-04-27,0.4032,0.3947,0.3494
2024-04-28,0.4308,0.4258,0.3631
2024-04-29,0.428,0.4266,0.3793
2024-04-30,0.4243,0.4264,0.3898
2024-05-01,0.4235,0.4229,0.3938
2024-05-02,0.4331,0.434,0.4118
2024-05-03,0.4141,0.4215,0.4205
2024-05-04,0.41,0.4095,0.4186
2024-05-05,0.4051,0.405,0.4164
2024-05-06,0.4255,0.4208,0.4145
2024-05-07,0.4143,0.4204,0.4165
2024-05-08,0.4122,0.4195,0.4179
2024-05-09,0.3915,0.4042,0.4181
2024-05-10,0.376,0.3894,0.4154
2024-05-11,0.3668,0.3812,0.4134
2024-05-12,0.3681,0.372,0.4094
2024-05-13,0.365,0.3639,0.4041
2024-05-14,0.3915,0.3631,0.395
2024-05-15,0.4225,0.4108,0.3948
2024-05-16,0.4224,0.4242,0.4004
2024-05-17,0.4085,0.4145,0.4029
2024-05-18,0.417,0.4148,0.4041
2024-05-19,0.4099,0.4125,0.406
2024-05-20,0.4036,0.4107,0.4025
2024-05-21,0.4012,0.4101,0.4036
2024-05-22,0.3985,0.4069,0.405
2024-05-23,0.4066,0.4059,0.407
2024-05-24,0.405,0.4035,0.4086
2024-05-25,0.3847,0.3927,0.4055
2024-05-26,0.3787,0.3817,0.4049
2024-05-27,0.4081,0.4052,0.4054
2024-05-28,0.3976,0.407,0.4078
2024-05-29,0.3826,0.3958,0.4066
2024-05-30,0.3921,0.3886,0.4033
2024-05-31,0.3918,0.3852,0.3997
2024-06-01,0.3965,0.386,0.4019
2024-06-02,0.4136,0.3982,0.4014
2024-06-03,0.424,0.4238,0.4043
2024-06-04,0.4011,0.4142,0.4094
2024-06-05,0.3814,0.399,0.408
2024-06-06,0.3845,0.3835,0.4069
2024-06-07,0.3977,0.3874,0.4055
2024-06-08,0.3942,0.3958,0.4049
2024-06-09,0.4094,0.4078,0.4088
2024-06-10,0.4035,0.4167,0.4113
2024-06-11,0.3925,0.4026,0.411
2024-06-12,0.3862,0.3957,0.4125
2024-06-13,0.3707,0.3844,0.4106
2024-06-14,0.388,0.3775,0.4071
2024-06-15,0.4047,0.395,0.4045
2024-06-16,0.3861,0.3989,0.4027
2024-06-17,0.3698,0.3858,0.3994
2024-06-18,0.3512,0.3709,0.3935
2024-06-19,0.3422,0.3618,0.3895
2024-06-20,0.378,0.3613,0.3923
2024-06-21,0.4256,0.4292,0.4037
2024-06-22,0.4091,0.4186,0.4123
2024-06-23,0.4149,0.4175,0.4146
2024-06-24,0.402,0.4103,0.4135
2024-06-25,0.3955,0.4008,0.4118
2024-06-26,0.388,0.3905,0.4092
2024-06-27,0.3675,0.3787,0.4062
2024-06-28,0.3781,0.3769,0.4021
2024-06-29,0.3895,0.3722,0.399
2024-06-30,0.3777,0.368,0.397
2024-07-01,0.3746,0.3685,0.396
2024-07-02,0.3793,0.3687,0.3938
2024-07-03,0.3777,0.3707,0.3923
2024-07-04,0.3658,0.3669,0.3894
2024-07-05,0.356,0.361,0.3859
2024-07-06,0.3769,0.3678,0.38
2024-07-07,0.3958,0.4005,0.3785
2024-07-08,0.3715,0.3878,0.3767
2024-07-09,0.3507,0.3727,0.3725
2024-07-10,0.4044,0.3827,0.3692
2024-07-11,0.4096,0.4016,0.3679
2024-07-12,0.4222,0.424,0.3791
2024-07-13,0.4014,0.4138,0.388
2024-07-14,0.3848,0.4001,0.3904
2024-07-15,0.3894,0.3926,0.3885
2024-07-16,0.3835,0.3915,0.387
2024-07-17,0.3642,0.3814,0.3851
2024-07-18,0.3503,0.37,0.3816
2024-07-19,0.34,0.3569,0.3769
2024-07-20,0.3353,0.3496,0.3759
2024-07-21,0.393,0.3672,0.3727
2024-07-22,0.3896,0.3785,0.3701
2024-07-23,0.3709,0.3758,0.3687
2024-07-24,0.3607,0.3683,0.3661
2024-07-25,0.3482,0.3613,0.3639
2024-07-26,0.3315,0.3505,0.3596
2024-07-27,0.3204,0.3388,0.3538
2024-07-28,0.3218,0.3318,0.3512
2024-07-29,0.3073,0.3255,0.3481
2024-07-30,0.3215,0.3187,0.3446
2024-07-31,0.2988,0.3107,0.3397
2024-08-01,0.3042,0.3023,0.3328
2024-08-02,0.3018,0.2972,0.3291
2024-08-03,0.3064,0.2955,0.3272
2024-08-04,0.2902,0.2927,0.3252
2024-08-05,0.2788,0.2905,0.3239
2024-08-06,0.2656,0.2843,0.3203
2024-08-07,0.2533,0.2777,0.3163
2024-08-08,0.2458,0.2738,0.3141
2024-08-09,0.2362,0.2687,0.3112
2024-08-10,0.2255,0.2614,0.307
2024-08-11,0.2167,0.2566,0.3042
2024-08-12,0.2071,0.2514,0.3016
2024-08-13,0.2153,0.2477,0.2995
2024-08-14,0.3181,0.2647,0.2975
2024-08-15,0.3213,0.2553,0.297
2024-08-16,0.3051,0.259,0.2956
2024-08-17,0.3082,0.2615,0.2949
2024-08-18,0.3543,0.2766,0.2945
2024-08-19,0.3324,0.2851,0.2932
2024-08-20,0.3127,0.2884,0.2945
2024-08-21,0.3027,0.2857,0.2917
2024-08-22,0.2942,0.2848,0.2901
2024-08-23,0.2723,0.2774,0.2842
2024-08-24,0.2497,0.2677,0.279
2024-08-25,0.2973,0.2683,0.2785
2024-08-26,0.3121,0.2746,0.2816
2024-08-27,0.2908,0.273,0.2805
2024-08-28,0.273,0.2687,0.2781
2024-08-29,0.2545,0.2631,0.2747
2024-08-30,0.2407,0.2582,0.2724
2024-08-31,0.2328,0.2545,0.2711
2024-09-01,0.223,0.2496,0.2698
2024-09-02,0.2295,0.2462,0.2676
2024-09-03,0.2325,0.2441,0.2679
2024-09-04,0.3415,0.2542,0.267
2024-09-05,0.4054,0.3412,0.2681
2024-09-06,0.3856,0.3805,0.2738
2024-09-07,0.3786,0.3716,0.2764
2024-09-08,0.4234,0.4203,0.2915
2024-09-09,0.411,0.4099,0.3037
2024-09-10,0.3972,0.3978,0.31
2024-09-11,0.3865,0.3852,0.3129
2024-09-12,0.3971,0.3841,0.3151
2024-09-13,0.3998,0.3817,0.3167
2024-09-14,0.3963,0.3828,0.3181
2024-09-15,0.3873,0.3814,0.3199
2024-09-16,0.3827,0.3743,0.3207
2024-09-17,0.4041,0.3797,0.3217
2024-09-18,0.3968,0.3878,0.324
2024-09-19,0.3875,0.3825,0.3257
2024-09-20,0.3754,0.3757,0.3262
2024-09-21,0.3587,0.3666,0.326
2024-09-22,0.4073,0.3968,0.3304
2024-09-23,0.4033,0.4131,0.3465
2024-09-24,0.3922,0.3971,0.3507
2024-09-25,0.3834,0.3874,0.3519
2024-09-26,0.4282,0.4213,0.3598
2024-09-27,0.4002,0.4116,0.3728
2024-09-28,0.3978,0.4005,0.3758
2024-09-29,0.388,0.3966,0.3778
2024-09-30,0.3862,0.3906,0.3782
2024-10-01,0.3916,0.3858,0.378
2024-10-02,0.4089,0.4069,0.3795
2024-10-03,0.4002,0.3995,0.3814
2024-10-04,0.4,0.3975,0.3825
2024-10-05,0.3875,0.3937,0.384
2024-10-06,0.3945,0.3949,0.3842
2024-10-07,0.4031,0.4016,0.3847
2024-10-08,0.4261,0.4311,0.4037
2024-10-09,0.4059,0.4131,0.406
2024-10-10,0.4088,0.4146,0.407
2024-10-11,0.395,0.407,0.4074
2024-10-12,0.4005,0.4041,0.4065
2024-10-13,0.4,0.4108,0.4069
2024-10-14,0.4132,0.4192,0.4074
2024-10-15,0.3933,0.4074,0.4072
2024-10-16,0.4144,0.4116,0.4065
2024-10-17,0.4206,0.425,0.4119
2024-10-18,0.4023,0.412,0.4085
2024-10-19,0.3959,0.4059,0.4075
2024-10-20,0.3855,0.3977,0.4061
2024-10-21,0.3775,0.39,0.4044
2024-10-22,0.3795,0.3853,0.4033
2024-10-23,0.3829,0.3845,0.4024
2024-10-24,0.3749,0.3805,0.4006
2024-10-25,0.368,0.3762,0.3992
2024-10-26,0.3728,0.3718,0.3974
2024-10-27,0.3866,0.3765,0.3962
2024-10-28,0.375,0.377,0.3955
2024-10-29,0.3663,0.3735,0.3949
2024-10-30,0.3607,0.3698,0.3938
2024-10-31,0.3576,0.3667,0.3927
2024-11-01,0.3509,0.3616,0.3911
2024-11-02,0.3466,0.3576,0.3905
2024-11-03,0.346,0.3559,0.3895
2024-11-04,0.3409,0.3518,0.3877
2024-11-05,0.336,0.3475,0.3857
2024-11-06,0.3384,0.3465,0.3848
2024-11-07,0.3399,0.3464,0.3837
2024-11-08,0.3379,0.3463,0.3833
2024-11-09,0.3412,0.3484,0.3838
2024-11-10,0.348,0.3478,0.383
2024-11-11,0.3623,0.3515,0.3825
2024-11-12,0.3713,0.3328,0.3746
2024-11-13,0.3557,0.3119,0.3636
2024-11-14,0.3541,0.3254,0.3694
2024-11-15,0.3344,0.3235,0.3709
2024-11-16,0.3165,0.3185,0.3721
2024-11-17,0.3109,0.3181,0.3806
2024-11-18,0.3193,0.3232,0.3778
2024-11-19,0.3252,0.3266,0.3802
2024-11-20,0.3871,0.3346,0.3741
2024-11-21,0.3799,0.3414,0.3699
2024-11-22,0.3725,0.3516,0.3838
2024-11-23,0.3589,0.355,0.3793
2024-11-24,0.3655,0.348,0.3767
2024-11-25,0.3603,0.361,0.3748
2024-11-26,0.4089,0.4038,0.3783
2024-11-27,0.3834,0.3956,0.3766
2024-11-28,0.3742,0.388,0.3779
2024-11-29,0.3717,0.3833,0.3785
2024-11-30,0.3694,0.3796,0.3788
2025-04-01,0.3396,0.3731,0.3793
2025-04-02,0.3544,0.3664,0.3747
2025-04-03,0.3298,0.3433,0.3523
2025-04-04,0.3122,0.3309,0.3487
2025-04-05,0.293,0.3196,0.3268
2025-04-06,0.2935,0.313,0.3094
2025-04-07,0.3272,0.3436,0.3043
2025-04-08,0.3387,0.3584,0.3059
2025-04-09,0.3454,0.3623,0.3128
2025-04-10,0.2876,0.34,0.3063
2025-04-11,0.2811,0.337,0.3252
2025-04-12,0.2962,0.3472,0.3244
2025-04-13,0.4055,0.3682,0.3467
2025-04-14,0.4082,0.4049,0.3511
2025-04-15,0.4247,0.4206,0.3624
2025-04-16,0.4283,0.43,0.3863
2025-04-17,0.4246,0.4243,0.3958
2025-04-18,0.4007,0.4161,0.4039
2025-04-19,0.386,0.4023,0.4046
2025-04-20,0.4012,0.4035,0.406
2025-04-21,0.3967,0.4001,0.4045
2025-04-22,0.3927,0.4031,0.4045
2025-04-23,0.3787,0.389,0.4069
2025-04-24,0.3984,0.3914,0.4066
2025-04-25,0.3825,0.387,0.4049
2025-04-26,0.3495,0.3705,0.4018
2025-04-27,0.3472,0.364,0.4005
2025-04-28,0.3372,0.3563,0.4006
2025-04-29,0.312,0.3489,0.4081
2025-04-30,0.3225,0.3298,0.4085
2025-05-01,0.2965,0.3218,0.4069
2025-05-02,0.3051,0.338,0.4243
2025-05-03,0.289,0.345,0.4308
2025-05-04,0.3465,0.3571,0.4273
2025-05-05,0.429,0.4319,0.4302
2025-05-06,0.4151,0.4143,0.4294
2025-05-07,0.407,0.3999,0.4215
2025-05-08,0.3973,0.4008,0.4194
2025-05-09,0.3778,0.386,0.4165
2025-05-10,0.3661,0.3747,0.4142
2025-05-11,0.3484,0.36,0.4025
2025-05-12,0.3935,0.3763,0.3985
2025-05-13,0.3876,0.3843,0.3948
2025-05-14,0.3599,0.3762,0.3893
2025-05-15,0.3178,0.3622,0.3854
2025-05-16,0.2923,0.3469,0.381
2025-05-17,0.2746,0.3302,0.3762
2025-05-18,0.2632,0.3158,0.3714
2025-05-19,0.2594,0.3039,0.3667
2025-05-20,0.3336,0.3047,0.3627
2025-05-21,0.33,0.3071,0.359
2025-05-22,0.3588,0.3153,0.3553
2025-05-23,0.3616,0.3277,0.3522
2025-05-24,0.3433,0.3308,0.3487
2025-05-25,0.3216,0.326,0.3455
2025-05-26,0.3086,0.3207,0.3423
2025-05-27,0.2967,0.3151,0.3393
2025-05-28,0.2865,0.3085,0.3359
2025-05-29,0.2945,0.2975,0.3331
2025-05-30,0.2771,0.2902,0.3293
2025-05-31,0.2608,0.2772,0.3217
2025-06-01,0.2916,0.2855,0.325
2025-06-02,0.3725,0.3052,0.3247
2025-06-03,0.3658,0.3478,0.3201
2025-06-04,0.3937,0.3799,0.318
2025-06-05,0.3927,0.4036,0.3272
2025-06-06,0.3752,0.3845,0.3261
2025-06-07,0.3794,0.3751,0.3255
2025-06-08,0.3595,0.3662,0.3249
2025-06-09,0.3345,0.3542,0.323
2025-06-10,0.3127,0.3405,0.3209
2025-06-11,0.2876,0.3228,0.3187
2025-06-12,0.2518,0.2983,0.3086
2025-06-13,0.2135,0.2731,0.2982
2025-06-14,0.1788,0.2507,0.2915
2025-06-15,0.2051,0.2315,0.2876
2025-06-16,0.2169,0.2283,0.2857
2025-06-17,0.207,0.2298,0.2855
2025-06-18,0.192,0.2254,0.2831
2025-06-19,0.1811,0.222,0.2815
2025-06-20,0.175,0.2189,0.2785
2025-06-21,0.1752,0.2179,0.2761
2025-06-22,0.1761,0.2153,0.2741
2025-06-23,0.1867,0.2133,0.2723
2025-06-24,0.1678,0.2049,0.2669
2025-06-25,0.1566,0.1957,0.2628
2025-06-26,0.1186,0.1844,0.2528
2025-06-27,0.1321,0.1868,0.2538
2025-06-28,0.1388,0.1872,0.2531
2025-06-29,0.1314,0.1805,0.2505
2025-06-30,0.1306,0.1766,0.2481
2025-07-01,0.1564,0.1805,0.2517
2025-07-02,0.1493,0.1868,0.2518
2025-07-03,0.1623,0.1945,0.2539
2025-07-04,0.1695,0.2005,0.2545
2025-07-05,0.1567,0.1896,0.2502
2025-07-06,0.1664,0.1862,0.2491
2025-07-07,0.2083,0.1908,0.2514
2025-07-08,0.224,0.1906,0.2507
2025-07-09,0.2079,0.1863,0.249
2025-07-10,0.1794,0.1767,0.246
2025-07-11,0.1569,0.1683,0.2421
2025-07-12,0.1568,0.1638,0.2392
2025-07-13,0.1526,0.1673,0.2394
2025-07-14,0.1648,0.1559,0.236
2025-07-15,0.1722,0.167,0.2367
2025-07-16,0.1804,0.1912,0.2428
2025-07-17,0.1698,0.1762,0.2345
2025-07-18,0.1701,0.1762,0.2334
2025-07-19,0.2315,0.1713,0.2318
2025-07-20,0.1912,0.1515,0.2247
2025-07-21,0.2469,0.1547,0.224
2025-07-22,0.2267,0.1585,0.2227
2025-07-23,0.2139,0.1582,0.2205
2025-07-24,0.2179,0.159,0.2229
2025-07-25,0.2377,0.1599,0.2275
2025-07-26,0.2637,0.1651,0.2344
2025-07-27,0.2566,0.1653,0.2356
2025-07-28,0.2747,0.1686,0.2432
2025-07-29,0.283,0.1785,0.2555
2025-07-30,0.2494,0.1792,0.254
2025-07-31,0.239,0.1824,0.254
2025-08-01,0.2257,0.1826,0.2519
2025-08-02,0.2148,0.1806,0.2486
2025-08-03,0.2208,0.1859,0.2538
2025-08-04,0.1998,0.1822,0.2489
2025-08-05,0.1675,0.1714,0.2345
2025-08-06,0.1593,0.1703,0.2374
2025-08-07,0.169,0.1777,0.2503
2025-08-08,0.141,0.1677,0.2396
2025-08-09,0.1309,0.1628,0.2332
2025-08-10,0.1363,0.1638,0.2335
2025-08-11,0.1434,0.1654,0.2348
2025-08-12,0.1424,0.1645,0.2337
2025-08-13,0.1459,0.1639,0.2328
2025-08-14,0.1841,0.1716,0.2416
2025-08-15,0.1757,0.1705,0.241
2025-08-16,0.1608,0.1681,0.2372
2025-08-17,0.1634,0.1742,0.2415
2025-08-18,0.1575,0.1742,0.241
2025-08-19,0.2088,0.1752,0.24
2025-08-20,0.3417,0.2232,0.2318
2025-08-21,0.3557,0.2993,0.223
2025-08-22,0.3342,0.3019,0.2239
2025-08-23,0.2899,0.2931,0.2179
2025-08-24,0.2482,0.279,0.2175
2025-08-25,0.225,0.2672,0.217
2025-08-26,0.2175,0.2588,0.2184
2025-08-27,0.3163,0.2553,0.218
2025-08-28,0.3803,0.278,0.219
2025-08-29,0.3814,0.3532,0.2233
2025-08-30,0.3593,0.3504,0.2255
2025-08-31,0.3393,0.34,0.2253
2025-09-01,0.4182,0.3965,0.2253
2025-09-02,0.393,0.398,0.2423
2025-09-03,0.3641,0.376,0.2476
2025-09-04,0.3942,0.3881,0.2518
2025-09-05,0.3888,0.3946,0.259
2025-09-06,0.3597,0.3745,0.2629
2025-09-07,0.3132,0.354,0.2587
2025-09-08,0.3682,0.3438,0.2554
2025-09-09,0.3726,0.3478,0.2569
2025-09-10,0.3525,0.3438,0.2585
2025-09-11,0.3293,0.336,0.26
2025-09-12,0.3155,0.3284,0.26
2025-09-13,0.3175,0.3206,0.2597
2025-09-14,0.3413,0.3243,0.26
2025-09-15,0.348,0.3303,0.26
2025-09-16,0.3118,0.3148,0.26
2025-09-17,0.312,0.3124,0.26
2025-09-18,0.2904,0.3019,0.2586
2025-09-19,0.263,0.288,0.255
2025-09-20,0.2268,0.2688,0.2488
2025-09-21,0.3492,0.2689,0.2446
2025-09-22,0.4084,0.3845,0.247
2025-09-23,0.3944,0.3885,0.2531
2025-09-24,0.4059,0.3877,0.2598
2025-09-25,0.3875,0.3797,0.2661
2025-09-26,0.3939,0.3785,0.2705
2025-09-27,0.3762,0.3747,0.2723
2025-09-28,0.3626,0.366,0.2747
2025-09-29,0.3562,0.358,0.2764
2025-09-30,0.3473,0.3514,0.2778
2025-10-01,0.338,0.3443,0.278
2025-10-02,0.332,0.3378,0.279
2025-10-03,0.3349,0.3373,0.2804
2025-10-04,0.3402,0.3347,0.281
2025-10-05,0.3372,0.3314,0.2818
2025-10-06,0.3322,0.3295,0.2822
2025-10-07,0.3226,0.3258,0.2822
2025-10-08,0.3185,0.3242,0.2832
2025-10-09,0.3339,0.3275,0.2852
2025-10-10,0.3437,0.3337,0.2878
2025-10-11,0.3241,0.3268,0.2862
2025-10-12,0.3209,0.3248,0.2862
2025-10-13,0.3168,0.3226,0.2872
2025-10-14,0.3103,0.3183,0.2872
2025-10-15,0.3205,0.3208,0.289
2025-10-16,0.3329,0.325,0.2906
2025-10-17,0.3305,0.3245,0.2905
2025-10-18,0.3117,0.3158,0.2885
2025-10-19,0.3009,0.312,0.2888
2025-10-20,0.3845,0.3272,0.289
2025-10-21,0.3713,0.3272,0.286
2025-10-22,0.4036,0.3704,0.2876
2025-10-23,0.4056,0.3813,0.2897
2025-10-24,0.3818,0.3738,0.2924
2025-10-25,0.376,0.3706,0.295
2025-10-26,0.3876,0.3724,0.2972
2025-10-27,0.3782,0.3733,0.2991
2025-10-28,0.372,0.3695,0.3
2025-10-29,0.3802,0.3673,0.3006
2025-10-30,0.372,0.3647,0.301
2025-10-31,0.3556,0.3615,0.3018
2025-11-01,0.3413,0.3562,0.2969
2025-11-02,0.4055,0.3738,0.2979
2025-11-03,0.3925,0.3795,0.3017
2025-11-04,0.3744,0.375,0.3046
2025-11-05,0.3395,0.3655,0.3002
2025-11-06,0.3225,0.3556,0.2986
2025-11-07,0.328,0.3487,0.3031
2025-11-08,0.3362,0.3458,0.3046
2025-11-09,0.3733,0.3497,0.306
2025-11-10,0.3742,0.357,0.3072
2025-11-11,0.3689,0.3575,0.3085
2025-11-12,0.3331,0.355,0.308
2025-11-13,0.3038,0.3487,0.3048
2025-11-14,0.273,0.3295,0.2998
2025-11-15,0.3886,0.3433,0.3008
2025-11-16,0.4088,0.3845,0.3022
2025-11-17,0.4005,0.3899,0.3063
2025-11-18,0.3911,0.3863,0.3098
2025-11-19,0.3831,0.3798,0.3124
2025-11-20,0.3787,0.3753,0.3136
2025-11-21,0.37,0.3713,0.3155
2025-11-22,0.3676,0.3674,0.3172
2025-11-23,0.3862,0.3674,0.3185
2025-11-24,0.4206,0.3977,0.321
2025-11-25,0.4029,0.4008,0.3262
2025-11-26,0.3899,0.3918,0.3303
2025-11-27,0.3828,0.3854,0.3331
2025-11-28,0.3929,0.3828,0.3352
2025-11-29,0.4124,0.3947,0.3381
2025-11-30,0.4163,0.407,0.343
2026-04-01,0.3644,0.3484,0.3215
2026-04-02,0.3572,0.3474,0.3234
2026-04-03,0.3535,0.3466,0.3215
2026-04-04,0.3536,0.3454,0.3162
2026-04-05,0.3318,0.3381,0.3038
2026-04-06,0.2997,0.3226,0.2966
2026-04-07,0.2747,0.3094,0.2922
2026-04-08,0.2299,0.2806,0.2808
2026-04-09,0.2074,0.2619,0.2707
2026-04-10,0.1855,0.2432,0.2609
2026-04-11,0.1933,0.2335,0.2585
2026-04-12,0.3834,0.2465,0.2567
2026-04-13,0.4014,0.3056,0.257
2026-04-14,0.3863,0.3443,0.258
2026-04-15,0.3545,0.3473,0.2593
2026-04-16,0.3098,0.3376,0.259
2026-04-17,0.3035,0.3247,0.2592
2026-04-18,0.2841,0.3125,0.259
2026-04-19,0.2503,0.2878,0.2547
2026-04-20,0.2366,0.274,0.2515
2026-04-21,0.2159,0.2651,0.2495
2026-04-22,0.2044,0.2535,0.248
2026-04-23,0.2174,0.2533,0.2491
2026-04-24,0.2145,0.2477,0.2485
2026-04-25,0.184,0.2325,0.244
2026-04-26,0.1747,0.2239,0.2416
2026-04-27,0.1664,0.2152,0.2386
2026-04-28,0.188,0.2035,0.2379
2026-04-29,0.2725,0.2057,0.2382
2026-04-30,0.2517,0.206,0.2354
2026-05-01,0.2266,0.199,0.2352
2026-05-02,0.225,0.1992,0.2346
2026-05-03,0.3737,0.2338,0.2293
2026-05-04,0.4054,0.3205,0.2331
2026-05-05,0.4232,0.3965,0.2388
2026-05-06,0.4225,0.4172,0.2553
2026-05-07,0.3982,0.3987,0.2681
2026-05-08,0.3838,0.3826,0.2727
2026-05-09,0.352,0.3684,0.2756
2026-05-10,0.3885,0.3602,0.2775
2026-05-11,0.4053,0.3818,0.2812
2026-05-12,0.3928,0.3848,0.3141
2026-05-13,0.3827,0.3797,0.3262
2026-05-14,0.3766,0.3727,0.327
2026-05-15,0.4037,0.3841,0.3286
2026-05-16,0.393,0.3858,0.331
2026-05-17,0.3838,0.3821,0.3322
2026-05-18,0.344,0.3696,0.333
2026-05-19,0.3307,0.358,0.3328
2026-05-20,0.308,0.3445,0.3322
2026-05-21,0.3038,0.3288,0.3298
2026-05-22,0.2789,0.3133,0.3271
2026-05-23,0.257,0.2998,0.3249
2026-05-24,0.2515,0.2934,0.3225
2026-05-25,0.2425,0.2877,0.3205
2026-05-26,0.2222,0.2826,0.32
2026-05-27,0.2006,0.2634,0.3136
2026-05-28,0.2018,0.2627,0.3137
2026-05-29,0.1795,0.247,0.3095
2026-05-30,0.1868,0.2476,0.3083
2026-05-31,0.2112,0.2478,0.3077
2026-06-01,0.2139,0.2472,0.3068
2026-06-02,0.236,0.2397,0.3035
2026-06-03,0.2717,0.2385,0.2999
2026-06-04,0.3372,0.258,0.3032
2026-06-05,0.3502,0.2852,0.3028
2026-06-06,0.3075,0.2849,0.3002
2026-06-07,0.2613,0.273,0.2945
2026-06-08,0.2654,0.2643,0.2911
2026-06-09,0.3189,0.2661,0.2922
2026-06-10,0.3097,0.271,0.2976
2026-06-11,0.2859,0.2713,0.2992
2026-06-12,0.2597,0.2658,0.2972
2026-06-13,0.2357,0.2584,0.2963
2026-06-14,0.2119,0.2497,0.2915
2026-06-15,0.1935,0.241,0.2887
2026-06-16,0.1785,0.2323,0.2874
2026-06-17,0.1648,0.2247,0.281
2026-06-18,0.1641,0.219,0.2795
2026-06-19,0.1587,0.2127,0.276
2026-06-20,0.153,0.2064,0.2731
2026-06-21,0.151,0.1992,0.269
2026-06-22,0.1373,0.1836,0.2598
2026-06-23,0.1438,0.1822,0.2585
2026-06-24,0.1333,0.1719,0.2529
2026-06-25,0.1323,0.167,0.2489
2026-06-26,0.1162,0.1607,0.244
2026-06-27,0.0977,0.1535,0.2397
2026-06-28,0.099,0.1497,0.236
2026-06-29,0.1301,0.1505,0.232
2026-06-30,0.161,0.147,0.2309
2026-07-01,0.1674,0.1488,0.2233
2026-07-02,0.1741,0.1491,0.2275
2026-07-03,0.1669,0.15,0.2292
2026-07-04,0.1706,0.1503,0.2304
2026-07-05,0.1597,0.1505,0.2264
2026-07-06,0.1552,0.1455,0.2226
2026-07-07,0.1512,0.146,0.2228
2026-07-08,0.1552,0.146,0.2228
2026-07-09,0.1469,0.1465,0.2255
2026-07-10,0.1472,0.147,0.2273
2026-07-11,0.2142,0.1478,0.2308
2026-07-12,0.2449,0.1477,0.2384
2026-07-13,0.2175,0.1435,0.2375
2026-07-14,0.1859,0.1449,0.2348
2026-07-15,0.2225,0.1465,0.2352
2026-07-16,0.2293,0.148,0.2225
2026-07-17,0.2171,0.1473,0.2545
2026-07-18,0.1488,0.1485,0.2623
2026-07-19,0.1379,0.1498,0.2673
2026-07-20,0.1619,0.1552,0.2717
2026-07-21,0.1638,0.164,0.2749
2026-07-22,0.1664,0.1703,0.2742
2026-07-23,0.1653,0.1732,0.2739
2026-07-24,0.1637,0.1747,0.2734
2026-07-25,0.174,0.1735,0.269
2026-07-26,0.3482,0.1966,0.2703
2026-07-27,0.2555,0.2066,0.2664
2026-07-28,0.218,0.1985,0.2667
2026-07-29,0.1754,0.1822,0.2585
2026-07-30,0.1705,0.179,0.2555
2026-07-31,0.1742,0.1685,0.2497
2026-08-01,0.1675,0.162,0.2296
2026-08-02,0.1849,0.1758,0.2321
2026-08-03,0.1536,0.1666,0.23
2026-08-04,0.1424,0.1514,0.2205
2026-08-05,0.217,0.1536,0.206
2026-08-06,0.2005,0.1577,0.2069
2026-08-07,0.1926,0.162,0.2079
2026-08-08,0.179,0.1634,0.2103
2026-08-09,0.181,0.1713,0.2162
2026-08-10,0.1886,0.1752,0.2181
2026-08-11,0.2017,0.1742,0.2278
2026-08-12,0.1805,0.1697,0.2155
2026-08-13,0.1516,0.1624,0.206
2026-08-14,0.1229,0.164,0.2134
2026-08-15,0.1247,0.1542,0.2171
2026-08-16,0.0561,0.1465,0.2169
2026-08-17,0.0298,0.146,0.1948
2026-08-18,0.0822,0.146,0.2004
2026-08-19,0.0767,0.146,0.1997
2026-08-20,0.0658,0.146,0.1918
2026-08-21,0.1824,0.146,0.1928
2026-08-22,0.1836,0.1465,0.1879
2026-08-23,0.159,0.147,0.1797
2026-08-24,0.1844,0.1472,0.1749
2026-08-25,0.2547,0.1507,0.1767
2026-08-26,0.2252,0.1539,0.177
2026-08-27,0.1811,0.15,0.1583
2026-08-28,0.2747,0.1674,0.1595
2026-08-29,0.2769,0.1833,0.1655
2026-08-30,0.249,0.1881,0.1727
2026-08-31,0.2195,0.1851,0.1673
2026-09-01,0.1998,0.1889,0.1677
2026-09-02,0.1928,0.1927,0.1677
2026-09-03,0.1785,0.1889,0.166
2026-09-04,0.1703,0.1878,0.1713
2026-09-05,0.1588,0.1845,0.171
2026-09-06,0.1486,0.1805,0.174
2026-09-07,0.128,0.1736,0.1688
2026-09-08,0.1321,0.1715,0.1693
2026-09-09,0.202,0.1741,0.1673
2026-09-10,0.229,0.1745,0.1663
2026-09-11,0.2042,0.1722,0.166
2026-09-12,0.181,0.1686,0.166
2026-09-13,0.1629,0.1665,0.166
2026-09-14,0.154,0.1657,0.1665
2026-09-15,0.1418,0.1609,0.1669
2026-09-16,0.1342,0.1578,0.1656
2026-09-17,0.1475,0.1598,0.1663
2026-09-18,0.1522,0.1598,0.1663
2026-09-19,0.1576,0.1598,0.1658
2026-09-20,0.1551,0.1625,0.1689
2026-09-21,0.146,0.1606,0.169
2026-09-22,0.1552,0.1601,0.1737
2026-09-23,0.1591,0.1615,0.177
2026-09-24,0.1571,0.1635,0.1827
2026-09-25,0.1612,0.1691,0.1883
2026-09-26,0.1652,0.1688,0.1903
2026-09-27,0.1569,0.1687,0.1903
2026-09-28,0.1603,0.1703,0.1918
2026-09-29,0.156,0.1695,0.1917
2026-09-30,0.2742,0.176,0.1867
2026-10-01,0.3439,0.2343,0.183
2026-10-02,0.3225,0.2458,0.1847
2026-10-03,0.309,0.2525,0.1875
2026-10-04,0.285,0.2535,0.192
2026-10-05,0.26,0.2475,0.189
2026-10-06,0.221,0.2244,0.1843
2026-10-07,0.3116,0.2202,0.159
