date,SM_0_7,SM_7_28,SM_28_100
1991-04-01,0.3545,0.3671,0.4057
1991-04-02,0.3474,0.361,0.4019
1991-04-03,0.3541,0.3564,0.3981
1991-04-04,0.3733,0.3586,0.3946
1991-04-05,0.3781,0.3633,0.3913
1991-04-06,0.3641,0.3631,0.3882
1991-04-07,0.3579,0.361,0.385
1991-04-08,0.3522,0.3577,0.3817
1991-04-09,0.3445,0.3539,0.3784
1991-04-10,0.3368,0.3491,0.3749
1991-04-11,0.3288,0.3437,0.3713
1991-04-12,0.322,0.3386,0.3677
1991-04-13,0.3161,0.3339,0.3643
1991-04-14,0.3192,0.3295,0.3609
1991-04-15,0.3253,0.3273,0.3578
1991-04-16,0.3308,0.3258,0.3549
1991-04-17,0.3236,0.325,0.3521
1991-04-18,0.3166,0.323,0.3493
1991-04-19,0.3215,0.3215,0.3469
1991-04-20,0.3282,0.3212,0.3447
1991-04-21,0.3252,0.3209,0.3422
1991-04-22,0.327,0.3203,0.3401
1991-04-23,0.3294,0.3195,0.3379
1991-04-24,0.3335,0.319,0.3355
1991-04-25,0.343,0.3203,0.3335
1991-04-26,0.3698,0.3269,0.3319
1991-04-27,0.3963,0.3485,0.3305
1991-04-28,0.4092,0.3782,0.3301
1991-04-29,0.402,0.3931,0.3318
1991-04-30,0.3984,0.3896,0.333
1991-05-01,0.4045,0.3905,0.3344
1991-05-02,0.4049,0.3984,0.3368
1991-05-03,0.393,0.3921,0.3388
1991-05-04,0.3814,0.3846,0.34
1991-05-05,0.3823,0.3785,0.34
1991-05-06,0.3932,0.3789,0.34
1991-05-07,0.3933,0.3827,0.34
1991-05-08,0.4014,0.385,0.341
1991-05-09,0.4166,0.4025,0.3429
1991-05-10,0.408,0.4112,0.3489
1991-05-11,0.3903,0.3973,0.3518
1991-05-12,0.3849,0.388,0.3529
1991-05-13,0.3753,0.3813,0.3525
1991-05-14,0.3611,0.3723,0.3515
1991-05-15,0.3564,0.3657,0.3503
1991-05-16,0.3622,0.3614,0.3489
1991-05-17,0.3601,0.3592,0.3476
1991-05-18,0.349,0.3545,0.346
1991-05-19,0.3403,0.349,0.3442
1991-05-20,0.3316,0.3432,0.3421
1991-05-21,0.3218,0.3366,0.34
1991-05-22,0.3117,0.3296,0.3376
1991-05-23,0.302,0.3225,0.3351
1991-05-24,0.2927,0.316,0.3328
1991-05-25,0.2836,0.3091,0.3301
1991-05-26,0.2751,0.3024,0.3275
1991-05-27,0.2667,0.2961,0.325
1991-05-28,0.2595,0.2897,0.3221
1991-05-29,0.2624,0.2844,0.3199
1991-05-30,0.2756,0.2807,0.3175
1991-05-31,0.2807,0.278,0.3151
1991-06-01,0.3043,0.2763,0.3132
1991-06-02,0.3565,0.2942,0.3118
1991-06-03,0.3433,0.3171,0.3106
1991-06-04,0.3235,0.3148,0.3093
1991-06-05,0.3156,0.3112,0.3076
1991-06-06,0.3419,0.311,0.3065
1991-06-07,0.3639,0.3159,0.3055
1991-06-08,0.3692,0.3295,0.305
1991-06-09,0.342,0.3301,0.3041
1991-06-10,0.3253,0.3252,0.3026
1991-06-11,0.3101,0.3188,0.3015
1991-06-12,0.296,0.3114,0.2999
1991-06-13,0.283,0.3036,0.2979
1991-06-14,0.2724,0.2965,0.2961
1991-06-15,0.2755,0.2896,0.2942
1991-06-16,0.3897,0.3315,0.2934
1991-06-17,0.3796,0.3602,0.2941
1991-06-18,0.365,0.3573,0.295
1991-06-19,0.3495,0.3506,0.295
1991-06-20,0.3462,0.345,0.295
1991-06-21,0.3407,0.3408,0.2951
1991-06-22,0.3249,0.333,0.2945
1991-06-23,0.3352,0.3265,0.2935
1991-06-24,0.3474,0.3267,0.2925
1991-06-25,0.3226,0.321,0.2915
1991-06-26,0.3537,0.3205,0.2905
1991-06-27,0.3473,0.3257,0.2896
1991-06-28,0.3383,0.3231,0.289
1991-06-29,0.328,0.3202,0.2885
1991-06-30,0.3104,0.314,0.2875
1991-07-01,0.2932,0.3066,0.286
1991-07-02,0.2797,0.2987,0.2845
1991-07-03,0.2824,0.2928,0.2835
1991-07-04,0.2701,0.2868,0.2819
1991-07-05,0.255,0.2797,0.2801
1991-07-06,0.246,0.2733,0.2785
1991-07-07,0.2458,0.2682,0.2774
1991-07-08,0.2402,0.2635,0.2759
1991-07-09,0.2318,0.2587,0.2745
1991-07-10,0.2228,0.2533,0.273
1991-07-11,0.2124,0.2477,0.2711
1991-07-12,0.2067,0.2427,0.2695
1991-07-13,0.2082,0.2386,0.2681
1991-07-14,0.2082,0.2357,0.267
1991-07-15,0.2103,0.2332,0.2661
1991-07-16,0.2039,0.2295,0.2645
1991-07-17,0.2037,0.2265,0.2634
1991-07-18,0.1969,0.2231,0.2619
1991-07-19,0.189,0.2197,0.2605
1991-07-20,0.1865,0.2166,0.2589
1991-07-21,0.1923,0.2137,0.2575
1991-07-22,0.1944,0.2108,0.256
1991-07-23,0.1871,0.2081,0.2545
1991-07-24,0.1837,0.2061,0.2535
1991-07-25,0.1841,0.2045,0.2525
1991-07-26,0.1935,0.2037,0.252
1991-07-27,0.191,0.2028,0.2514
1991-07-28,0.1835,0.2007,0.25
1991-07-29,0.1764,0.1985,0.2485
1991-07-30,0.265,0.2132,0.248
1991-07-31,0.3275,0.2652,0.248
1991-08-01,0.3385,0.2711,0.248
1991-08-02,0.3194,0.2765,0.2476
1991-08-03,0.2957,0.2748,0.247
1991-08-04,0.2767,0.2707,0.2465
1991-08-05,0.261,0.2658,0.2455
1991-08-06,0.2466,0.2606,0.2446
1991-08-07,0.2337,0.2554,0.2436
1991-08-08,0.2945,0.2529,0.243
1991-08-09,0.364,0.2725,0.243
1991-08-10,0.3247,0.2807,0.243
1991-08-11,0.3014,0.2788,0.2426
1991-08-12,0.3237,0.2779,0.2423
1991-08-13,0.3378,0.2864,0.2421
1991-08-14,0.3088,0.2851,0.2416
1991-08-15,0.2884,0.2807,0.2412
1991-08-16,0.2744,0.2762,0.241
1991-08-17,0.2617,0.2715,0.2405
1991-08-18,0.2497,0.2663,0.2396
1991-08-19,0.239,0.261,0.239
1991-08-20,0.2288,0.2557,0.2385
1991-08-21,0.2194,0.2507,0.2376
1991-08-22,0.2195,0.2464,0.237
1991-08-23,0.3397,0.2532,0.237
1991-08-24,0.3095,0.2593,0.2365
1991-08-25,0.2852,0.258,0.236
1991-08-26,0.2675,0.2551,0.2355
1991-08-27,0.252,0.2512,0.2346
1991-08-28,0.2378,0.247,0.234
1991-08-29,0.2259,0.243,0.2335
1991-08-30,0.2162,0.2386,0.2326
1991-08-31,0.2122,0.2355,0.232
1991-09-01,0.2985,0.2355,0.232
1991-09-02,0.2902,0.2379,0.2318
1991-09-03,0.276,0.2382,0.2314
1991-09-04,0.2622,0.237,0.231
1991-09-05,0.2494,0.235,0.2305
1991-09-06,0.2389,0.2327,0.23
1991-09-07,0.2289,0.2301,0.2296
1991-09-08,0.2193,0.2275,0.229
1991-09-09,0.2109,0.2247,0.2285
1991-09-10,0.2065,0.2225,0.228
1991-09-11,0.2281,0.2215,0.228
1991-09-12,0.3419,0.2313,0.228
1991-09-13,0.37,0.2669,0.2286
1991-09-14,0.3328,0.2805,0.229
1991-09-15,0.3101,0.2813,0.229
1991-09-16,0.2928,0.2787,0.229
1991-09-17,0.2802,0.2755,0.229
1991-09-18,0.2695,0.272,0.2285
1991-09-19,0.2589,0.2678,0.2282
1991-09-20,0.2522,0.2636,0.228
1991-09-21,0.2475,0.2606,0.228
1991-09-22,0.2511,0.2579,0.228
1991-09-23,0.2634,0.2562,0.228
1991-09-24,0.2553,0.2541,0.228
1991-09-25,0.292,0.257,0.228
1991-09-26,0.4187,0.4035,0.2354
1991-09-27,0.393,0.3924,0.2461
1991-09-28,0.3938,0.3807,0.2511
1991-09-29,0.4173,0.3964,0.2567
1991-09-30,0.399,0.3973,0.2649
1991-10-01,0.3787,0.3816,0.2698
1991-10-02,0.3655,0.3703,0.2728
1991-10-03,0.3545,0.3607,0.2747
1991-10-04,0.3448,0.3521,0.2758
1991-10-05,0.3658,0.3503,0.2767
1991-10-06,0.4041,0.3871,0.2794
1991-10-07,0.3973,0.3864,0.2835
1991-10-08,0.3767,0.3782,0.287
1991-10-09,0.3874,0.3735,0.2894
1991-10-10,0.3772,0.3733,0.2918
1991-10-11,0.4035,0.3921,0.2951
1991-10-12,0.4181,0.4107,0.3055
1991-10-13,0.3971,0.4003,0.313
1991-10-14,0.404,0.3936,0.3174
1991-10-15,0.3978,0.3942,0.3217
1991-10-16,0.3826,0.3862,0.3249
1991-10-17,0.3776,0.3795,0.3271
1991-10-18,0.3879,0.3774,0.329
1991-10-19,0.3811,0.3779,0.3307
1991-10-20,0.3708,0.3735,0.3321
1991-10-21,0.3669,0.3694,0.3331
1991-10-22,0.3651,0.3661,0.334
1991-10-23,0.366,0.3635,0.3348
1991-10-24,0.3694,0.3621,0.335
1991-10-25,0.3703,0.362,0.3354
1991-10-26,0.3696,0.362,0.336
1991-10-27,0.4198,0.3846,0.337
1991-10-28,0.4069,0.4075,0.3425
1991-10-29,0.3989,0.399,0.3468
1991-10-30,0.3993,0.394,0.3499
1991-10-31,0.393,0.3943,0.3525
1991-11-01,0.3809,0.3878,0.3545
1991-11-02,0.3833,0.3829,0.3558
1991-11-03,0.3961,0.3858,0.3572
1991-11-04,0.4156,0.4056,0.3598
1991-11-05,0.3984,0.4013,0.3637
1991-11-06,0.3883,0.3949,0.366
1991-11-07,0.3832,0.3889,0.3674
1991-11-08,0.386,0.386,0.3681
1991-11-09,0.3879,0.385,0.369
1991-11-10,0.3798,0.3838,0.3697
1991-11-11,0.3726,0.3802,0.37
1991-11-12,0.37,0.3769,0.37
1991-11-13,0.4049,0.3952,0.3707
1991-11-14,0.4066,0.4138,0.3769
1991-11-15,0.4153,0.4102,0.3807
1991-11-16,0.4048,0.4083,0.3841
1991-11-17,0.3927,0.4015,0.3859
1991-11-18,0.4099,0.4016,0.3869
1991-11-19,0.4116,0.4103,0.389
1991-11-20,0.3993,0.4052,0.3908
1991-11-21,0.3912,0.4,0.3919
1991-11-22,0.3838,0.3948,0.3918
1991-11-23,0.3845,0.3907,0.391
1991-11-24,0.3859,0.3887,0.3905
1991-11-25,0.3858,0.3874,0.39
1991-11-26,0.3869,0.387,0.389
1991-11-27,0.387,0.387,0.3889
1991-11-28,0.3831,0.3861,0.388
1991-11-29,0.3799,0.3843,0.3875
1991-11-30,0.376,0.3821,0.387
1992-04-01,0.4085,0.406,0.3755
1992-04-02,0.4088,0.4054,0.3784
1992-04-03,0.4236,0.4158,0.382
1992-04-04,0.417,0.4248,0.3964
1992-04-05,0.417,0.4223,0.4087
1992-04-06,0.398,0.4109,0.4097
1992-04-07,0.3908,0.4011,0.4085
1992-04-08,0.4068,0.4009,0.4072
1992-04-09,0.4036,0.4077,0.4066
1992-04-10,0.3917,0.4007,0.4055
1992-04-11,0.381,0.3923,0.4038
1992-04-12,0.3716,0.3839,0.402
1992-04-13,0.3673,0.3768,0.4
1992-04-14,0.357,0.3698,0.3979
1992-04-15,0.3824,0.3677,0.3958
1992-04-16,0.3809,0.3732,0.3945
1992-04-17,0.3725,0.3721,0.3934
1992-04-18,0.3944,0.3755,0.3922
1992-04-19,0.3998,0.3887,0.3916
1992-04-20,0.3855,0.3883,0.3907
1992-04-21,0.3735,0.3821,0.3895
1992-04-22,0.3647,0.3754,0.3883
1992-04-23,0.3547,0.3681,0.3865
1992-04-24,0.3455,0.3607,0.3849
1992-04-25,0.3358,0.3535,0.3829
1992-04-26,0.3279,0.3464,0.3806
1992-04-27,0.321,0.34,0.3782
1992-04-28,0.3567,0.3394,0.3765
1992-04-29,0.3626,0.3473,0.3752
1992-04-30,0.3474,0.3458,0.3734
1992-05-01,0.354,0.3445,0.3719
1992-05-02,0.4108,0.3694,0.371
1992-05-03,0.4157,0.3985,0.3721
1992-05-04,0.4125,0.4077,0.3747
1992-05-05,0.3969,0.4014,0.3768
1992-05-06,0.3847,0.3928,0.3771
1992-05-07,0.3731,0.3847,0.3767
1992-05-08,0.3615,0.3763,0.3756
1992-05-09,0.3512,0.3679,0.3742
1992-05-10,0.3413,0.3593,0.3723
1992-05-11,0.3336,0.3514,0.3703
1992-05-12,0.3241,0.3437,0.3681
1992-05-13,0.3145,0.3358,0.3658
1992-05-14,0.3035,0.328,0.363
1992-05-15,0.2951,0.3206,0.3602
1992-05-16,0.2885,0.314,0.3574
1992-05-17,0.2795,0.3076,0.3544
1992-05-18,0.2712,0.3016,0.3515
1992-05-19,0.2644,0.2956,0.3483
1992-05-20,0.304,0.2936,0.3462
1992-05-21,0.4132,0.349,0.345
1992-05-22,0.3847,0.373,0.3453
1992-05-23,0.3723,0.3712,0.346
1992-05-24,0.3897,0.3728,0.346
1992-05-25,0.3978,0.3855,0.347
1992-05-26,0.3851,0.3848,0.3475
1992-05-27,0.3652,0.3754,0.3475
1992-05-28,0.3515,0.3658,0.3465
1992-05-29,0.3815,0.3633,0.346
1992-05-30,0.3898,0.3722,0.346
1992-05-31,0.4014,0.3807,0.3462
1992-06-01,0.4099,0.3931,0.3478
1992-06-02,0.4208,0.4175,0.3536
1992-06-03,0.42,0.4164,0.3623
1992-06-04,0.4171,0.4177,0.3708
1992-06-05,0.4224,0.4206,0.3846
1992-06-06,0.4122,0.4159,0.3908
1992-06-07,0.4158,0.4132,0.3938
1992-06-08,0.4129,0.4147,0.397
1992-06-09,0.4085,0.4128,0.3989
1992-06-10,0.4267,0.4282,0.407
1992-06-11,0.4227,0.4263,0.4202
1992-06-12,0.4094,0.4187,0.4206
1992-06-13,0.4038,0.4085,0.4181
1992-06-14,0.3915,0.4026,0.4156
1992-06-15,0.3722,0.3876,0.412
1992-06-16,0.3613,0.3753,0.4085
1992-06-17,0.4108,0.3929,0.406
1992-06-18,0.3975,0.4137,0.4083
1992-06-19,0.3828,0.3989,0.4068
1992-06-20,0.409,0.3993,0.4052
1992-06-21,0.3985,0.4055,0.4047
1992-06-22,0.4124,0.4128,0.4062
1992-06-23,0.4185,0.4267,0.4263
1992-06-24,0.4055,0.4142,0.4247
1992-06-25,0.3963,0.4093,0.422
1992-06-26,0.3887,0.3948,0.4188
1992-06-27,0.3795,0.3852,0.4155
1992-06-28,0.3631,0.3745,0.4116
1992-06-29,0.3496,0.3643,0.4076
1992-06-30,0.3489,0.3566,0.404
1992-07-01,0.3894,0.3617,0.4015
1992-07-02,0.3827,0.3738,0.3998
1992-07-03,0.3638,0.3693,0.3973
1992-07-04,0.388,0.3702,0.3946
1992-07-05,0.3926,0.3756,0.3926
1992-07-06,0.4029,0.3889,0.3914
1992-07-07,0.4114,0.4057,0.3916
1992-07-08,0.4065,0.412,0.3933
1992-07-09,0.4109,0.4168,0.3978
1992-07-10,0.3998,0.4105,0.4
1992-07-11,0.3845,0.3993,0.3997
1992-07-12,0.3869,0.3911,0.3987
1992-07-13,0.3773,0.3859,0.3971
1992-07-14,0.3597,0.3756,0.3946
1992-07-15,0.3454,0.3644,0.3915
1992-07-16,0.336,0.3543,0.3881
1992-07-17,0.3314,0.3466,0.3847
1992-07-18,0.321,0.3391,0.3813
1992-07-19,0.3091,0.3314,0.3775
1992-07-20,0.3011,0.3242,0.3736
1992-07-21,0.3165,0.3192,0.3701
1992-07-22,0.3477,0.3216,0.3669
1992-07-23,0.3247,0.3203,0.3636
1992-07-24,0.3077,0.3157,0.36
1992-07-25,0.2949,0.3105,0.3565
1992-07-26,0.2821,0.3045,0.3527
1992-07-27,0.2706,0.2987,0.3491
1992-07-28,0.2609,0.293,0.3455
1992-07-29,0.2523,0.2876,0.342
1992-07-30,0.2435,0.282,0.3385
1992-07-31,0.236,0.2767,0.335
1992-08-01,0.2352,0.2721,0.3318
1992-08-02,0.2421,0.2687,0.329
1992-08-03,0.2563,0.2667,0.3264
1992-08-04,0.2595,0.2648,0.324
1992-08-05,0.2473,0.2621,0.321
1992-08-06,0.236,0.2584,0.318
1992-08-07,0.2256,0.255,0.3151
1992-08-08,0.2164,0.2511,0.3123
1992-08-09,0.2612,0.2502,0.3099
1992-08-10,0.3436,0.2704,0.308
1992-08-11,0.3098,0.274,0.3061
1992-08-12,0.2898,0.2727,0.3041
1992-08-13,0.2735,0.2701,0.3021
1992-08-14,0.2638,0.267,0.3005
1992-08-15,0.263,0.2647,0.2987
1992-08-16,0.2519,0.2615,0.297
1992-08-17,0.2409,0.258,0.295
1992-08-18,0.2304,0.254,0.293
1992-08-19,0.2232,0.2503,0.2911
1992-08-20,0.2208,0.2468,0.2895
1992-08-21,0.22,0.244,0.2877
1992-08-22,0.2238,0.242,0.2865
1992-08-23,0.2307,0.2401,0.2852
1992-08-24,0.2244,0.2377,0.2835
1992-08-25,0.2145,0.2347,0.282
1992-08-26,0.2105,0.232,0.2803
1992-08-27,0.2134,0.23,0.2786
1992-08-28,0.2131,0.2284,0.2775
1992-08-29,0.3663,0.2581,0.277
1992-08-30,0.3461,0.2906,0.2765
1992-08-31,0.3565,0.2976,0.276
1992-09-01,0.3553,0.315,0.276
1992-09-02,0.3283,0.3138,0.2756
1992-09-03,0.3147,0.3101,0.275
1992-09-04,0.3115,0.3073,0.275
1992-09-05,0.3037,0.304,0.275
1992-09-06,0.2926,0.2995,0.2745
1992-09-07,0.2825,0.2945,0.2736
1992-09-08,0.297,0.2911,0.273
1992-09-09,0.4215,0.377,0.2752
1992-09-10,0.4087,0.4087,0.2873
1992-09-11,0.3844,0.3895,0.2932
1992-09-12,0.3696,0.3762,0.2958
1992-09-13,0.3568,0.3653,0.297
1992-09-14,0.3469,0.3563,0.2974
1992-09-15,0.3369,0.3482,0.2978
1992-09-16,0.3284,0.3407,0.2975
1992-09-17,0.3199,0.3336,0.297
1992-09-18,0.3221,0.3283,0.297
1992-09-19,0.3254,0.3252,0.2965
1992-09-20,0.3176,0.3214,0.296
1992-09-21,0.3249,0.319,0.296
1992-09-22,0.4108,0.3933,0.3057
1992-09-23,0.3909,0.4005,0.3205
1992-09-24,0.3764,0.3859,0.3237
1992-09-25,0.3657,0.3756,0.325
1992-09-26,0.3596,0.3678,0.3259
1992-09-27,0.4202,0.4044,0.3332
1992-09-28,0.4235,0.418,0.349
1992-09-29,0.4024,0.4105,0.3575
1992-09-30,0.3862,0.397,0.3607
1992-10-01,0.3756,0.3872,0.362
1992-10-02,0.3788,0.3812,0.3623
1992-10-03,0.4138,0.3919,0.3634
1992-10-04,0.4283,0.4247,0.3731
1992-10-05,0.4176,0.4203,0.3849
1992-10-06,0.4214,0.4232,0.3923
1992-10-07,0.4067,0.4125,0.3971
1992-10-08,0.396,0.4062,0.3981
1992-10-09,0.4073,0.4026,0.398
1992-10-10,0.4161,0.4226,0.4015
1992-10-11,0.4056,0.4145,0.4049
1992-10-12,0.3953,0.4068,0.405
1992-10-13,0.3866,0.3985,0.4044
1992-10-14,0.3805,0.3914,0.403
1992-10-15,0.3736,0.3848,0.4015
1992-10-16,0.3741,0.3795,0.4002
1992-10-17,0.4174,0.4102,0.4
1992-10-18,0.3938,0.407,0.4015
1992-10-19,0.399,0.4011,0.401
1992-10-20,0.4145,0.41,0.4016
1992-10-21,0.4187,0.417,0.4035
1992-10-22,0.4048,0.4115,0.4051
1992-10-23,0.4078,0.4085,0.406
1992-10-24,0.4053,0.4079,0.4056
1992-10-25,0.4045,0.4055,0.405
1992-10-26,0.3962,0.4029,0.405
1992-10-27,0.3976,0.3996,0.4041
1992-10-28,0.3995,0.3981,0.4038
1992-10-29,0.4109,0.407,0.4035
1992-10-30,0.4214,0.4185,0.4055
1992-10-31,0.41,0.4194,0.4115
1992-11-01,0.4202,0.4229,0.4146
1992-11-02,0.4031,0.4168,0.4198
1992-11-03,0.3921,0.404,0.4182
1992-11-04,0.3872,0.3945,0.4161
1992-11-05,0.381,0.3878,0.4139
1992-11-06,0.3725,0.381,0.4115
1992-11-07,0.3664,0.3751,0.4091
1992-11-08,0.3613,0.3701,0.4068
1992-11-09,0.3575,0.3661,0.4046
1992-11-10,0.3638,0.364,0.4025
1992-11-11,0.3665,0.364,0.4009
1992-11-12,0.368,0.364,0.3994
1992-11-13,0.3991,0.3838,0.398
1992-11-14,0.4,0.4036,0.3986
1992-11-15,0.4113,0.4057,0.3991
1992-11-16,0.4103,0.4178,0.4024
1992-11-17,0.4007,0.4092,0.4041
1992-11-18,0.3932,0.403,0.4044
1992-11-19,0.4145,0.4065,0.4041
1992-11-20,0.4098,0.4168,0.4067
1992-11-21,0.398,0.4085,0.408
1992-11-22,0.3902,0.4017,0.4073
1992-11-23,0.3834,0.3947,0.4066
1992-11-24,0.3776,0.3881,0.4055
1992-11-25,0.3755,0.3829,0.4045
1992-11-26,0.3714,0.3789,0.4034
1992-11-27,0.3677,0.3751,0.402
1992-11-28,0.3634,0.3714,0.4005
1992-11-29,0.3597,0.368,0.3992
1992-11-30,0.3572,0.365,0.3975
1993-04-01,0.3815,0.3475,0.32
1993-04-02,0.3802,0.3659,0.3201
1993-04-03,0.3699,0.3641,0.321
1993-04-04,0.3751,0.3627,0.321
1993-04-05,0.3743,0.3623,0.3212
1993-04-06,0.3862,0.366,0.322
1993-04-07,0.3805,0.3695,0.323
1993-04-08,0.3695,0.3673,0.3239
1993-04-09,0.3732,0.3633,0.324
1993-04-10,0.4033,0.3759,0.3244
1993-04-11,0.3963,0.3858,0.3263
1993-04-12,0.3873,0.3832,0.3282
1993-04-13,0.3906,0.3805,0.3298
1993-04-14,0.3887,0.3808,0.3312
1993-04-15,0.3967,0.3822,0.3325
1993-04-16,0.3884,0.3837,0.3342
1993-04-17,0.3738,0.3779,0.335
1993-04-18,0.3609,0.3702,0.3353
1993-04-19,0.3507,0.3624,0.3352
1993-04-20,0.3405,0.3546,0.3345
1993-04-21,0.3315,0.3475,0.3334
1993-04-22,0.332,0.3422,0.3324
1993-04-23,0.3393,0.3397,0.3317
1993-04-24,0.3991,0.3716,0.3324
1993-04-25,0.4224,0.4219,0.3501
1993-04-26,0.4291,0.4267,0.3714
1993-04-27,0.423,0.426,0.3955
1993-04-28,0.417,0.4231,0.4048
1993-04-29,0.4,0.4133,0.409
1993-04-30,0.3959,0.4035,0.408
1993-05-01,0.4058,0.401,0.4067
1993-05-02,0.415,0.415,0.407
1993-05-03,0.4129,0.4167,0.4087
1993-05-04,0.3988,0.411,0.409
1993-05-05,0.3949,0.4004,0.4075
1993-05-06,0.3926,0.3973,0.406
1993-05-07,0.3819,0.3892,0.4041
1993-05-08,0.3871,0.3842,0.4025
1993-05-09,0.4007,0.3882,0.4009
1993-05-10,0.4005,0.3932,0.3995
1993-05-11,0.4243,0.4236,0.4045
1993-05-12,0.4099,0.4158,0.409
1993-05-13,0.4134,0.415,0.4092
1993-05-14,0.3962,0.4094,0.4095
1993-05-15,0.3826,0.3969,0.4077
1993-05-16,0.3699,0.385,0.4051
1993-05-17,0.3599,0.3747,0.4026
1993-05-18,0.3582,0.3674,0.4002
1993-05-19,0.3845,0.3695,0.3984
1993-05-20,0.4194,0.4105,0.4018
1993-05-21,0.4002,0.4125,0.4055
1993-05-22,0.3813,0.3974,0.4041
1993-05-23,0.3673,0.3844,0.4019
1993-05-24,0.3558,0.373,0.399
1993-05-25,0.3447,0.3631,0.3963
1993-05-26,0.3427,0.3544,0.3932
1993-05-27,0.3935,0.3668,0.3914
1993-05-28,0.3807,0.3881,0.3905
1993-05-29,0.366,0.3799,0.389
1993-05-30,0.3742,0.3725,0.387
1993-05-31,0.3725,0.3724,0.385
1993-06-01,0.3528,0.3648,0.3825
1993-06-02,0.3673,0.3599,0.3801
1993-06-03,0.3535,0.3567,0.378
1993-06-04,0.3402,0.3512,0.3756
1993-06-05,0.3277,0.344,0.3727
1993-06-06,0.3148,0.3354,0.3696
1993-06-07,0.3072,0.3277,0.3664
1993-06-08,0.3092,0.3218,0.3633
1993-06-09,0.3011,0.3166,0.3602
1993-06-10,0.3345,0.3153,0.3575
1993-06-11,0.384,0.3689,0.3565
1993-06-12,0.3715,0.3675,0.3554
1993-06-13,0.3751,0.366,0.3544
1993-06-14,0.3785,0.368,0.3536
1993-06-15,0.3848,0.37,0.353
1993-06-16,0.3656,0.3678,0.3518
1993-06-17,0.348,0.3595,0.3499
1993-06-18,0.3339,0.3507,0.3476
1993-06-19,0.3207,0.3411,0.345
1993-06-20,0.3111,0.3325,0.3424
1993-06-21,0.3055,0.3251,0.34
1993-06-22,0.3545,0.3255,0.3383
1993-06-23,0.3939,0.3518,0.3374
1993-06-24,0.371,0.3628,0.3366
1993-06-25,0.347,0.3552,0.335
1993-06-26,0.3298,0.3458,0.333
1993-06-27,0.3151,0.3359,0.3309
1993-06-28,0.3028,0.3265,0.3282
1993-06-29,0.3521,0.3419,0.327
1993-06-30,0.377,0.3762,0.3272
1993-07-01,0.3897,0.3786,0.3278
1993-07-02,0.3992,0.3951,0.3299
1993-07-03,0.3929,0.3975,0.3332
1993-07-04,0.375,0.3842,0.3345
1993-07-05,0.3751,0.3753,0.3344
1993-07-06,0.4014,0.3973,0.3355
1993-07-07,0.3734,0.3848,0.337
1993-07-08,0.3555,0.3712,0.3365
1993-07-09,0.3463,0.3598,0.3352
1993-07-10,0.4274,0.4182,0.3484
1993-07-11,0.4033,0.4129,0.3684
1993-07-12,0.3875,0.3982,0.3709
1993-07-13,0.3723,0.3867,0.3712
1993-07-14,0.3606,0.3764,0.3701
1993-07-15,0.349,0.3667,0.3682
1993-07-16,0.345,0.3572,0.3661
1993-07-17,0.3763,0.3577,0.3645
1993-07-18,0.3798,0.3721,0.3636
1993-07-19,0.3612,0.3674,0.3625
1993-07-20,0.3563,0.362,0.3614
1993-07-21,0.3518,0.3577,0.3599
1993-07-22,0.3406,0.3521,0.3582
1993-07-23,0.3288,0.3449,0.3562
1993-07-24,0.3184,0.3375,0.3541
1993-07-25,0.3362,0.3322,0.3522
1993-07-26,0.3215,0.3281,0.35
1993-07-27,0.3068,0.3221,0.3477
1993-07-28,0.2946,0.3152,0.3451
1993-07-29,0.283,0.3085,0.3425
1993-07-30,0.2743,0.3018,0.3396
1993-07-31,0.2803,0.2968,0.3371
1993-08-01,0.2695,0.2918,0.3347
1993-08-02,0.26,0.2868,0.3321
1993-08-03,0.255,0.282,0.3298
1993-08-04,0.2527,0.2778,0.3271
1993-08-05,0.2546,0.274,0.325
1993-08-06,0.2521,0.271,0.3228
1993-08-07,0.2454,0.267,0.3201
1993-08-08,0.2509,0.264,0.3181
1993-08-09,0.2517,0.2616,0.316
1993-08-10,0.2489,0.2597,0.3144
1993-08-11,0.2569,0.2587,0.3128
1993-08-12,0.2478,0.2565,0.3108
1993-08-13,0.2387,0.2535,0.3082
1993-08-14,0.2314,0.2506,0.3064
1993-08-15,0.2463,0.2487,0.3046
1993-08-16,0.2713,0.2488,0.3032
1993-08-17,0.2559,0.247,0.3012
1993-08-18,0.2421,0.2446,0.2991
1993-08-19,0.2304,0.242,0.2972
1993-08-20,0.2197,0.2395,0.2952
1993-08-21,0.2097,0.2365,0.2932
1993-08-22,0.204,0.2335,0.2915
1993-08-23,0.2184,0.2315,0.2898
1993-08-24,0.3144,0.2349,0.289
1993-08-25,0.3435,0.2532,0.2885
1993-08-26,0.3144,0.2603,0.2875
1993-08-27,0.3506,0.2718,0.2866
1993-08-28,0.337,0.2822,0.286
1993-08-29,0.3171,0.2854,0.2855
1993-08-30,0.2985,0.2838,0.2845
1993-08-31,0.2849,0.2813,0.2835
1993-09-01,0.2734,0.278,0.2825
1993-09-02,0.2633,0.2742,0.2815
1993-09-03,0.2538,0.2702,0.2805
1993-09-04,0.2468,0.2666,0.2794
1993-09-05,0.2415,0.2636,0.2785
1993-09-06,0.2404,0.2605,0.2775
1993-09-07,0.2722,0.2594,0.277
1993-09-08,0.3645,0.2802,0.277
1993-09-09,0.3871,0.3367,0.2778
1993-09-10,0.3637,0.3524,0.2801
1993-09-11,0.3688,0.3485,0.2817
1993-09-12,0.3601,0.3468,0.2829
1993-09-13,0.4063,0.387,0.2888
1993-09-14,0.3923,0.3858,0.2952
1993-09-15,0.3809,0.3795,0.2982
1993-09-16,0.3669,0.3707,0.3001
1993-09-17,0.3571,0.363,0.3013
1993-09-18,0.3485,0.3561,0.302
1993-09-19,0.3395,0.3487,0.302
1993-09-20,0.3323,0.3424,0.3021
1993-09-21,0.3258,0.3367,0.302
1993-09-22,0.3845,0.3648,0.3041
1993-09-23,0.4331,0.4338,0.367
1993-09-24,0.4176,0.4227,0.4231
1993-09-25,0.4068,0.4095,0.4223
1993-09-26,0.393,0.3996,0.4187
1993-09-27,0.3947,0.3929,0.4156
1993-09-28,0.3939,0.3921,0.413
1993-09-29,0.3813,0.387,0.4104
1993-09-30,0.4052,0.3945,0.4083
1993-10-01,0.412,0.4141,0.4081
1993-10-02,0.4188,0.423,0.4116
1993-10-03,0.4093,0.4154,0.413
1993-10-04,0.3982,0.409,0.4123
1993-10-05,0.4158,0.4155,0.4129
1993-10-06,0.4169,0.4209,0.4267
1993-10-07,0.4122,0.4104,0.4238
1993-10-08,0.4198,0.4242,0.4274
1993-10-09,0.3986,0.4071,0.4271
1993-10-10,0.4007,0.3971,0.4232
1993-10-11,0.4167,0.4083,0.4211
1993-10-12,0.4197,0.422,0.4294
1993-10-13,0.413,0.4129,0.4297
1993-10-14,0.4055,0.4155,0.4324
1993-10-15,0.3868,0.3946,0.4271
1993-10-16,0.3874,0.3845,0.4218
1993-10-17,0.4203,0.4252,0.4246
1993-10-18,0.408,0.4144,0.4242
1993-10-19,0.3935,0.4029,0.4207
1993-10-20,0.3815,0.392,0.4165
1993-10-21,0.377,0.3839,0.4121
1993-10-22,0.3726,0.3788,0.4079
1993-10-23,0.3751,0.3755,0.4038
1993-10-24,0.378,0.3747,0.3999
1993-10-25,0.3856,0.3758,0.3962
1993-10-26,0.3903,0.3797,0.3926
1993-10-27,0.3897,0.3823,0.3894
1993-10-28,0.3875,0.383,0.3863
1993-10-29,0.3967,0.3865,0.3838
1993-10-30,0.385,0.3873,0.3813
1993-10-31,0.3877,0.3849,0.379
1993-11-01,0.3996,0.3906,0.3772
1993-11-02,0.3974,0.3928,0.3757
1993-11-03,0.4139,0.4044,0.3759
1993-11-04,0.4103,0.4072,0.378
1993-11-05,0.4057,0.4059,0.379
1993-11-06,0.3922,0.3991,0.379
1993-11-07,0.413,0.4042,0.379
1993-11-08,0.3961,0.4028,0.3799
1993-11-09,0.3938,0.3974,0.3794
1993-11-10,0.3861,0.3927,0.3785
1993-11-11,0.4084,0.3985,0.378
1993-11-12,0.3905,0.3976,0.3777
1993-11-13,0.381,0.3913,0.3767
1993-11-14,0.3768,0.386,0.3755
1993-11-15,0.3732,0.3822,0.3741
1993-11-16,0.369,0.3785,0.3725
1993-11-17,0.3676,0.3751,0.3705
1993-11-18,0.3693,0.3727,0.3688
1993-11-19,0.3764,0.373,0.3673
1993-11-20,0.3696,0.3725,0.3655
1993-11-21,0.3651,0.3706,0.364
1993-11-22,0.3628,0.3688,0.3625
1993-11-23,0.3622,0.367,0.3611
1993-11-24,0.3944,0.373,0.3596
1993-11-25,0.4044,0.3877,0.359
1993-11-26,0.4036,0.3955,0.36
1993-11-27,0.4007,0.3966,0.361
1993-11-28,0.4005,0.3958,0.362
1993-11-29,0.3925,0.3942,0.363
1993-11-30,0.3999,0.3927,0.3632
1994-04-01,0.3288,0.3205,0.3189
1994-04-02,0.3407,0.3226,0.3175
1994-04-03,0.3344,0.3235,0.3158
1994-04-04,0.3533,0.325,0.3144
1994-04-05,0.3715,0.3365,0.3133
1994-04-06,0.3753,0.3434,0.3123
1994-04-07,0.4016,0.365,0.312
1994-04-08,0.3912,0.3842,0.3134
1994-04-09,0.3944,0.3815,0.3147
1994-04-10,0.3916,0.3821,0.3162
1994-04-11,0.387,0.3801,0.3173
1994-04-12,0.396,0.3796,0.3182
1994-04-13,0.4078,0.3902,0.3199
1994-04-14,0.4068,0.397,0.3229
1994-04-15,0.4025,0.3955,0.3261
1994-04-16,0.4047,0.3937,0.3286
1994-04-17,0.4203,0.4051,0.332
1994-04-18,0.4128,0.4078,0.338
1994-04-19,0.4018,0.3998,0.3421
1994-04-20,0.4053,0.3967,0.3447
1994-04-21,0.4053,0.3988,0.347
1994-04-22,0.3929,0.3955,0.3489
1994-04-23,0.3901,0.3879,0.3499
1994-04-24,0.4126,0.402,0.3526
1994-04-25,0.4253,0.4259,0.3809
1994-04-26,0.4141,0.4147,0.3878
1994-04-27,0.4104,0.4105,0.3906
1994-04-28,0.394,0.4031,0.3915
1994-04-29,0.378,0.3924,0.3905
1994-04-30,0.3669,0.3826,0.389
1994-05-01,0.3567,0.3734,0.387
1994-05-02,0.3459,0.364,0.3843
1994-05-03,0.3374,0.3554,0.3817
1994-05-04,0.339,0.3501,0.3794
1994-05-05,0.3372,0.3466,0.3772
1994-05-06,0.3285,0.3417,0.3747
1994-05-07,0.3201,0.3362,0.3719
1994-05-08,0.3846,0.3465,0.3696
1994-05-09,0.3956,0.3829,0.369
1994-05-10,0.3773,0.3808,0.3684
1994-05-11,0.3753,0.3755,0.3669
1994-05-12,0.4186,0.4082,0.3679
1994-05-13,0.4116,0.4097,0.3719
1994-05-14,0.4155,0.4194,0.3807
1994-05-15,0.393,0.4062,0.3864
1994-05-16,0.3796,0.394,0.3865
1994-05-17,0.3872,0.3878,0.3856
1994-05-18,0.4087,0.3948,0.3852
1994-05-19,0.3903,0.3966,0.3856
1994-05-20,0.395,0.3923,0.3847
1994-05-21,0.3969,0.391,0.384
1994-05-22,0.4072,0.4031,0.3844
1994-05-23,0.3979,0.3987,0.385
1994-05-24,0.4049,0.4034,0.3855
1994-05-25,0.3905,0.4033,0.3872
1994-05-26,0.3971,0.3964,0.3866
1994-05-27,0.3779,0.3899,0.3855
1994-05-28,0.3652,0.3798,0.3839
1994-05-29,0.3693,0.3722,0.382
1994-05-30,0.3888,0.3738,0.3802
1994-05-31,0.3793,0.3776,0.3782
1994-06-01,0.3581,0.3701,0.376
1994-06-02,0.3518,0.3625,0.3739
1994-06-03,0.3458,0.3565,0.3719
1994-06-04,0.338,0.3502,0.3695
1994-06-05,0.3349,0.3454,0.3675
1994-06-06,0.3241,0.3392,0.365
1994-06-07,0.3139,0.3325,0.3624
1994-06-08,0.3245,0.3257,0.3593
1994-06-09,0.3725,0.3384,0.3567
1994-06-10,0.3435,0.3386,0.3543
1994-06-11,0.3378,0.3355,0.3525
1994-06-12,0.3357,0.3332,0.3505
1994-06-13,0.33,0.3311,0.349
1994-06-14,0.3189,0.3266,0.3467
1994-06-15,0.3057,0.3207,0.344
1994-06-16,0.2928,0.3137,0.341
1994-06-17,0.2806,0.3059,0.3379
1994-06-18,0.2696,0.2988,0.3348
1994-06-19,0.288,0.2932,0.332
1994-06-20,0.314,0.293,0.33
1994-06-21,0.3036,0.2922,0.328
1994-06-22,0.2903,0.2894,0.3257
1994-06-23,0.2738,0.2844,0.3228
1994-06-24,0.2593,0.2787,0.3199
1994-06-25,0.2477,0.2735,0.317
1994-06-26,0.3793,0.305,0.3154
1994-06-27,0.3871,0.3528,0.315
1994-06-28,0.3655,0.3552,0.3146
1994-06-29,0.3433,0.348,0.3135
1994-06-30,0.3247,0.3385,0.3121
1994-07-01,0.3111,0.3285,0.3102
1994-07-02,0.3,0.3196,0.3082
1994-07-03,0.286,0.3105,0.3062
1994-07-04,0.2737,0.3019,0.3041
1994-07-05,0.267,0.2949,0.3022
1994-07-06,0.2594,0.2882,0.3002
1994-07-07,0.2494,0.2817,0.2985
1994-07-08,0.2417,0.2757,0.2966
1994-07-09,0.2365,0.2704,0.295
1994-07-10,0.2275,0.2644,0.293
1994-07-11,0.2188,0.2586,0.2909
1994-07-12,0.2103,0.2527,0.2885
1994-07-13,0.202,0.2475,0.2862
1994-07-14,0.2344,0.2431,0.2845
1994-07-15,0.2745,0.2423,0.283
1994-07-16,0.2553,0.2395,0.281
1994-07-17,0.243,0.2366,0.279
1994-07-18,0.2483,0.2344,0.2775
1994-07-19,0.2583,0.2335,0.2765
1994-07-20,0.261,0.233,0.2755
1994-07-21,0.2543,0.2321,0.2741
1994-07-22,0.239,0.2297,0.2725
1994-07-23,0.2388,0.227,0.271
1994-07-24,0.2541,0.226,0.2695
1994-07-25,0.2697,0.2248,0.2684
1994-07-26,0.3015,0.2293,0.2675
1994-07-27,0.2757,0.2303,0.266
1994-07-28,0.2767,0.2297,0.2645
1994-07-29,0.3275,0.2447,0.2638
1994-07-30,0.3328,0.2877,0.2634
1994-07-31,0.3157,0.2878,0.2626
1994-08-01,0.3216,0.287,0.262
1994-08-02,0.3038,0.2852,0.2615
1994-08-03,0.2845,0.2807,0.2605
1994-08-04,0.2664,0.2751,0.2595
1994-08-05,0.2513,0.2691,0.2583
1994-08-06,0.2436,0.2632,0.2571
1994-08-07,0.2481,0.2587,0.2563
1994-08-08,0.2808,0.2565,0.2555
1994-08-09,0.3067,0.2588,0.2547
1994-08-10,0.3894,0.3238,0.2548
1994-08-11,0.3658,0.3531,0.2563
1994-08-12,0.3437,0.3448,0.2572
1994-08-13,0.3758,0.3447,0.2582
1994-08-14,0.3633,0.3505,0.2591
1994-08-15,0.3401,0.342,0.26
1994-08-16,0.3252,0.3328,0.26
1994-08-17,0.3226,0.3252,0.2602
1994-08-18,0.3147,0.3192,0.2601
1994-08-19,0.3058,0.3134,0.2605
1994-08-20,0.2915,0.3058,0.2596
1994-08-21,0.2797,0.2984,0.2592
1994-08-22,0.2701,0.2915,0.2585
1994-08-23,0.2723,0.2858,0.258
1994-08-24,0.2767,0.282,0.2575
1994-08-25,0.2788,0.279,0.257
1994-08-26,0.2825,0.2771,0.257
1994-08-27,0.2706,0.2736,0.2565
1994-08-28,0.26,0.269,0.2555
1994-08-29,0.2526,0.265,0.2546
1994-08-30,0.2637,0.2612,0.254
1994-08-31,0.3431,0.2655,0.254
1994-09-01,0.3684,0.2926,0.2537
1994-09-02,0.3357,0.2994,0.2538
1994-09-03,0.3192,0.2989,0.2535
1994-09-04,0.3018,0.2954,0.253
1994-09-05,0.2884,0.291,0.2529
1994-09-06,0.2765,0.2859,0.2525
1994-09-07,0.28,0.282,0.252
1994-09-08,0.4026,0.3535,0.2531
1994-09-09,0.3862,0.3837,0.2581
1994-09-10,0.3719,0.3718,0.2615
1994-09-11,0.3612,0.3613,0.2636
1994-09-12,0.3896,0.3701,0.2655
1994-09-13,0.4215,0.4121,0.2747
1994-09-14,0.4189,0.416,0.3042
1994-09-15,0.408,0.4028,0.3153
1994-09-16,0.415,0.4059,0.321
1994-09-17,0.4047,0.4046,0.3282
1994-09-18,0.3968,0.3945,0.3324
1994-09-19,0.387,0.388,0.3351
1994-09-20,0.4086,0.3909,0.3373
1994-09-21,0.3978,0.3942,0.3406
1994-09-22,0.4251,0.421,0.3524
1994-09-23,0.4304,0.4328,0.3872
1994-09-24,0.4095,0.4209,0.422
1994-09-25,0.4007,0.4068,0.419
1994-09-26,0.3871,0.3966,0.4155
1994-09-27,0.3896,0.3885,0.4123
1994-09-28,0.3875,0.3884,0.4095
1994-09-29,0.3762,0.382,0.4069
1994-09-30,0.4172,0.42,0.4075
1994-10-01,0.4095,0.4148,0.41
1994-10-02,0.3993,0.4104,0.4095
1994-10-03,0.3905,0.4016,0.4083
1994-10-04,0.3833,0.3939,0.4065
1994-10-05,0.3735,0.386,0.4046
1994-10-06,0.3656,0.3785,0.4025
1994-10-07,0.3596,0.3719,0.4003
1994-10-08,0.3538,0.3662,0.3981
1994-10-09,0.3487,0.361,0.3959
1994-10-10,0.3723,0.36,0.3942
1994-10-11,0.3969,0.3748,0.3929
1994-10-12,0.3954,0.3838,0.392
1994-10-13,0.3775,0.3834,0.3912
1994-10-14,0.3668,0.3782,0.3897
1994-10-15,0.3587,0.372,0.3885
1994-10-16,0.3534,0.3664,0.3874
1994-10-17,0.3494,0.3617,0.3858
1994-10-18,0.3455,0.3576,0.3845
1994-10-19,0.3866,0.3757,0.3845
1994-10-20,0.4298,0.4335,0.4174
1994-10-21,0.4095,0.4147,0.4344
1994-10-22,0.3958,0.3951,0.4272
1994-10-23,0.4112,0.4122,0.4235
1994-10-24,0.3929,0.4018,0.421
1994-10-25,0.3849,0.3913,0.4183
1994-10-26,0.3839,0.3852,0.4156
1994-10-27,0.3755,0.3798,0.413
1994-10-28,0.4194,0.4138,0.4126
1994-10-29,0.3989,0.4137,0.4146
1994-10-30,0.3886,0.4022,0.4136
1994-10-31,0.3813,0.3927,0.4122
1994-11-01,0.379,0.3857,0.4105
1994-11-02,0.3769,0.3805,0.4086
1994-11-03,0.4003,0.3847,0.4072
1994-11-04,0.4275,0.4193,0.4145
1994-11-05,0.4305,0.4314,0.436
1994-11-06,0.4079,0.4146,0.433
1994-11-07,0.3949,0.3954,0.428
1994-11-08,0.3902,0.3889,0.4236
1994-11-09,0.3987,0.3897,0.4195
1994-11-10,0.3996,0.4002,0.4171
1994-11-11,0.4173,0.4162,0.4155
1994-11-12,0.3986,0.411,0.4142
1994-11-13,0.3938,0.4028,0.4115
1994-11-14,0.3851,0.3957,0.4083
1994-11-15,0.3778,0.3887,0.4045
1994-11-16,0.3804,0.3835,0.4005
1994-11-17,0.4011,0.3889,0.3968
1994-11-18,0.3885,0.391,0.3935
1994-11-19,0.3944,0.3917,0.3903
1994-11-20,0.3818,0.3896,0.3872
1994-11-21,0.3751,0.3852,0.384
1994-11-22,0.3707,0.381,0.3807
1994-11-23,0.3681,0.3772,0.3776
1994-11-24,0.3649,0.3738,0.3745
1994-11-25,0.3616,0.3707,0.3714
1994-11-26,0.3585,0.3677,0.3684
1994-11-27,0.3575,0.365,0.3655
1994-11-28,0.3572,0.3632,0.3629
1994-11-29,0.3535,0.361,0.3601
1994-11-30,0.3516,0.3588,0.3576
1995-04-01,0.3666,0.3593,0.3637
1995-04-02,0.3765,0.3627,0.3625
1995-04-03,0.3645,0.3625,0.3605
1995-04-04,0.354,0.359,0.3588
1995-04-05,0.35,0.3545,0.357
1995-04-06,0.349,0.3518,0.3553
1995-04-07,0.3401,0.3486,0.3535
1995-04-08,0.3344,0.3447,0.3517
1995-04-09,0.3271,0.3404,0.3499
1995-04-10,0.3198,0.3356,0.3479
1995-04-11,0.3132,0.3305,0.3458
1995-04-12,0.307,0.3257,0.3437
1995-04-13,0.3024,0.3214,0.3415
1995-04-14,0.2982,0.3175,0.3397
1995-04-15,0.2931,0.3136,0.3378
1995-04-16,0.298,0.3107,0.336
1995-04-17,0.3004,0.3082,0.3344
1995-04-18,0.301,0.3061,0.3325
1995-04-19,0.3465,0.3082,0.331
1995-04-20,0.3566,0.3214,0.3296
1995-04-21,0.391,0.3451,0.3288
1995-04-22,0.4103,0.4078,0.3327
1995-04-23,0.4088,0.4015,0.3371
1995-04-24,0.4311,0.426,0.3513
1995-04-25,0.4293,0.4259,0.3726
1995-04-26,0.4227,0.4214,0.3829
1995-04-27,0.4131,0.4141,0.3887
1995-04-28,0.4034,0.4073,0.391
1995-04-29,0.4008,0.4016,0.392
1995-04-30,0.3969,0.401,0.392
1995-05-01,0.3802,0.3931,0.3916
1995-05-02,0.3685,0.3836,0.3902
1995-05-03,0.3573,0.3739,0.3882
1995-05-04,0.346,0.3644,0.3861
1995-05-05,0.3359,0.3553,0.3836
1995-05-06,0.3253,0.3465,0.3807
1995-05-07,0.3152,0.3382,0.3777
1995-05-08,0.309,0.3311,0.3747
1995-05-09,0.3049,0.3252,0.3717
1995-05-10,0.3025,0.32,0.3688
1995-05-11,0.3461,0.3212,0.3664
1995-05-12,0.3958,0.3507,0.365
1995-05-13,0.3885,0.3677,0.364
1995-05-14,0.3762,0.37,0.363
1995-05-15,0.377,0.3682,0.3616
1995-05-16,0.3987,0.376,0.361
1995-05-17,0.3903,0.3845,0.3617
1995-05-18,0.4038,0.3883,0.362
1995-05-19,0.3889,0.3924,0.363
1995-05-20,0.3709,0.3829,0.3626
1995-05-21,0.358,0.3733,0.3615
1995-05-22,0.3465,0.3639,0.36
1995-05-23,0.3348,0.3546,0.3578
1995-05-24,0.3244,0.3458,0.3552
1995-05-25,0.3321,0.3389,0.3533
1995-05-26,0.4078,0.3714,0.3523
1995-05-27,0.3782,0.3796,0.3525
1995-05-28,0.3581,0.3701,0.3512
1995-05-29,0.3683,0.3647,0.3496
1995-05-30,0.3855,0.3761,0.3496
1995-05-31,0.3945,0.3774,0.3497
1995-06-01,0.3965,0.3914,0.3508
1995-06-02,0.3743,0.3826,0.3513
1995-06-03,0.3653,0.374,0.351
1995-06-04,0.3576,0.3667,0.3502
1995-06-05,0.3455,0.3588,0.3485
1995-06-06,0.3349,0.3509,0.347
1995-06-07,0.3247,0.343,0.345
1995-06-08,0.317,0.3355,0.343
1995-06-09,0.316,0.3297,0.3412
1995-06-10,0.3572,0.3308,0.34
1995-06-11,0.3865,0.3532,0.3394
1995-06-12,0.3745,0.3588,0.3386
1995-06-13,0.3604,0.3567,0.3376
1995-06-14,0.3455,0.351,0.3365
1995-06-15,0.3328,0.3442,0.335
1995-06-16,0.3221,0.3372,0.3332
1995-06-17,0.3114,0.3295,0.3312
1995-06-18,0.3071,0.323,0.3295
1995-06-19,0.2982,0.3167,0.3276
1995-06-20,0.2852,0.3087,0.325
1995-06-21,0.3009,0.3025,0.3229
1995-06-22,0.339,0.3045,0.3211
1995-06-23,0.314,0.3028,0.3191
1995-06-24,0.2981,0.2992,0.3172
1995-06-25,0.2851,0.2947,0.3152
1995-06-26,0.2713,0.2889,0.3131
1995-06-27,0.2595,0.2823,0.3107
1995-06-28,0.3247,0.2804,0.3086
1995-06-29,0.3477,0.2899,0.3075
1995-06-30,0.3313,0.2939,0.3061
1995-07-01,0.3137,0.2929,0.3042
1995-07-02,0.2968,0.2885,0.3021
1995-07-03,0.3109,0.286,0.3005
1995-07-04,0.2946,0.2838,0.299
1995-07-05,0.2905,0.2811,0.2976
1995-07-06,0.2784,0.2779,0.2961
1995-07-07,0.2648,0.2735,0.2945
1995-07-08,0.2531,0.2688,0.2928
1995-07-09,0.2403,0.2636,0.2909
1995-07-10,0.233,0.2584,0.2888
1995-07-11,0.2613,0.2549,0.2874
1995-07-12,0.3026,0.2563,0.286
1995-07-13,0.2858,0.2554,0.2845
1995-07-14,0.3023,0.255,0.2833
1995-07-15,0.3135,0.2591,0.282
1995-07-16,0.2898,0.2588,0.2805
1995-07-17,0.2696,0.2561,0.279
1995-07-18,0.2524,0.2522,0.2773
1995-07-19,0.2375,0.248,0.2755
1995-07-20,0.2235,0.2435,0.2739
1995-07-21,0.2115,0.239,0.272
1995-07-22,0.2191,0.2357,0.2706
1995-07-23,0.2291,0.2335,0.2695
1995-07-24,0.218,0.2302,0.2681
1995-07-25,0.2064,0.2266,0.2665
1995-07-26,0.1959,0.2231,0.2649
1995-07-27,0.2009,0.2202,0.2635
1995-07-28,0.1998,0.218,0.2625
1995-07-29,0.1912,0.2155,0.2609
1995-07-30,0.184,0.2125,0.2595
1995-07-31,0.1827,0.2102,0.2584
1995-08-01,0.1872,0.2085,0.2574
1995-08-02,0.1858,0.2069,0.2561
1995-08-03,0.1837,0.2048,0.2546
1995-08-04,0.2,0.2029,0.2535
1995-08-05,0.2252,0.2023,0.2526
1995-08-06,0.308,0.2064,0.252
1995-08-07,0.3346,0.246,0.2516
1995-08-08,0.326,0.2532,0.251
1995-08-09,0.3159,0.2598,0.2506
1995-08-10,0.294,0.26,0.25
1995-08-11,0.3523,0.2674,0.2496
1995-08-12,0.3218,0.274,0.2491
1995-08-13,0.302,0.2736,0.2487
1995-08-14,0.2894,0.2717,0.2483
1995-08-15,0.2767,0.269,0.248
1995-08-16,0.2645,0.2657,0.2475
1995-08-17,0.2513,0.2612,0.2465
1995-08-18,0.2813,0.2587,0.246
1995-08-19,0.3048,0.2604,0.246
1995-08-20,0.2945,0.2605,0.2455
1995-08-21,0.3143,0.261,0.245
1995-08-22,0.3533,0.271,0.245
1995-08-23,0.3666,0.2887,0.245
1995-08-24,0.3757,0.3098,0.2454
1995-08-25,0.3545,0.3214,0.246
1995-08-26,0.335,0.3195,0.246
1995-08-27,0.318,0.3148,0.2464
1995-08-28,0.3119,0.31,0.247
1995-08-29,0.3023,0.3053,0.247
1995-08-30,0.2942,0.3009,0.247
1995-08-31,0.2852,0.2961,0.247
1995-09-01,0.2777,0.2912,0.2467
1995-09-02,0.2697,0.2863,0.2465
1995-09-03,0.2631,0.2816,0.246
1995-09-04,0.2575,0.2772,0.246
1995-09-05,0.251,0.2728,0.2455
1995-09-06,0.2469,0.2691,0.245
1995-09-07,0.3069,0.2696,0.245
1995-09-08,0.3325,0.277,0.245
1995-09-09,0.3192,0.2814,0.245
1995-09-10,0.3097,0.281,0.245
1995-09-11,0.3991,0.3334,0.2455
1995-09-12,0.4212,0.3939,0.2534
1995-09-13,0.4186,0.415,0.283
1995-09-14,0.3927,0.3965,0.2945
1995-09-15,0.3772,0.3822,0.2981
1995-09-16,0.3765,0.3736,0.3003
1995-09-17,0.377,0.3694,0.3021
1995-09-18,0.4079,0.3802,0.304
1995-09-19,0.4228,0.4251,0.3332
1995-09-20,0.423,0.4208,0.3535
1995-09-21,0.4067,0.41,0.3616
1995-09-22,0.3926,0.3997,0.3652
1995-09-23,0.381,0.3911,0.3669
1995-09-24,0.3725,0.3833,0.3671
1995-09-25,0.3913,0.3812,0.3675
1995-09-26,0.383,0.3834,0.368
1995-09-27,0.3698,0.3782,0.3676
1995-09-28,0.3622,0.3726,0.3672
1995-09-29,0.3551,0.3674,0.3665
1995-09-30,0.3494,0.3624,0.3656
1995-10-01,0.3472,0.3582,0.365
1995-10-02,0.3446,0.3549,0.3644
1995-10-03,0.3541,0.353,0.3636
1995-10-04,0.3839,0.3588,0.363
1995-10-05,0.4214,0.4103,0.3697
1995-10-06,0.4152,0.4162,0.3836
1995-10-07,0.3974,0.4076,0.3869
1995-10-08,0.3838,0.3973,0.3876
1995-10-09,0.3746,0.3887,0.3869
1995-10-10,0.3681,0.3818,0.3857
1995-10-11,0.3621,0.3755,0.3846
1995-10-12,0.3565,0.3698,0.3835
1995-10-13,0.3552,0.3648,0.3822
1995-10-14,0.3918,0.3687,0.381
1995-10-15,0.4077,0.3891,0.381
1995-10-16,0.3914,0.3954,0.3818
1995-10-17,0.3779,0.3891,0.3816
1995-10-18,0.3732,0.3828,0.381
1995-10-19,0.3918,0.3843,0.3805
1995-10-20,0.3755,0.3825,0.38
1995-10-21,0.3673,0.3781,0.3795
1995-10-22,0.3625,0.3737,0.3786
1995-10-23,0.3653,0.3706,0.378
1995-10-24,0.3764,0.3704,0.3775
1995-10-25,0.3858,0.3762,0.377
1995-10-26,0.3793,0.3779,0.377
1995-10-27,0.3811,0.3792,0.377
1995-10-28,0.3716,0.3774,0.3766
1995-10-29,0.3758,0.3754,0.376
1995-10-30,0.3859,0.3772,0.376
1995-10-31,0.379,0.3793,0.376
1995-11-01,0.3692,0.3765,0.376
1995-11-02,0.3648,0.373,0.375
1995-11-03,0.3629,0.3702,0.375
1995-11-04,0.3654,0.3685,0.3744
1995-11-05,0.3586,0.3662,0.374
1995-11-06,0.3546,0.3634,0.3731
1995-11-07,0.3514,0.3605,0.3725
1995-11-08,0.348,0.3574,0.3718
1995-11-09,0.347,0.3549,0.371
1995-11-10,0.3767,0.3572,0.3705
1995-11-11,0.3999,0.3809,0.3707
1995-11-12,0.3994,0.3873,0.3713
1995-11-13,0.4109,0.4136,0.3781
1995-11-14,0.3926,0.4031,0.3817
1995-11-15,0.384,0.3952,0.383
1995-11-16,0.3994,0.3944,0.3832
1995-11-17,0.3966,0.3955,0.384
1995-11-18,0.3891,0.3945,0.3848
1995-11-19,0.3797,0.39,0.385
1995-11-20,0.3748,0.3855,0.385
1995-11-21,0.373,0.3818,0.3842
1995-11-22,0.41,0.3914,0.3841
1995-11-23,0.4099,0.4082,0.3862
1995-11-24,0.404,0.4049,0.3885
1995-11-25,0.4218,0.4115,0.3903
1995-11-26,0.4284,0.4299,0.4024
1995-11-27,0.4154,0.4205,0.42
1995-11-28,0.4068,0.411,0.418
1995-11-29,0.4097,0.4072,0.4158
1995-11-30,0.4216,0.4187,0.415
1996-04-01,0.3856,0.3725,0.4079
1996-04-02,0.3899,0.3808,0.4042
1996-04-03,0.3762,0.3794,0.4006
1996-04-04,0.37,0.3759,0.397
1996-04-05,0.3776,0.3734,0.3932
1996-04-06,0.3801,0.3735,0.3893
1996-04-07,0.3762,0.3729,0.3853
1996-04-08,0.3691,0.3704,0.3814
1996-04-09,0.361,0.3665,0.3775
1996-04-10,0.3526,0.3621,0.3737
1996-04-11,0.3458,0.3572,0.37
1996-04-12,0.3382,0.352,0.3662
1996-04-13,0.3382,0.3472,0.3626
1996-04-14,0.3476,0.3452,0.3593
1996-04-15,0.3366,0.3423,0.356
1996-04-16,0.3258,0.3377,0.3525
1996-04-17,0.384,0.3543,0.3496
1996-04-18,0.3827,0.374,0.3481
1996-04-19,0.3663,0.3702,0.3462
1996-04-20,0.3533,0.3635,0.3441
1996-04-21,0.3422,0.3566,0.3419
1996-04-22,0.3492,0.3511,0.3395
1996-04-23,0.4214,0.401,0.343
1996-04-24,0.3975,0.4078,0.3533
1996-04-25,0.3803,0.3927,0.3542
1996-04-26,0.3786,0.3832,0.3537
1996-04-27,0.4084,0.3904,0.3533
1996-04-28,0.419,0.4104,0.356
1996-04-29,0.4228,0.4208,0.3633
1996-04-30,0.414,0.4169,0.3715
1996-05-01,0.4175,0.4126,0.3753
1996-05-02,0.4142,0.4147,0.3795
1996-05-03,0.4027,0.4071,0.3819
1996-05-04,0.3883,0.3982,0.3825
1996-05-05,0.3753,0.3886,0.381
1996-05-06,0.3673,0.3803,0.3789
1996-05-07,0.3925,0.3821,0.3773
1996-05-08,0.4075,0.3981,0.3773
1996-05-09,0.4101,0.4026,0.3783
1996-05-10,0.396,0.4031,0.3799
1996-05-11,0.3924,0.3953,0.38
1996-05-12,0.4013,0.3953,0.3798
1996-05-13,0.3965,0.3965,0.38
1996-05-14,0.3809,0.3907,0.3794
1996-05-15,0.3704,0.3827,0.3775
1996-05-16,0.361,0.3748,0.3754
1996-05-17,0.3603,0.3686,0.3734
1996-05-18,0.4022,0.3759,0.372
1996-05-19,0.4206,0.4203,0.3782
1996-05-20,0.397,0.4083,0.3838
1996-05-21,0.3866,0.3962,0.3836
1996-05-22,0.3747,0.3874,0.3822
1996-05-23,0.361,0.3773,0.38
1996-05-24,0.3524,0.3678,0.3774
1996-05-25,0.3542,0.361,0.375
1996-05-26,0.355,0.3573,0.3726
1996-05-27,0.3443,0.352,0.37
1996-05-28,0.3417,0.3476,0.3675
1996-05-29,0.3276,0.3412,0.3645
1996-05-30,0.3136,0.3331,0.361
1996-05-31,0.3016,0.3248,0.3575
1996-06-01,0.3895,0.3388,0.3546
1996-06-02,0.4202,0.4127,0.3597
1996-06-03,0.4064,0.4151,0.3774
1996-06-04,0.3875,0.4005,0.3795
1996-06-05,0.3716,0.3878,0.3789
1996-06-06,0.3572,0.3756,0.3762
1996-06-07,0.3449,0.3648,0.3736
1996-06-08,0.3546,0.3559,0.3708
1996-06-09,0.3871,0.3653,0.3685
1996-06-10,0.3838,0.3791,0.3672
1996-06-11,0.3822,0.3769,0.3656
1996-06-12,0.3732,0.3728,0.364
1996-06-13,0.3574,0.3662,0.362
1996-06-14,0.3403,0.3568,0.3593
1996-06-15,0.3268,0.3469,0.3564
1996-06-16,0.3159,0.3375,0.3534
1996-06-17,0.3065,0.3288,0.3503
1996-06-18,0.3028,0.3222,0.3477
1996-06-19,0.2955,0.3157,0.3446
1996-06-20,0.2899,0.3089,0.3416
1996-06-21,0.3917,0.3335,0.3395
1996-06-22,0.3871,0.3686,0.3387
1996-06-23,0.3667,0.3655,0.3377
1996-06-24,0.356,0.3601,0.3367
1996-06-25,0.3505,0.3546,0.3357
1996-06-26,0.345,0.3498,0.3346
1996-06-27,0.3325,0.3432,0.333
1996-06-28,0.3188,0.3352,0.331
1996-06-29,0.3081,0.3275,0.3289
1996-06-30,0.2972,0.3198,0.3262
1996-07-01,0.291,0.3137,0.3245
1996-07-02,0.3088,0.3108,0.3235
1996-07-03,0.3085,0.3081,0.3217
1996-07-04,0.3088,0.3052,0.3201
1996-07-05,0.3686,0.3198,0.319
1996-07-06,0.3591,0.3425,0.3185
1996-07-07,0.3775,0.3535,0.318
1996-07-08,0.4119,0.4013,0.3204
1996-07-09,0.3829,0.39,0.3238
1996-07-10,0.3677,0.3774,0.3248
1996-07-11,0.3581,0.3677,0.3246
1996-07-12,0.3432,0.3574,0.3238
1996-07-13,0.3349,0.3482,0.3226
1996-07-14,0.3257,0.3401,0.3215
1996-07-15,0.3137,0.3315,0.3198
1996-07-16,0.3037,0.3236,0.3179
1996-07-17,0.2962,0.3165,0.316
1996-07-18,0.2858,0.3092,0.314
1996-07-19,0.2729,0.3011,0.3119
1996-07-20,0.2617,0.2937,0.3094
1996-07-21,0.2518,0.2865,0.3071
1996-07-22,0.243,0.2798,0.305
1996-07-23,0.2357,0.2737,0.303
1996-07-24,0.2439,0.2692,0.3012
1996-07-25,0.2449,0.2652,0.2992
1996-07-26,0.2407,0.261,0.2972
1996-07-27,0.2959,0.2598,0.2958
1996-07-28,0.3375,0.2706,0.2946
1996-07-29,0.309,0.2732,0.2932
1996-07-30,0.2876,0.2708,0.2915
1996-07-31,0.2697,0.2672,0.2899
1996-08-01,0.257,0.2632,0.2881
1996-08-02,0.2742,0.2606,0.2867
1996-08-03,0.2947,0.2611,0.2856
1996-08-04,0.2766,0.2595,0.2844
1996-08-05,0.3384,0.2633,0.283
1996-08-06,0.3597,0.285,0.283
1996-08-07,0.3792,0.3037,0.2825
1996-08-08,0.3937,0.3413,0.2821
1996-08-09,0.3689,0.3693,0.2838
1996-08-10,0.3639,0.3598,0.2849
1996-08-11,0.3887,0.3614,0.286
1996-08-12,0.371,0.3626,0.287
1996-08-13,0.3531,0.3553,0.288
1996-08-14,0.3416,0.3478,0.288
1996-08-15,0.3308,0.3403,0.2883
1996-08-16,0.318,0.332,0.2877
1996-08-17,0.3058,0.3234,0.2872
1996-08-18,0.2947,0.3153,0.2864
1996-08-19,0.2848,0.3078,0.2854
1996-08-20,0.2775,0.3013,0.2844
1996-08-21,0.2892,0.297,0.2835
1996-08-22,0.3049,0.2951,0.283
1996-08-23,0.2953,0.2925,0.2824
1996-08-24,0.2863,0.289,0.2815
1996-08-25,0.2772,0.2855,0.2805
1996-08-26,0.2853,0.2832,0.28
1996-08-27,0.3406,0.289,0.28
1996-08-28,0.3593,0.314,0.28
1996-08-29,0.3343,0.3158,0.2799
1996-08-30,0.3222,0.314,0.2795
1996-08-31,0.313,0.3111,0.279
1996-09-01,0.3032,0.3072,0.2788
1996-09-02,0.2968,0.3035,0.2784
1996-09-03,0.3198,0.3015,0.278
1996-09-04,0.3504,0.3084,0.278
1996-09-05,0.3271,0.3092,0.2775
1996-09-06,0.3109,0.3062,0.277
1996-09-07,0.2973,0.3018,0.2765
1996-09-08,0.2859,0.297,0.2756
1996-09-09,0.2772,0.2923,0.275
1996-09-10,0.2702,0.2881,0.2745
1996-09-11,0.2635,0.2835,0.2735
1996-09-12,0.2573,0.2792,0.2727
1996-09-13,0.2562,0.276,0.272
1996-09-14,0.2529,0.2731,0.272
1996-09-15,0.2486,0.2699,0.2714
1996-09-16,0.2435,0.2665,0.2705
1996-09-17,0.2432,0.2636,0.27
1996-09-18,0.2664,0.2627,0.27
1996-09-19,0.3965,0.2926,0.27
1996-09-20,0.3786,0.34,0.2705
1996-09-21,0.3926,0.3515,0.2715
1996-09-22,0.3976,0.3751,0.2742
1996-09-23,0.3788,0.3729,0.2771
1996-09-24,0.3633,0.3651,0.2792
1996-09-25,0.3824,0.3628,0.2809
1996-09-26,0.3775,0.3686,0.2829
1996-09-27,0.3667,0.3637,0.2848
1996-09-28,0.3582,0.3582,0.2861
1996-09-29,0.3466,0.3514,0.287
1996-09-30,0.3382,0.3447,0.2875
1996-10-01,0.391,0.368,0.2887
1996-10-02,0.3926,0.385,0.2927
1996-10-03,0.3795,0.3785,0.2958
1996-10-04,0.3651,0.3698,0.2978
1996-10-05,0.3593,0.3625,0.299
1996-10-06,0.3567,0.3575,0.3001
1996-10-07,0.3532,0.3535,0.301
1996-10-08,0.3553,0.3507,0.3019
1996-10-09,0.3571,0.3495,0.3027
1996-10-10,0.3568,0.3481,0.303
1996-10-11,0.3505,0.3467,0.304
1996-10-12,0.345,0.344,0.304
1996-10-13,0.3706,0.345,0.3046
1996-10-14,0.4136,0.3771,0.3059
1996-10-15,0.4262,0.4248,0.329
1996-10-16,0.4069,0.4094,0.3462
1996-10-17,0.3927,0.398,0.3507
1996-10-18,0.3829,0.39,0.3531
1996-10-19,0.3769,0.3836,0.3547
1996-10-20,0.3701,0.3782,0.3554
1996-10-21,0.3657,0.3735,0.356
1996-10-22,0.3621,0.3696,0.356
1996-10-23,0.3551,0.3649,0.356
1996-10-24,0.35,0.3607,0.3556
1996-10-25,0.3466,0.3569,0.355
1996-10-26,0.343,0.3535,0.355
1996-10-27,0.3397,0.3504,0.3544
1996-10-28,0.3384,0.3477,0.354
1996-10-29,0.3368,0.3451,0.3534
1996-10-30,0.3385,0.3435,0.353
1996-10-31,0.3347,0.3415,0.3525
1996-11-01,0.3331,0.3396,0.352
1996-11-02,0.331,0.3381,0.3514
1996-11-03,0.3276,0.336,0.3506
1996-11-04,0.33,0.3344,0.35
1996-11-05,0.3844,0.3518,0.35
1996-11-06,0.3655,0.359,0.35
1996-11-07,0.3587,0.3582,0.35
1996-11-08,0.3564,0.3573,0.35
1996-11-09,0.3505,0.3552,0.35
1996-11-10,0.3561,0.3541,0.35
1996-11-11,0.419,0.4021,0.3578
1996-11-12,0.4307,0.4329,0.3929
1996-11-13,0.4181,0.4203,0.4294
1996-11-14,0.4043,0.4058,0.4252
1996-11-15,0.3962,0.3967,0.4212
1996-11-16,0.4232,0.413,0.4192
1996-11-17,0.4238,0.4276,0.4225
1996-11-18,0.4165,0.4266,0.4275
1996-11-19,0.3997,0.409,0.4251
1996-11-20,0.4022,0.3998,0.4218
1996-11-21,0.3919,0.395,0.4189
1996-11-22,0.4019,0.3947,0.4163
1996-11-23,0.3917,0.3925,0.4143
1996-11-24,0.3847,0.3885,0.4123
1996-11-25,0.4056,0.3936,0.4105
1996-11-26,0.4173,0.4192,0.4112
1996-11-27,0.4106,0.4154,0.4121
1996-11-28,0.4047,0.4165,0.413
1996-11-29,0.3997,0.407,0.413
1996-11-30,0.4247,0.427,0.4215
1997-04-01,0.2642,0.2807,0.2975
1997-04-02,0.2588,0.2778,0.2964
1997-04-03,0.2539,0.2749,0.2948
1997-04-04,0.2519,0.2725,0.2938
1997-04-05,0.2487,0.2703,0.2927
1997-04-06,0.2462,0.2685,0.292
1997-04-07,0.2428,0.2665,0.2908
1997-04-08,0.2376,0.2633,0.2896
1997-04-09,0.2337,0.2608,0.2885
1997-04-10,0.229,0.2578,0.2875
1997-04-11,0.2236,0.2547,0.286
1997-04-12,0.2188,0.252,0.2846
1997-04-13,0.2149,0.2494,0.2835
1997-04-14,0.2109,0.2466,0.2825
1997-04-15,0.2071,0.244,0.2814
1997-04-16,0.2038,0.2414,0.28
1997-04-17,0.2007,0.239,0.2787
1997-04-18,0.199,0.237,0.2776
1997-04-19,0.2016,0.2348,0.277
1997-04-20,0.2175,0.2336,0.276
1997-04-21,0.2128,0.2325,0.2754
1997-04-22,0.208,0.2309,0.2744
1997-04-23,0.2031,0.229,0.2733
1997-04-24,0.1983,0.2269,0.2717
1997-04-25,0.1941,0.2245,0.2706
1997-04-26,0.2246,0.223,0.27
1997-04-27,0.2814,0.2249,0.2693
1997-04-28,0.2858,0.2278,0.269
1997-04-29,0.2797,0.2305,0.2684
1997-04-30,0.2737,0.2318,0.2676
1997-05-01,0.2604,0.2315,0.2666
1997-05-02,0.2462,0.2301,0.2655
1997-05-03,0.2385,0.228,0.2645
1997-05-04,0.2736,0.2278,0.2635
1997-05-05,0.3662,0.244,0.263
1997-05-06,0.3865,0.3002,0.263
1997-05-07,0.3629,0.3195,0.2639
1997-05-08,0.3535,0.323,0.264
1997-05-09,0.3783,0.3298,0.2645
1997-05-10,0.3647,0.3397,0.2653
1997-05-11,0.3498,0.3373,0.266
1997-05-12,0.3838,0.3421,0.2668
1997-05-13,0.3949,0.3584,0.2682
1997-05-14,0.3716,0.3598,0.2697
1997-05-15,0.3505,0.3514,0.2705
1997-05-16,0.3423,0.3428,0.271
1997-05-17,0.3558,0.3385,0.2713
1997-05-18,0.3682,0.3419,0.272
1997-05-19,0.3543,0.3407,0.2728
1997-05-20,0.3707,0.3417,0.273
1997-05-21,0.3512,0.3408,0.2736
1997-05-22,0.3357,0.335,0.274
1997-05-23,0.3233,0.3285,0.2736
1997-05-24,0.3124,0.3211,0.2733
1997-05-25,0.31,0.315,0.273
1997-05-26,0.3237,0.3108,0.2725
1997-05-27,0.3037,0.3047,0.2715
1997-05-28,0.2863,0.2975,0.2704
1997-05-29,0.2709,0.2898,0.269
1997-05-30,0.2581,0.2826,0.2675
1997-05-31,0.2473,0.2758,0.2665
1997-06-01,0.3565,0.2882,0.266
1997-06-02,0.3923,0.3523,0.2668
1997-06-03,0.3728,0.3555,0.2685
1997-06-04,0.3654,0.3511,0.2694
1997-06-05,0.4052,0.3645,0.2708
1997-06-06,0.381,0.374,0.2736
1997-06-07,0.3591,0.3626,0.2751
1997-06-08,0.3465,0.3519,0.276
1997-06-09,0.3316,0.3412,0.276
1997-06-10,0.3163,0.3309,0.2756
1997-06-11,0.306,0.3213,0.275
1997-06-12,0.3025,0.314,0.2745
1997-06-13,0.3066,0.308,0.274
1997-06-14,0.3655,0.313,0.2736
1997-06-15,0.3384,0.317,0.2726
1997-06-16,0.3547,0.3162,0.2725
1997-06-17,0.3572,0.3262,0.2725
1997-06-18,0.3297,0.3221,0.272
1997-06-19,0.3171,0.3162,0.2715
1997-06-20,0.3079,0.3106,0.271
1997-06-21,0.3509,0.3111,0.271
1997-06-22,0.3818,0.3403,0.271
1997-06-23,0.356,0.3406,0.2715
1997-06-24,0.3436,0.3365,0.272
1997-06-25,0.3328,0.3302,0.272
1997-06-26,0.33,0.3255,0.272
1997-06-27,0.3287,0.3221,0.272
1997-06-28,0.3341,0.3179,0.2717
1997-06-29,0.4142,0.3814,0.2733
1997-06-30,0.4054,0.392,0.2783
1997-07-01,0.3856,0.3856,0.2827
1997-07-02,0.4058,0.3851,0.2855
1997-07-03,0.41,0.4114,0.299
1997-07-04,0.4042,0.4007,0.3059
1997-07-05,0.4058,0.4005,0.3116
1997-07-06,0.3872,0.3897,0.3155
1997-07-07,0.3682,0.3769,0.317
1997-07-08,0.3517,0.365,0.3173
1997-07-09,0.3381,0.3539,0.3166
1997-07-10,0.3599,0.3482,0.316
1997-07-11,0.379,0.3547,0.316
1997-07-12,0.3637,0.3553,0.316
1997-07-13,0.343,0.348,0.3155
1997-07-14,0.3343,0.3398,0.3145
1997-07-15,0.3278,0.3329,0.3132
1997-07-16,0.3131,0.3256,0.3116
1997-07-17,0.3511,0.3281,0.311
1997-07-18,0.3702,0.3528,0.311
1997-07-19,0.3545,0.3496,0.311
1997-07-20,0.3423,0.3445,0.3105
1997-07-21,0.3248,0.3362,0.3095
1997-07-22,0.3117,0.328,0.3085
1997-07-23,0.3056,0.3207,0.3072
1997-07-24,0.3346,0.3171,0.306
1997-07-25,0.3472,0.3212,0.306
1997-07-26,0.3294,0.32,0.3052
1997-07-27,0.3115,0.3147,0.3036
1997-07-28,0.2967,0.3085,0.3025
1997-07-29,0.2864,0.3023,0.301
1997-07-30,0.2765,0.2962,0.2995
1997-07-31,0.266,0.2903,0.298
1997-08-01,0.2555,0.2842,0.2965
1997-08-02,0.2476,0.2788,0.2951
1997-08-03,0.2416,0.2737,0.2935
1997-08-04,0.2359,0.2684,0.292
1997-08-05,0.2578,0.2638,0.2905
1997-08-06,0.3284,0.2655,0.2895
1997-08-07,0.3522,0.2793,0.2886
1997-08-08,0.3211,0.2841,0.2876
1997-08-09,0.298,0.2822,0.2865
1997-08-10,0.2802,0.2781,0.285
1997-08-11,0.3536,0.2959,0.284
1997-08-12,0.3534,0.3205,0.284
1997-08-13,0.3279,0.3177,0.2835
1997-08-14,0.3123,0.3126,0.2825
1997-08-15,0.3014,0.3074,0.2816
1997-08-16,0.2988,0.3027,0.281
1997-08-17,0.2941,0.2989,0.2805
1997-08-18,0.2834,0.294,0.2796
1997-08-19,0.2763,0.2892,0.2787
1997-08-20,0.2698,0.2848,0.2777
1997-08-21,0.2986,0.2817,0.277
1997-08-22,0.3305,0.2868,0.2765
1997-08-23,0.3092,0.2867,0.2756
1997-08-24,0.2934,0.2841,0.2746
1997-08-25,0.2795,0.2805,0.2738
1997-08-26,0.276,0.2774,0.2734
1997-08-27,0.3004,0.2791,0.273
1997-08-28,0.3983,0.3588,0.2737
1997-08-29,0.3745,0.3683,0.2762
1997-08-30,0.3563,0.359,0.2779
1997-08-31,0.3407,0.349,0.2786
1997-09-01,0.3547,0.3425,0.279
1997-09-02,0.4126,0.3886,0.2815
1997-09-03,0.3877,0.3875,0.2861
1997-09-04,0.3696,0.3751,0.2889
1997-09-05,0.354,0.3633,0.29
1997-09-06,0.3516,0.3536,0.291
1997-09-07,0.3537,0.3489,0.291
1997-09-08,0.3382,0.3425,0.2912
1997-09-09,0.3253,0.3352,0.291
1997-09-10,0.3142,0.3278,0.2905
1997-09-11,0.3045,0.3209,0.29
1997-09-12,0.3049,0.3155,0.2895
1997-09-13,0.3531,0.3171,0.2895
1997-09-14,0.3365,0.3193,0.2894
1997-09-15,0.3217,0.3168,0.289
1997-09-16,0.3112,0.3132,0.2885
1997-09-17,0.3008,0.3088,0.2876
1997-09-18,0.2912,0.3038,0.287
1997-09-19,0.283,0.2988,0.2864
1997-09-20,0.2775,0.2942,0.2855
1997-09-21,0.3036,0.2918,0.285
1997-09-22,0.345,0.2957,0.2845
1997-09-23,0.3463,0.3039,0.2841
1997-09-24,0.3248,0.305,0.2837
1997-09-25,0.31,0.3027,0.2834
1997-09-26,0.2985,0.2995,0.2825
1997-09-27,0.2895,0.2959,0.282
1997-09-28,0.2825,0.2925,0.2814
1997-09-29,0.2762,0.2888,0.2806
1997-09-30,0.2698,0.2853,0.28
1997-10-01,0.2635,0.2816,0.2795
1997-10-02,0.258,0.2784,0.2786
1997-10-03,0.2531,0.2747,0.278
1997-10-04,0.248,0.2715,0.2775
1997-10-05,0.2445,0.2685,0.2766
1997-10-06,0.3318,0.2786,0.276
1997-10-07,0.4047,0.3925,0.2797
1997-10-08,0.384,0.3839,0.2848
1997-10-09,0.3693,0.3733,0.2877
1997-10-10,0.3686,0.3656,0.2896
1997-10-11,0.3653,0.3616,0.2912
1997-10-12,0.3677,0.3576,0.2924
1997-10-13,0.3682,0.3572,0.2937
1997-10-14,0.3659,0.3555,0.2948
1997-10-15,0.3617,0.3541,0.2958
1997-10-16,0.3598,0.3525,0.2969
1997-10-17,0.3527,0.35,0.2978
1997-10-18,0.3569,0.348,0.2985
1997-10-19,0.354,0.3475,0.2991
1997-10-20,0.3513,0.3459,0.3
1997-10-21,0.3658,0.3465,0.3008
1997-10-22,0.365,0.3485,0.3013
1997-10-23,0.3987,0.3598,0.3023
1997-10-24,0.3815,0.3727,0.304
1997-10-25,0.3654,0.3674,0.3057
1997-10-26,0.3564,0.3613,0.3068
1997-10-27,0.3494,0.3558,0.3078
1997-10-28,0.3516,0.3517,0.3081
1997-10-29,0.3542,0.3501,0.309
1997-10-30,0.3463,0.3474,0.3091
1997-10-31,0.3409,0.3443,0.31
1997-11-01,0.3368,0.3415,0.31
1997-11-02,0.3336,0.3387,0.31
1997-11-03,0.3393,0.3368,0.3109
1997-11-04,0.3904,0.3471,0.311
1997-11-05,0.4207,0.3917,0.3142
1997-11-06,0.4289,0.4291,0.3466
1997-11-07,0.4119,0.4189,0.3716
1997-11-08,0.4019,0.4062,0.3758
1997-11-09,0.4065,0.4105,0.3784
1997-11-10,0.4009,0.4044,0.3808
1997-11-11,0.4078,0.403,0.3822
1997-11-12,0.4085,0.4098,0.3845
1997-11-13,0.396,0.403,0.386
1997-11-14,0.3887,0.3969,0.3862
1997-11-15,0.3846,0.3918,0.386
1997-11-16,0.3818,0.3876,0.3859
1997-11-17,0.3794,0.3844,0.385
1997-11-18,0.3772,0.3818,0.3845
1997-11-19,0.402,0.3866,0.384
1997-11-20,0.3987,0.3937,0.384
1997-11-21,0.3898,0.3938,0.384
1997-11-22,0.3807,0.3898,0.384
1997-11-23,0.3789,0.3859,0.384
1997-11-24,0.3748,0.3826,0.3835
1997-11-25,0.413,0.394,0.3833
1997-11-26,0.4248,0.4183,0.3891
1997-11-27,0.4101,0.415,0.3943
1997-11-28,0.4062,0.4087,0.396
1997-11-29,0.4018,0.4075,0.397
1997-11-30,0.3966,0.4024,0.397
1998-04-01,0.382,0.3405,0.329
1998-04-02,0.3816,0.3617,0.329
1998-04-03,0.3726,0.3643,0.3286
1998-04-04,0.3954,0.3849,0.329
1998-04-05,0.3918,0.3858,0.3308
1998-04-06,0.383,0.382,0.332
1998-04-07,0.4013,0.3906,0.3335
1998-04-08,0.3877,0.3903,0.3357
1998-04-09,0.394,0.3851,0.3372
1998-04-10,0.4055,0.3933,0.3389
1998-04-11,0.3923,0.3915,0.341
1998-04-12,0.3905,0.3863,0.3425
1998-04-13,0.3863,0.3837,0.3437
1998-04-14,0.386,0.3802,0.344
1998-04-15,0.417,0.4097,0.3514
1998-04-16,0.4156,0.4141,0.3672
1998-04-17,0.4202,0.4167,0.3729
1998-04-18,0.4035,0.409,0.3778
1998-04-19,0.4079,0.4042,0.38
1998-04-20,0.4166,0.4102,0.3822
1998-04-21,0.413,0.4124,0.3859
1998-04-22,0.3987,0.405,0.388
1998-04-23,0.3863,0.396,0.3884
1998-04-24,0.376,0.3884,0.3876
1998-04-25,0.3665,0.3803,0.3865
1998-04-26,0.3785,0.3754,0.3854
1998-04-27,0.4271,0.4239,0.389
1998-04-28,0.4169,0.4189,0.3966
1998-04-29,0.4185,0.4187,0.4005
1998-04-30,0.4245,0.4317,0.426
1998-05-01,0.4185,0.4178,0.4305
1998-05-02,0.4207,0.4195,0.427
1998-05-03,0.4116,0.4221,0.4261
1998-05-04,0.4059,0.4089,0.4239
1998-05-05,0.3882,0.3972,0.4209
1998-05-06,0.3754,0.3855,0.4175
1998-05-07,0.3626,0.375,0.4138
1998-05-08,0.3519,0.3658,0.41
1998-05-09,0.3406,0.3575,0.4062
1998-05-10,0.3291,0.3491,0.402
1998-05-11,0.3179,0.3411,0.3976
1998-05-12,0.3084,0.3339,0.3931
1998-05-13,0.3013,0.3272,0.3884
1998-05-14,0.2957,0.3213,0.3837
1998-05-15,0.3405,0.3208,0.3796
1998-05-16,0.3496,0.3301,0.376
1998-05-17,0.3254,0.3269,0.372
1998-05-18,0.3088,0.322,0.3679
1998-05-19,0.2963,0.3161,0.3638
1998-05-20,0.2878,0.3107,0.3599
1998-05-21,0.283,0.306,0.3564
1998-05-22,0.2783,0.302,0.3528
1998-05-23,0.2709,0.2975,0.3493
1998-05-24,0.2631,0.2927,0.3456
1998-05-25,0.2589,0.2887,0.3423
1998-05-26,0.2581,0.2856,0.3394
1998-05-27,0.3149,0.2887,0.3368
1998-05-28,0.4172,0.3883,0.3392
1998-05-29,0.394,0.3979,0.3453
1998-05-30,0.3961,0.3902,0.3467
1998-05-31,0.4143,0.4237,0.3713
1998-06-01,0.3892,0.4035,0.3824
1998-06-02,0.3818,0.3924,0.3825
1998-06-03,0.3948,0.3886,0.3815
1998-06-04,0.3898,0.3888,0.3802
1998-06-05,0.366,0.3796,0.3781
1998-06-06,0.3793,0.3736,0.376
1998-06-07,0.4004,0.389,0.3746
1998-06-08,0.3743,0.3845,0.3735
1998-06-09,0.3587,0.3744,0.3713
1998-06-10,0.3839,0.3722,0.3696
1998-06-11,0.3802,0.3752,0.3683
1998-06-12,0.3797,0.3739,0.3667
1998-06-13,0.3647,0.3698,0.3652
1998-06-14,0.3568,0.3645,0.3635
1998-06-15,0.3494,0.3586,0.3617
1998-06-16,0.3386,0.3517,0.3591
1998-06-17,0.3258,0.3435,0.3565
1998-06-18,0.3142,0.3351,0.3536
1998-06-19,0.3026,0.3263,0.3505
1998-06-20,0.2909,0.3178,0.347
1998-06-21,0.2788,0.3093,0.3435
1998-06-22,0.2843,0.3029,0.3405
1998-06-23,0.2912,0.299,0.3378
1998-06-24,0.2773,0.2937,0.3346
1998-06-25,0.3071,0.2912,0.332
1998-06-26,0.4045,0.3404,0.3304
1998-06-27,0.3987,0.3846,0.3308
1998-06-28,0.3801,0.3856,0.332
1998-06-29,0.3593,0.3721,0.3315
1998-06-30,0.35,0.3609,0.3305
1998-07-01,0.3597,0.3535,0.3291
1998-07-02,0.3839,0.3598,0.3278
1998-07-03,0.3886,0.3845,0.3288
1998-07-04,0.3703,0.3756,0.3291
1998-07-05,0.3507,0.3641,0.3285
1998-07-06,0.3347,0.3526,0.327
1998-07-07,0.3521,0.3457,0.3255
1998-07-08,0.3608,0.3468,0.3247
1998-07-09,0.3414,0.3427,0.3235
1998-07-10,0.3241,0.335,0.3219
1998-07-11,0.3131,0.3281,0.3202
1998-07-12,0.3008,0.3203,0.3181
1998-07-13,0.2942,0.3129,0.3161
1998-07-14,0.2908,0.3071,0.3142
1998-07-15,0.2788,0.3008,0.3122
1998-07-16,0.2684,0.2943,0.3101
1998-07-17,0.2587,0.288,0.3081
1998-07-18,0.249,0.2813,0.306
1998-07-19,0.2388,0.275,0.3037
1998-07-20,0.2288,0.2684,0.3011
1998-07-21,0.2218,0.2626,0.299
1998-07-22,0.2212,0.2577,0.297
1998-07-23,0.2127,0.2527,0.2949
1998-07-24,0.2049,0.2477,0.2923
1998-07-25,0.1983,0.2432,0.2902
1998-07-26,0.2053,0.2394,0.2883
1998-07-27,0.3578,0.2537,0.287
1998-07-28,0.3324,0.2743,0.2864
1998-07-29,0.3029,0.2747,0.2849
1998-07-30,0.2838,0.2719,0.2835
1998-07-31,0.2953,0.2699,0.2823
1998-08-01,0.3664,0.282,0.282
1998-08-02,0.369,0.304,0.282
1998-08-03,0.3638,0.3152,0.2815
1998-08-04,0.3708,0.3309,0.2812
1998-08-05,0.3434,0.3298,0.2806
1998-08-06,0.3209,0.3234,0.2799
1998-08-07,0.3034,0.3154,0.2791
1998-08-08,0.289,0.3074,0.278
1998-08-09,0.2756,0.2995,0.2766
1998-08-10,0.2637,0.2918,0.2755
1998-08-11,0.2625,0.2849,0.2745
1998-08-12,0.2819,0.2804,0.2734
1998-08-13,0.3041,0.2787,0.2726
1998-08-14,0.3038,0.2781,0.2716
1998-08-15,0.2832,0.275,0.2705
1998-08-16,0.2712,0.2714,0.2695
1998-08-17,0.2691,0.268,0.2685
1998-08-18,0.273,0.2653,0.268
1998-08-19,0.2667,0.263,0.2671
1998-08-20,0.2539,0.2595,0.2662
1998-08-21,0.2437,0.2562,0.2654
1998-08-22,0.2453,0.2537,0.2646
1998-08-23,0.2569,0.2522,0.264
1998-08-24,0.2533,0.25,0.2634
1998-08-25,0.2534,0.248,0.2626
1998-08-26,0.2419,0.2452,0.2615
1998-08-27,0.2312,0.242,0.2605
1998-08-28,0.2238,0.2393,0.2597
1998-08-29,0.2168,0.2368,0.259
1998-08-30,0.2099,0.2337,0.2584
1998-08-31,0.2044,0.231,0.2574
1998-09-01,0.2003,0.2285,0.2565
1998-09-02,0.1947,0.2256,0.2555
1998-09-03,0.3004,0.2266,0.2546
1998-09-04,0.3102,0.2312,0.254
1998-09-05,0.3576,0.2651,0.254
1998-09-06,0.316,0.2717,0.2535
1998-09-07,0.3408,0.2765,0.253
1998-09-08,0.3597,0.306,0.253
1998-09-09,0.3303,0.3083,0.253
1998-09-10,0.3445,0.3113,0.2531
1998-09-11,0.3992,0.3742,0.2553
1998-09-12,0.3908,0.3754,0.2587
1998-09-13,0.396,0.3776,0.262
1998-09-14,0.3792,0.3728,0.2651
1998-09-15,0.3684,0.3653,0.2675
1998-09-16,0.3617,0.3585,0.2695
1998-09-17,0.3529,0.3525,0.2708
1998-09-18,0.3403,0.3452,0.2718
1998-09-19,0.3293,0.3377,0.272
1998-09-20,0.32,0.3305,0.272
1998-09-21,0.3123,0.3241,0.272
1998-09-22,0.3055,0.3184,0.272
1998-09-23,0.3026,0.3137,0.272
1998-09-24,0.3653,0.3171,0.2723
1998-09-25,0.3564,0.325,0.273
1998-09-26,0.4117,0.375,0.2766
1998-09-27,0.4057,0.4042,0.2932
1998-09-28,0.4,0.3946,0.299
1998-09-29,0.3876,0.3853,0.3028
1998-09-30,0.4152,0.3983,0.3065
1998-10-01,0.4096,0.3977,0.3118
1998-10-02,0.4175,0.4092,0.3178
1998-10-03,0.4068,0.4068,0.3259
1998-10-04,0.4,0.3965,0.3308
1998-10-05,0.3919,0.391,0.3341
1998-10-06,0.4151,0.4013,0.3375
1998-10-07,0.3969,0.3995,0.3422
1998-10-08,0.391,0.3918,0.3453
1998-10-09,0.3794,0.3853,0.3473
1998-10-10,0.3725,0.3791,0.3486
1998-10-11,0.3681,0.3742,0.3491
1998-10-12,0.3688,0.3703,0.35
1998-10-13,0.3612,0.3667,0.35
1998-10-14,0.354,0.3625,0.35
1998-10-15,0.3486,0.3582,0.3496
1998-10-16,0.3443,0.3544,0.3491
1998-10-17,0.3596,0.3529,0.349
1998-10-18,0.3902,0.3638,0.349
1998-10-19,0.3719,0.368,0.3497
1998-10-20,0.364,0.366,0.35
1998-10-21,0.3567,0.3627,0.35
1998-10-22,0.3539,0.3599,0.35
1998-10-23,0.3522,0.3575,0.35
1998-10-24,0.3512,0.355,0.35
1998-10-25,0.3802,0.3581,0.3499
1998-10-26,0.3698,0.362,0.35
1998-10-27,0.3634,0.3618,0.35
1998-10-28,0.3558,0.3598,0.35
1998-10-29,0.3579,0.3582,0.35
1998-10-30,0.3575,0.3575,0.35
1998-10-31,0.3544,0.3564,0.35
1998-11-01,0.3535,0.355,0.35
1998-11-02,0.3558,0.3545,0.35
1998-11-03,0.3644,0.3554,0.35
1998-11-04,0.3632,0.3568,0.35
1998-11-05,0.3557,0.3565,0.35
1998-11-06,0.3499,0.3547,0.35
1998-11-07,0.3458,0.3525,0.3495
1998-11-08,0.343,0.3503,0.349
1998-11-09,0.3421,0.3482,0.349
1998-11-10,0.3827,0.3536,0.349
1998-11-11,0.373,0.3628,0.349
1998-11-12,0.3668,0.363,0.3493
1998-11-13,0.3657,0.363,0.35
1998-11-14,0.3833,0.3659,0.35
1998-11-15,0.3754,0.3694,0.3509
1998-11-16,0.3674,0.3685,0.351
1998-11-17,0.3612,0.3662,0.3518
1998-11-18,0.3573,0.3637,0.352
1998-11-19,0.3548,0.3615,0.352
1998-11-20,0.3526,0.3596,0.352
1998-11-21,0.3513,0.358,0.3527
1998-11-22,0.3502,0.3565,0.353
1998-11-23,0.3501,0.3553,0.353
1998-11-24,0.3494,0.3543,0.353
1998-11-25,0.3581,0.3538,0.353
1998-11-26,0.3618,0.3553,0.353
1998-11-27,0.377,0.3576,0.353
1998-11-28,0.3842,0.367,0.353
1998-11-29,0.3921,0.374,0.3539
1998-11-30,0.3767,0.3757,0.3547
1999-04-01,0.3729,0.3825,0.388
1999-04-02,0.3718,0.3778,0.3865
1999-04-03,0.3721,0.375,0.3849
1999-04-04,0.372,0.3735,0.3833
1999-04-05,0.3598,0.3692,0.3813
1999-04-06,0.3512,0.3636,0.3791
1999-04-07,0.3617,0.3598,0.3772
1999-04-08,0.3798,0.364,0.3755
1999-04-09,0.3751,0.3674,0.3738
1999-04-10,0.3645,0.3656,0.372
1999-04-11,0.3653,0.3635,0.3702
1999-04-12,0.3682,0.3627,0.3686
1999-04-13,0.38,0.3658,0.3674
1999-04-14,0.3843,0.3693,0.3662
1999-04-15,0.4019,0.3901,0.366
1999-04-16,0.3913,0.3884,0.366
1999-04-17,0.3955,0.3875,0.3657
1999-04-18,0.3941,0.3886,0.3657
1999-04-19,0.3975,0.389,0.366
1999-04-20,0.4138,0.3989,0.3665
1999-04-21,0.4159,0.4103,0.3694
1999-04-22,0.4048,0.4047,0.3721
1999-04-23,0.4082,0.4044,0.3741
1999-04-24,0.3931,0.401,0.3759
1999-04-25,0.378,0.3908,0.3757
1999-04-26,0.4143,0.4022,0.3758
1999-04-27,0.4137,0.4135,0.3804
1999-04-28,0.4033,0.4084,0.3836
1999-04-29,0.3971,0.4005,0.3848
1999-04-30,0.388,0.3951,0.3847
1999-05-01,0.375,0.387,0.3836
1999-05-02,0.3675,0.3794,0.3821
1999-05-03,0.4079,0.396,0.3817
1999-05-04,0.423,0.4302,0.4088
1999-05-05,0.4027,0.4167,0.4245
1999-05-06,0.3879,0.3998,0.4215
1999-05-07,0.3834,0.3874,0.4179
1999-05-08,0.4223,0.4184,0.4172
1999-05-09,0.3953,0.4128,0.4201
1999-05-10,0.3801,0.3951,0.4172
1999-05-11,0.3693,0.3823,0.4139
1999-05-12,0.3598,0.3725,0.4106
1999-05-13,0.35,0.3637,0.407
1999-05-14,0.3607,0.3582,0.4039
1999-05-15,0.3916,0.3658,0.4012
1999-05-16,0.3695,0.3683,0.3985
1999-05-17,0.4037,0.3939,0.398
1999-05-18,0.4213,0.424,0.4333
1999-05-19,0.4192,0.4223,0.4329
1999-05-20,0.4092,0.4081,0.4301
1999-05-21,0.4201,0.4113,0.4267
1999-05-22,0.3987,0.4052,0.4245
1999-05-23,0.382,0.3913,0.4212
1999-05-24,0.3653,0.3781,0.4167
1999-05-25,0.3514,0.3666,0.4111
1999-05-26,0.3394,0.3568,0.405
1999-05-27,0.329,0.348,0.3987
1999-05-28,0.3252,0.341,0.3925
1999-05-29,0.312,0.3337,0.3862
1999-05-30,0.3033,0.3268,0.38
1999-05-31,0.3,0.3212,0.3744
1999-06-01,0.2967,0.3165,0.3689
1999-06-02,0.2993,0.3118,0.3636
1999-06-03,0.3032,0.3082,0.3587
1999-06-04,0.3145,0.3065,0.3542
1999-06-05,0.3491,0.3146,0.3502
1999-06-06,0.404,0.396,0.3487
1999-06-07,0.3959,0.3907,0.3484
1999-06-08,0.391,0.3929,0.3478
1999-06-09,0.3684,0.3807,0.3463
1999-06-10,0.3607,0.3706,0.3445
1999-06-11,0.351,0.3627,0.3421
1999-06-12,0.3385,0.3538,0.3395
1999-06-13,0.3272,0.345,0.3365
1999-06-14,0.3183,0.3367,0.3335
1999-06-15,0.3258,0.3316,0.3311
1999-06-16,0.3253,0.3279,0.3287
1999-06-17,0.311,0.3222,0.3257
1999-06-18,0.298,0.3152,0.3228
1999-06-19,0.2861,0.3083,0.3199
1999-06-20,0.2761,0.3015,0.317
1999-06-21,0.275,0.2964,0.3148
1999-06-22,0.2695,0.2917,0.3122
1999-06-23,0.2595,0.2858,0.3096
1999-06-24,0.249,0.2791,0.3066
1999-06-25,0.242,0.2732,0.3039
1999-06-26,0.2645,0.2691,0.3016
1999-06-27,0.2984,0.2683,0.2998
1999-06-28,0.3131,0.2704,0.298
1999-06-29,0.2925,0.2693,0.2959
1999-06-30,0.2788,0.2667,0.2939
1999-07-01,0.2619,0.2627,0.2912
1999-07-02,0.2457,0.2577,0.289
1999-07-03,0.2318,0.2527,0.2863
1999-07-04,0.22,0.2477,0.2841
1999-07-05,0.3411,0.2767,0.2826
1999-07-06,0.3558,0.3268,0.2822
1999-07-07,0.3401,0.325,0.2816
1999-07-08,0.3273,0.3212,0.2807
1999-07-09,0.3093,0.3147,0.2796
1999-07-10,0.2972,0.3083,0.2787
1999-07-11,0.3174,0.3043,0.278
1999-07-12,0.3443,0.3079,0.2775
1999-07-13,0.3214,0.306,0.2765
1999-07-14,0.3091,0.3018,0.2755
1999-07-15,0.2939,0.2967,0.2745
1999-07-16,0.2799,0.2911,0.2735
1999-07-17,0.2659,0.2846,0.272
1999-07-18,0.2533,0.2778,0.2705
1999-07-19,0.2443,0.272,0.2694
1999-07-20,0.2362,0.2666,0.268
1999-07-21,0.2293,0.2612,0.2666
1999-07-22,0.2223,0.2561,0.2655
1999-07-23,0.2167,0.2519,0.2645
1999-07-24,0.2108,0.2476,0.2632
1999-07-25,0.2032,0.2426,0.2616
1999-07-26,0.1954,0.2375,0.2602
1999-07-27,0.1947,0.233,0.2586
1999-07-28,0.1998,0.2298,0.2576
1999-07-29,0.235,0.228,0.257
1999-07-30,0.2687,0.2285,0.2565
1999-07-31,0.2539,0.2274,0.2555
1999-08-01,0.255,0.2261,0.2545
1999-08-02,0.2745,0.226,0.2537
1999-08-03,0.292,0.2277,0.253
1999-08-04,0.2898,0.2303,0.2526
1999-08-05,0.3004,0.2322,0.252
1999-08-06,0.3317,0.2419,0.2515
1999-08-07,0.3416,0.2783,0.251
1999-08-08,0.378,0.3006,0.2507
1999-08-09,0.3587,0.3142,0.251
1999-08-10,0.3635,0.3237,0.251
1999-08-11,0.334,0.3217,0.251
1999-08-12,0.3208,0.3164,0.2515
1999-08-13,0.31,0.3111,0.2516
1999-08-14,0.2958,0.3044,0.2513
1999-08-15,0.2838,0.298,0.251
1999-08-16,0.3428,0.3111,0.251
1999-08-17,0.3565,0.3389,0.252
1999-08-18,0.3479,0.335,0.2527
1999-08-19,0.3599,0.3333,0.2537
1999-08-20,0.3713,0.3395,0.254
1999-08-21,0.341,0.335,0.255
1999-08-22,0.3218,0.327,0.255
1999-08-23,0.3095,0.319,0.255
1999-08-24,0.3,0.312,0.2548
1999-08-25,0.2881,0.3048,0.2545
1999-08-26,0.315,0.3004,0.254
1999-08-27,0.3356,0.3035,0.2544
1999-08-28,0.3263,0.3021,0.2541
1999-08-29,0.3259,0.3016,0.254
1999-08-30,0.3067,0.2985,0.254
1999-08-31,0.2925,0.2942,0.2535
1999-09-01,0.2802,0.289,0.253
1999-09-02,0.2689,0.2837,0.2525
1999-09-03,0.3404,0.2891,0.2523
1999-09-04,0.3565,0.3148,0.253
1999-09-05,0.3353,0.315,0.253
1999-09-06,0.3345,0.315,0.2534
1999-09-07,0.3266,0.3137,0.254
1999-09-08,0.3126,0.3098,0.254
1999-09-09,0.3014,0.305,0.254
1999-09-10,0.2909,0.2997,0.2535
1999-09-11,0.2805,0.2942,0.2531
1999-09-12,0.2719,0.2888,0.2529
1999-09-13,0.2643,0.2837,0.2525
1999-09-14,0.273,0.2803,0.252
1999-09-15,0.3253,0.2818,0.2521
1999-09-16,0.322,0.2862,0.2525
1999-09-17,0.3238,0.2865,0.252
1999-09-18,0.3235,0.2892,0.252
1999-09-19,0.3853,0.3297,0.2528
1999-09-20,0.4032,0.407,0.2743
1999-09-21,0.3843,0.3877,0.2805
1999-09-22,0.3819,0.3775,0.284
1999-09-23,0.4053,0.3865,0.2872
1999-09-24,0.3911,0.387,0.292
1999-09-25,0.4088,0.4008,0.2975
1999-09-26,0.4037,0.4088,0.3117
1999-09-27,0.3955,0.3929,0.3168
1999-09-28,0.3988,0.3947,0.3205
1999-09-29,0.3782,0.3846,0.3231
1999-09-30,0.39,0.3799,0.3248
1999-10-01,0.3833,0.3802,0.3267
1999-10-02,0.3757,0.375,0.3281
1999-10-03,0.4027,0.3817,0.3296
1999-10-04,0.3868,0.383,0.3316
1999-10-05,0.3763,0.3782,0.333
1999-10-06,0.3645,0.3718,0.334
1999-10-07,0.3562,0.3653,0.3342
1999-10-08,0.3495,0.3594,0.3344
1999-10-09,0.3439,0.3543,0.3342
1999-10-10,0.339,0.3497,0.334
1999-10-11,0.334,0.3452,0.3336
1999-10-12,0.3297,0.341,0.333
1999-10-13,0.3873,0.3476,0.333
1999-10-14,0.3881,0.367,0.3337
1999-10-15,0.3704,0.3677,0.3341
1999-10-16,0.3603,0.364,0.335
1999-10-17,0.3578,0.3599,0.335
1999-10-18,0.4072,0.3855,0.3363
1999-10-19,0.4203,0.4137,0.3439
1999-10-20,0.4232,0.4202,0.3562
1999-10-21,0.4164,0.4258,0.4164
1999-10-22,0.4118,0.4132,0.4184
1999-10-23,0.408,0.4209,0.4245
1999-10-24,0.4155,0.4107,0.4212
1999-10-25,0.4083,0.4196,0.4215
1999-10-26,0.3971,0.4067,0.4191
1999-10-27,0.3841,0.3953,0.4162
1999-10-28,0.3755,0.386,0.4131
1999-10-29,0.3693,0.3789,0.4103
1999-10-30,0.3673,0.3737,0.4077
1999-10-31,0.3694,0.3709,0.4052
1999-11-01,0.363,0.368,0.403
1999-11-02,0.3862,0.3693,0.4012
1999-11-03,0.4105,0.4026,0.4001
1999-11-04,0.3895,0.4008,0.4005
1999-11-05,0.3829,0.3943,0.3998
1999-11-06,0.3984,0.3931,0.399
1999-11-07,0.3878,0.3937,0.3985
1999-11-08,0.3801,0.3893,0.398
1999-11-09,0.3812,0.3855,0.397
1999-11-10,0.3847,0.3844,0.3965
1999-11-11,0.3798,0.3828,0.3958
1999-11-12,0.411,0.3942,0.3951
1999-11-13,0.4246,0.4311,0.4128
1999-11-14,0.4238,0.4282,0.427
1999-11-15,0.4023,0.4139,0.4255
1999-11-16,0.3912,0.3998,0.4224
1999-11-17,0.3818,0.3898,0.4192
1999-11-18,0.386,0.3862,0.4162
1999-11-19,0.393,0.4015,0.4145
1999-11-20,0.3843,0.3939,0.413
1999-11-21,0.3788,0.3873,0.4115
1999-11-22,0.3744,0.382,0.4097
1999-11-23,0.3779,0.3782,0.4079
1999-11-24,0.3779,0.377,0.4064
1999-11-25,0.3782,0.3756,0.4046
1999-11-26,0.3887,0.3769,0.4032
1999-11-27,0.4003,0.3856,0.402
1999-11-28,0.3978,0.3912,0.401
1999-11-29,0.3982,0.3949,0.4005
1999-11-30,0.3945,0.3951,0.4
2000-04-01,0.3897,0.3782,0.3471
2000-04-02,0.3875,0.3784,0.348
2000-04-03,0.4208,0.4011,0.3492
2000-04-04,0.4238,0.4214,0.3605
2000-04-05,0.4179,0.4148,0.3691
2000-04-06,0.4007,0.4072,0.3737
2000-04-07,0.3886,0.3973,0.3754
2000-04-08,0.3793,0.3892,0.3756
2000-04-09,0.3837,0.3843,0.375
2000-04-10,0.396,0.3867,0.3754
2000-04-11,0.4054,0.3933,0.376
2000-04-12,0.3996,0.3979,0.377
2000-04-13,0.4044,0.3969,0.378
2000-04-14,0.4056,0.3994,0.3791
2000-04-15,0.4079,0.4147,0.3833
2000-04-16,0.4155,0.4152,0.3878
2000-04-17,0.4185,0.4229,0.4036
2000-04-18,0.4068,0.4122,0.4055
2000-04-19,0.3978,0.4045,0.4047
2000-04-20,0.3836,0.395,0.4035
2000-04-21,0.3748,0.3859,0.4015
2000-04-22,0.3665,0.3783,0.3997
2000-04-23,0.406,0.4059,0.4013
2000-04-24,0.4034,0.4146,0.4083
2000-04-25,0.3914,0.4025,0.4075
2000-04-26,0.3802,0.3925,0.4057
2000-04-27,0.3921,0.387,0.4038
2000-04-28,0.4248,0.4259,0.4086
2000-04-29,0.41,0.4173,0.4124
2000-04-30,0.397,0.4091,0.4116
2000-05-01,0.3913,0.3973,0.41
2000-05-02,0.406,0.3973,0.4084
2000-05-03,0.4002,0.4032,0.4072
2000-05-04,0.3815,0.3939,0.4052
2000-05-05,0.373,0.3835,0.4032
2000-05-06,0.3889,0.3798,0.4015
2000-05-07,0.4053,0.3939,0.4004
2000-05-08,0.4006,0.4066,0.4004
2000-05-09,0.3965,0.4001,0.4001
2000-05-10,0.4235,0.4181,0.4021
2000-05-11,0.4142,0.4243,0.4166
2000-05-12,0.3955,0.4085,0.4168
2000-05-13,0.391,0.3958,0.414
2000-05-14,0.3823,0.3884,0.4115
2000-05-15,0.3656,0.3781,0.4085
2000-05-16,0.3504,0.3671,0.4048
2000-05-17,0.3857,0.3701,0.4023
2000-05-18,0.3826,0.3873,0.4006
2000-05-19,0.368,0.3793,0.3987
2000-05-20,0.3568,0.371,0.3962
2000-05-21,0.3464,0.3626,0.3935
2000-05-22,0.3372,0.3544,0.3904
2000-05-23,0.3271,0.3464,0.3868
2000-05-24,0.318,0.3388,0.3833
2000-05-25,0.3148,0.3335,0.38
2000-05-26,0.3138,0.329,0.3767
2000-05-27,0.385,0.3477,0.3735
2000-05-28,0.3656,0.3538,0.3712
2000-05-29,0.3557,0.3535,0.369
2000-05-30,0.3425,0.349,0.3664
2000-05-31,0.3372,0.3453,0.3643
2000-06-01,0.3287,0.3403,0.3617
2000-06-02,0.3138,0.3322,0.3585
2000-06-03,0.3011,0.3241,0.3547
2000-06-04,0.2906,0.3161,0.3513
2000-06-05,0.3032,0.3101,0.348
2000-06-06,0.3817,0.3298,0.3457
2000-06-07,0.3482,0.3354,0.3436
2000-06-08,0.3277,0.3308,0.341
2000-06-09,0.315,0.3247,0.3382
2000-06-10,0.3686,0.3412,0.3368
2000-06-11,0.4245,0.422,0.348
2000-06-12,0.3962,0.4065,0.3558
2000-06-13,0.395,0.398,0.3575
2000-06-14,0.4082,0.4059,0.3604
2000-06-15,0.3887,0.3974,0.3622
2000-06-16,0.3675,0.3832,0.3613
2000-06-17,0.3507,0.3702,0.3592
2000-06-18,0.3366,0.3583,0.3568
2000-06-19,0.3239,0.3473,0.354
2000-06-20,0.3106,0.3367,0.3509
2000-06-21,0.2985,0.3268,0.3478
2000-06-22,0.304,0.3197,0.3452
2000-06-23,0.3103,0.3158,0.3429
2000-06-24,0.2981,0.311,0.3402
2000-06-25,0.2953,0.3075,0.3382
2000-06-26,0.2877,0.3033,0.3358
2000-06-27,0.2779,0.2975,0.333
2000-06-28,0.273,0.2925,0.3301
2000-06-29,0.2654,0.288,0.3279
2000-06-30,0.2565,0.2831,0.3251
2000-07-01,0.2507,0.278,0.3222
2000-07-02,0.2445,0.2732,0.3197
2000-07-03,0.2646,0.2695,0.3175
2000-07-04,0.345,0.2765,0.3157
2000-07-05,0.3109,0.2792,0.3132
2000-07-06,0.2875,0.2763,0.311
2000-07-07,0.2683,0.2722,0.3082
2000-07-08,0.2656,0.2692,0.3065
2000-07-09,0.2603,0.267,0.3049
2000-07-10,0.2811,0.2664,0.304
2000-07-11,0.3076,0.2686,0.303
2000-07-12,0.3151,0.2718,0.3018
2000-07-13,0.3003,0.2732,0.3006
2000-07-14,0.2995,0.274,0.3
2000-07-15,0.3082,0.2758,0.2991
2000-07-16,0.3009,0.2765,0.2978
2000-07-17,0.2865,0.2749,0.2965
2000-07-18,0.2709,0.2712,0.2947
2000-07-19,0.2568,0.2668,0.2929
2000-07-20,0.2443,0.2622,0.291
2000-07-21,0.2328,0.2575,0.289
2000-07-22,0.2225,0.2525,0.287
2000-07-23,0.22,0.2486,0.2854
2000-07-24,0.3492,0.255,0.2844
2000-07-25,0.3456,0.2665,0.2834
2000-07-26,0.3511,0.2859,0.2825
2000-07-27,0.3174,0.2879,0.2812
2000-07-28,0.3101,0.2863,0.2797
2000-07-29,0.2924,0.2833,0.2786
2000-07-30,0.2774,0.2792,0.2776
2000-07-31,0.2631,0.2745,0.2765
2000-08-01,0.2493,0.2687,0.2747
2000-08-02,0.2509,0.2646,0.2737
2000-08-03,0.2664,0.2627,0.273
2000-08-04,0.263,0.261,0.2725
2000-08-05,0.2674,0.2591,0.2716
2000-08-06,0.2838,0.2586,0.271
2000-08-07,0.2727,0.2571,0.2704
2000-08-08,0.2603,0.2546,0.2695
2000-08-09,0.2497,0.2516,0.2684
2000-08-10,0.2394,0.2485,0.2671
2000-08-11,0.2291,0.245,0.2656
2000-08-12,0.246,0.242,0.265
2000-08-13,0.2926,0.2421,0.2644
2000-08-14,0.3114,0.247,0.2635
2000-08-15,0.2858,0.2478,0.2625
2000-08-16,0.2655,0.2456,0.2615
2000-08-17,0.3015,0.2449,0.2604
2000-08-18,0.3383,0.2545,0.2596
2000-08-19,0.3005,0.2579,0.2586
2000-08-20,0.2782,0.256,0.2576
2000-08-21,0.3142,0.2712,0.257
2000-08-22,0.3392,0.3102,0.2575
2000-08-23,0.3149,0.3063,0.257
2000-08-24,0.2979,0.3005,0.2565
2000-08-25,0.2848,0.2943,0.256
2000-08-26,0.2747,0.2885,0.2555
2000-08-27,0.2778,0.284,0.255
2000-08-28,0.2674,0.2793,0.2545
2000-08-29,0.2573,0.2745,0.2536
2000-08-30,0.3067,0.2757,0.253
2000-08-31,0.3857,0.3449,0.2541
2000-09-01,0.3523,0.3441,0.255
2000-09-02,0.3379,0.3373,0.256
2000-09-03,0.3358,0.3322,0.2567
2000-09-04,0.3288,0.3275,0.257
2000-09-05,0.3168,0.3217,0.2573
2000-09-06,0.3058,0.3153,0.2574
2000-09-07,0.2985,0.3095,0.2571
2000-09-08,0.29,0.3039,0.257
2000-09-09,0.2807,0.2976,0.2568
2000-09-10,0.272,0.2916,0.2565
2000-09-11,0.2635,0.2857,0.2556
2000-09-12,0.2729,0.2807,0.255
2000-09-13,0.2898,0.2785,0.255
2000-09-14,0.2794,0.2757,0.2545
2000-09-15,0.2693,0.2725,0.254
2000-09-16,0.2631,0.2694,0.2535
2000-09-17,0.2552,0.2657,0.253
2000-09-18,0.2477,0.2625,0.2525
2000-09-19,0.3309,0.2864,0.2521
2000-09-20,0.4156,0.3952,0.2563
2000-09-21,0.3916,0.3937,0.2645
2000-09-22,0.3718,0.3774,0.2687
2000-09-23,0.3576,0.3651,0.2708
2000-09-24,0.3471,0.3552,0.2722
2000-09-25,0.3422,0.3476,0.2732
2000-09-26,0.335,0.341,0.274
2000-09-27,0.3415,0.3362,0.2747
2000-09-28,0.3672,0.3375,0.2752
2000-09-29,0.4287,0.4201,0.3044
2000-09-30,0.3983,0.408,0.3343
2000-10-01,0.384,0.3925,0.3382
2000-10-02,0.3928,0.3869,0.3404
2000-10-03,0.381,0.3835,0.3422
2000-10-04,0.369,0.3769,0.343
2000-10-05,0.3631,0.3705,0.344
2000-10-06,0.363,0.3663,0.344
2000-10-07,0.3561,0.3624,0.344
2000-10-08,0.35,0.3584,0.344
2000-10-09,0.3459,0.3545,0.344
2000-10-10,0.3793,0.357,0.344
2000-10-11,0.4113,0.3875,0.3447
2000-10-12,0.4116,0.4062,0.3487
2000-10-13,0.4216,0.4215,0.3591
2000-10-14,0.4165,0.4236,0.389
2000-10-15,0.4203,0.429,0.4108
2000-10-16,0.4116,0.4187,0.417
2000-10-17,0.402,0.4112,0.4155
2000-10-18,0.3891,0.4014,0.4132
2000-10-19,0.3795,0.3916,0.4107
2000-10-20,0.3832,0.385,0.4083
2000-10-21,0.4001,0.3902,0.4065
2000-10-22,0.3847,0.3898,0.4048
2000-10-23,0.3761,0.3847,0.4033
2000-10-24,0.3708,0.3799,0.4015
2000-10-25,0.3648,0.3747,0.3997
2000-10-26,0.3617,0.3703,0.3979
2000-10-27,0.3575,0.3665,0.3962
2000-10-28,0.3528,0.3625,0.3944
2000-10-29,0.3563,0.3598,0.3926
2000-10-30,0.3579,0.359,0.3913
2000-10-31,0.402,0.3777,0.39
2000-11-01,0.3826,0.3836,0.3895
2000-11-02,0.3854,0.3825,0.389
2000-11-03,0.3994,0.3919,0.389
2000-11-04,0.3909,0.3916,0.389
2000-11-05,0.3927,0.3913,0.389
2000-11-06,0.4133,0.422,0.3999
2000-11-07,0.4082,0.4122,0.4043
2000-11-08,0.4002,0.4076,0.405
2000-11-09,0.4029,0.4042,0.4045
2000-11-10,0.3969,0.4019,0.404
2000-11-11,0.3928,0.3981,0.4033
2000-11-12,0.4189,0.4082,0.4036
2000-11-13,0.4264,0.427,0.4117
2000-11-14,0.4097,0.4196,0.418
2000-11-15,0.394,0.4061,0.4166
2000-11-16,0.3854,0.396,0.4143
2000-11-17,0.3785,0.3882,0.4121
2000-11-18,0.3737,0.382,0.4099
2000-11-19,0.388,0.3801,0.4078
2000-11-20,0.3986,0.3888,0.4064
2000-11-21,0.3886,0.389,0.4053
2000-11-22,0.3995,0.3895,0.4041
2000-11-23,0.4257,0.4246,0.4114
2000-11-24,0.4091,0.4201,0.42
2000-11-25,0.3992,0.4072,0.4187
2000-11-26,0.4121,0.4064,0.4171
2000-11-27,0.4028,0.4055,0.4157
2000-11-28,0.3954,0.4006,0.4145
2000-11-29,0.3994,0.397,0.4131
2000-11-30,0.4023,0.3987,0.4119
2001-04-01,0.3748,0.3851,0.3841
2001-04-02,0.3671,0.379,0.3818
2001-04-03,0.3661,0.3742,0.3794
2001-04-04,0.3854,0.3745,0.3775
2001-04-05,0.3828,0.381,0.3757
2001-04-06,0.3784,0.3778,0.3736
2001-04-07,0.412,0.4055,0.3735
2001-04-08,0.4084,0.4042,0.3748
2001-04-09,0.4025,0.4022,0.376
2001-04-10,0.4016,0.3997,0.3769
2001-04-11,0.4053,0.3996,0.377
2001-04-12,0.3991,0.3987,0.3771
2001-04-13,0.3867,0.3933,0.377
2001-04-14,0.3762,0.3865,0.3759
2001-04-15,0.3716,0.3804,0.3745
2001-04-16,0.3905,0.3804,0.373
2001-04-17,0.3799,0.382,0.3716
2001-04-18,0.3698,0.377,0.3701
2001-04-19,0.378,0.3742,0.3685
2001-04-20,0.3752,0.3741,0.367
2001-04-21,0.3698,0.3718,0.3655
2001-04-22,0.3693,0.369,0.3638
2001-04-23,0.3888,0.371,0.3623
2001-04-24,0.3993,0.3811,0.3613
2001-04-25,0.4073,0.3936,0.361
2001-04-26,0.3856,0.3913,0.361
2001-04-27,0.3795,0.383,0.3605
2001-04-28,0.3747,0.3782,0.3594
2001-04-29,0.3664,0.3722,0.3576
2001-04-30,0.3944,0.3795,0.357
2001-05-01,0.4074,0.4174,0.3632
2001-05-02,0.4261,0.4226,0.3721
2001-05-03,0.4126,0.4183,0.3945
2001-05-04,0.416,0.4141,0.3975
2001-05-05,0.4152,0.4231,0.4076
2001-05-06,0.4047,0.4128,0.4109
2001-05-07,0.3989,0.4066,0.4102
2001-05-08,0.3914,0.3995,0.4093
2001-05-09,0.381,0.3908,0.4075
2001-05-10,0.3881,0.385,0.4057
2001-05-11,0.3878,0.3851,0.4042
2001-05-12,0.3682,0.3778,0.4019
2001-05-13,0.3565,0.3688,0.3991
2001-05-14,0.3622,0.363,0.3966
2001-05-15,0.4063,0.3783,0.3946
2001-05-16,0.3982,0.3879,0.3934
2001-05-17,0.4136,0.4073,0.3934
2001-05-18,0.3926,0.4073,0.3953
2001-05-19,0.3765,0.3938,0.3941
2001-05-20,0.367,0.3826,0.392
2001-05-21,0.3972,0.3826,0.3902
2001-05-22,0.4144,0.4112,0.3909
2001-05-23,0.4138,0.4227,0.3983
2001-05-24,0.4098,0.4184,0.4036
2001-05-25,0.4054,0.4135,0.4059
2001-05-26,0.3911,0.4038,0.4055
2001-05-27,0.3763,0.392,0.404
2001-05-28,0.362,0.3794,0.4015
2001-05-29,0.347,0.3669,0.3981
2001-05-30,0.3342,0.3555,0.3945
2001-05-31,0.3302,0.3467,0.3908
2001-06-01,0.3269,0.3404,0.3874
2001-06-02,0.3162,0.3345,0.3837
2001-06-03,0.3161,0.3299,0.3804
2001-06-04,0.3065,0.3243,0.3766
2001-06-05,0.297,0.3186,0.3725
2001-06-06,0.2984,0.3145,0.369
2001-06-07,0.2922,0.3103,0.3654
2001-06-08,0.2861,0.3056,0.3617
2001-06-09,0.412,0.3505,0.3594
2001-06-10,0.4168,0.3991,0.36
2001-06-11,0.397,0.4066,0.3638
2001-06-12,0.3747,0.3902,0.3641
2001-06-13,0.3622,0.3773,0.3625
2001-06-14,0.3524,0.3672,0.3603
2001-06-15,0.348,0.3578,0.358
2001-06-16,0.4004,0.3864,0.3563
2001-06-17,0.384,0.3847,0.3562
2001-06-18,0.383,0.3802,0.356
2001-06-19,0.3678,0.3745,0.355
2001-06-20,0.3498,0.3648,0.353
2001-06-21,0.334,0.3539,0.3502
2001-06-22,0.3199,0.343,0.3474
2001-06-23,0.3072,0.3327,0.3443
2001-06-24,0.2991,0.3237,0.3411
2001-06-25,0.2936,0.316,0.3384
2001-06-26,0.2812,0.3078,0.335
2001-06-27,0.2747,0.3006,0.332
2001-06-28,0.2811,0.2963,0.33
2001-06-29,0.2703,0.2911,0.327
2001-06-30,0.2578,0.2849,0.3239
2001-07-01,0.2465,0.2787,0.321
2001-07-02,0.2362,0.2727,0.3179
2001-07-03,0.2288,0.2666,0.3149
2001-07-04,0.2353,0.2626,0.3125
2001-07-05,0.2406,0.2598,0.3105
2001-07-06,0.2789,0.2587,0.3085
2001-07-07,0.3397,0.2673,0.3075
2001-07-08,0.3171,0.2729,0.306
2001-07-09,0.3182,0.2737,0.3042
2001-07-10,0.3342,0.2806,0.3026
2001-07-11,0.3099,0.2817,0.301
2001-07-12,0.2935,0.28,0.2992
2001-07-13,0.2768,0.276,0.2972
2001-07-14,0.3246,0.2772,0.2958
2001-07-15,0.4222,0.3995,0.299
2001-07-16,0.3919,0.3983,0.3068
2001-07-17,0.3735,0.3824,0.3095
2001-07-18,0.3867,0.3763,0.3109
2001-07-19,0.365,0.3688,0.3112
2001-07-20,0.3648,0.3618,0.312
2001-07-21,0.3488,0.3545,0.3115
2001-07-22,0.3312,0.3446,0.3102
2001-07-23,0.3222,0.3354,0.309
2001-07-24,0.3161,0.3282,0.3076
2001-07-25,0.303,0.3206,0.3062
2001-07-26,0.2926,0.3132,0.3046
2001-07-27,0.3254,0.3085,0.3034
2001-07-28,0.3697,0.3268,0.3025
2001-07-29,0.3648,0.3513,0.3022
2001-07-30,0.3429,0.3447,0.3015
2001-07-31,0.3234,0.3354,0.3005
2001-08-01,0.307,0.3258,0.2991
2001-08-02,0.2942,0.317,0.2975
2001-08-03,0.3718,0.3289,0.297
2001-08-04,0.3627,0.3507,0.297
2001-08-05,0.3395,0.3438,0.2965
2001-08-06,0.328,0.3365,0.296
2001-08-07,0.318,0.3296,0.2955
2001-08-08,0.329,0.3235,0.2946
2001-08-09,0.3701,0.3294,0.294
2001-08-10,0.3687,0.3489,0.2945
2001-08-11,0.3427,0.3436,0.2941
2001-08-12,0.3255,0.3353,0.2935
2001-08-13,0.3111,0.3266,0.2925
2001-08-14,0.2982,0.3182,0.2915
2001-08-15,0.2868,0.31,0.2904
2001-08-16,0.2989,0.3048,0.2893
2001-08-17,0.3713,0.3128,0.289
2001-08-18,0.3638,0.3295,0.289
2001-08-19,0.3658,0.3332,0.289
2001-08-20,0.3561,0.3362,0.289
2001-08-21,0.337,0.3326,0.2887
2001-08-22,0.3199,0.3259,0.2884
2001-08-23,0.306,0.3187,0.2875
2001-08-24,0.2938,0.3112,0.2865
2001-08-25,0.282,0.3038,0.2854
2001-08-26,0.2715,0.2968,0.284
2001-08-27,0.2661,0.2905,0.2826
2001-08-28,0.2639,0.2852,0.2816
2001-08-29,0.2949,0.2812,0.2805
2001-08-30,0.3368,0.2866,0.28
2001-08-31,0.3178,0.2886,0.2795
2001-09-01,0.3139,0.2888,0.279
2001-09-02,0.3056,0.2882,0.2785
2001-09-03,0.2907,0.2856,0.2775
2001-09-04,0.2851,0.2828,0.277
2001-09-05,0.2863,0.281,0.2764
2001-09-06,0.2768,0.2785,0.2756
2001-09-07,0.2705,0.2756,0.275
2001-09-08,0.263,0.2726,0.2744
2001-09-09,0.2643,0.2703,0.2737
2001-09-10,0.2619,0.2681,0.273
2001-09-11,0.255,0.2657,0.2725
2001-09-12,0.2484,0.263,0.2717
2001-09-13,0.2428,0.2604,0.271
2001-09-14,0.2447,0.2577,0.2705
2001-09-15,0.244,0.256,0.27
2001-09-16,0.2426,0.254,0.2694
2001-09-17,0.2617,0.253,0.269
2001-09-18,0.2774,0.2538,0.269
2001-09-19,0.2853,0.2548,0.269
2001-09-20,0.2882,0.2565,0.2687
2001-09-21,0.2808,0.257,0.2684
2001-09-22,0.3786,0.2809,0.268
2001-09-23,0.4195,0.3919,0.2718
2001-09-24,0.4045,0.4019,0.2827
2001-09-25,0.385,0.3878,0.288
2001-09-26,0.3705,0.3759,0.2909
2001-09-27,0.3585,0.3658,0.2927
2001-09-28,0.355,0.3584,0.2937
2001-09-29,0.4117,0.381,0.2955
2001-09-30,0.3956,0.4037,0.304
2001-10-01,0.3801,0.3874,0.3084
2001-10-02,0.3814,0.3789,0.3109
2001-10-03,0.3933,0.3786,0.313
2001-10-04,0.3932,0.3871,0.3158
2001-10-05,0.3766,0.3794,0.3181
2001-10-06,0.3817,0.3756,0.3199
2001-10-07,0.4128,0.4174,0.3325
2001-10-08,0.3957,0.3996,0.3398
2001-10-09,0.4133,0.4054,0.344
2001-10-10,0.4017,0.4085,0.3513
2001-10-11,0.384,0.3948,0.3547
2001-10-12,0.3733,0.3848,0.356
2001-10-13,0.3644,0.3768,0.3562
2001-10-14,0.3585,0.3703,0.3562
2001-10-15,0.3535,0.365,0.356
2001-10-16,0.3487,0.3605,0.3556
2001-10-17,0.3496,0.3568,0.355
2001-10-18,0.4137,0.3984,0.3623
2001-10-19,0.4264,0.4237,0.382
2001-10-20,0.4286,0.4318,0.4138
2001-10-21,0.4012,0.4118,0.426
2001-10-22,0.3862,0.3964,0.4212
2001-10-23,0.3973,0.391,0.4172
2001-10-24,0.3918,0.3942,0.4145
2001-10-25,0.3787,0.3873,0.4119
2001-10-26,0.3713,0.3805,0.4092
2001-10-27,0.3754,0.3762,0.407
2001-10-28,0.3842,0.3776,0.4049
2001-10-29,0.3747,0.3767,0.403
2001-10-30,0.3653,0.3725,0.4011
2001-10-31,0.3618,0.3684,0.3992
2001-11-01,0.3635,0.366,0.3975
2001-11-02,0.3565,0.3633,0.3956
2001-11-03,0.3515,0.3601,0.394
2001-11-04,0.3476,0.3571,0.3924
2001-11-05,0.3459,0.3545,0.3906
2001-11-06,0.3481,0.3531,0.3894
2001-11-07,0.3484,0.352,0.3881
2001-11-08,0.3684,0.3535,0.3869
2001-11-09,0.3784,0.3642,0.386
2001-11-10,0.3646,0.3654,0.3851
2001-11-11,0.3612,0.3641,0.3845
2001-11-12,0.362,0.3632,0.3839
2001-11-13,0.3706,0.3632,0.383
2001-11-14,0.3744,0.3676,0.3825
2001-11-15,0.366,0.3674,0.382
2001-11-16,0.3752,0.3675,0.3813
2001-11-17,0.3779,0.3697,0.381
2001-11-18,0.4025,0.3797,0.3808
2001-11-19,0.407,0.4009,0.3817
2001-11-20,0.3904,0.3977,0.3833
2001-11-21,0.3837,0.3924,0.384
2001-11-22,0.3796,0.3883,0.384
2001-11-23,0.3761,0.385,0.384
2001-11-24,0.3719,0.3818,0.384
2001-11-25,0.3795,0.3795,0.384
2001-11-26,0.3875,0.3816,0.384
2001-11-27,0.3998,0.3882,0.384
2001-11-28,0.3908,0.3902,0.384
2001-11-29,0.3882,0.3895,0.3842
2001-11-30,0.4151,0.402,0.3854
2002-04-01,0.3242,0.3375,0.3805
2002-04-02,0.3191,0.3344,0.3779
2002-04-03,0.3223,0.3315,0.3755
2002-04-04,0.3805,0.3392,0.3733
2002-04-05,0.3707,0.3494,0.3714
2002-04-06,0.3571,0.3507,0.3695
2002-04-07,0.3818,0.3555,0.3681
2002-04-08,0.3849,0.3658,0.3666
2002-04-09,0.4017,0.3829,0.366
2002-04-10,0.3878,0.3838,0.3655
2002-04-11,0.4185,0.4014,0.3661
2002-04-12,0.4042,0.4038,0.3687
2002-04-13,0.3995,0.3987,0.3703
2002-04-14,0.3875,0.3935,0.371
2002-04-15,0.3758,0.3864,0.371
2002-04-16,0.369,0.3798,0.3705
2002-04-17,0.363,0.374,0.3693
2002-04-18,0.3601,0.3685,0.3676
2002-04-19,0.3538,0.3638,0.366
2002-04-20,0.3444,0.358,0.3641
2002-04-21,0.336,0.3519,0.3621
2002-04-22,0.3287,0.3457,0.36
2002-04-23,0.3226,0.34,0.3579
2002-04-24,0.3165,0.3347,0.3559
2002-04-25,0.3082,0.3288,0.3531
2002-04-26,0.3063,0.3237,0.3511
2002-04-27,0.3092,0.3202,0.349
2002-04-28,0.3012,0.3164,0.3467
2002-04-29,0.2982,0.3132,0.3446
2002-04-30,0.2937,0.3098,0.3425
2002-05-01,0.3614,0.3207,0.3406
2002-05-02,0.4118,0.3851,0.3408
2002-05-03,0.4072,0.3963,0.343
2002-05-04,0.3997,0.3939,0.3451
2002-05-05,0.3908,0.3901,0.3468
2002-05-06,0.3808,0.3829,0.3472
2002-05-07,0.375,0.3771,0.3472
2002-05-08,0.3745,0.3717,0.347
2002-05-09,0.4092,0.3845,0.3471
2002-05-10,0.4051,0.3936,0.3487
2002-05-11,0.4064,0.4016,0.3513
2002-05-12,0.3848,0.3927,0.3532
2002-05-13,0.369,0.3815,0.3535
2002-05-14,0.3555,0.3706,0.3521
2002-05-15,0.3424,0.3602,0.3501
2002-05-16,0.3308,0.3507,0.3481
2002-05-17,0.3201,0.3417,0.3459
2002-05-18,0.3682,0.341,0.3441
2002-05-19,0.3538,0.3443,0.3428
2002-05-20,0.3337,0.3393,0.3404
2002-05-21,0.3225,0.333,0.3382
2002-05-22,0.3324,0.3287,0.3366
2002-05-23,0.4233,0.4031,0.3388
2002-05-24,0.3933,0.4064,0.3473
2002-05-25,0.3905,0.3925,0.3495
2002-05-26,0.3763,0.3838,0.35
2002-05-27,0.3682,0.3754,0.3497
2002-05-28,0.3618,0.3689,0.3494
2002-05-29,0.3499,0.3614,0.348
2002-05-30,0.3373,0.3527,0.3461
2002-05-31,0.3253,0.3438,0.344
2002-06-01,0.3145,0.3353,0.3418
2002-06-02,0.3068,0.3279,0.3395
2002-06-03,0.3354,0.3237,0.3375
2002-06-04,0.3823,0.3362,0.3365
2002-06-05,0.417,0.4018,0.338
2002-06-06,0.4194,0.4226,0.3582
2002-06-07,0.3931,0.4057,0.3729
2002-06-08,0.4081,0.4005,0.3745
2002-06-09,0.4067,0.4131,0.3787
2002-06-10,0.3849,0.3987,0.3806
2002-06-11,0.3711,0.387,0.3804
2002-06-12,0.3609,0.3767,0.3789
2002-06-13,0.3489,0.3663,0.3767
2002-06-14,0.337,0.3561,0.3741
2002-06-15,0.3268,0.3467,0.3717
2002-06-16,0.3141,0.3371,0.3687
2002-06-17,0.3008,0.3277,0.3655
2002-06-18,0.287,0.3183,0.3621
2002-06-19,0.276,0.3099,0.3586
2002-06-20,0.2676,0.3025,0.3553
2002-06-21,0.2655,0.2966,0.3521
2002-06-22,0.263,0.2914,0.3487
2002-06-23,0.2538,0.2856,0.3455
2002-06-24,0.3169,0.285,0.3426
2002-06-25,0.3079,0.2867,0.3401
2002-06-26,0.285,0.2834,0.3367
2002-06-27,0.2764,0.2792,0.3337
2002-06-28,0.32,0.2793,0.3311
2002-06-29,0.2955,0.2787,0.3284
2002-06-30,0.277,0.2757,0.3258
2002-07-01,0.265,0.2726,0.3232
2002-07-02,0.2557,0.2696,0.321
2002-07-03,0.2503,0.2664,0.3189
2002-07-04,0.2502,0.2638,0.317
2002-07-05,0.2415,0.2601,0.3141
2002-07-06,0.2694,0.2576,0.3122
2002-07-07,0.2602,0.256,0.3101
2002-07-08,0.2447,0.2522,0.3075
2002-07-09,0.2836,0.2505,0.3051
2002-07-10,0.3286,0.2545,0.3031
2002-07-11,0.3065,0.259,0.3014
2002-07-12,0.2893,0.2587,0.2994
2002-07-13,0.285,0.2576,0.2976
2002-07-14,0.2962,0.2585,0.2967
2002-07-15,0.3258,0.2629,0.296
2002-07-16,0.4045,0.3125,0.296
2002-07-17,0.3687,0.3405,0.296
2002-07-18,0.3437,0.3381,0.2956
2002-07-19,0.3232,0.3302,0.2946
2002-07-20,0.3062,0.3212,0.2935
2002-07-21,0.3239,0.3145,0.2925
2002-07-22,0.3209,0.3109,0.2912
2002-07-23,0.3007,0.3048,0.2896
2002-07-24,0.2909,0.2993,0.2886
2002-07-25,0.2915,0.296,0.288
2002-07-26,0.2867,0.2922,0.287
2002-07-27,0.2738,0.287,0.2855
2002-07-28,0.2658,0.2818,0.2845
2002-07-29,0.2708,0.277,0.2831
2002-07-30,0.3348,0.2776,0.282
2002-07-31,0.3492,0.289,0.2815
2002-08-01,0.3198,0.2911,0.2805
2002-08-02,0.3007,0.2882,0.2794
2002-08-03,0.3117,0.2855,0.2784
2002-08-04,0.3329,0.289,0.2776
2002-08-05,0.3379,0.2903,0.2766
2002-08-06,0.3698,0.3041,0.276
2002-08-07,0.3511,0.3145,0.276
2002-08-08,0.3347,0.3142,0.276
2002-08-09,0.3437,0.3145,0.276
2002-08-10,0.3701,0.3236,0.276
2002-08-11,0.3565,0.3277,0.276
2002-08-12,0.3394,0.3272,0.276
2002-08-13,0.325,0.3228,0.276
2002-08-14,0.31,0.3166,0.2756
2002-08-15,0.2988,0.3093,0.2748
2002-08-16,0.2907,0.3029,0.2744
2002-08-17,0.2805,0.2964,0.2735
2002-08-18,0.2699,0.2901,0.2725
2002-08-19,0.2667,0.2843,0.2715
2002-08-20,0.2757,0.2799,0.2705
2002-08-21,0.279,0.2765,0.2696
2002-08-22,0.2674,0.2725,0.2686
2002-08-23,0.2724,0.2695,0.268
2002-08-24,0.3152,0.2695,0.2675
2002-08-25,0.3673,0.2868,0.267
2002-08-26,0.4151,0.414,0.2847
2002-08-27,0.4047,0.4024,0.2963
2002-08-28,0.3901,0.3922,0.3013
2002-08-29,0.3887,0.3821,0.3042
2002-08-30,0.386,0.3791,0.3066
2002-08-31,0.4001,0.3794,0.3085
2002-09-01,0.388,0.3839,0.311
2002-09-02,0.3823,0.3771,0.3131
2002-09-03,0.3828,0.3738,0.3148
2002-09-04,0.3934,0.3753,0.3159
2002-09-05,0.4047,0.39,0.318
2002-09-06,0.3881,0.3949,0.3225
2002-09-07,0.3746,0.3829,0.3249
2002-09-08,0.3935,0.3878,0.3265
2002-09-09,0.4191,0.4272,0.3591
2002-09-10,0.391,0.4062,0.3783
2002-09-11,0.3782,0.3931,0.379
2002-09-12,0.374,0.3843,0.3786
2002-09-13,0.418,0.4018,0.379
2002-09-14,0.3947,0.4047,0.3818
2002-09-15,0.3792,0.3934,0.3822
2002-09-16,0.3693,0.3842,0.3815
2002-09-17,0.3651,0.3776,0.3806
2002-09-18,0.3634,0.3733,0.3797
2002-09-19,0.3671,0.3696,0.3789
2002-09-20,0.375,0.3687,0.3778
2002-09-21,0.3913,0.3787,0.377
2002-09-22,0.3914,0.3947,0.3779
2002-09-23,0.3825,0.3889,0.378
2002-09-24,0.385,0.3855,0.378
2002-09-25,0.382,0.3846,0.378
2002-09-26,0.3707,0.3802,0.3776
2002-09-27,0.367,0.376,0.377
2002-09-28,0.3601,0.3714,0.3765
2002-09-29,0.353,0.3659,0.3754
2002-09-30,0.348,0.3609,0.3742
2002-10-01,0.343,0.3561,0.3729
2002-10-02,0.338,0.3516,0.3716
2002-10-03,0.3335,0.3472,0.3705
2002-10-04,0.3328,0.3435,0.3694
2002-10-05,0.3315,0.3409,0.3684
2002-10-06,0.3283,0.338,0.3671
2002-10-07,0.3286,0.336,0.3657
2002-10-08,0.3238,0.3338,0.3646
2002-10-09,0.3835,0.3475,0.364
2002-10-10,0.4258,0.4283,0.3864
2002-10-11,0.4052,0.4155,0.4037
2002-10-12,0.4011,0.408,0.404
2002-10-13,0.3889,0.4012,0.4035
2002-10-14,0.3819,0.3935,0.4022
2002-10-15,0.3832,0.3881,0.4007
2002-10-16,0.4022,0.3933,0.3998
2002-10-17,0.4157,0.4128,0.403
2002-10-18,0.4019,0.4094,0.405
2002-10-19,0.3903,0.4022,0.404
2002-10-20,0.3836,0.3945,0.4027
2002-10-21,0.4056,0.3987,0.4022
2002-10-22,0.4116,0.4187,0.4068
2002-10-23,0.4057,0.4117,0.4078
2002-10-24,0.3947,0.4045,0.4068
2002-10-25,0.3978,0.3993,0.4058
2002-10-26,0.3947,0.3989,0.4046
2002-10-27,0.3822,0.3929,0.4035
2002-10-28,0.375,0.3864,0.4021
2002-10-29,0.3686,0.38,0.4005
2002-10-30,0.3693,0.3755,0.3989
2002-10-31,0.3715,0.3731,0.3975
2002-11-01,0.3668,0.371,0.3962
2002-11-02,0.3615,0.368,0.3946
2002-11-03,0.3807,0.369,0.3935
2002-11-04,0.3732,0.37,0.3924
2002-11-05,0.3703,0.3696,0.3913
2002-11-06,0.372,0.3684,0.3903
2002-11-07,0.41,0.3943,0.39
2002-11-08,0.3886,0.3958,0.39
2002-11-09,0.4072,0.3985,0.3904
2002-11-10,0.4014,0.4015,0.3915
2002-11-11,0.3953,0.399,0.3921
2002-11-12,0.3857,0.3952,0.3926
2002-11-13,0.3833,0.3907,0.392
2002-11-14,0.4214,0.4178,0.3964
2002-11-15,0.4243,0.4271,0.4068
2002-11-16,0.4085,0.4209,0.4164
2002-11-17,0.4008,0.4079,0.4158
2002-11-18,0.391,0.4003,0.4141
2002-11-19,0.3821,0.3922,0.4122
2002-11-20,0.3959,0.3886,0.4104
2002-11-21,0.4223,0.4227,0.4155
2002-11-22,0.3946,0.4094,0.4233
2002-11-23,0.4041,0.4014,0.4202
2002-11-24,0.4283,0.4277,0.4261
2002-11-25,0.4174,0.4245,0.4343
2002-11-26,0.3955,0.4028,0.4295
2002-11-27,0.3835,0.3895,0.4249
2002-11-28,0.3882,0.384,0.4204
2002-11-29,0.3993,0.3946,0.4169
2002-11-30,0.3897,0.3915,0.4139
2003-04-01,0.3584,0.3347,0.3568
2003-04-02,0.3625,0.3381,0.3546
2003-04-03,0.3533,0.3419,0.3531
2003-04-04,0.344,0.3416,0.3514
2003-04-05,0.3438,0.34,0.3495
2003-04-06,0.3441,0.3395,0.3476
2003-04-07,0.3369,0.338,0.346
2003-04-08,0.3332,0.3356,0.3444
2003-04-09,0.3448,0.3353,0.343
2003-04-10,0.3843,0.3449,0.3416
2003-04-11,0.3992,0.3638,0.341
2003-04-12,0.4036,0.3854,0.341
2003-04-13,0.3973,0.3877,0.3419
2003-04-14,0.389,0.3855,0.3422
2003-04-15,0.3937,0.384,0.343
2003-04-16,0.3789,0.3798,0.343
2003-04-17,0.3745,0.3741,0.3426
2003-04-18,0.3685,0.3698,0.3417
2003-04-19,0.3821,0.3682,0.341
2003-04-20,0.4264,0.4066,0.3436
2003-04-21,0.412,0.4134,0.3534
2003-04-22,0.396,0.4018,0.3572
2003-04-23,0.3795,0.3903,0.3582
2003-04-24,0.369,0.3805,0.358
2003-04-25,0.3614,0.3728,0.3574
2003-04-26,0.3829,0.3725,0.3564
2003-04-27,0.383,0.3818,0.3565
2003-04-28,0.3655,0.375,0.3555
2003-04-29,0.3572,0.3685,0.3546
2003-04-30,0.3915,0.3818,0.3543
2003-05-01,0.3834,0.392,0.3559
2003-05-02,0.3697,0.3813,0.3556
2003-05-03,0.3593,0.3725,0.3546
2003-05-04,0.3468,0.3632,0.3531
2003-05-05,0.3374,0.3547,0.3512
2003-05-06,0.3424,0.3487,0.3495
2003-05-07,0.3552,0.3458,0.3478
2003-05-08,0.3573,0.3469,0.3465
2003-05-09,0.3432,0.3438,0.3445
2003-05-10,0.3345,0.3395,0.3427
2003-05-11,0.3298,0.3357,0.3411
2003-05-12,0.3184,0.3301,0.339
2003-05-13,0.3111,0.3247,0.337
2003-05-14,0.3049,0.3198,0.3351
2003-05-15,0.2952,0.3142,0.333
2003-05-16,0.2865,0.3083,0.3308
2003-05-17,0.3422,0.3078,0.3288
2003-05-18,0.3454,0.3141,0.3275
2003-05-19,0.352,0.316,0.326
2003-05-20,0.3606,0.3264,0.3245
2003-05-21,0.3409,0.3277,0.3234
2003-05-22,0.3293,0.3257,0.322
2003-05-23,0.3146,0.3207,0.3201
2003-05-24,0.3157,0.3148,0.3184
2003-05-25,0.415,0.3495,0.3174
2003-05-26,0.4143,0.3988,0.3208
2003-05-27,0.3917,0.3933,0.325
2003-05-28,0.3873,0.3836,0.3269
2003-05-29,0.3813,0.3795,0.328
2003-05-30,0.364,0.3701,0.3276
2003-05-31,0.3473,0.3598,0.3267
2003-06-01,0.3453,0.3498,0.3255
2003-06-02,0.366,0.3463,0.3244
2003-06-03,0.3672,0.3496,0.3235
2003-06-04,0.344,0.3449,0.322
2003-06-05,0.3312,0.3373,0.3205
2003-06-06,0.3383,0.3329,0.3191
2003-06-07,0.3222,0.3269,0.3172
2003-06-08,0.3102,0.3199,0.3155
2003-06-09,0.3058,0.3138,0.3138
2003-06-10,0.2906,0.3067,0.3116
2003-06-11,0.2762,0.2991,0.3091
2003-06-12,0.2623,0.291,0.307
2003-06-13,0.2495,0.283,0.3042
2003-06-14,0.2409,0.2755,0.302
2003-06-15,0.2492,0.2705,0.2996
2003-06-16,0.2554,0.267,0.2982
2003-06-17,0.2485,0.2625,0.2962
2003-06-18,0.2436,0.2582,0.2942
2003-06-19,0.2318,0.2537,0.2921
2003-06-20,0.2199,0.2486,0.29
2003-06-21,0.2081,0.2432,0.2873
2003-06-22,0.198,0.2379,0.285
2003-06-23,0.1898,0.2329,0.2825
2003-06-24,0.182,0.2282,0.2801
2003-06-25,0.176,0.224,0.2779
2003-06-26,0.1817,0.2204,0.2759
2003-06-27,0.1931,0.2175,0.274
2003-06-28,0.1872,0.2145,0.272
2003-06-29,0.1879,0.2117,0.2701
2003-06-30,0.1901,0.2096,0.2686
2003-07-01,0.2377,0.2093,0.2675
2003-07-02,0.2334,0.2089,0.2665
2003-07-03,0.2256,0.2085,0.2654
2003-07-04,0.217,0.2075,0.2641
2003-07-05,0.2068,0.206,0.2625
2003-07-06,0.1963,0.2036,0.261
2003-07-07,0.187,0.2012,0.2592
2003-07-08,0.1787,0.199,0.2575
2003-07-09,0.1724,0.197,0.2556
2003-07-10,0.1665,0.195,0.2541
2003-07-11,0.1611,0.1925,0.2525
2003-07-12,0.1563,0.1902,0.2508
2003-07-13,0.1526,0.1881,0.249
2003-07-14,0.1674,0.1865,0.2475
2003-07-15,0.1901,0.1855,0.2465
2003-07-16,0.2477,0.1857,0.2455
2003-07-17,0.2602,0.1884,0.2445
2003-07-18,0.2371,0.1885,0.243
2003-07-19,0.2185,0.1876,0.2415
2003-07-20,0.2081,0.1865,0.2405
2003-07-21,0.2286,0.186,0.2395
2003-07-22,0.2651,0.187,0.2385
2003-07-23,0.3148,0.198,0.2376
2003-07-24,0.2851,0.2032,0.2367
2003-07-25,0.2583,0.2042,0.2359
2003-07-26,0.2426,0.2035,0.2352
2003-07-27,0.2981,0.2062,0.235
2003-07-28,0.3108,0.2184,0.2345
2003-07-29,0.2762,0.2205,0.2336
2003-07-30,0.2613,0.2195,0.233
2003-07-31,0.2564,0.2188,0.2324
2003-08-01,0.2404,0.2171,0.2316
2003-08-02,0.2248,0.2146,0.2306
2003-08-03,0.2108,0.2116,0.2296
2003-08-04,0.1995,0.2086,0.2286
2003-08-05,0.1971,0.206,0.228
2003-08-06,0.2105,0.2039,0.2275
2003-08-07,0.2209,0.202,0.2266
2003-08-08,0.2223,0.2006,0.226
2003-08-09,0.2188,0.1989,0.2254
2003-08-10,0.2153,0.1972,0.2246
2003-08-11,0.2125,0.1955,0.224
2003-08-12,0.2186,0.1945,0.2234
2003-08-13,0.2099,0.193,0.2225
2003-08-14,0.2113,0.1915,0.222
2003-08-15,0.2238,0.1913,0.2215
2003-08-16,0.2302,0.1908,0.221
2003-08-17,0.2626,0.1915,0.221
2003-08-18,0.3126,0.2013,0.2206
2003-08-19,0.2787,0.2057,0.22
2003-08-20,0.2726,0.2067,0.22
2003-08-21,0.2757,0.2089,0.2195
2003-08-22,0.2564,0.2093,0.219
2003-08-23,0.2499,0.2084,0.2185
2003-08-24,0.2904,0.2094,0.218
2003-08-25,0.3162,0.2188,0.218
2003-08-26,0.2885,0.223,0.2176
2003-08-27,0.2651,0.2228,0.2174
2003-08-28,0.279,0.2245,0.217
2003-08-29,0.3618,0.275,0.217
2003-08-30,0.3272,0.2819,0.217
2003-08-31,0.3082,0.2811,0.2171
2003-09-01,0.2906,0.278,0.2174
2003-09-02,0.2763,0.2739,0.2175
2003-09-03,0.2644,0.2694,0.2175
2003-09-04,0.2543,0.265,0.2172
2003-09-05,0.3036,0.2638,0.2173
2003-09-06,0.311,0.267,0.2177
2003-09-07,0.3477,0.2784,0.218
2003-09-08,0.3763,0.3172,0.2186
2003-09-09,0.386,0.3353,0.22
2003-09-10,0.3606,0.3399,0.2217
2003-09-11,0.3424,0.3346,0.2231
2003-09-12,0.3377,0.3291,0.2243
2003-09-13,0.3285,0.324,0.2251
2003-09-14,0.3139,0.3173,0.226
2003-09-15,0.3025,0.3103,0.226
2003-09-16,0.2924,0.3038,0.2268
2003-09-17,0.2825,0.2971,0.227
2003-09-18,0.2733,0.2908,0.227
2003-09-19,0.264,0.2848,0.2268
2003-09-20,0.2551,0.2793,0.2265
2003-09-21,0.2496,0.2743,0.2264
2003-09-22,0.2759,0.2717,0.2268
2003-09-23,0.3166,0.2758,0.227
2003-09-24,0.3021,0.277,0.227
2003-09-25,0.2886,0.2756,0.227
2003-09-26,0.2792,0.2731,0.227
2003-09-27,0.3192,0.2734,0.227
2003-09-28,0.3955,0.3099,0.2278
2003-09-29,0.3673,0.3375,0.2293
2003-09-30,0.3505,0.3353,0.2307
2003-10-01,0.4158,0.3854,0.2379
2003-10-02,0.4072,0.3965,0.2497
2003-10-03,0.4047,0.4003,0.2595
2003-10-04,0.3967,0.3858,0.2656
2003-10-05,0.4078,0.394,0.2707
2003-10-06,0.3886,0.3862,0.2758
2003-10-07,0.378,0.3764,0.2791
2003-10-08,0.3839,0.3725,0.2818
2003-10-09,0.3706,0.3675,0.2839
2003-10-10,0.359,0.3609,0.2856
2003-10-11,0.349,0.354,0.2867
2003-10-12,0.3434,0.3481,0.2873
2003-10-13,0.3531,0.3451,0.2882
2003-10-14,0.3764,0.3496,0.2891
2003-10-15,0.381,0.3653,0.2906
2003-10-16,0.366,0.3625,0.292
2003-10-17,0.373,0.3595,0.2934
2003-10-18,0.37,0.361,0.2948
2003-10-19,0.3788,0.3641,0.2961
2003-10-20,0.4098,0.4009,0.3009
2003-10-21,0.3905,0.3917,0.3062
2003-10-22,0.377,0.3815,0.3092
2003-10-23,0.3844,0.3765,0.3115
2003-10-24,0.3739,0.3728,0.3134
2003-10-25,0.3683,0.3682,0.3148
2003-10-26,0.3652,0.3646,0.3162
2003-10-27,0.369,0.3622,0.3171
2003-10-28,0.3835,0.3635,0.3182
2003-10-29,0.4217,0.4007,0.3211
2003-10-30,0.4175,0.4083,0.328
2003-10-31,0.426,0.4255,0.3433
2003-11-01,0.4017,0.4111,0.362
2003-11-02,0.3908,0.3991,0.3655
2003-11-03,0.3838,0.3916,0.367
2003-11-04,0.3775,0.3859,0.368
2003-11-05,0.3713,0.3806,0.368
2003-11-06,0.3661,0.3759,0.3676
2003-11-07,0.3658,0.372,0.367
2003-11-08,0.3874,0.3733,0.367
2003-11-09,0.4199,0.3971,0.3678
2003-11-10,0.4114,0.4079,0.3716
2003-11-11,0.3986,0.4025,0.3745
2003-11-12,0.3983,0.3974,0.376
2003-11-13,0.3973,0.3979,0.3773
2003-11-14,0.3967,0.395,0.378
2003-11-15,0.3967,0.3967,0.379
2003-11-16,0.426,0.4204,0.3854
2003-11-17,0.41,0.4212,0.3985
2003-11-18,0.3935,0.407,0.3999
2003-11-19,0.3852,0.3974,0.3987
2003-11-20,0.379,0.3902,0.3975
2003-11-21,0.3778,0.385,0.3961
2003-11-22,0.417,0.398,0.3951
2003-11-23,0.4279,0.4263,0.4048
2003-11-24,0.4198,0.4264,0.4267
2003-11-25,0.3964,0.4049,0.4264
2003-11-26,0.3858,0.3926,0.4213
2003-11-27,0.4053,0.3935,0.4173
2003-11-28,0.3878,0.3923,0.4145
2003-11-29,0.3833,0.3864,0.4118
2003-11-30,0.4207,0.4002,0.4096
2004-04-01,0.4076,0.417,0.3994
2004-04-02,0.4212,0.4201,0.4035
2004-04-03,0.4022,0.4175,0.4133
2004-04-04,0.3891,0.4039,0.4126
2004-04-05,0.3836,0.3936,0.4113
2004-04-06,0.3814,0.386,0.4095
2004-04-07,0.3796,0.3818,0.4077
2004-04-08,0.3748,0.377,0.4057
2004-04-09,0.3778,0.3744,0.4038
2004-04-10,0.3785,0.374,0.4018
2004-04-11,0.3871,0.3748,0.3998
2004-04-12,0.3948,0.381,0.3978
2004-04-13,0.3898,0.3843,0.3959
2004-04-14,0.3977,0.3867,0.3943
2004-04-15,0.405,0.3956,0.393
2004-04-16,0.4011,0.3989,0.3925
2004-04-17,0.4187,0.4103,0.3927
2004-04-18,0.4073,0.41,0.3947
2004-04-19,0.4019,0.4067,0.3959
2004-04-20,0.4028,0.4026,0.3955
2004-04-21,0.3942,0.3992,0.3946
2004-04-22,0.3938,0.3943,0.3934
2004-04-23,0.4037,0.3995,0.3925
2004-04-24,0.3843,0.3953,0.3916
2004-04-25,0.3701,0.3859,0.3897
2004-04-26,0.3601,0.3766,0.387
2004-04-27,0.3547,0.3687,0.3845
2004-04-28,0.392,0.3713,0.3825
2004-04-29,0.4261,0.4144,0.3889
2004-04-30,0.4211,0.43,0.4253
2004-05-01,0.3992,0.4111,0.4278
2004-05-02,0.4165,0.4065,0.4243
2004-05-03,0.4113,0.4084,0.4225
2004-05-04,0.4022,0.4068,0.4207
2004-05-05,0.4007,0.3991,0.4184
2004-05-06,0.3885,0.3915,0.416
2004-05-07,0.3887,0.3855,0.4137
2004-05-08,0.3876,0.383,0.4112
2004-05-09,0.3836,0.381,0.4084
2004-05-10,0.3747,0.3757,0.4053
2004-05-11,0.3847,0.3744,0.4023
2004-05-12,0.382,0.3756,0.3992
2004-05-13,0.3737,0.3731,0.396
2004-05-14,0.3639,0.3694,0.3927
2004-05-15,0.3515,0.3632,0.3892
2004-05-16,0.3402,0.3558,0.3852
2004-05-17,0.3313,0.348,0.381
2004-05-18,0.3248,0.3413,0.3768
2004-05-19,0.3148,0.3343,0.3724
2004-05-20,0.3189,0.3279,0.3681
2004-05-21,0.3648,0.331,0.3644
2004-05-22,0.3696,0.3476,0.3612
2004-05-23,0.3459,0.3458,0.3578
2004-05-24,0.3289,0.3397,0.3544
2004-05-25,0.3169,0.3328,0.3507
2004-05-26,0.3191,0.3264,0.3474
2004-05-27,0.3553,0.3261,0.3443
2004-05-28,0.3478,0.329,0.3416
2004-05-29,0.3242,0.325,0.3383
2004-05-30,0.3314,0.3212,0.3355
2004-05-31,0.3452,0.3237,0.3333
2004-06-01,0.3432,0.3243,0.3315
2004-06-02,0.3435,0.326,0.3296
2004-06-03,0.3305,0.3245,0.3274
2004-06-04,0.3184,0.3212,0.3252
2004-06-05,0.3068,0.3164,0.323
2004-06-06,0.297,0.3105,0.3203
2004-06-07,0.2839,0.3037,0.3175
2004-06-08,0.2711,0.2962,0.3146
2004-06-09,0.2587,0.2887,0.3115
2004-06-10,0.2466,0.2809,0.3085
2004-06-11,0.283,0.2766,0.3061
2004-06-12,0.3104,0.278,0.3042
2004-06-13,0.2914,0.2764,0.3021
2004-06-14,0.2797,0.2737,0.3001
2004-06-15,0.267,0.2701,0.298
2004-06-16,0.2596,0.2666,0.296
2004-06-17,0.2506,0.2627,0.294
2004-06-18,0.2369,0.2576,0.2912
2004-06-19,0.2494,0.2539,0.2895
2004-06-20,0.2548,0.252,0.2879
2004-06-21,0.2458,0.2495,0.2861
2004-06-22,0.2773,0.248,0.2846
2004-06-23,0.3131,0.2511,0.2839
2004-06-24,0.2998,0.2543,0.2826
2004-06-25,0.2785,0.2529,0.281
2004-06-26,0.2589,0.2494,0.279
2004-06-27,0.2459,0.2455,0.277
2004-06-28,0.241,0.2425,0.2755
2004-06-29,0.2334,0.2391,0.2735
2004-06-30,0.2193,0.2347,0.2716
2004-07-01,0.2073,0.2303,0.2695
2004-07-02,0.1986,0.2267,0.2679
2004-07-03,0.1918,0.2236,0.2662
2004-07-04,0.1842,0.22,0.2643
2004-07-05,0.1839,0.2164,0.2625
2004-07-06,0.2292,0.2145,0.2615
2004-07-07,0.2547,0.2143,0.2605
2004-07-08,0.3653,0.2409,0.2597
2004-07-09,0.3154,0.2555,0.2588
2004-07-10,0.2885,0.2554,0.258
2004-07-11,0.2693,0.2527,0.2567
2004-07-12,0.264,0.2505,0.2561
2004-07-13,0.2612,0.249,0.2556
2004-07-14,0.2505,0.2462,0.2546
2004-07-15,0.2367,0.2422,0.2535
2004-07-16,0.254,0.2387,0.2525
2004-07-17,0.2889,0.239,0.2515
2004-07-18,0.2655,0.2373,0.2505
2004-07-19,0.2491,0.2346,0.2495
2004-07-20,0.241,0.2315,0.2485
2004-07-21,0.237,0.2288,0.2475
2004-07-22,0.2235,0.2256,0.2465
2004-07-23,0.221,0.2225,0.2454
2004-07-24,0.2228,0.2201,0.2445
2004-07-25,0.2119,0.2175,0.2435
2004-07-26,0.2017,0.2147,0.2425
2004-07-27,0.1949,0.2121,0.2415
2004-07-28,0.1873,0.2095,0.2405
2004-07-29,0.1796,0.2065,0.2395
2004-07-30,0.1725,0.2035,0.2385
2004-07-31,0.167,0.2008,0.2374
2004-08-01,0.1618,0.198,0.2361
2004-08-02,0.1578,0.1955,0.2349
2004-08-03,0.1634,0.1935,0.234
2004-08-04,0.2775,0.1987,0.234
2004-08-05,0.3765,0.2418,0.234
2004-08-06,0.3392,0.2667,0.234
2004-08-07,0.3073,0.2688,0.234
2004-08-08,0.2863,0.2665,0.2335
2004-08-09,0.2806,0.2639,0.233
2004-08-10,0.3908,0.3243,0.2336
2004-08-11,0.3985,0.404,0.2421
2004-08-12,0.386,0.3873,0.2489
2004-08-13,0.3778,0.3817,0.2537
2004-08-14,0.3585,0.3664,0.2567
2004-08-15,0.341,0.3527,0.2579
2004-08-16,0.3326,0.3415,0.2588
2004-08-17,0.3969,0.358,0.2597
2004-08-18,0.3918,0.3812,0.263
2004-08-19,0.4201,0.4153,0.2754
2004-08-20,0.3953,0.4033,0.2922
2004-08-21,0.3741,0.3835,0.2963
2004-08-22,0.3581,0.3697,0.2979
2004-08-23,0.352,0.3597,0.2988
2004-08-24,0.3926,0.3831,0.3004
2004-08-25,0.3794,0.384,0.3038
2004-08-26,0.3688,0.3731,0.3057
2004-08-27,0.3547,0.3635,0.3062
2004-08-28,0.3417,0.3538,0.3064
2004-08-29,0.3337,0.3455,0.306
2004-08-30,0.3285,0.339,0.306
2004-08-31,0.3194,0.3325,0.3055
2004-09-01,0.3101,0.3259,0.3045
2004-09-02,0.3132,0.3208,0.304
2004-09-03,0.3112,0.3172,0.3034
2004-09-04,0.302,0.3125,0.3025
2004-09-05,0.293,0.3071,0.3014
2004-09-06,0.2847,0.302,0.3004
2004-09-07,0.279,0.2972,0.2993
2004-09-08,0.2737,0.2927,0.298
2004-09-09,0.2655,0.2878,0.2966
2004-09-10,0.2587,0.2831,0.2955
2004-09-11,0.262,0.2793,0.2945
2004-09-12,0.2931,0.2776,0.2935
2004-09-13,0.2793,0.2755,0.2925
2004-09-14,0.3103,0.2752,0.292
2004-09-15,0.3284,0.2814,0.2915
2004-09-16,0.309,0.2828,0.2905
2004-09-17,0.2944,0.2818,0.2896
2004-09-18,0.2823,0.2795,0.2886
2004-09-19,0.2726,0.2766,0.2876
2004-09-20,0.2647,0.2737,0.2867
2004-09-21,0.2588,0.2712,0.286
2004-09-22,0.2539,0.269,0.2855
2004-09-23,0.2507,0.2673,0.285
2004-09-24,0.2673,0.2661,0.2846
2004-09-25,0.2719,0.2657,0.284
2004-09-26,0.2732,0.2657,0.284
2004-09-27,0.2733,0.2655,0.2835
2004-09-28,0.2662,0.2641,0.283
2004-09-29,0.2604,0.2625,0.2824
2004-09-30,0.2538,0.2607,0.2815
2004-10-01,0.2472,0.2582,0.2806
2004-10-02,0.2413,0.256,0.2796
2004-10-03,0.236,0.254,0.279
2004-10-04,0.2332,0.2519,0.2784
2004-10-05,0.2325,0.2505,0.278
2004-10-06,0.2567,0.25,0.2776
2004-10-07,0.3194,0.254,0.277
2004-10-08,0.3062,0.2589,0.277
2004-10-09,0.2982,0.261,0.277
2004-10-10,0.3441,0.2685,0.2765
2004-10-11,0.3273,0.2764,0.276
2004-10-12,0.3215,0.2797,0.276
2004-10-13,0.3275,0.2842,0.276
2004-10-14,0.3766,0.3213,0.276
2004-10-15,0.4014,0.3625,0.2773
2004-10-16,0.3959,0.375,0.28
2004-10-17,0.394,0.381,0.2833
2004-10-18,0.3841,0.3767,0.2862
2004-10-19,0.4104,0.3903,0.2899
2004-10-20,0.4028,0.3936,0.2956
2004-10-21,0.3914,0.389,0.3007
2004-10-22,0.3755,0.3791,0.304
2004-10-23,0.3665,0.3713,0.3061
2004-10-24,0.3689,0.366,0.3076
2004-10-25,0.3914,0.3741,0.3093
2004-10-26,0.4246,0.4251,0.3384
2004-10-27,0.4073,0.4085,0.3522
2004-10-28,0.4232,0.4281,0.3737
2004-10-29,0.416,0.422,0.3911
2004-10-30,0.4001,0.4124,0.3967
2004-10-31,0.4179,0.4116,0.3973
2004-11-01,0.4062,0.414,0.3995
2004-11-02,0.3955,0.4042,0.3997
2004-11-03,0.4142,0.4053,0.399
2004-11-04,0.4247,0.4224,0.4039
2004-11-05,0.4066,0.4183,0.412
2004-11-06,0.393,0.4068,0.4114
2004-11-07,0.3864,0.3978,0.4095
2004-11-08,0.3837,0.3913,0.4077
2004-11-09,0.379,0.3862,0.4058
2004-11-10,0.3726,0.3814,0.4039
2004-11-11,0.3683,0.3768,0.4021
2004-11-12,0.368,0.3731,0.4002
2004-11-13,0.3662,0.3706,0.3985
2004-11-14,0.3615,0.3681,0.3967
2004-11-15,0.358,0.3657,0.3954
2004-11-16,0.3565,0.3635,0.3938
2004-11-17,0.3595,0.3616,0.3925
2004-11-18,0.3618,0.361,0.391
2004-11-19,0.3746,0.3625,0.3897
2004-11-20,0.3697,0.366,0.3887
2004-11-21,0.3648,0.3654,0.3878
2004-11-22,0.3634,0.3645,0.3868
2004-11-23,0.3615,0.3636,0.386
2004-11-24,0.3596,0.3625,0.385
2004-11-25,0.3562,0.3613,0.384
2004-11-26,0.3546,0.3595,0.3831
2004-11-27,0.3522,0.3582,0.3823
2004-11-28,0.3525,0.3568,0.3815
2004-11-29,0.3806,0.3612,0.3808
2004-11-30,0.3698,0.3645,0.38
2005-04-01,0.364,0.3667,0.3765
2005-04-02,0.3529,0.3625,0.3755
2005-04-03,0.3452,0.358,0.3744
2005-04-04,0.3397,0.3535,0.3727
2005-04-05,0.3349,0.3489,0.3715
2005-04-06,0.3312,0.3447,0.37
2005-04-07,0.359,0.3444,0.3689
2005-04-08,0.4022,0.3792,0.368
2005-04-09,0.3787,0.383,0.368
2005-04-10,0.3715,0.3787,0.3683
2005-04-11,0.373,0.3749,0.368
2005-04-12,0.3762,0.3731,0.3675
2005-04-13,0.3769,0.3726,0.367
2005-04-14,0.3699,0.3706,0.3664
2005-04-15,0.4102,0.3941,0.3664
2005-04-16,0.4119,0.4077,0.37
2005-04-17,0.4157,0.41,0.3738
2005-04-18,0.4201,0.4198,0.3805
2005-04-19,0.4176,0.4186,0.3901
2005-04-20,0.4075,0.4127,0.3942
2005-04-21,0.3992,0.405,0.3958
2005-04-22,0.391,0.3981,0.3955
2005-04-23,0.4053,0.3993,0.395
2005-04-24,0.4089,0.4036,0.3951
2005-04-25,0.4124,0.4222,0.4017
2005-04-26,0.3919,0.4073,0.4035
2005-04-27,0.3822,0.3956,0.4023
2005-04-28,0.3735,0.3864,0.4002
2005-04-29,0.3601,0.3761,0.398
2005-04-30,0.3475,0.3658,0.3953
2005-05-01,0.3352,0.3562,0.3925
2005-05-02,0.3289,0.3482,0.3899
2005-05-03,0.3449,0.3443,0.3875
2005-05-04,0.341,0.342,0.3852
2005-05-05,0.3449,0.34,0.3832
2005-05-06,0.3425,0.34,0.3813
2005-05-07,0.3344,0.3377,0.3792
2005-05-08,0.3235,0.3338,0.3769
2005-05-09,0.3128,0.3287,0.3741
2005-05-10,0.3082,0.324,0.3713
2005-05-11,0.3018,0.3195,0.3687
2005-05-12,0.3021,0.316,0.3662
2005-05-13,0.309,0.3145,0.3641
2005-05-14,0.3826,0.3487,0.3625
2005-05-15,0.3631,0.3603,0.3607
2005-05-16,0.3934,0.3749,0.3593
2005-05-17,0.376,0.3751,0.3585
2005-05-18,0.3646,0.3702,0.3575
2005-05-19,0.3488,0.3622,0.356
2005-05-20,0.3353,0.3532,0.354
2005-05-21,0.3288,0.345,0.3518
2005-05-22,0.3672,0.3432,0.3501
2005-05-23,0.3822,0.3553,0.3483
2005-05-24,0.3506,0.3527,0.3462
2005-05-25,0.3323,0.3448,0.3441
2005-05-26,0.3171,0.3359,0.3417
2005-05-27,0.3027,0.3266,0.3391
2005-05-28,0.2892,0.3173,0.3364
2005-05-29,0.2777,0.3086,0.3335
2005-05-30,0.2899,0.3028,0.3312
2005-05-31,0.2865,0.2985,0.329
2005-06-01,0.2735,0.293,0.3266
2005-06-02,0.2616,0.287,0.324
2005-06-03,0.2568,0.281,0.3211
2005-06-04,0.2771,0.2772,0.319
2005-06-05,0.2621,0.273,0.3164
2005-06-06,0.2528,0.2694,0.3142
2005-06-07,0.2497,0.2662,0.3122
2005-06-08,0.2397,0.2621,0.31
2005-06-09,0.2294,0.2578,0.3075
2005-06-10,0.2203,0.2532,0.305
2005-06-11,0.2119,0.2487,0.3025
2005-06-12,0.2186,0.2455,0.3005
2005-06-13,0.2349,0.2436,0.299
2005-06-14,0.3593,0.2538,0.2975
2005-06-15,0.3273,0.2674,0.296
2005-06-16,0.3005,0.268,0.2941
2005-06-17,0.279,0.2652,0.2921
2005-06-18,0.2614,0.261,0.2901
2005-06-19,0.2488,0.2567,0.2881
2005-06-20,0.2375,0.2517,0.2861
2005-06-21,0.2562,0.248,0.2844
2005-06-22,0.2949,0.2483,0.283
2005-06-23,0.2996,0.25,0.2815
2005-06-24,0.3058,0.25,0.2799
2005-06-25,0.3318,0.2573,0.2785
2005-06-26,0.3122,0.2612,0.2771
2005-06-27,0.2812,0.2585,0.2751
2005-06-28,0.2614,0.2545,0.2735
2005-06-29,0.308,0.2545,0.2725
2005-06-30,0.3215,0.2623,0.2715
2005-07-01,0.2934,0.2621,0.2705
2005-07-02,0.2733,0.2593,0.2691
2005-07-03,0.256,0.2551,0.2675
2005-07-04,0.2698,0.2523,0.2666
2005-07-05,0.2763,0.2509,0.2655
2005-07-06,0.269,0.2493,0.2647
2005-07-07,0.2679,0.2485,0.264
2005-07-08,0.2634,0.247,0.2635
2005-07-09,0.284,0.2456,0.2625
2005-07-10,0.3451,0.255,0.262
2005-07-11,0.317,0.2623,0.2615
2005-07-12,0.2889,0.261,0.2604
2005-07-13,0.27,0.258,0.2591
2005-07-14,0.2536,0.2537,0.2576
2005-07-15,0.238,0.2487,0.2565
2005-07-16,0.2303,0.244,0.2554
2005-07-17,0.2361,0.24,0.254
2005-07-18,0.3427,0.2472,0.253
2005-07-19,0.3179,0.2585,0.2525
2005-07-20,0.288,0.2577,0.2515
2005-07-21,0.267,0.2542,0.2505
2005-07-22,0.2499,0.2501,0.2495
2005-07-23,0.2362,0.246,0.2485
2005-07-24,0.2243,0.2416,0.2475
2005-07-25,0.2429,0.2385,0.2468
2005-07-26,0.267,0.239,0.2464
2005-07-27,0.2497,0.2372,0.2454
2005-07-28,0.2332,0.234,0.2441
2005-07-29,0.2324,0.231,0.2432
2005-07-30,0.2487,0.2288,0.2425
2005-07-31,0.2331,0.2264,0.2415
2005-08-01,0.2347,0.2238,0.2405
2005-08-02,0.2584,0.2227,0.24
2005-08-03,0.27,0.2233,0.2397
2005-08-04,0.2515,0.2221,0.239
2005-08-05,0.2347,0.2197,0.2384
2005-08-06,0.2208,0.2171,0.2374
2005-08-07,0.2117,0.2154,0.2367
2005-08-08,0.2043,0.2135,0.2363
2005-08-09,0.1949,0.2106,0.2354
2005-08-10,0.1958,0.208,0.2344
2005-08-11,0.3025,0.2102,0.234
2005-08-12,0.2969,0.2178,0.2335
2005-08-13,0.2695,0.2188,0.2327
2005-08-14,0.2523,0.2185,0.232
2005-08-15,0.2422,0.2174,0.2317
2005-08-16,0.2302,0.2157,0.2313
2005-08-17,0.2182,0.2135,0.2305
2005-08-18,0.2215,0.2115,0.23
2005-08-19,0.228,0.2105,0.2295
2005-08-20,0.2355,0.2094,0.229
2005-08-21,0.2753,0.2105,0.229
2005-08-22,0.3067,0.2163,0.229
2005-08-23,0.2926,0.2209,0.229
2005-08-24,0.2775,0.2232,0.2286
2005-08-25,0.2626,0.2229,0.228
2005-08-26,0.2532,0.2221,0.2276
2005-08-27,0.2422,0.2206,0.227
2005-08-28,0.2318,0.2191,0.227
2005-08-29,0.2213,0.217,0.2265
2005-08-30,0.2117,0.215,0.2257
2005-08-31,0.2025,0.2124,0.2252
2005-09-01,0.1945,0.21,0.2245
2005-09-02,0.1957,0.2078,0.224
2005-09-03,0.2054,0.206,0.2235
2005-09-04,0.201,0.204,0.223
2005-09-05,0.283,0.206,0.223
2005-09-06,0.4061,0.2909,0.2235
2005-09-07,0.4174,0.4183,0.2497
2005-09-08,0.4183,0.4066,0.263
2005-09-09,0.414,0.4105,0.2793
2005-09-10,0.3995,0.3946,0.2867
2005-09-11,0.3901,0.386,0.2909
2005-09-12,0.3793,0.3776,0.2938
2005-09-13,0.3691,0.3695,0.2957
2005-09-14,0.3605,0.3624,0.2969
2005-09-15,0.3493,0.355,0.2978
2005-09-16,0.3368,0.347,0.2979
2005-09-17,0.3364,0.341,0.298
2005-09-18,0.3307,0.3368,0.298
2005-09-19,0.3528,0.3352,0.298
2005-09-20,0.3418,0.334,0.298
2005-09-21,0.328,0.3301,0.298
2005-09-22,0.3178,0.3252,0.2975
2005-09-23,0.3096,0.3202,0.297
2005-09-24,0.3025,0.3152,0.2965
2005-09-25,0.3042,0.3113,0.296
2005-09-26,0.3205,0.31,0.296
2005-09-27,0.3176,0.3094,0.2955
2005-09-28,0.307,0.307,0.2947
2005-09-29,0.3016,0.3045,0.294
2005-09-30,0.3009,0.3026,0.294
2005-10-01,0.2955,0.3002,0.2935
2005-10-02,0.3072,0.299,0.293
2005-10-03,0.3361,0.3012,0.293
2005-10-04,0.389,0.3232,0.2932
2005-10-05,0.361,0.3379,0.294
2005-10-06,0.3457,0.3373,0.294
2005-10-07,0.3432,0.335,0.2941
2005-10-08,0.3422,0.3333,0.2944
2005-10-09,0.3307,0.3302,0.2944
2005-10-10,0.3225,0.3265,0.294
2005-10-11,0.3213,0.3236,0.294
2005-10-12,0.3286,0.3224,0.2948
2005-10-13,0.335,0.3222,0.295
2005-10-14,0.3349,0.3228,0.295
2005-10-15,0.3439,0.323,0.295
2005-10-16,0.4005,0.349,0.2955
2005-10-17,0.3727,0.3627,0.2969
2005-10-18,0.3787,0.361,0.2983
2005-10-19,0.4168,0.4078,0.3033
2005-10-20,0.3938,0.3966,0.3103
2005-10-21,0.3966,0.3896,0.3143
2005-10-22,0.406,0.3934,0.3181
2005-10-23,0.4002,0.3939,0.3225
2005-10-24,0.3826,0.3867,0.3259
2005-10-25,0.3718,0.3783,0.3279
2005-10-26,0.3644,0.3716,0.3292
2005-10-27,0.3763,0.3686,0.3303
2005-10-28,0.3763,0.3693,0.3314
2005-10-29,0.3752,0.369,0.3326
2005-10-30,0.3755,0.3684,0.3337
2005-10-31,0.4068,0.389,0.3368
2005-11-01,0.405,0.4153,0.3597
2005-11-02,0.3885,0.3997,0.364
2005-11-03,0.3825,0.391,0.3657
2005-11-04,0.4132,0.4054,0.3687
2005-11-05,0.4036,0.4123,0.3766
2005-11-06,0.3885,0.4005,0.379
2005-11-07,0.3803,0.3923,0.38
2005-11-08,0.3751,0.3862,0.3796
2005-11-09,0.4148,0.4088,0.384
2005-11-10,0.4072,0.4187,0.4004
2005-11-11,0.3922,0.4059,0.401
2005-11-12,0.408,0.4047,0.4003
2005-11-13,0.4175,0.4251,0.4102
2005-11-14,0.3987,0.4118,0.4108
2005-11-15,0.3899,0.4015,0.4093
2005-11-16,0.3858,0.3941,0.4073
2005-11-17,0.383,0.3893,0.4052
2005-11-18,0.3749,0.3842,0.4032
2005-11-19,0.3698,0.3793,0.4013
2005-11-20,0.3663,0.3753,0.3995
2005-11-21,0.3635,0.3721,0.3977
2005-11-22,0.3604,0.369,0.3961
2005-11-23,0.3579,0.3663,0.3945
2005-11-24,0.3565,0.3642,0.393
2005-11-25,0.3552,0.3624,0.3916
2005-11-26,0.3559,0.361,0.3903
2005-11-27,0.3549,0.3599,0.3891
2005-11-28,0.3538,0.3587,0.3878
2005-11-29,0.353,0.3578,0.3866
2005-11-30,0.3516,0.3569,0.3855
2006-04-01,0.4015,0.4051,0.4026
2006-04-02,0.3947,0.4017,0.4013
2006-04-03,0.3829,0.395,0.3991
2006-04-04,0.376,0.3868,0.3965
2006-04-05,0.4085,0.3963,0.3943
2006-04-06,0.3887,0.3979,0.3927
2006-04-07,0.3761,0.39,0.3904
2006-04-08,0.3685,0.3823,0.3878
2006-04-09,0.3715,0.3775,0.3852
2006-04-10,0.4188,0.4089,0.3847
2006-04-11,0.396,0.4065,0.3862
2006-04-12,0.3877,0.397,0.3856
2006-04-13,0.3828,0.3908,0.384
2006-04-14,0.3749,0.3845,0.3818
2006-04-15,0.3857,0.381,0.3795
2006-04-16,0.39,0.3869,0.3776
2006-04-17,0.3724,0.3822,0.3755
2006-04-18,0.3677,0.3762,0.3732
2006-04-19,0.3595,0.371,0.3707
2006-04-20,0.3691,0.3664,0.368
2006-04-21,0.3739,0.3691,0.3657
2006-04-22,0.3606,0.3662,0.3633
2006-04-23,0.3504,0.3608,0.3607
2006-04-24,0.3465,0.355,0.358
2006-04-25,0.344,0.3508,0.3553
2006-04-26,0.3366,0.346,0.3527
2006-04-27,0.3497,0.3434,0.3503
2006-04-28,0.3554,0.3449,0.3485
2006-04-29,0.3471,0.3448,0.3463
2006-04-30,0.3348,0.3413,0.3441
2006-05-01,0.3252,0.3367,0.3417
2006-05-02,0.3209,0.3322,0.3393
2006-05-03,0.3134,0.3275,0.337
2006-05-04,0.3046,0.3217,0.3342
2006-05-05,0.3172,0.3176,0.332
2006-05-06,0.3854,0.3364,0.3304
2006-05-07,0.4025,0.3767,0.3301
2006-05-08,0.4185,0.4125,0.3368
2006-05-09,0.393,0.4042,0.3475
2006-05-10,0.3774,0.3889,0.3485
2006-05-11,0.3667,0.3782,0.3478
2006-05-12,0.3635,0.3702,0.347
2006-05-13,0.3732,0.3672,0.3463
2006-05-14,0.3682,0.3659,0.345
2006-05-15,0.3517,0.3593,0.3432
2006-05-16,0.3535,0.3535,0.3413
2006-05-17,0.3399,0.3474,0.3391
2006-05-18,0.3518,0.3423,0.337
2006-05-19,0.3669,0.3482,0.3355
2006-05-20,0.3501,0.3464,0.3342
2006-05-21,0.3405,0.3428,0.3324
2006-05-22,0.369,0.3546,0.331
2006-05-23,0.3688,0.3707,0.3307
2006-05-24,0.3515,0.3618,0.3299
2006-05-25,0.3378,0.3525,0.3285
2006-05-26,0.3282,0.3443,0.327
2006-05-27,0.3185,0.3362,0.325
2006-05-28,0.3072,0.3278,0.323
2006-05-29,0.3032,0.3204,0.3208
2006-05-30,0.308,0.3158,0.319
2006-05-31,0.3022,0.3112,0.3174
2006-06-01,0.2986,0.3072,0.3155
2006-06-02,0.2949,0.3032,0.314
2006-06-03,0.2873,0.2988,0.3121
2006-06-04,0.2757,0.2936,0.3101
2006-06-05,0.2658,0.2881,0.308
2006-06-06,0.2565,0.2823,0.306
2006-06-07,0.2464,0.2762,0.3035
2006-06-08,0.239,0.2705,0.3011
2006-06-09,0.2322,0.2649,0.299
2006-06-10,0.2226,0.2592,0.2963
2006-06-11,0.2141,0.2536,0.294
2006-06-12,0.2057,0.248,0.2914
2006-06-13,0.1982,0.2427,0.289
2006-06-14,0.1912,0.2377,0.2865
2006-06-15,0.1842,0.2328,0.284
2006-06-16,0.1794,0.2282,0.2817
2006-06-17,0.1908,0.2252,0.2796
2006-06-18,0.2022,0.223,0.2781
2006-06-19,0.2053,0.2205,0.2762
2006-06-20,0.2013,0.2177,0.2742
2006-06-21,0.2207,0.2156,0.2726
2006-06-22,0.2283,0.2148,0.2715
2006-06-23,0.2159,0.2126,0.2694
2006-06-24,0.2078,0.2102,0.2676
2006-06-25,0.2395,0.2093,0.2664
2006-06-26,0.2763,0.2112,0.265
2006-06-27,0.2648,0.2115,0.2635
2006-06-28,0.3132,0.2164,0.2621
2006-06-29,0.2838,0.2201,0.2606
2006-06-30,0.2601,0.2196,0.2592
2006-07-01,0.239,0.2175,0.2575
2006-07-02,0.2216,0.2145,0.256
2006-07-03,0.2102,0.2115,0.2542
2006-07-04,0.2001,0.2086,0.2525
2006-07-05,0.2035,0.2061,0.2514
2006-07-06,0.3202,0.21,0.2506
2006-07-07,0.321,0.2211,0.25
2006-07-08,0.2925,0.2262,0.2495
2006-07-09,0.2703,0.2265,0.2485
2006-07-10,0.2534,0.2255,0.2475
2006-07-11,0.2352,0.2225,0.2465
2006-07-12,0.2322,0.2195,0.2454
2006-07-13,0.2632,0.2183,0.2444
2006-07-14,0.2987,0.2207,0.2436
2006-07-15,0.2996,0.2246,0.243
2006-07-16,0.2921,0.2265,0.2424
2006-07-17,0.2885,0.2283,0.2415
2006-07-18,0.2861,0.229,0.241
2006-07-19,0.2828,0.23,0.2405
2006-07-20,0.2622,0.2286,0.2395
2006-07-21,0.2519,0.2265,0.2385
2006-07-22,0.26,0.2247,0.2377
2006-07-23,0.267,0.2239,0.237
2006-07-24,0.2504,0.2224,0.2365
2006-07-25,0.2319,0.2195,0.2354
2006-07-26,0.2348,0.2168,0.2344
2006-07-27,0.2492,0.215,0.2335
2006-07-28,0.255,0.2143,0.233
2006-07-29,0.2512,0.2137,0.2325
2006-07-30,0.2363,0.2123,0.2316
2006-07-31,0.2565,0.2108,0.231
2006-08-01,0.2857,0.2137,0.2306
2006-08-02,0.2656,0.2145,0.23
2006-08-03,0.3098,0.2181,0.23
2006-08-04,0.3013,0.2237,0.23
2006-08-05,0.2856,0.2268,0.2296
2006-08-06,0.2717,0.2278,0.2293
2006-08-07,0.2613,0.2275,0.229
2006-08-08,0.2493,0.2261,0.2287
2006-08-09,0.2376,0.2241,0.2282
2006-08-10,0.2256,0.222,0.2276
2006-08-11,0.2163,0.2194,0.227
2006-08-12,0.2432,0.218,0.227
2006-08-13,0.2584,0.2187,0.227
2006-08-14,0.2548,0.2189,0.227
2006-08-15,0.2685,0.2185,0.2265
2006-08-16,0.3571,0.2405,0.2261
2006-08-17,0.395,0.2806,0.2263
2006-08-18,0.3721,0.367,0.2287
2006-08-19,0.3635,0.3563,0.2314
2006-08-20,0.3538,0.3493,0.2336
2006-08-21,0.3356,0.3396,0.2349
2006-08-22,0.3206,0.3299,0.2359
2006-08-23,0.3074,0.3206,0.236
2006-08-24,0.2965,0.3124,0.236
2006-08-25,0.2974,0.3062,0.237
2006-08-26,0.3252,0.3039,0.237
2006-08-27,0.3199,0.3021,0.237
2006-08-28,0.3125,0.3,0.2378
2006-08-29,0.3183,0.2993,0.238
2006-08-30,0.3223,0.2992,0.2383
2006-08-31,0.3051,0.2962,0.2385
2006-09-01,0.2902,0.2912,0.238
2006-09-02,0.279,0.2862,0.238
2006-09-03,0.2688,0.2812,0.2377
2006-09-04,0.2587,0.2757,0.2375
2006-09-05,0.2494,0.2705,0.237
2006-09-06,0.2445,0.2657,0.2365
2006-09-07,0.2496,0.262,0.236
2006-09-08,0.257,0.2595,0.236
2006-09-09,0.2478,0.2561,0.2355
2006-09-10,0.2406,0.2526,0.235
2006-09-11,0.2351,0.2495,0.2348
2006-09-12,0.2318,0.2463,0.2344
2006-09-13,0.2525,0.2445,0.234
2006-09-14,0.3903,0.2747,0.2343
2006-09-15,0.4243,0.3801,0.2375
2006-09-16,0.4057,0.3976,0.2465
2006-09-17,0.382,0.3823,0.2524
2006-09-18,0.3698,0.3702,0.2558
2006-09-19,0.3575,0.3603,0.258
2006-09-20,0.3443,0.3506,0.2592
2006-09-21,0.3361,0.3424,0.2602
2006-09-22,0.3319,0.3362,0.261
2006-09-23,0.3796,0.3397,0.262
2006-09-24,0.4218,0.3808,0.2646
2006-09-25,0.4146,0.417,0.2976
2006-09-26,0.3964,0.397,0.3066
2006-09-27,0.381,0.3854,0.3102
2006-09-28,0.3679,0.3753,0.3122
2006-09-29,0.3582,0.3667,0.3132
2006-09-30,0.3745,0.364,0.3143
2006-10-01,0.4206,0.4108,0.3248
2006-10-02,0.4002,0.4036,0.3358
2006-10-03,0.4098,0.4088,0.3426
2006-10-04,0.4002,0.403,0.3499
2006-10-05,0.3912,0.3958,0.3527
2006-10-06,0.3789,0.3872,0.354
2006-10-07,0.39,0.384,0.3548
2006-10-08,0.3736,0.3799,0.355
2006-10-09,0.3637,0.3737,0.355
2006-10-10,0.356,0.3675,0.3545
2006-10-11,0.357,0.3626,0.354
2006-10-12,0.4172,0.4113,0.3571
2006-10-13,0.3924,0.4029,0.362
2006-10-14,0.3802,0.3918,0.3639
2006-10-15,0.3721,0.3837,0.364
2006-10-16,0.3658,0.3773,0.364
2006-10-17,0.3648,0.3722,0.364
2006-10-18,0.3754,0.3707,0.364
2006-10-19,0.4283,0.423,0.3818
2006-10-20,0.4208,0.424,0.4076
2006-10-21,0.4046,0.4139,0.4076
2006-10-22,0.3972,0.4022,0.4063
2006-10-23,0.4215,0.416,0.4069
2006-10-24,0.4063,0.4166,0.4094
2006-10-25,0.3957,0.404,0.4083
2006-10-26,0.3923,0.3981,0.4065
2006-10-27,0.3833,0.3917,0.4045
2006-10-28,0.3742,0.3848,0.4024
2006-10-29,0.3671,0.3784,0.4002
2006-10-30,0.361,0.3725,0.3981
2006-10-31,0.358,0.3678,0.3961
2006-11-01,0.3569,0.3648,0.3945
2006-11-02,0.3516,0.3616,0.3925
2006-11-03,0.3475,0.3582,0.3907
2006-11-04,0.3458,0.3557,0.3894
2006-11-05,0.3442,0.3533,0.3876
2006-11-06,0.3415,0.351,0.3861
2006-11-07,0.3395,0.3487,0.3845
2006-11-08,0.3413,0.3475,0.3833
2006-11-09,0.3405,0.3465,0.382
2006-11-10,0.3376,0.3451,0.3806
2006-11-11,0.3355,0.3435,0.3794
2006-11-12,0.3424,0.343,0.3782
2006-11-13,0.3439,0.3432,0.3773
2006-11-14,0.3397,0.3428,0.3762
2006-11-15,0.3487,0.3427,0.375
2006-11-16,0.4021,0.362,0.3742
2006-11-17,0.43,0.4263,0.3972
2006-11-18,0.4035,0.4123,0.4139
2006-11-19,0.3965,0.4007,0.4123
2006-11-20,0.3946,0.3981,0.4104
2006-11-21,0.4018,0.3954,0.4086
2006-11-22,0.4,0.4009,0.4077
2006-11-23,0.3933,0.3965,0.4067
2006-11-24,0.4067,0.3985,0.4058
2006-11-25,0.4275,0.4245,0.4118
2006-11-26,0.4103,0.4208,0.4169
2006-11-27,0.4058,0.4089,0.4161
2006-11-28,0.4133,0.4094,0.4146
2006-11-29,0.4117,0.4161,0.414
2006-11-30,0.394,0.4065,0.4135
2007-04-01,0.4032,0.3895,0.3664
2007-04-02,0.4038,0.4004,0.3682
2007-04-03,0.4064,0.4036,0.3702
2007-04-04,0.405,0.4088,0.3741
2007-04-05,0.3937,0.4001,0.3763
2007-04-06,0.3827,0.392,0.377
2007-04-07,0.3811,0.3851,0.3765
2007-04-08,0.4,0.3875,0.376
2007-04-09,0.3958,0.397,0.3769
2007-04-10,0.3836,0.3907,0.377
2007-04-11,0.3765,0.3848,0.3766
2007-04-12,0.3919,0.3829,0.376
2007-04-13,0.4157,0.4023,0.377
2007-04-14,0.4191,0.4175,0.3813
2007-04-15,0.4039,0.4082,0.3851
2007-04-16,0.3989,0.4013,0.3864
2007-04-17,0.3852,0.3946,0.3865
2007-04-18,0.3713,0.3856,0.3855
2007-04-19,0.3607,0.3767,0.3842
2007-04-20,0.3545,0.3687,0.3825
2007-04-21,0.3501,0.3624,0.381
2007-04-22,0.3425,0.3561,0.3791
2007-04-23,0.3352,0.3498,0.377
2007-04-24,0.329,0.3438,0.3749
2007-04-25,0.3232,0.3385,0.3724
2007-04-26,0.3179,0.3326,0.37
2007-04-27,0.3558,0.3313,0.3676
2007-04-28,0.3522,0.3351,0.3655
2007-04-29,0.3518,0.3347,0.3634
2007-04-30,0.3737,0.3406,0.3615
2007-05-01,0.3939,0.3551,0.3604
2007-05-02,0.4165,0.3986,0.3608
2007-05-03,0.4263,0.4189,0.3659
2007-05-04,0.4224,0.4225,0.3775
2007-05-05,0.4165,0.4153,0.3839
2007-05-06,0.4031,0.4095,0.3877
2007-05-07,0.384,0.398,0.3887
2007-05-08,0.3783,0.3895,0.3884
2007-05-09,0.3703,0.3827,0.3874
2007-05-10,0.3559,0.3728,0.3852
2007-05-11,0.3448,0.363,0.3832
2007-05-12,0.336,0.3547,0.3811
2007-05-13,0.3315,0.3475,0.379
2007-05-14,0.4132,0.4001,0.3846
2007-05-15,0.3998,0.4112,0.3965
2007-05-16,0.3989,0.402,0.397
2007-05-17,0.4027,0.4016,0.397
2007-05-18,0.3976,0.4022,0.3973
2007-05-19,0.3889,0.3934,0.3961
2007-05-20,0.4071,0.408,0.3958
2007-05-21,0.3845,0.3984,0.3956
2007-05-22,0.3742,0.3874,0.394
2007-05-23,0.3673,0.3779,0.392
2007-05-24,0.3586,0.369,0.3899
2007-05-25,0.3527,0.3612,0.3871
2007-05-26,0.369,0.357,0.3854
2007-05-27,0.3851,0.3665,0.3836
2007-05-28,0.3991,0.375,0.383
2007-05-29,0.3834,0.3843,0.382
2007-05-30,0.3758,0.3776,0.3805
2007-05-31,0.4055,0.387,0.3795
2007-06-01,0.4071,0.4018,0.3807
2007-06-02,0.4033,0.4018,0.3825
2007-06-03,0.3939,0.3981,0.3838
2007-06-04,0.4025,0.4023,0.3842
2007-06-05,0.4138,0.4169,0.3878
2007-06-06,0.4216,0.4256,0.3987
2007-06-07,0.4034,0.4135,0.4084
2007-06-08,0.3931,0.4028,0.4075
2007-06-09,0.3771,0.391,0.4051
2007-06-10,0.3793,0.3805,0.4022
2007-06-11,0.3862,0.3816,0.4
2007-06-12,0.3726,0.3762,0.3974
2007-06-13,0.3647,0.3685,0.395
2007-06-14,0.3713,0.3646,0.3926
2007-06-15,0.411,0.4078,0.3945
2007-06-16,0.3853,0.4016,0.3965
2007-06-17,0.3853,0.3909,0.3953
2007-06-18,0.3993,0.3938,0.3944
2007-06-19,0.3794,0.3893,0.393
2007-06-20,0.378,0.3814,0.391
2007-06-21,0.4055,0.4155,0.394
2007-06-22,0.385,0.4003,0.3955
2007-06-23,0.3703,0.3878,0.394
2007-06-24,0.3582,0.3762,0.3919
2007-06-25,0.3674,0.3691,0.3898
2007-06-26,0.3641,0.3658,0.3882
2007-06-27,0.3588,0.3616,0.3865
2007-06-28,0.3465,0.3561,0.3842
2007-06-29,0.336,0.3491,0.382
2007-06-30,0.3262,0.342,0.379
2007-07-01,0.3192,0.3352,0.3761
2007-07-02,0.354,0.3343,0.3737
2007-07-03,0.3402,0.3335,0.3713
2007-07-04,0.3368,0.3324,0.3691
2007-07-05,0.3246,0.3291,0.3666
2007-07-06,0.3124,0.3245,0.364
2007-07-07,0.301,0.3187,0.3609
2007-07-08,0.3099,0.3138,0.3581
2007-07-09,0.3306,0.3135,0.3558
2007-07-10,0.3273,0.3126,0.3533
2007-07-11,0.3335,0.3142,0.3513
2007-07-12,0.3171,0.3128,0.349
2007-07-13,0.3004,0.3083,0.3461
2007-07-14,0.2851,0.3025,0.343
2007-07-15,0.2703,0.2962,0.3397
2007-07-16,0.2565,0.2896,0.3365
2007-07-17,0.251,0.2842,0.3339
2007-07-18,0.2543,0.2805,0.3312
2007-07-19,0.2523,0.2766,0.3287
2007-07-20,0.2665,0.2736,0.3265
2007-07-21,0.3178,0.2752,0.3246
2007-07-22,0.3462,0.2906,0.3228
2007-07-23,0.3453,0.2957,0.3211
2007-07-24,0.3442,0.3054,0.3199
2007-07-25,0.3196,0.3052,0.3181
2007-07-26,0.3001,0.3009,0.3161
2007-07-27,0.283,0.2951,0.314
2007-07-28,0.2705,0.2895,0.3118
2007-07-29,0.2616,0.2845,0.3099
2007-07-30,0.2637,0.2797,0.3079
2007-07-31,0.2568,0.2757,0.306
2007-08-01,0.2455,0.2707,0.304
2007-08-02,0.2464,0.2668,0.3022
2007-08-03,0.2409,0.2633,0.3005
2007-08-04,0.2322,0.2592,0.2985
2007-08-05,0.2222,0.2546,0.2962
2007-08-06,0.2685,0.2525,0.2946
2007-08-07,0.3909,0.2914,0.294
2007-08-08,0.3582,0.3148,0.2935
2007-08-09,0.3396,0.3162,0.293
2007-08-10,0.338,0.3168,0.2925
2007-08-11,0.3271,0.3161,0.292
2007-08-12,0.3145,0.3126,0.2915
2007-08-13,0.3046,0.3077,0.2905
2007-08-14,0.2932,0.3026,0.2895
2007-08-15,0.2848,0.2974,0.2884
2007-08-16,0.3611,0.327,0.2875
2007-08-17,0.3352,0.3298,0.287
2007-08-18,0.3177,0.3235,0.2865
2007-08-19,0.3102,0.3175,0.2856
2007-08-20,0.3119,0.3133,0.285
2007-08-21,0.3844,0.3242,0.285
2007-08-22,0.3617,0.3379,0.286
2007-08-23,0.3615,0.3386,0.286
2007-08-24,0.3566,0.3401,0.2861
2007-08-25,0.3387,0.336,0.2863
2007-08-26,0.3235,0.3292,0.2858
2007-08-27,0.3123,0.3223,0.2854
2007-08-28,0.3048,0.3154,0.2845
2007-08-29,0.3173,0.3102,0.2836
2007-08-30,0.3737,0.3225,0.2831
2007-08-31,0.3435,0.3261,0.283
2007-09-01,0.3281,0.3232,0.283
2007-09-02,0.3149,0.3184,0.2826
2007-09-03,0.3036,0.3127,0.282
2007-09-04,0.2971,0.3079,0.2815
2007-09-05,0.2892,0.3032,0.281
2007-09-06,0.2824,0.2988,0.2805
2007-09-07,0.278,0.295,0.28
2007-09-08,0.2714,0.2903,0.2794
2007-09-09,0.2651,0.286,0.2785
2007-09-10,0.2591,0.2816,0.2775
2007-09-11,0.2539,0.2775,0.2767
2007-09-12,0.2487,0.2735,0.276
2007-09-13,0.2428,0.2692,0.2754
2007-09-14,0.2426,0.2661,0.2745
2007-09-15,0.2411,0.2631,0.2736
2007-09-16,0.2348,0.2595,0.2726
2007-09-17,0.2552,0.2567,0.272
2007-09-18,0.3323,0.2628,0.272
2007-09-19,0.3094,0.2673,0.2714
2007-09-20,0.2922,0.2673,0.2706
2007-09-21,0.2791,0.266,0.27
2007-09-22,0.2689,0.264,0.2694
2007-09-23,0.3385,0.2676,0.269
2007-09-24,0.3322,0.2789,0.2686
2007-09-25,0.3116,0.2811,0.268
2007-09-26,0.3145,0.282,0.268
2007-09-27,0.3495,0.2879,0.268
2007-09-28,0.3647,0.3058,0.268
2007-09-29,0.3506,0.3121,0.2689
2007-09-30,0.3836,0.3345,0.2692
2007-10-01,0.3586,0.3403,0.2702
2007-10-02,0.345,0.3382,0.271
2007-10-03,0.3422,0.3342,0.2713
2007-10-04,0.3633,0.3355,0.2721
2007-10-05,0.3692,0.3404,0.2731
2007-10-06,0.3622,0.3433,0.274
2007-10-07,0.3513,0.3417,0.275
2007-10-08,0.339,0.3378,0.2752
2007-10-09,0.331,0.3334,0.276
2007-10-10,0.3822,0.3437,0.2764
2007-10-11,0.3779,0.3662,0.2783
2007-10-12,0.361,0.3605,0.28
2007-10-13,0.3506,0.354,0.2812
2007-10-14,0.3425,0.3479,0.282
2007-10-15,0.3361,0.3422,0.283
2007-10-16,0.3305,0.3374,0.2832
2007-10-17,0.3276,0.3335,0.284
2007-10-18,0.3262,0.33,0.284
2007-10-19,0.3211,0.3265,0.2842
2007-10-20,0.3162,0.3233,0.285
2007-10-21,0.3121,0.3202,0.285
2007-10-22,0.3087,0.3172,0.285
2007-10-23,0.3065,0.3147,0.285
2007-10-24,0.3045,0.3121,0.285
2007-10-25,0.3325,0.3118,0.285
2007-10-26,0.3696,0.3193,0.285
2007-10-27,0.3574,0.3293,0.2859
2007-10-28,0.3419,0.33,0.286
2007-10-29,0.3375,0.3285,0.286
2007-10-30,0.35,0.329,0.2865
2007-10-31,0.3423,0.3302,0.287
2007-11-01,0.3338,0.3291,0.287
2007-11-02,0.3276,0.327,0.2875
2007-11-03,0.3237,0.3248,0.288
2007-11-04,0.3252,0.323,0.288
2007-11-05,0.3215,0.3214,0.288
2007-11-06,0.3195,0.3197,0.2881
2007-11-07,0.3177,0.3185,0.289
2007-11-08,0.315,0.3166,0.289
2007-11-09,0.3207,0.3159,0.289
2007-11-10,0.3198,0.315,0.289
2007-11-11,0.3256,0.315,0.289
2007-11-12,0.3323,0.3157,0.289
2007-11-13,0.327,0.3164,0.29
2007-11-14,0.3235,0.316,0.29
2007-11-15,0.3208,0.316,0.29
2007-11-16,0.3179,0.3153,0.29
2007-11-17,0.3161,0.315,0.29
2007-11-18,0.3196,0.3143,0.2909
2007-11-19,0.3342,0.3152,0.291
2007-11-20,0.4179,0.3517,0.2913
2007-11-21,0.43,0.4215,0.3017
2007-11-22,0.4276,0.4266,0.3357
2007-11-23,0.4215,0.424,0.3673
2007-11-24,0.4079,0.4109,0.3757
2007-11-25,0.394,0.4025,0.3788
2007-11-26,0.3858,0.3955,0.3801
2007-11-27,0.3798,0.39,0.381
2007-11-28,0.3796,0.3859,0.381
2007-11-29,0.3792,0.3837,0.381
2007-11-30,0.3841,0.3826,0.381
2008-04-01,0.4076,0.4076,0.3767
2008-04-02,0.4042,0.403,0.3787
2008-04-03,0.4021,0.4002,0.3797
2008-04-04,0.3875,0.3955,0.38
2008-04-05,0.3758,0.3878,0.3797
2008-04-06,0.3693,0.381,0.3787
2008-04-07,0.363,0.3754,0.3776
2008-04-08,0.374,0.372,0.3765
2008-04-09,0.4009,0.3794,0.376
2008-04-10,0.4194,0.4069,0.3768
2008-04-11,0.4141,0.42,0.3862
2008-04-12,0.3983,0.4082,0.3937
2008-04-13,0.3969,0.4004,0.394
2008-04-14,0.4073,0.4032,0.394
2008-04-15,0.3922,0.399,0.3942
2008-04-16,0.3854,0.393,0.3936
2008-04-17,0.4071,0.3975,0.3931
2008-04-18,0.4197,0.424,0.3997
2008-04-19,0.4081,0.418,0.4149
2008-04-20,0.4245,0.4245,0.4194
2008-04-21,0.4198,0.4226,0.4324
2008-04-22,0.402,0.4045,0.428
2008-04-23,0.3914,0.3932,0.4238
2008-04-24,0.3772,0.3833,0.4197
2008-04-25,0.363,0.3736,0.4155
2008-04-26,0.3508,0.3647,0.4115
2008-04-27,0.3403,0.3567,0.4075
2008-04-28,0.3725,0.3626,0.4039
2008-04-29,0.3928,0.3953,0.4021
2008-04-30,0.4023,0.3972,0.4005
2008-05-01,0.3874,0.3961,0.399
2008-05-02,0.3735,0.3868,0.3965
2008-05-03,0.3618,0.3769,0.3935
2008-05-04,0.3552,0.3675,0.3901
2008-05-05,0.3731,0.363,0.387
2008-05-06,0.414,0.3911,0.3851
2008-05-07,0.3853,0.3942,0.3841
2008-05-08,0.3678,0.3838,0.3818
2008-05-09,0.3607,0.3748,0.379
2008-05-10,0.3653,0.3698,0.3766
2008-05-11,0.3785,0.3678,0.374
2008-05-12,0.4149,0.3989,0.3728
2008-05-13,0.4119,0.4111,0.3746
2008-05-14,0.3989,0.4082,0.3778
2008-05-15,0.4146,0.409,0.3794
2008-05-16,0.4146,0.414,0.3833
2008-05-17,0.4255,0.4242,0.389
2008-05-18,0.4102,0.4165,0.3961
2008-05-19,0.3953,0.4066,0.3974
2008-05-20,0.3842,0.3968,0.3965
2008-05-21,0.3768,0.3889,0.395
2008-05-22,0.3658,0.3803,0.393
2008-05-23,0.3593,0.3718,0.3903
2008-05-24,0.3855,0.3707,0.3885
2008-05-25,0.4249,0.4105,0.3903
2008-05-26,0.4209,0.428,0.4046
2008-05-27,0.4213,0.4291,0.4185
2008-05-28,0.4095,0.4172,0.4271
2008-05-29,0.4218,0.4239,0.4305
2008-05-30,0.4121,0.4142,0.4299
2008-05-31,0.4103,0.4045,0.4261
2008-06-01,0.4215,0.4151,0.424
2008-06-02,0.4215,0.4235,0.434
2008-06-03,0.4057,0.405,0.4299
2008-06-04,0.3916,0.3935,0.4251
2008-06-05,0.3861,0.3835,0.4202
2008-06-06,0.4153,0.4006,0.416
2008-06-07,0.3952,0.4002,0.4122
2008-06-08,0.392,0.3933,0.408
2008-06-09,0.4074,0.4002,0.404
2008-06-10,0.4119,0.4147,0.4026
2008-06-11,0.406,0.4078,0.4001
2008-06-12,0.3927,0.4026,0.3967
2008-06-13,0.3773,0.3911,0.3923
2008-06-14,0.3646,0.3805,0.3875
2008-06-15,0.3568,0.3716,0.3826
2008-06-16,0.3843,0.3711,0.3785
2008-06-17,0.4007,0.389,0.3756
2008-06-18,0.3823,0.3929,0.3729
2008-06-19,0.3646,0.3806,0.3691
2008-06-20,0.3508,0.3693,0.3649
2008-06-21,0.3381,0.3582,0.3602
2008-06-22,0.3249,0.3473,0.3554
2008-06-23,0.312,0.337,0.3507
2008-06-24,0.2997,0.3271,0.346
2008-06-25,0.2895,0.3181,0.3414
2008-06-26,0.2815,0.3101,0.3371
2008-06-27,0.274,0.303,0.333
2008-06-28,0.2647,0.296,0.329
2008-06-29,0.2591,0.2895,0.3251
2008-06-30,0.2576,0.2842,0.3216
2008-07-01,0.249,0.2786,0.3181
2008-07-02,0.2422,0.2735,0.3147
2008-07-03,0.3681,0.3195,0.3125
2008-07-04,0.3547,0.348,0.3111
2008-07-05,0.3422,0.3402,0.309
2008-07-06,0.3838,0.3525,0.308
2008-07-07,0.3689,0.3667,0.3076
2008-07-08,0.3498,0.3575,0.307
2008-07-09,0.333,0.347,0.3055
2008-07-10,0.3179,0.3362,0.304
2008-07-11,0.3302,0.3285,0.3024
2008-07-12,0.3852,0.3355,0.3014
2008-07-13,0.3785,0.3548,0.3006
2008-07-14,0.353,0.3509,0.3
2008-07-15,0.3334,0.3422,0.299
2008-07-16,0.3176,0.3327,0.2975
2008-07-17,0.3078,0.3246,0.2962
2008-07-18,0.2986,0.3173,0.2946
2008-07-19,0.2856,0.309,0.293
2008-07-20,0.2777,0.3016,0.2911
2008-07-21,0.2697,0.2953,0.2895
2008-07-22,0.2604,0.289,0.288
2008-07-23,0.2502,0.2823,0.286
2008-07-24,0.2403,0.2753,0.2841
2008-07-25,0.2356,0.2691,0.2822
2008-07-26,0.24,0.2645,0.2806
2008-07-27,0.2397,0.2606,0.2795
2008-07-28,0.235,0.2562,0.2779
2008-07-29,0.246,0.2525,0.2764
2008-07-30,0.2697,0.2505,0.275
2008-07-31,0.2534,0.2472,0.2732
2008-08-01,0.2715,0.2449,0.2719
2008-08-02,0.2977,0.2467,0.2706
2008-08-03,0.275,0.2457,0.2695
2008-08-04,0.2559,0.2431,0.268
2008-08-05,0.24,0.2396,0.2665
2008-08-06,0.2419,0.2367,0.265
2008-08-07,0.2662,0.2351,0.264
2008-08-08,0.2938,0.2377,0.2634
2008-08-09,0.2734,0.2379,0.2624
2008-08-10,0.2557,0.2357,0.261
2008-08-11,0.3261,0.2416,0.26
2008-08-12,0.4044,0.3453,0.2627
2008-08-13,0.3776,0.3754,0.2698
2008-08-14,0.362,0.3628,0.272
2008-08-15,0.3882,0.3613,0.2737
2008-08-16,0.3698,0.3627,0.2752
2008-08-17,0.3598,0.3551,0.2761
2008-08-18,0.3456,0.3477,0.277
2008-08-19,0.3652,0.3448,0.2771
2008-08-20,0.3782,0.3624,0.2781
2008-08-21,0.3527,0.3547,0.279
2008-08-22,0.3655,0.349,0.2797
2008-08-23,0.3573,0.3481,0.28
2008-08-24,0.3383,0.3413,0.2803
2008-08-25,0.3283,0.3342,0.28
2008-08-26,0.3202,0.3282,0.28
2008-08-27,0.3104,0.3218,0.2796
2008-08-28,0.3009,0.3153,0.2793
2008-08-29,0.2905,0.3084,0.2785
2008-08-30,0.2803,0.3015,0.2775
2008-08-31,0.2885,0.296,0.2765
2008-09-01,0.3074,0.2941,0.276
2008-09-02,0.295,0.2911,0.2755
2008-09-03,0.3378,0.2973,0.275
2008-09-04,0.3961,0.356,0.2759
2008-09-05,0.3879,0.3767,0.2795
2008-09-06,0.4078,0.3891,0.2848
2008-09-07,0.3793,0.381,0.2898
2008-09-08,0.3611,0.3687,0.2918
2008-09-09,0.3494,0.3582,0.2927
2008-09-10,0.3403,0.3498,0.293
2008-09-11,0.3567,0.3475,0.293
2008-09-12,0.3995,0.3929,0.2961
2008-09-13,0.3864,0.3827,0.2999
2008-09-14,0.3942,0.3817,0.3024
2008-09-15,0.3726,0.3754,0.3046
2008-09-16,0.3589,0.3665,0.3057
2008-09-17,0.3484,0.3581,0.306
2008-09-18,0.343,0.3507,0.306
2008-09-19,0.3484,0.3462,0.306
2008-09-20,0.338,0.3417,0.306
2008-09-21,0.3283,0.3364,0.3056
2008-09-22,0.32,0.3309,0.3052
2008-09-23,0.3135,0.326,0.3046
2008-09-24,0.3089,0.3218,0.304
2008-09-25,0.3069,0.3184,0.304
2008-09-26,0.308,0.3159,0.3035
2008-09-27,0.3058,0.3128,0.303
2008-09-28,0.2993,0.3095,0.3024
2008-09-29,0.2933,0.3057,0.3015
2008-09-30,0.2886,0.3026,0.3007
2008-10-01,0.2853,0.3,0.3
2008-10-02,0.2894,0.2978,0.3
2008-10-03,0.2998,0.2966,0.2994
2008-10-04,0.3,0.296,0.299
2008-10-05,0.2982,0.2945,0.2984
2008-10-06,0.3239,0.2948,0.2976
2008-10-07,0.3165,0.296,0.297
2008-10-08,0.4218,0.3935,0.3027
2008-10-09,0.4066,0.4112,0.3201
2008-10-10,0.3866,0.3945,0.3256
2008-10-11,0.374,0.383,0.3279
2008-10-12,0.3692,0.375,0.3292
2008-10-13,0.3636,0.3693,0.3301
2008-10-14,0.3606,0.3648,0.331
2008-10-15,0.3541,0.3603,0.331
2008-10-16,0.3551,0.3567,0.3312
2008-10-17,0.3558,0.3551,0.332
2008-10-18,0.3477,0.3521,0.3316
2008-10-19,0.3425,0.3487,0.3315
2008-10-20,0.357,0.3476,0.3315
2008-10-21,0.3983,0.3605,0.332
2008-10-22,0.4228,0.412,0.3412
2008-10-23,0.402,0.4076,0.3526
2008-10-24,0.3909,0.3967,0.356
2008-10-25,0.3827,0.3894,0.3578
2008-10-26,0.3738,0.3826,0.3589
2008-10-27,0.3821,0.3783,0.359
2008-10-28,0.4275,0.4135,0.3622
2008-10-29,0.4071,0.4125,0.3701
2008-10-30,0.3935,0.402,0.3737
2008-10-31,0.4164,0.4115,0.378
2008-11-01,0.43,0.4339,0.4144
2008-11-02,0.4265,0.4266,0.4358
2008-11-03,0.4155,0.4173,0.4329
2008-11-04,0.4163,0.4093,0.4276
2008-11-05,0.4296,0.4305,0.431
2008-11-06,0.4277,0.4326,0.433
2008-11-07,0.4,0.4094,0.4303
2008-11-08,0.3878,0.3937,0.4256
2008-11-09,0.3782,0.3841,0.4215
2008-11-10,0.3748,0.3778,0.4179
2008-11-11,0.3968,0.3791,0.4147
2008-11-12,0.4008,0.3911,0.4122
2008-11-13,0.3873,0.3895,0.4101
2008-11-14,0.3782,0.3848,0.408
2008-11-15,0.3725,0.38,0.4056
2008-11-16,0.3699,0.376,0.4032
2008-11-17,0.3762,0.374,0.4008
2008-11-18,0.379,0.3739,0.3984
2008-11-19,0.3783,0.3755,0.3962
2008-11-20,0.37,0.374,0.394
2008-11-21,0.3716,0.372,0.3918
2008-11-22,0.3797,0.3739,0.3896
2008-11-23,0.3713,0.3735,0.3875
2008-11-24,0.3835,0.3755,0.3855
2008-11-25,0.3725,0.3756,0.3835
2008-11-26,0.3674,0.3737,0.3817
2008-11-27,0.3708,0.372,0.3799
2008-11-28,0.3694,0.3714,0.3782
2008-11-29,0.3745,0.3711,0.3765
2008-11-30,0.3807,0.3769,0.375
2009-04-01,0.4195,0.421,0.4147
2009-04-02,0.4191,0.4199,0.4183
2009-04-03,0.4206,0.4226,0.4196
2009-04-04,0.4112,0.4162,0.4187
2009-04-05,0.4094,0.4166,0.4177
2009-04-06,0.407,0.4109,0.4158
2009-04-07,0.4149,0.4145,0.4142
2009-04-08,0.4158,0.4132,0.4147
2009-04-09,0.4022,0.4038,0.4107
2009-04-10,0.4047,0.4007,0.4047
2009-04-11,0.4236,0.419,0.4035
2009-04-12,0.4198,0.4264,0.4135
2009-04-13,0.4092,0.4157,0.4148
2009-04-14,0.4035,0.408,0.4104
2009-04-15,0.4128,0.4085,0.4054
2009-04-16,0.4226,0.4245,0.407
2009-04-17,0.4144,0.417,0.4063
2009-04-18,0.4151,0.4182,0.4047
2009-04-19,0.4171,0.4163,0.4033
2009-04-20,0.4171,0.4223,0.4042
2009-04-21,0.4085,0.4164,0.4103
2009-04-22,0.395,0.4063,0.4075
2009-04-23,0.3784,0.3937,0.403
2009-04-24,0.3675,0.3828,0.3978
2009-04-25,0.3726,0.3761,0.3928
2009-04-26,0.4246,0.4099,0.3928
2009-04-27,0.404,0.4158,0.4
2009-04-28,0.3934,0.4023,0.3982
2009-04-29,0.3968,0.3961,0.3953
2009-04-30,0.3873,0.3903,0.3917
2009-05-01,0.3754,0.383,0.3878
2009-05-02,0.3677,0.3764,0.3838
2009-05-03,0.3576,0.3698,0.3795
2009-05-04,0.3507,0.3633,0.3753
2009-05-05,0.3432,0.3573,0.371
2009-05-06,0.3345,0.3508,0.3667
2009-05-07,0.3256,0.3435,0.3621
2009-05-08,0.3218,0.3376,0.358
2009-05-09,0.3173,0.3329,0.3542
2009-05-10,0.3254,0.3295,0.3507
2009-05-11,0.3359,0.3282,0.3474
2009-05-12,0.3494,0.3285,0.3441
2009-05-13,0.3416,0.3294,0.3411
2009-05-14,0.3731,0.335,0.3386
2009-05-15,0.4073,0.3914,0.338
2009-05-16,0.3797,0.3859,0.3384
2009-05-17,0.3678,0.3747,0.337
2009-05-18,0.3904,0.3748,0.3355
2009-05-19,0.3677,0.3699,0.334
2009-05-20,0.3499,0.3606,0.332
2009-05-21,0.335,0.3505,0.3292
2009-05-22,0.3242,0.3413,0.3268
2009-05-23,0.3138,0.3328,0.324
2009-05-24,0.3015,0.3242,0.3213
2009-05-25,0.2879,0.3151,0.3182
2009-05-26,0.2914,0.3083,0.3157
2009-05-27,0.2911,0.3037,0.3133
2009-05-28,0.2806,0.2985,0.311
2009-05-29,0.2715,0.2931,0.3087
2009-05-30,0.2762,0.2879,0.3064
2009-05-31,0.3835,0.3022,0.3048
2009-06-01,0.351,0.3185,0.3035
2009-06-02,0.3232,0.3156,0.3015
2009-06-03,0.3034,0.3094,0.2992
2009-06-04,0.2871,0.3023,0.2971
2009-06-05,0.302,0.2972,0.2955
2009-06-06,0.36,0.3035,0.2945
2009-06-07,0.3382,0.308,0.2935
2009-06-08,0.347,0.3098,0.292
2009-06-09,0.3873,0.3843,0.2935
2009-06-10,0.3693,0.373,0.2954
2009-06-11,0.3814,0.3671,0.296
2009-06-12,0.354,0.3581,0.2956
2009-06-13,0.3339,0.3465,0.295
2009-06-14,0.3223,0.3359,0.2936
2009-06-15,0.3179,0.3275,0.2926
2009-06-16,0.3107,0.3199,0.2915
2009-06-17,0.2988,0.312,0.2899
2009-06-18,0.314,0.3062,0.2885
2009-06-19,0.3552,0.3087,0.2875
2009-06-20,0.3442,0.3142,0.2865
2009-06-21,0.3238,0.3119,0.2856
2009-06-22,0.3078,0.3074,0.2845
2009-06-23,0.293,0.3017,0.2835
2009-06-24,0.2802,0.2956,0.282
2009-06-25,0.272,0.2889,0.2805
2009-06-26,0.2759,0.2833,0.2788
2009-06-27,0.272,0.2792,0.2776
2009-06-28,0.2607,0.2744,0.2765
2009-06-29,0.2478,0.2684,0.2749
2009-06-30,0.239,0.2627,0.2731
2009-07-01,0.2341,0.2577,0.2715
2009-07-02,0.2374,0.253,0.2704
2009-07-03,0.24,0.2491,0.2687
2009-07-04,0.2421,0.245,0.2675
2009-07-05,0.2825,0.2433,0.2664
2009-07-06,0.2939,0.2445,0.2651
2009-07-07,0.2733,0.2437,0.2637
2009-07-08,0.2593,0.2421,0.2627
2009-07-09,0.2458,0.2395,0.2616
2009-07-10,0.234,0.2366,0.2605
2009-07-11,0.2238,0.2336,0.2595
2009-07-12,0.2137,0.23,0.2581
2009-07-13,0.2065,0.2267,0.2567
2009-07-14,0.1999,0.2235,0.2555
2009-07-15,0.2738,0.2221,0.2545
2009-07-16,0.2695,0.2225,0.2535
2009-07-17,0.3415,0.2312,0.253
2009-07-18,0.3141,0.243,0.2524
2009-07-19,0.2863,0.244,0.2515
2009-07-20,0.2657,0.2418,0.2505
2009-07-21,0.2497,0.2387,0.2495
2009-07-22,0.2421,0.2362,0.2486
2009-07-23,0.2462,0.2346,0.248
2009-07-24,0.2488,0.233,0.2475
2009-07-25,0.2412,0.2306,0.2466
2009-07-26,0.2268,0.2273,0.2455
2009-07-27,0.2175,0.224,0.2445
2009-07-28,0.2146,0.2215,0.2435
2009-07-29,0.203,0.2179,0.2425
2009-07-30,0.1928,0.2146,0.2415
2009-07-31,0.1842,0.2114,0.2405
2009-08-01,0.1802,0.208,0.2394
2009-08-02,0.3018,0.2101,0.2385
2009-08-03,0.2901,0.2141,0.238
2009-08-04,0.2717,0.2162,0.2375
2009-08-05,0.25,0.215,0.2365
2009-08-06,0.2363,0.213,0.2355
2009-08-07,0.294,0.2141,0.235
2009-08-08,0.3292,0.2288,0.235
2009-08-09,0.3279,0.2366,0.235
2009-08-10,0.3282,0.2488,0.2346
2009-08-11,0.2971,0.2517,0.2343
2009-08-12,0.2744,0.2497,0.2336
2009-08-13,0.2561,0.2462,0.233
2009-08-14,0.2403,0.2422,0.2324
2009-08-15,0.2268,0.2382,0.2315
2009-08-16,0.2202,0.2345,0.231
2009-08-17,0.2234,0.2315,0.2305
2009-08-18,0.2187,0.2282,0.2296
2009-08-19,0.2243,0.225,0.229
2009-08-20,0.2348,0.2226,0.2285
2009-08-21,0.2257,0.2201,0.228
2009-08-22,0.22,0.218,0.2275
2009-08-23,0.208,0.2154,0.2267
2009-08-24,0.1984,0.2124,0.226
2009-08-25,0.3006,0.2144,0.226
2009-08-26,0.3202,0.2245,0.226
2009-08-27,0.2973,0.2297,0.2256
2009-08-28,0.2729,0.2299,0.225
2009-08-29,0.2554,0.2288,0.225
2009-08-30,0.2408,0.2267,0.2245
2009-08-31,0.2288,0.2241,0.224
2009-09-01,0.2213,0.2221,0.2236
2009-09-02,0.2509,0.2212,0.2235
2009-09-03,0.2803,0.2233,0.2236
2009-09-04,0.2694,0.2243,0.2235
2009-09-05,0.2565,0.2241,0.223
2009-09-06,0.243,0.2229,0.223
2009-09-07,0.2309,0.2206,0.2225
2009-09-08,0.2204,0.2181,0.222
2009-09-09,0.2112,0.216,0.2215
2009-09-10,0.2033,0.2139,0.221
2009-09-11,0.1988,0.2117,0.221
2009-09-12,0.1963,0.2101,0.2206
2009-09-13,0.1927,0.2085,0.2202
2009-09-14,0.1895,0.207,0.22
2009-09-15,0.1912,0.2057,0.22
2009-09-16,0.3221,0.2149,0.22
2009-09-17,0.3248,0.2365,0.22
2009-09-18,0.3385,0.245,0.22
2009-09-19,0.3817,0.2804,0.221
2009-09-20,0.3624,0.2994,0.2212
2009-09-21,0.3584,0.3115,0.2221
2009-09-22,0.3376,0.3132,0.223
2009-09-23,0.3209,0.3101,0.2238
2009-09-24,0.3083,0.3054,0.224
2009-09-25,0.2989,0.301,0.2248
2009-09-26,0.2965,0.2968,0.225
2009-09-27,0.3021,0.294,0.2251
2009-09-28,0.2966,0.2912,0.226
2009-09-29,0.2882,0.2877,0.226
2009-09-30,0.2787,0.2836,0.226
2009-10-01,0.2705,0.2797,0.226
2009-10-02,0.2637,0.2761,0.226
2009-10-03,0.2587,0.2727,0.226
2009-10-04,0.2531,0.2693,0.226
2009-10-05,0.2479,0.2657,0.226
2009-10-06,0.258,0.2636,0.226
2009-10-07,0.262,0.2625,0.227
2009-10-08,0.3531,0.2791,0.227
2009-10-09,0.368,0.3118,0.2277
2009-10-10,0.3511,0.319,0.2287
2009-10-11,0.3354,0.3182,0.2297
2009-10-12,0.3313,0.3162,0.2304
2009-10-13,0.3225,0.314,0.2311
2009-10-14,0.3134,0.3107,0.232
2009-10-15,0.3067,0.3075,0.2327
2009-10-16,0.3017,0.3044,0.233
2009-10-17,0.3035,0.3017,0.2339
2009-10-18,0.3003,0.2995,0.234
2009-10-19,0.2968,0.2971,0.235
2009-10-20,0.3237,0.2965,0.235
2009-10-21,0.4203,0.3695,0.2441
2009-10-22,0.4196,0.4148,0.2737
2009-10-23,0.3993,0.4092,0.2947
2009-10-24,0.3863,0.3907,0.3007
2009-10-25,0.378,0.3812,0.3041
2009-10-26,0.3682,0.3732,0.3062
2009-10-27,0.3595,0.366,0.3078
2009-10-28,0.3529,0.3595,0.3088
2009-10-29,0.3469,0.3541,0.309
2009-10-30,0.3417,0.3492,0.31
2009-10-31,0.3371,0.3448,0.31
2009-11-01,0.3412,0.3415,0.31
2009-11-02,0.4,0.3684,0.3112
2009-11-03,0.4251,0.4065,0.3154
2009-11-04,0.4124,0.4083,0.3242
2009-11-05,0.4047,0.4002,0.3299
2009-11-06,0.3908,0.3937,0.3339
2009-11-07,0.3983,0.3943,0.3368
2009-11-08,0.3957,0.3974,0.3407
2009-11-09,0.3872,0.3904,0.3438
2009-11-10,0.3811,0.3847,0.3458
2009-11-11,0.3791,0.3802,0.3472
2009-11-12,0.3929,0.3801,0.3484
2009-11-13,0.3936,0.3843,0.3498
2009-11-14,0.41,0.3946,0.352
2009-11-15,0.3978,0.3977,0.3556
2009-11-16,0.3872,0.3915,0.3581
2009-11-17,0.3784,0.3855,0.3597
2009-11-18,0.3767,0.3811,0.3603
2009-11-19,0.3695,0.377,0.361
2009-11-20,0.3639,0.373,0.361
2009-11-21,0.363,0.3697,0.361
2009-11-22,0.3877,0.3732,0.361
2009-11-23,0.3847,0.3777,0.3618
2009-11-24,0.3762,0.3775,0.362
2009-11-25,0.3698,0.3749,0.3622
2009-11-26,0.369,0.3727,0.363
2009-11-27,0.3652,0.3705,0.363
2009-11-28,0.3628,0.3683,0.363
2009-11-29,0.3806,0.369,0.3629
2009-11-30,0.3865,0.3779,0.363
2010-04-01,0.4057,0.4049,0.4141
2010-04-02,0.4002,0.4008,0.4117
2010-04-03,0.411,0.4067,0.4096
2010-04-04,0.4055,0.4164,0.412
2010-04-05,0.395,0.4066,0.4104
2010-04-06,0.3864,0.3973,0.4077
2010-04-07,0.4021,0.3943,0.4047
2010-04-08,0.4124,0.4096,0.4027
2010-04-09,0.3947,0.405,0.4012
2010-04-10,0.3824,0.3965,0.3983
2010-04-11,0.3724,0.3875,0.3948
2010-04-12,0.371,0.3801,0.3913
2010-04-13,0.3812,0.3774,0.3878
2010-04-14,0.3838,0.3785,0.3844
2010-04-15,0.3847,0.3776,0.3811
2010-04-16,0.4066,0.3893,0.3783
2010-04-17,0.3948,0.3925,0.3762
2010-04-18,0.3841,0.3879,0.374
2010-04-19,0.375,0.3816,0.3713
2010-04-20,0.3696,0.3761,0.3685
2010-04-21,0.3605,0.3705,0.3655
2010-04-22,0.3518,0.3642,0.3624
2010-04-23,0.3733,0.3622,0.3596
2010-04-24,0.3804,0.3722,0.3572
2010-04-25,0.3759,0.3697,0.3549
2010-04-26,0.3704,0.3693,0.3527
2010-04-27,0.3534,0.363,0.35
2010-04-28,0.3406,0.3553,0.3472
2010-04-29,0.3302,0.3476,0.3442
2010-04-30,0.3538,0.3443,0.3419
2010-05-01,0.4088,0.3635,0.3404
2010-05-02,0.394,0.3882,0.3405
2010-05-03,0.3807,0.382,0.3405
2010-05-04,0.4125,0.3954,0.3409
2010-05-05,0.4233,0.4228,0.3505
2010-05-06,0.4131,0.4122,0.359
2010-05-07,0.4149,0.4094,0.3627
2010-05-08,0.4185,0.4132,0.3666
2010-05-09,0.4224,0.4204,0.3725
2010-05-10,0.4161,0.421,0.3861
2010-05-11,0.4152,0.422,0.3941
2010-05-12,0.4099,0.4154,0.3985
2010-05-13,0.419,0.4217,0.4031
2010-05-14,0.4175,0.4241,0.4103
2010-05-15,0.403,0.4124,0.4118
2010-05-16,0.3906,0.4024,0.4105
2010-05-17,0.3799,0.3917,0.4089
2010-05-18,0.3689,0.3818,0.4068
2010-05-19,0.3573,0.3722,0.404
2010-05-20,0.347,0.3633,0.4009
2010-05-21,0.338,0.3555,0.3975
2010-05-22,0.3301,0.348,0.3939
2010-05-23,0.3251,0.3414,0.3901
2010-05-24,0.317,0.3349,0.386
2010-05-25,0.3048,0.3278,0.3815
2010-05-26,0.3226,0.323,0.3775
2010-05-27,0.3573,0.3284,0.3742
2010-05-28,0.3385,0.3295,0.371
2010-05-29,0.3248,0.3268,0.3676
2010-05-30,0.3207,0.324,0.3645
2010-05-31,0.3541,0.327,0.3623
2010-06-01,0.3435,0.3308,0.3598
2010-06-02,0.3385,0.3292,0.357
2010-06-03,0.3251,0.3262,0.354
2010-06-04,0.3109,0.3212,0.3507
2010-06-05,0.2994,0.3155,0.3475
2010-06-06,0.323,0.3117,0.3445
2010-06-07,0.3452,0.3169,0.3417
2010-06-08,0.3445,0.3177,0.3394
2010-06-09,0.3553,0.3222,0.3375
2010-06-10,0.404,0.3592,0.3367
2010-06-11,0.4068,0.402,0.3392
2010-06-12,0.3957,0.3977,0.3418
2010-06-13,0.3962,0.3931,0.3431
2010-06-14,0.4093,0.4022,0.3451
2010-06-15,0.4142,0.4178,0.359
2010-06-16,0.4275,0.4229,0.3677
2010-06-17,0.4156,0.4185,0.3762
2010-06-18,0.4055,0.4134,0.3825
2010-06-19,0.3983,0.4027,0.3842
2010-06-20,0.3952,0.3969,0.3846
2010-06-21,0.3845,0.3914,0.384
2010-06-22,0.3685,0.3829,0.3825
2010-06-23,0.3546,0.3724,0.3802
2010-06-24,0.3423,0.362,0.3776
2010-06-25,0.3307,0.3519,0.3746
2010-06-26,0.3189,0.342,0.3715
2010-06-27,0.3111,0.3336,0.3682
2010-06-28,0.3095,0.3269,0.3652
2010-06-29,0.3324,0.323,0.3622
2010-06-30,0.3446,0.3248,0.3596
2010-07-01,0.3272,0.3223,0.3567
2010-07-02,0.3111,0.3177,0.3535
2010-07-03,0.3023,0.3124,0.3504
2010-07-04,0.3035,0.3082,0.3475
2010-07-05,0.2906,0.3033,0.3444
2010-07-06,0.2771,0.2976,0.341
2010-07-07,0.2645,0.2915,0.3377
2010-07-08,0.2527,0.2852,0.3344
2010-07-09,0.2417,0.279,0.3307
2010-07-10,0.2428,0.2735,0.3276
2010-07-11,0.2517,0.2692,0.3247
2010-07-12,0.2657,0.2655,0.3216
2010-07-13,0.3275,0.2684,0.3192
2010-07-14,0.3162,0.2733,0.317
2010-07-15,0.3028,0.2734,0.3146
2010-07-16,0.2806,0.2708,0.312
2010-07-17,0.2683,0.2675,0.3098
2010-07-18,0.2576,0.2642,0.3073
2010-07-19,0.243,0.2597,0.3049
2010-07-20,0.2302,0.2549,0.3021
2010-07-21,0.2269,0.251,0.2999
2010-07-22,0.267,0.2498,0.2985
2010-07-23,0.2897,0.2508,0.2971
2010-07-24,0.2744,0.2502,0.2953
2010-07-25,0.2612,0.249,0.2935
2010-07-26,0.255,0.2476,0.2925
2010-07-27,0.2575,0.2465,0.291
2010-07-28,0.253,0.2447,0.2893
2010-07-29,0.2447,0.2428,0.2876
2010-07-30,0.237,0.2406,0.2861
2010-07-31,0.2256,0.2377,0.2842
2010-08-01,0.2163,0.2345,0.2823
2010-08-02,0.2983,0.2362,0.281
2010-08-03,0.3323,0.2522,0.2806
2010-08-04,0.3021,0.256,0.2795
2010-08-05,0.2888,0.2563,0.2785
2010-08-06,0.2727,0.2547,0.2775
2010-08-07,0.2567,0.252,0.2757
2010-08-08,0.2429,0.2482,0.2742
2010-08-09,0.2308,0.2442,0.2726
2010-08-10,0.2221,0.2407,0.2715
2010-08-11,0.214,0.2374,0.2697
2010-08-12,0.2103,0.2344,0.2685
2010-08-13,0.2072,0.2316,0.2675
2010-08-14,0.2022,0.2292,0.2665
2010-08-15,0.2093,0.2275,0.2656
2010-08-16,0.2176,0.2259,0.2647
2010-08-17,0.2107,0.2237,0.2636
2010-08-18,0.2033,0.2213,0.2626
2010-08-19,0.2003,0.2195,0.2616
2010-08-20,0.2067,0.218,0.261
2010-08-21,0.2055,0.2161,0.26
2010-08-22,0.196,0.2137,0.2585
2010-08-23,0.1918,0.2115,0.2575
2010-08-24,0.1898,0.21,0.2565
2010-08-25,0.183,0.2076,0.2554
2010-08-26,0.1771,0.2052,0.254
2010-08-27,0.1758,0.2035,0.253
2010-08-28,0.1768,0.2024,0.2523
2010-08-29,0.1744,0.2009,0.2515
2010-08-30,0.1708,0.1995,0.2505
2010-08-31,0.1685,0.1982,0.2496
2010-09-01,0.1652,0.1968,0.2486
2010-09-02,0.1624,0.1951,0.2476
2010-09-03,0.1597,0.1935,0.2466
2010-09-04,0.1571,0.192,0.2456
2010-09-05,0.155,0.1905,0.2446
2010-09-06,0.1573,0.1894,0.2437
2010-09-07,0.393,0.294,0.245
2010-09-08,0.3962,0.4036,0.2594
2010-09-09,0.3981,0.3878,0.2654
2010-09-10,0.377,0.378,0.2692
2010-09-11,0.3594,0.3655,0.2713
2010-09-12,0.347,0.3548,0.2727
2010-09-13,0.3385,0.3462,0.2731
2010-09-14,0.3282,0.3385,0.274
2010-09-15,0.3184,0.3308,0.274
2010-09-16,0.3146,0.3245,0.274
2010-09-17,0.3182,0.3205,0.274
2010-09-18,0.3136,0.3166,0.274
2010-09-19,0.3066,0.3126,0.274
2010-09-20,0.2977,0.3078,0.2735
2010-09-21,0.2905,0.3032,0.273
2010-09-22,0.2851,0.299,0.273
2010-09-23,0.2828,0.295,0.2725
2010-09-24,0.344,0.2987,0.272
2010-09-25,0.3633,0.3143,0.2728
2010-09-26,0.35,0.3207,0.273
2010-09-27,0.3344,0.321,0.273
2010-09-28,0.3264,0.3192,0.273
2010-09-29,0.3177,0.3167,0.2734
2010-09-30,0.3168,0.314,0.2739
2010-10-01,0.3137,0.3115,0.2736
2010-10-02,0.307,0.3083,0.2734
2010-10-03,0.3354,0.3078,0.273
2010-10-04,0.4162,0.3838,0.2795
2010-10-05,0.4062,0.4068,0.294
2010-10-06,0.3842,0.3898,0.2995
2010-10-07,0.3716,0.3781,0.3022
2010-10-08,0.3626,0.3693,0.304
2010-10-09,0.356,0.3626,0.3052
2010-10-10,0.3979,0.3699,0.3065
2010-10-11,0.428,0.4148,0.313
2010-10-12,0.399,0.4063,0.3243
2010-10-13,0.3822,0.3911,0.3285
2010-10-14,0.3717,0.381,0.3307
2010-10-15,0.3638,0.3731,0.3319
2010-10-16,0.3645,0.3678,0.3328
2010-10-17,0.3699,0.3656,0.3336
2010-10-18,0.3691,0.3647,0.3342
2010-10-19,0.3714,0.364,0.335
2010-10-20,0.3791,0.3663,0.3357
2010-10-21,0.3677,0.3657,0.336
2010-10-22,0.3619,0.3628,0.3368
2010-10-23,0.361,0.3605,0.337
2010-10-24,0.3981,0.3783,0.3377
2010-10-25,0.4027,0.4057,0.343
2010-10-26,0.39,0.3949,0.3469
2010-10-27,0.3914,0.3887,0.3491
2010-10-28,0.393,0.3869,0.3507
2010-10-29,0.393,0.3861,0.3522
2010-10-30,0.4287,0.4212,0.3708
2010-10-31,0.4197,0.4291,0.4145
2010-11-01,0.4137,0.419,0.4254
2010-11-02,0.3983,0.4071,0.4217
2010-11-03,0.3884,0.3966,0.4182
2010-11-04,0.3798,0.3882,0.4149
2010-11-05,0.3727,0.3813,0.4118
2010-11-06,0.3673,0.3757,0.409
2010-11-07,0.379,0.3733,0.4064
2010-11-08,0.3781,0.3744,0.4042
2010-11-09,0.4069,0.3824,0.4025
2010-11-10,0.4141,0.403,0.402
2010-11-11,0.403,0.4059,0.402
2010-11-12,0.4078,0.4065,0.402
2010-11-13,0.3984,0.4044,0.402
2010-11-14,0.4151,0.4087,0.4022
2010-11-15,0.4191,0.4249,0.4155
2010-11-16,0.4045,0.4135,0.4192
2010-11-17,0.3988,0.4038,0.4171
2010-11-18,0.3995,0.399,0.415
2010-11-19,0.3963,0.3958,0.413
2010-11-20,0.4135,0.408,0.4128
2010-11-21,0.421,0.4252,0.4204
2010-11-22,0.4112,0.4195,0.421
2010-11-23,0.3981,0.4095,0.4196
2010-11-24,0.388,0.3985,0.4176
2010-11-25,0.3829,0.3902,0.4153
2010-11-26,0.3776,0.3842,0.4131
2010-11-27,0.3721,0.3791,0.4109
2010-11-28,0.3744,0.3755,0.4088
2010-11-29,0.3743,0.3737,0.4068
2010-11-30,0.3693,0.3719,0.405
2011-04-01,0.3816,0.3918,0.3938
2011-04-02,0.3709,0.3845,0.3925
2011-04-03,0.3642,0.3776,0.3911
2011-04-04,0.378,0.3744,0.3895
2011-04-05,0.3648,0.3715,0.3878
2011-04-06,0.3528,0.3652,0.3854
2011-04-07,0.3433,0.3585,0.383
2011-04-08,0.3345,0.352,0.3805
2011-04-09,0.3266,0.3454,0.3779
2011-04-10,0.3206,0.3396,0.375
2011-04-11,0.3162,0.3346,0.3723
2011-04-12,0.314,0.3306,0.3699
2011-04-13,0.3092,0.3272,0.3673
2011-04-14,0.3094,0.3237,0.3649
2011-04-15,0.3039,0.3206,0.3622
2011-04-16,0.2979,0.3171,0.3596
2011-04-17,0.2922,0.3132,0.357
2011-04-18,0.2875,0.3097,0.3542
2011-04-19,0.2819,0.306,0.3516
2011-04-20,0.276,0.3022,0.349
2011-04-21,0.2742,0.2986,0.3462
2011-04-22,0.2697,0.2955,0.3437
2011-04-23,0.2923,0.2941,0.3415
2011-04-24,0.3161,0.2958,0.3399
2011-04-25,0.3194,0.2967,0.3378
2011-04-26,0.3245,0.2986,0.3357
2011-04-27,0.3079,0.2978,0.3332
2011-04-28,0.3118,0.2968,0.3315
2011-04-29,0.3278,0.299,0.3296
2011-04-30,0.322,0.3005,0.328
2011-05-01,0.3085,0.2994,0.326
2011-05-02,0.2947,0.2962,0.324
2011-05-03,0.309,0.2942,0.322
2011-05-04,0.321,0.296,0.3202
2011-05-05,0.3016,0.2938,0.3181
2011-05-06,0.289,0.2908,0.3163
2011-05-07,0.2788,0.2879,0.3143
2011-05-08,0.2688,0.2835,0.3122
2011-05-09,0.2607,0.2793,0.3102
2011-05-10,0.255,0.2752,0.3082
2011-05-11,0.2765,0.2718,0.3065
2011-05-12,0.352,0.2785,0.3051
2011-05-13,0.3454,0.2962,0.304
2011-05-14,0.3595,0.3027,0.3026
2011-05-15,0.3519,0.3166,0.3016
2011-05-16,0.3281,0.3159,0.3005
2011-05-17,0.3119,0.3118,0.2995
2011-05-18,0.3259,0.3082,0.2981
2011-05-19,0.339,0.3103,0.297
2011-05-20,0.333,0.309,0.2955
2011-05-21,0.3508,0.3112,0.2946
2011-05-22,0.3532,0.317,0.294
2011-05-23,0.3305,0.316,0.2929
2011-05-24,0.3082,0.31,0.2912
2011-05-25,0.29,0.3027,0.2895
2011-05-26,0.2833,0.2957,0.288
2011-05-27,0.2824,0.2908,0.2865
2011-05-28,0.2705,0.2856,0.2854
2011-05-29,0.2583,0.2794,0.2835
2011-05-30,0.2599,0.2741,0.2824
2011-05-31,0.345,0.2805,0.281
2011-06-01,0.3698,0.3038,0.281
2011-06-02,0.3495,0.3151,0.281
2011-06-03,0.36,0.323,0.2806
2011-06-04,0.3871,0.3522,0.281
2011-06-05,0.3752,0.3585,0.282
2011-06-06,0.3581,0.3535,0.283
2011-06-07,0.3577,0.3465,0.283
2011-06-08,0.3963,0.3641,0.2837
2011-06-09,0.3653,0.3621,0.285
2011-06-10,0.3567,0.3542,0.2859
2011-06-11,0.3477,0.3472,0.2859
2011-06-12,0.329,0.3379,0.2855
2011-06-13,0.3404,0.3304,0.285
2011-06-14,0.3559,0.3322,0.2845
2011-06-15,0.3318,0.3277,0.2836
2011-06-16,0.354,0.326,0.283
2011-06-17,0.3685,0.34,0.283
2011-06-18,0.3885,0.3502,0.2839
2011-06-19,0.3564,0.3502,0.284
2011-06-20,0.3351,0.3412,0.2836
2011-06-21,0.3251,0.3315,0.2832
2011-06-22,0.338,0.326,0.283
2011-06-23,0.3413,0.3252,0.2825
2011-06-24,0.3204,0.3197,0.2816
2011-06-25,0.3018,0.3121,0.2805
2011-06-26,0.2853,0.3035,0.2792
2011-06-27,0.2696,0.2946,0.2775
2011-06-28,0.2558,0.286,0.276
2011-06-29,0.2508,0.2795,0.2746
2011-06-30,0.2444,0.274,0.2735
2011-07-01,0.2338,0.2673,0.2721
2011-07-02,0.2235,0.261,0.2705
2011-07-03,0.214,0.2543,0.269
2011-07-04,0.2159,0.2499,0.2676
2011-07-05,0.215,0.2457,0.2665
2011-07-06,0.2081,0.2412,0.2651
2011-07-07,0.2731,0.2404,0.264
2011-07-08,0.3431,0.2601,0.2636
2011-07-09,0.3055,0.2629,0.2625
2011-07-10,0.2975,0.2615,0.2615
2011-07-11,0.2988,0.261,0.2606
2011-07-12,0.285,0.2588,0.2595
2011-07-13,0.4131,0.3678,0.262
2011-07-14,0.3894,0.3958,0.2725
2011-07-15,0.3647,0.3758,0.2758
2011-07-16,0.3479,0.3605,0.277
2011-07-17,0.3945,0.3705,0.2784
2011-07-18,0.3747,0.3727,0.2807
2011-07-19,0.3911,0.3722,0.2826
2011-07-20,0.3827,0.3727,0.2848
2011-07-21,0.3693,0.3661,0.2863
2011-07-22,0.3565,0.358,0.2872
2011-07-23,0.3452,0.3499,0.288
2011-07-24,0.338,0.3426,0.288
2011-07-25,0.3526,0.3384,0.2881
2011-07-26,0.372,0.3432,0.289
2011-07-27,0.3619,0.3458,0.2893
2011-07-28,0.3464,0.3417,0.2895
2011-07-29,0.3336,0.3361,0.2895
2011-07-30,0.322,0.3297,0.289
2011-07-31,0.3105,0.3228,0.2885
2011-08-01,0.2968,0.3147,0.2875
2011-08-02,0.2847,0.3068,0.2865
2011-08-03,0.2865,0.3006,0.2855
2011-08-04,0.2836,0.2954,0.2845
2011-08-05,0.279,0.29,0.2834
2011-08-06,0.2925,0.287,0.2825
2011-08-07,0.3376,0.29,0.2818
2011-08-08,0.313,0.2908,0.281
2011-08-09,0.2975,0.2886,0.2805
2011-08-10,0.2826,0.2848,0.2795
2011-08-11,0.2685,0.2797,0.2781
2011-08-12,0.2556,0.2744,0.2766
2011-08-13,0.2442,0.2687,0.2755
2011-08-14,0.2569,0.2644,0.2744
2011-08-15,0.2745,0.2626,0.2735
2011-08-16,0.2611,0.2594,0.2725
2011-08-17,0.2471,0.2553,0.271
2011-08-18,0.2347,0.2512,0.2696
2011-08-19,0.2264,0.2472,0.2685
2011-08-20,0.2173,0.2431,0.2671
2011-08-21,0.2073,0.239,0.2656
2011-08-22,0.1975,0.235,0.2645
2011-08-23,0.1899,0.231,0.263
2011-08-24,0.1954,0.2275,0.2615
2011-08-25,0.246,0.2262,0.261
2011-08-26,0.3658,0.2938,0.2612
2011-08-27,0.3841,0.377,0.2643
2011-08-28,0.3603,0.3649,0.2667
2011-08-29,0.3433,0.3527,0.2679
2011-08-30,0.329,0.3419,0.268
2011-08-31,0.3212,0.3326,0.2683
2011-09-01,0.3254,0.3267,0.2686
2011-09-02,0.3146,0.3211,0.2685
2011-09-03,0.3256,0.3168,0.2686
2011-09-04,0.3907,0.3413,0.2693
2011-09-05,0.3763,0.3637,0.2709
2011-09-06,0.3535,0.3555,0.272
2011-09-07,0.3403,0.3468,0.273
2011-09-08,0.3317,0.3396,0.2736
2011-09-09,0.3208,0.3317,0.2736
2011-09-10,0.3115,0.3243,0.2735
2011-09-11,0.3094,0.319,0.2734
2011-09-12,0.307,0.3145,0.2735
2011-09-13,0.2963,0.3087,0.273
2011-09-14,0.288,0.3033,0.2725
2011-09-15,0.2796,0.2976,0.2716
2011-09-16,0.2723,0.2921,0.271
2011-09-17,0.2907,0.288,0.2705
2011-09-18,0.3168,0.2884,0.27
2011-09-19,0.321,0.2896,0.27
2011-09-20,0.3135,0.2905,0.27
2011-09-21,0.299,0.2887,0.2695
2011-09-22,0.2873,0.2857,0.2687
2011-09-23,0.2777,0.2826,0.2683
2011-09-24,0.2701,0.2793,0.2676
2011-09-25,0.2651,0.2765,0.267
2011-09-26,0.2609,0.2735,0.2666
2011-09-27,0.2546,0.2704,0.266
2011-09-28,0.2478,0.2667,0.2655
2011-09-29,0.2418,0.2635,0.2646
2011-09-30,0.2365,0.2599,0.264
2011-10-01,0.2315,0.2567,0.2635
2011-10-02,0.2267,0.2536,0.2626
2011-10-03,0.2218,0.2505,0.262
2011-10-04,0.2173,0.2475,0.2615
2011-10-05,0.2136,0.245,0.2606
2011-10-06,0.2107,0.2422,0.26
2011-10-07,0.2133,0.2405,0.26
2011-10-08,0.2257,0.2395,0.2596
2011-10-09,0.2554,0.2392,0.259
2011-10-10,0.2707,0.2404,0.259
2011-10-11,0.2613,0.2405,0.259
2011-10-12,0.2519,0.2396,0.2585
2011-10-13,0.2458,0.239,0.258
2011-10-14,0.2413,0.2385,0.258
2011-10-15,0.2362,0.2375,0.2574
2011-10-16,0.2317,0.2365,0.257
2011-10-17,0.2272,0.2351,0.2566
2011-10-18,0.2236,0.2336,0.256
2011-10-19,0.2618,0.2337,0.256
2011-10-20,0.2873,0.2369,0.256
2011-10-21,0.277,0.2388,0.256
2011-10-22,0.2705,0.2398,0.256
2011-10-23,0.2685,0.2409,0.256
2011-10-24,0.3008,0.243,0.256
2011-10-25,0.4126,0.3621,0.2574
2011-10-26,0.3837,0.3806,0.2626
2011-10-27,0.3917,0.3744,0.2662
2011-10-28,0.4228,0.4061,0.2726
2011-10-29,0.4046,0.4031,0.2822
2011-10-30,0.3858,0.3885,0.2879
2011-10-31,0.378,0.3785,0.2912
2011-11-01,0.3909,0.3758,0.2939
2011-11-02,0.4115,0.3934,0.298
2011-11-03,0.4335,0.4279,0.3278
2011-11-04,0.4292,0.4313,0.4002
2011-11-05,0.425,0.4272,0.4242
2011-11-06,0.4256,0.4278,0.4308
2011-11-07,0.4105,0.4155,0.4291
2011-11-08,0.4152,0.4165,0.4247
2011-11-09,0.4005,0.4121,0.4222
2011-11-10,0.3977,0.4018,0.4191
2011-11-11,0.3873,0.3941,0.4163
2011-11-12,0.388,0.3891,0.4137
2011-11-13,0.3774,0.3842,0.4111
2011-11-14,0.3705,0.3787,0.4087
2011-11-15,0.3659,0.3742,0.4063
2011-11-16,0.3619,0.3702,0.4041
2011-11-17,0.3588,0.3666,0.402
2011-11-18,0.3572,0.3639,0.4
2011-11-19,0.3818,0.3658,0.3983
2011-11-20,0.3786,0.3728,0.3969
2011-11-21,0.3694,0.372,0.3957
2011-11-22,0.3635,0.3696,0.3945
2011-11-23,0.3588,0.3667,0.3933
2011-11-24,0.3555,0.3638,0.3919
2011-11-25,0.3523,0.361,0.3906
2011-11-26,0.3507,0.3586,0.3895
2011-11-27,0.3482,0.3564,0.3883
2011-11-28,0.3461,0.3545,0.3869
2011-11-29,0.3489,0.353,0.3858
2011-11-30,0.3507,0.353,0.3847
2012-04-01,0.301,0.3202,0.3317
2012-04-02,0.297,0.3162,0.3305
2012-04-03,0.2985,0.3131,0.3294
2012-04-04,0.383,0.3229,0.3285
2012-04-05,0.3811,0.3477,0.328
2012-04-06,0.377,0.3542,0.328
2012-04-07,0.3912,0.3627,0.328
2012-04-08,0.3844,0.376,0.329
2012-04-09,0.3694,0.3713,0.3296
2012-04-10,0.3944,0.3802,0.3303
2012-04-11,0.4065,0.4084,0.3371
2012-04-12,0.4092,0.4007,0.3414
2012-04-13,0.401,0.4017,0.3452
2012-04-14,0.3851,0.3911,0.3477
2012-04-15,0.3861,0.3847,0.3487
2012-04-16,0.3851,0.3828,0.35
2012-04-17,0.3924,0.3816,0.3509
2012-04-18,0.4095,0.392,0.3515
2012-04-19,0.4154,0.4065,0.3549
2012-04-20,0.4104,0.4065,0.3593
2012-04-21,0.4167,0.4095,0.3634
2012-04-22,0.4027,0.4072,0.3684
2012-04-23,0.4043,0.4005,0.3709
2012-04-24,0.4156,0.4102,0.3741
2012-04-25,0.4105,0.4081,0.378
2012-04-26,0.4189,0.4156,0.3825
2012-04-27,0.3982,0.4071,0.3863
2012-04-28,0.3834,0.3962,0.387
2012-04-29,0.4192,0.4229,0.3986
2012-04-30,0.4202,0.4224,0.4062
2012-05-01,0.4073,0.4184,0.4111
2012-05-02,0.4023,0.4075,0.4105
2012-05-03,0.3975,0.4054,0.4088
2012-05-04,0.3976,0.4004,0.4071
2012-05-05,0.4182,0.4254,0.417
2012-05-06,0.4027,0.4165,0.4184
2012-05-07,0.3859,0.4008,0.416
2012-05-08,0.3793,0.3889,0.4132
2012-05-09,0.3941,0.3863,0.4108
2012-05-10,0.3736,0.3809,0.4078
2012-05-11,0.3561,0.3705,0.4045
2012-05-12,0.3623,0.3636,0.4015
2012-05-13,0.3555,0.3601,0.3989
2012-05-14,0.3397,0.353,0.3957
2012-05-15,0.3302,0.3463,0.3929
2012-05-16,0.3258,0.3411,0.39
2012-05-17,0.3176,0.3356,0.387
2012-05-18,0.3644,0.3365,0.3844
2012-05-19,0.3799,0.3486,0.3822
2012-05-20,0.4125,0.3925,0.3838
2012-05-21,0.4271,0.428,0.4019
2012-05-22,0.4259,0.4304,0.4215
2012-05-23,0.4112,0.4178,0.4286
2012-05-24,0.3902,0.399,0.4241
2012-05-25,0.3844,0.3853,0.4193
2012-05-26,0.3838,0.3801,0.415
2012-05-27,0.3976,0.3802,0.4117
2012-05-28,0.3908,0.3907,0.4092
2012-05-29,0.3726,0.3821,0.4069
2012-05-30,0.3582,0.3719,0.4038
2012-05-31,0.3474,0.3625,0.4007
2012-06-01,0.3361,0.3538,0.3972
2012-06-02,0.325,0.345,0.3932
2012-06-03,0.3735,0.3587,0.3902
2012-06-04,0.3789,0.3784,0.3882
2012-06-05,0.3612,0.3718,0.3858
2012-06-06,0.3533,0.3643,0.3831
2012-06-07,0.3649,0.3613,0.3808
2012-06-08,0.4117,0.4076,0.3806
2012-06-09,0.3861,0.399,0.3814
2012-06-10,0.3989,0.3953,0.381
2012-06-11,0.4024,0.401,0.3812
2012-06-12,0.4075,0.4022,0.3815
2012-06-13,0.3881,0.3976,0.3816
2012-06-14,0.3705,0.3861,0.3802
2012-06-15,0.3564,0.3749,0.3777
2012-06-16,0.3426,0.3635,0.3746
2012-06-17,0.3344,0.3535,0.3716
2012-06-18,0.3344,0.345,0.3684
2012-06-19,0.3409,0.3402,0.3654
2012-06-20,0.3994,0.3722,0.3635
2012-06-21,0.3917,0.3821,0.362
2012-06-22,0.3765,0.38,0.3602
2012-06-23,0.3547,0.3694,0.3581
2012-06-24,0.3397,0.3587,0.3555
2012-06-25,0.3321,0.35,0.353
2012-06-26,0.3269,0.343,0.3507
2012-06-27,0.3131,0.3339,0.3476
2012-06-28,0.2995,0.3246,0.3444
2012-06-29,0.2868,0.3156,0.3408
2012-06-30,0.279,0.3077,0.3377
2012-07-01,0.4025,0.3516,0.336
2012-07-02,0.396,0.4004,0.3385
2012-07-03,0.3733,0.3855,0.3395
2012-07-04,0.3724,0.3736,0.3388
2012-07-05,0.4064,0.3858,0.3389
2012-07-06,0.396,0.4017,0.3415
2012-07-07,0.3735,0.3856,0.3425
2012-07-08,0.3833,0.3778,0.3417
2012-07-09,0.362,0.3695,0.3409
2012-07-10,0.3629,0.3618,0.3395
2012-07-11,0.3572,0.3575,0.3381
2012-07-12,0.3379,0.3493,0.3362
2012-07-13,0.3239,0.3408,0.3341
2012-07-14,0.3157,0.3327,0.332
2012-07-15,0.3092,0.3262,0.3301
2012-07-16,0.3025,0.3202,0.3281
2012-07-17,0.2902,0.3129,0.3259
2012-07-18,0.2778,0.3051,0.3231
2012-07-19,0.267,0.2977,0.3207
2012-07-20,0.2585,0.2911,0.3181
2012-07-21,0.254,0.2854,0.316
2012-07-22,0.246,0.2797,0.3139
2012-07-23,0.2377,0.2743,0.3112
2012-07-24,0.2295,0.2686,0.309
2012-07-25,0.2219,0.263,0.3063
2012-07-26,0.2143,0.2577,0.304
2012-07-27,0.2063,0.2525,0.3011
2012-07-28,0.2571,0.2495,0.2995
2012-07-29,0.2729,0.2485,0.2974
2012-07-30,0.2543,0.246,0.2951
2012-07-31,0.2388,0.2429,0.293
2012-08-01,0.2267,0.2396,0.291
2012-08-02,0.2177,0.2367,0.289
2012-08-03,0.208,0.2335,0.287
2012-08-04,0.2392,0.2308,0.2849
2012-08-05,0.3485,0.2425,0.2835
2012-08-06,0.3626,0.2645,0.2826
2012-08-07,0.3201,0.2739,0.2815
2012-08-08,0.2937,0.2724,0.28
2012-08-09,0.2741,0.2687,0.2785
2012-08-10,0.258,0.2642,0.2769
2012-08-11,0.2436,0.2595,0.2752
2012-08-12,0.2322,0.2549,0.2736
2012-08-13,0.223,0.2504,0.2725
2012-08-14,0.2149,0.2462,0.2711
2012-08-15,0.2181,0.2425,0.2696
2012-08-16,0.2667,0.2404,0.2686
2012-08-17,0.2499,0.2379,0.2675
2012-08-18,0.2341,0.2347,0.266
2012-08-19,0.2195,0.2315,0.2645
2012-08-20,0.2077,0.2282,0.2631
2012-08-21,0.1989,0.2248,0.2615
2012-08-22,0.2268,0.2222,0.2605
2012-08-23,0.2986,0.2249,0.2595
2012-08-24,0.289,0.2273,0.2587
2012-08-25,0.3213,0.2325,0.258
2012-08-26,0.3077,0.2395,0.2575
2012-08-27,0.2806,0.2401,0.2565
2012-08-28,0.3297,0.2453,0.256
2012-08-29,0.3346,0.2582,0.256
2012-08-30,0.3406,0.2672,0.2555
2012-08-31,0.3197,0.2727,0.255
2012-09-01,0.3074,0.274,0.255
2012-09-02,0.3022,0.275,0.255
2012-09-03,0.2945,0.2747,0.255
2012-09-04,0.2884,0.2735,0.2545
2012-09-05,0.2859,0.2723,0.2543
2012-09-06,0.2762,0.2704,0.254
2012-09-07,0.2645,0.267,0.2534
2012-09-08,0.2532,0.2629,0.2525
2012-09-09,0.2435,0.2588,0.2516
2012-09-10,0.235,0.255,0.2511
2012-09-11,0.2413,0.252,0.2505
2012-09-12,0.2712,0.251,0.25
2012-09-13,0.2793,0.2515,0.2502
2012-09-14,0.2724,0.2512,0.25
2012-09-15,0.2617,0.25,0.2497
2012-09-16,0.252,0.2476,0.2493
2012-09-17,0.2422,0.245,0.2485
2012-09-18,0.2898,0.2464,0.248
2012-09-19,0.3695,0.2971,0.248
2012-09-20,0.3319,0.3029,0.248
2012-09-21,0.3155,0.301,0.248
2012-09-22,0.307,0.2985,0.248
2012-09-23,0.3026,0.296,0.2482
2012-09-24,0.3922,0.3564,0.2496
2012-09-25,0.3773,0.3657,0.2521
2012-09-26,0.406,0.385,0.2563
2012-09-27,0.3936,0.3964,0.266
2012-09-28,0.376,0.3803,0.2707
2012-09-29,0.3959,0.375,0.2736
2012-09-30,0.4011,0.3944,0.2783
2012-10-01,0.3795,0.3824,0.2826
2012-10-02,0.3655,0.3712,0.285
2012-10-03,0.3552,0.3619,0.2867
2012-10-04,0.3491,0.3549,0.2878
2012-10-05,0.3425,0.3487,0.2888
2012-10-06,0.335,0.3425,0.289
2012-10-07,0.3334,0.3378,0.2892
2012-10-08,0.3418,0.3351,0.29
2012-10-09,0.3561,0.3359,0.29
2012-10-10,0.3464,0.3362,0.291
2012-10-11,0.3495,0.3348,0.291
2012-10-12,0.3559,0.3372,0.291
2012-10-13,0.3407,0.3357,0.2914
2012-10-14,0.3411,0.3334,0.292
2012-10-15,0.347,0.3336,0.292
2012-10-16,0.3386,0.332,0.292
2012-10-17,0.3701,0.3353,0.2928
2012-10-18,0.3978,0.3622,0.2939
2012-10-19,0.3819,0.3673,0.2961
2012-10-20,0.3863,0.3704,0.2983
2012-10-21,0.3883,0.3707,0.3005
2012-10-22,0.4026,0.3826,0.3034
2012-10-23,0.3863,0.3808,0.3066
2012-10-24,0.371,0.3736,0.3088
2012-10-25,0.362,0.3667,0.3102
2012-10-26,0.4148,0.3974,0.316
2012-10-27,0.4151,0.4165,0.3344
2012-10-28,0.3912,0.4,0.341
2012-10-29,0.3799,0.3892,0.3438
2012-10-30,0.3749,0.3816,0.3454
2012-10-31,0.3905,0.3805,0.3465
2012-11-01,0.397,0.3895,0.3483
2012-11-02,0.3947,0.3895,0.3504
2012-11-03,0.3871,0.3864,0.3521
2012-11-04,0.4013,0.3942,0.354
2012-11-05,0.396,0.4024,0.3581
2012-11-06,0.3973,0.3957,0.3609
2012-11-07,0.3904,0.3933,0.3627
2012-11-08,0.3806,0.3877,0.3641
2012-11-09,0.3786,0.3833,0.365
2012-11-10,0.4223,0.4143,0.3722
2012-11-11,0.4178,0.4188,0.3844
2012-11-12,0.3968,0.4083,0.388
2012-11-13,0.3867,0.3989,0.389
2012-11-14,0.3801,0.3916,0.389
2012-11-15,0.375,0.3858,0.3882
2012-11-16,0.3709,0.381,0.3875
2012-11-17,0.374,0.378,0.3868
2012-11-18,0.3711,0.3763,0.386
2012-11-19,0.3667,0.3739,0.3851
2012-11-20,0.3625,0.3709,0.3843
2012-11-21,0.3711,0.3689,0.3833
2012-11-22,0.3766,0.3719,0.3827
2012-11-23,0.3683,0.3715,0.382
2012-11-24,0.3759,0.3714,0.3814
2012-11-25,0.3789,0.3741,0.381
2012-11-26,0.4121,0.3925,0.3816
2012-11-27,0.4123,0.4159,0.3881
2012-11-28,0.3986,0.407,0.3908
2012-11-29,0.3894,0.4003,0.392
2012-11-30,0.3832,0.3943,0.392
2013-04-01,0.4027,0.4042,0.4238
2013-04-02,0.4171,0.4092,0.422
2013-04-03,0.4049,0.4138,0.4206
2013-04-04,0.3973,0.402,0.4189
2013-04-05,0.3983,0.3974,0.4162
2013-04-06,0.392,0.3921,0.4132
2013-04-07,0.3929,0.3895,0.4096
2013-04-08,0.3974,0.3894,0.4058
2013-04-09,0.4042,0.3951,0.4023
2013-04-10,0.3997,0.3994,0.399
2013-04-11,0.4043,0.4014,0.3958
2013-04-12,0.4058,0.4153,0.3959
2013-04-13,0.3912,0.4039,0.3945
2013-04-14,0.3781,0.3935,0.3914
2013-04-15,0.3675,0.3839,0.3873
2013-04-16,0.3593,0.3753,0.3832
2013-04-17,0.3505,0.3673,0.3789
2013-04-18,0.3513,0.3602,0.3746
2013-04-19,0.3894,0.3648,0.371
2013-04-20,0.392,0.3772,0.3684
2013-04-21,0.3977,0.3845,0.3665
2013-04-22,0.391,0.3869,0.3645
2013-04-23,0.3804,0.3826,0.3626
2013-04-24,0.3695,0.3762,0.36
2013-04-25,0.3585,0.3691,0.3572
2013-04-26,0.3692,0.3647,0.3546
2013-04-27,0.4151,0.3905,0.3536
2013-04-28,0.4146,0.403,0.3544
2013-04-29,0.426,0.4243,0.3625
2013-04-30,0.4256,0.4264,0.3801
2013-05-01,0.4145,0.4242,0.4001
2013-05-02,0.3958,0.4082,0.4025
2013-05-03,0.4203,0.4149,0.4023
2013-05-04,0.4005,0.4106,0.4033
2013-05-05,0.3871,0.4006,0.4024
2013-05-06,0.3742,0.3896,0.4
2013-05-07,0.3647,0.3798,0.3972
2013-05-08,0.3616,0.3723,0.3944
2013-05-09,0.3842,0.3702,0.3917
2013-05-10,0.396,0.388,0.3891
2013-05-11,0.3759,0.3835,0.3866
2013-05-12,0.3686,0.3777,0.3841
2013-05-13,0.3591,0.3715,0.3813
2013-05-14,0.3519,0.3642,0.3782
2013-05-15,0.4057,0.3757,0.3756
2013-05-16,0.4215,0.4203,0.3814
2013-05-17,0.4139,0.4143,0.3859
2013-05-18,0.4254,0.426,0.3972
2013-05-19,0.4158,0.4227,0.4138
2013-05-20,0.3967,0.4093,0.4141
2013-05-21,0.3895,0.3983,0.4125
2013-05-22,0.3863,0.3913,0.4109
2013-05-23,0.3778,0.3835,0.4087
2013-05-24,0.3807,0.3785,0.4062
2013-05-25,0.3986,0.3815,0.404
2013-05-26,0.3948,0.3897,0.4021
2013-05-27,0.385,0.3857,0.3996
2013-05-28,0.3989,0.3923,0.3974
2013-05-29,0.4029,0.4042,0.3973
2013-05-30,0.4043,0.402,0.3966
2013-05-31,0.4039,0.4022,0.396
2013-06-01,0.4005,0.4034,0.3957
2013-06-02,0.3827,0.3949,0.3944
2013-06-03,0.3693,0.385,0.392
2013-06-04,0.3583,0.3747,0.389
2013-06-05,0.3512,0.366,0.386
2013-06-06,0.341,0.3574,0.3826
2013-06-07,0.3296,0.3483,0.3787
2013-06-08,0.3358,0.3414,0.3751
2013-06-09,0.3945,0.3533,0.3727
2013-06-10,0.3823,0.3693,0.3707
2013-06-11,0.3654,0.3675,0.3681
2013-06-12,0.3495,0.3607,0.3654
2013-06-13,0.3554,0.3538,0.3623
2013-06-14,0.3713,0.356,0.3598
2013-06-15,0.3642,0.3539,0.357
2013-06-16,0.3547,0.352,0.3543
2013-06-17,0.3322,0.3442,0.3509
2013-06-18,0.3139,0.3348,0.3475
2013-06-19,0.3182,0.3279,0.3445
2013-06-20,0.336,0.327,0.3425
2013-06-21,0.3339,0.3262,0.3402
2013-06-22,0.3198,0.3223,0.3376
2013-06-23,0.3052,0.3166,0.3346
2013-06-24,0.2964,0.3113,0.332
2013-06-25,0.2879,0.3061,0.3294
2013-06-26,0.2784,0.3006,0.3267
2013-06-27,0.2701,0.2952,0.3241
2013-06-28,0.2693,0.2915,0.322
2013-06-29,0.2787,0.2895,0.3205
2013-06-30,0.282,0.2872,0.3184
2013-07-01,0.2683,0.2823,0.3157
2013-07-02,0.2579,0.2772,0.313
2013-07-03,0.302,0.2758,0.3112
2013-07-04,0.2992,0.2764,0.3092
2013-07-05,0.2803,0.2733,0.307
2013-07-06,0.2635,0.2688,0.3043
2013-07-07,0.2486,0.2641,0.3017
2013-07-08,0.239,0.2597,0.2991
2013-07-09,0.2407,0.2557,0.2971
2013-07-10,0.254,0.2535,0.2952
2013-07-11,0.2617,0.2515,0.2935
2013-07-12,0.2479,0.2486,0.2913
2013-07-13,0.2331,0.2446,0.289
2013-07-14,0.2208,0.241,0.2869
2013-07-15,0.21,0.237,0.2845
2013-07-16,0.2003,0.233,0.2821
2013-07-17,0.2262,0.2304,0.2805
2013-07-18,0.2859,0.2307,0.2795
2013-07-19,0.317,0.236,0.2784
2013-07-20,0.3197,0.2419,0.2766
2013-07-21,0.3118,0.2469,0.2753
2013-07-22,0.2865,0.247,0.2735
2013-07-23,0.2687,0.245,0.2721
2013-07-24,0.2515,0.2424,0.2705
2013-07-25,0.2398,0.2394,0.2691
2013-07-26,0.2301,0.2361,0.2675
2013-07-27,0.2172,0.2324,0.266
2013-07-28,0.3558,0.3048,0.2654
2013-07-29,0.3979,0.3927,0.2701
2013-07-30,0.3716,0.3771,0.2739
2013-07-31,0.3519,0.3625,0.2752
2013-08-01,0.3333,0.349,0.2756
2013-08-02,0.3152,0.3362,0.2754
2013-08-03,0.3003,0.3247,0.2745
2013-08-04,0.3554,0.3219,0.274
2013-08-05,0.3429,0.3235,0.2735
2013-08-06,0.3285,0.3185,0.273
2013-08-07,0.3981,0.3578,0.2737
2013-08-08,0.4169,0.4157,0.2879
2013-08-09,0.3908,0.3965,0.2995
2013-08-10,0.3693,0.3795,0.302
2013-08-11,0.3521,0.3658,0.303
2013-08-12,0.3372,0.3535,0.3025
2013-08-13,0.3247,0.3428,0.3017
2013-08-14,0.3128,0.3332,0.301
2013-08-15,0.3019,0.3245,0.3
2013-08-16,0.2922,0.3162,0.2985
2013-08-17,0.2848,0.3089,0.2975
2013-08-18,0.2795,0.3025,0.2962
2013-08-19,0.2758,0.2972,0.295
2013-08-20,0.2696,0.2921,0.2936
2013-08-21,0.2595,0.2861,0.2925
2013-08-22,0.25,0.2802,0.2909
2013-08-23,0.2422,0.2746,0.2895
2013-08-24,0.2507,0.2703,0.2882
2013-08-25,0.2522,0.2669,0.2868
2013-08-26,0.2549,0.2642,0.286
2013-08-27,0.2644,0.2625,0.2854
2013-08-28,0.2743,0.2619,0.2845
2013-08-29,0.2649,0.2601,0.2835
2013-08-30,0.2548,0.258,0.2825
2013-08-31,0.2453,0.2552,0.2815
2013-09-01,0.2368,0.252,0.2803
2013-09-02,0.228,0.2489,0.2786
2013-09-03,0.2193,0.2454,0.2775
2013-09-04,0.212,0.2417,0.2761
2013-09-05,0.2048,0.2385,0.2746
2013-09-06,0.2004,0.2354,0.2735
2013-09-07,0.2537,0.2342,0.273
2013-09-08,0.3914,0.2873,0.2725
2013-09-09,0.3537,0.3158,0.2725
2013-09-10,0.329,0.3149,0.272
2013-09-11,0.3154,0.3117,0.272
2013-09-12,0.3142,0.3091,0.272
2013-09-13,0.3112,0.3068,0.272
2013-09-14,0.3079,0.3035,0.2715
2013-09-15,0.3426,0.3052,0.2713
2013-09-16,0.349,0.3096,0.272
2013-09-17,0.342,0.3146,0.272
2013-09-18,0.3323,0.315,0.272
2013-09-19,0.3341,0.3155,0.272
2013-09-20,0.3235,0.314,0.272
2013-09-21,0.3151,0.3113,0.272
2013-09-22,0.3041,0.3072,0.272
2013-09-23,0.2947,0.3029,0.2715
2013-09-24,0.2861,0.2982,0.271
2013-09-25,0.2803,0.294,0.2705
2013-09-26,0.2768,0.2899,0.27
2013-09-27,0.2711,0.286,0.2695
2013-09-28,0.2804,0.2828,0.269
2013-09-29,0.3756,0.298,0.269
2013-09-30,0.3553,0.3153,0.269
2013-10-01,0.3359,0.3169,0.2692
2013-10-02,0.3245,0.3147,0.2693
2013-10-03,0.3235,0.3127,0.2699
2013-10-04,0.349,0.3143,0.27
2013-10-05,0.3867,0.3451,0.2708
2013-10-06,0.3587,0.3474,0.2721
2013-10-07,0.3462,0.3431,0.273
2013-10-08,0.3377,0.3386,0.274
2013-10-09,0.3325,0.3344,0.2747
2013-10-10,0.3402,0.3313,0.275
2013-10-11,0.3533,0.3317,0.276
2013-10-12,0.3795,0.3385,0.2765
2013-10-13,0.3964,0.3678,0.2781
2013-10-14,0.3889,0.3718,0.2807
2013-10-15,0.3985,0.3758,0.2831
2013-10-16,0.3874,0.3796,0.2863
2013-10-17,0.3735,0.373,0.2889
2013-10-18,0.3615,0.3652,0.2907
2013-10-19,0.3709,0.3609,0.2921
2013-10-20,0.4005,0.3735,0.294
2013-10-21,0.3975,0.3852,0.2976
2013-10-22,0.4159,0.3956,0.3026
2013-10-23,0.4149,0.4212,0.3248
2013-10-24,0.3921,0.4015,0.3352
2013-10-25,0.3991,0.3935,0.3387
2013-10-26,0.392,0.3916,0.3417
2013-10-27,0.4057,0.4024,0.3455
2013-10-28,0.3861,0.3943,0.3493
2013-10-29,0.3862,0.3874,0.3512
2013-10-30,0.3748,0.3819,0.3523
2013-10-31,0.3678,0.3765,0.353
2013-11-01,0.3635,0.3718,0.3533
2013-11-02,0.3899,0.3727,0.354
2013-11-03,0.4076,0.402,0.3558
2013-11-04,0.4142,0.4047,0.3593
2013-11-05,0.4195,0.4144,0.3646
2013-11-06,0.4045,0.412,0.3711
2013-11-07,0.3905,0.4008,0.3743
2013-11-08,0.3914,0.394,0.3757
2013-11-09,0.3923,0.393,0.3767
2013-11-10,0.416,0.4094,0.3784
2013-11-11,0.399,0.4094,0.383
2013-11-12,0.3865,0.3991,0.3848
2013-11-13,0.3793,0.3917,0.385
2013-11-14,0.3776,0.3866,0.385
2013-11-15,0.3759,0.383,0.3842
2013-11-16,0.381,0.3808,0.384
2013-11-17,0.3888,0.3819,0.3834
2013-11-18,0.4094,0.3925,0.3832
2013-11-19,0.4168,0.4139,0.3861
2013-11-20,0.3965,0.4069,0.3893
2013-11-21,0.388,0.3992,0.3902
2013-11-22,0.3825,0.3936,0.3907
2013-11-23,0.3785,0.3892,0.39
2013-11-24,0.3758,0.3854,0.39
2013-11-25,0.3729,0.382,0.3891
2013-11-26,0.3697,0.3786,0.3886
2013-11-27,0.367,0.3756,0.388
2013-11-28,0.3658,0.3728,0.387
2013-11-29,0.3671,0.3709,0.3863
2013-11-30,0.3664,0.3696,0.3855
2014-04-01,0.3491,0.3516,0.3254
2014-04-02,0.3444,0.3484,0.3244
2014-04-03,0.3542,0.3457,0.3232
2014-04-04,0.3712,0.3487,0.3224
2014-04-05,0.3634,0.3514,0.3216
2014-04-06,0.3488,0.349,0.3205
2014-04-07,0.336,0.3437,0.3195
2014-04-08,0.3487,0.34,0.3179
2014-04-09,0.3388,0.3377,0.3166
2014-04-10,0.3255,0.3328,0.3152
2014-04-11,0.3176,0.328,0.3136
2014-04-12,0.3128,0.3239,0.3125
2014-04-13,0.3051,0.3191,0.3109
2014-04-14,0.2962,0.3138,0.3093
2014-04-15,0.288,0.3088,0.3075
2014-04-16,0.2804,0.3037,0.306
2014-04-17,0.2733,0.2984,0.3042
2014-04-18,0.2675,0.2936,0.3026
2014-04-19,0.2637,0.2898,0.3015
2014-04-20,0.2823,0.287,0.3
2014-04-21,0.3418,0.2907,0.2995
2014-04-22,0.3549,0.2998,0.2987
2014-04-23,0.3482,0.3086,0.2976
2014-04-24,0.3297,0.309,0.2965
2014-04-25,0.4058,0.3445,0.296
2014-04-26,0.3789,0.3651,0.297
2014-04-27,0.3823,0.3651,0.2979
2014-04-28,0.3825,0.3661,0.2989
2014-04-29,0.3699,0.3647,0.3
2014-04-30,0.3661,0.3601,0.3003
2014-05-01,0.3627,0.3566,0.301
2014-05-02,0.3812,0.3575,0.3015
2014-05-03,0.3729,0.3607,0.302
2014-05-04,0.3567,0.3563,0.3025
2014-05-05,0.3404,0.3484,0.3022
2014-05-06,0.3305,0.3406,0.3015
2014-05-07,0.3517,0.3371,0.301
2014-05-08,0.3375,0.3341,0.3005
2014-05-09,0.3218,0.3278,0.2995
2014-05-10,0.3115,0.3218,0.2984
2014-05-11,0.3065,0.3167,0.2975
2014-05-12,0.3007,0.3119,0.2965
2014-05-13,0.302,0.3075,0.2955
2014-05-14,0.3038,0.3045,0.2945
2014-05-15,0.2955,0.3005,0.2935
2014-05-16,0.2844,0.2961,0.2922
2014-05-17,0.2734,0.2908,0.2905
2014-05-18,0.2637,0.2853,0.2892
2014-05-19,0.2677,0.2816,0.288
2014-05-20,0.3042,0.2816,0.2876
2014-05-21,0.3004,0.2815,0.2866
2014-05-22,0.3465,0.2877,0.286
2014-05-23,0.3582,0.301,0.286
2014-05-24,0.3626,0.3164,0.2854
2014-05-25,0.3375,0.317,0.2845
2014-05-26,0.344,0.3151,0.284
2014-05-27,0.3828,0.339,0.284
2014-05-28,0.3482,0.3394,0.2837
2014-05-29,0.3327,0.3335,0.2835
2014-05-30,0.3372,0.3284,0.283
2014-05-31,0.3375,0.3258,0.2827
2014-06-01,0.3173,0.3197,0.2822
2014-06-02,0.3039,0.3133,0.2814
2014-06-03,0.2945,0.3075,0.2805
2014-06-04,0.2977,0.3028,0.28
2014-06-05,0.292,0.2982,0.279
2014-06-06,0.2777,0.2919,0.2776
2014-06-07,0.264,0.2849,0.2762
2014-06-08,0.2491,0.2775,0.2745
2014-06-09,0.2359,0.2698,0.2729
2014-06-10,0.2257,0.2628,0.271
2014-06-11,0.231,0.2564,0.2695
2014-06-12,0.249,0.2524,0.2683
2014-06-13,0.2505,0.249,0.2667
2014-06-14,0.2485,0.245,0.2655
2014-06-15,0.2519,0.2421,0.2644
2014-06-16,0.2476,0.2396,0.2633
2014-06-17,0.2488,0.237,0.262
2014-06-18,0.3279,0.2432,0.2614
2014-06-19,0.3496,0.2757,0.261
2014-06-20,0.3117,0.278,0.2601
2014-06-21,0.2857,0.2733,0.2586
2014-06-22,0.2681,0.2676,0.2575
2014-06-23,0.2757,0.2635,0.2565
2014-06-24,0.28,0.2613,0.2557
2014-06-25,0.2709,0.2583,0.255
2014-06-26,0.2558,0.2545,0.254
2014-06-27,0.2442,0.2507,0.253
2014-06-28,0.2579,0.2472,0.252
2014-06-29,0.36,0.2815,0.2517
2014-06-30,0.3232,0.2869,0.2513
2014-07-01,0.3105,0.2843,0.2506
2014-07-02,0.3667,0.2965,0.25
2014-07-03,0.3282,0.3002,0.25
2014-07-04,0.3489,0.3013,0.25
2014-07-05,0.3535,0.3153,0.25
2014-07-06,0.3498,0.3157,0.25
2014-07-07,0.4183,0.3898,0.2564
2014-07-08,0.3995,0.4003,0.2731
2014-07-09,0.3922,0.3853,0.2779
2014-07-10,0.3924,0.3801,0.2813
2014-07-11,0.3825,0.3764,0.2843
2014-07-12,0.3692,0.368,0.2862
2014-07-13,0.3707,0.3606,0.2874
2014-07-14,0.3757,0.3609,0.2885
2014-07-15,0.349,0.3526,0.2887
2014-07-16,0.3295,0.3417,0.2885
2014-07-17,0.313,0.3308,0.2875
2014-07-18,0.2979,0.3203,0.2865
2014-07-19,0.2834,0.3107,0.2851
2014-07-20,0.3875,0.3434,0.2848
2014-07-21,0.3925,0.3793,0.2874
2014-07-22,0.381,0.3753,0.29
2014-07-23,0.3782,0.3683,0.2918
2014-07-24,0.3719,0.3648,0.293
2014-07-25,0.3794,0.3648,0.2935
2014-07-26,0.3816,0.3775,0.2951
2014-07-27,0.3599,0.3665,0.2964
2014-07-28,0.3715,0.3593,0.2971
2014-07-29,0.411,0.3771,0.2988
2014-07-30,0.3957,0.3863,0.3019
2014-07-31,0.372,0.3767,0.304
2014-08-01,0.3544,0.3639,0.3048
2014-08-02,0.4071,0.3783,0.3057
2014-08-03,0.3862,0.3825,0.308
2014-08-04,0.3781,0.3733,0.3095
2014-08-05,0.3713,0.3685,0.3101
2014-08-06,0.3494,0.3586,0.3102
2014-08-07,0.3688,0.3536,0.31
2014-08-08,0.374,0.355,0.3105
2014-08-09,0.3999,0.3731,0.3111
2014-08-10,0.3781,0.3738,0.3123
2014-08-11,0.3633,0.3665,0.313
2014-08-12,0.347,0.3572,0.3132
2014-08-13,0.3977,0.3819,0.3139
2014-08-14,0.3802,0.3835,0.3163
2014-08-15,0.3704,0.374,0.3178
2014-08-16,0.359,0.3658,0.3182
2014-08-17,0.3458,0.357,0.3185
2014-08-18,0.333,0.3477,0.3176
2014-08-19,0.3436,0.3409,0.3166
2014-08-20,0.3286,0.3352,0.3157
2014-08-21,0.3167,0.3291,0.3147
2014-08-22,0.3077,0.3226,0.3136
2014-08-23,0.3078,0.3177,0.3127
2014-08-24,0.302,0.3133,0.3116
2014-08-25,0.2921,0.3078,0.3105
2014-08-26,0.2894,0.3039,0.3096
2014-08-27,0.2869,0.3006,0.3086
2014-08-28,0.2777,0.2956,0.3075
2014-08-29,0.3157,0.294,0.3066
2014-08-30,0.3395,0.3008,0.3057
2014-08-31,0.3168,0.3007,0.3046
2014-09-01,0.3008,0.2982,0.3036
2014-09-02,0.2882,0.2943,0.3025
2014-09-03,0.2772,0.2902,0.3015
2014-09-04,0.2678,0.2858,0.3
2014-09-05,0.2744,0.282,0.2986
2014-09-06,0.2842,0.2797,0.2976
2014-09-07,0.2745,0.2765,0.2965
2014-09-08,0.2986,0.2748,0.2955
2014-09-09,0.3276,0.2788,0.295
2014-09-10,0.3161,0.2817,0.294
2014-09-11,0.2992,0.2812,0.2934
2014-09-12,0.2844,0.279,0.2923
2014-09-13,0.2736,0.2764,0.2911
2014-09-14,0.2655,0.2735,0.2902
2014-09-15,0.2831,0.2713,0.2893
2014-09-16,0.3101,0.2732,0.2885
2014-09-17,0.3494,0.2807,0.288
2014-09-18,0.3774,0.3124,0.288
2014-09-19,0.3827,0.3303,0.2884
2014-09-20,0.3676,0.343,0.289
2014-09-21,0.3475,0.3405,0.2898
2014-09-22,0.3353,0.3357,0.29
2014-09-23,0.3246,0.3302,0.29
2014-09-24,0.364,0.3317,0.29
2014-09-25,0.3598,0.3402,0.291
2014-09-26,0.3422,0.3373,0.291
2014-09-27,0.3297,0.3324,0.291
2014-09-28,0.321,0.3272,0.291
2014-09-29,0.3857,0.3474,0.2913
2014-09-30,0.4078,0.3925,0.2952
2014-10-01,0.3897,0.3879,0.2997
2014-10-02,0.3728,0.3776,0.3025
2014-10-03,0.3613,0.3683,0.304
2014-10-04,0.3526,0.3607,0.305
2014-10-05,0.3476,0.3542,0.3059
2014-10-06,0.3448,0.3488,0.306
2014-10-07,0.3732,0.3497,0.3067
2014-10-08,0.3762,0.3541,0.3072
2014-10-09,0.3943,0.3654,0.3085
2014-10-10,0.4307,0.4291,0.3382
2014-10-11,0.4046,0.4185,0.3847
2014-10-12,0.4194,0.4227,0.3977
2014-10-13,0.4145,0.42,0.4237
2014-10-14,0.4049,0.4074,0.4209
2014-10-15,0.3914,0.3994,0.4173
2014-10-16,0.3807,0.3902,0.4138
2014-10-17,0.3723,0.3824,0.4106
2014-10-18,0.3646,0.3753,0.4074
2014-10-19,0.362,0.3698,0.4045
2014-10-20,0.3556,0.3652,0.4017
2014-10-21,0.3517,0.361,0.3991
2014-10-22,0.35,0.358,0.3968
2014-10-23,0.3475,0.3556,0.3947
2014-10-24,0.3435,0.3531,0.3927
2014-10-25,0.3394,0.35,0.3905
2014-10-26,0.3374,0.3474,0.3885
2014-10-27,0.3346,0.3451,0.3866
2014-10-28,0.3374,0.3435,0.385
2014-10-29,0.3365,0.3425,0.3835
2014-10-30,0.3321,0.341,0.3816
2014-10-31,0.3287,0.339,0.38
2014-11-01,0.3259,0.337,0.3785
2014-11-02,0.3264,0.3355,0.3771
2014-11-03,0.3912,0.3567,0.3763
2014-11-04,0.4278,0.4279,0.3983
2014-11-05,0.4136,0.4201,0.4148
2014-11-06,0.3969,0.4074,0.4144
2014-11-07,0.3902,0.3982,0.4123
2014-11-08,0.3855,0.3919,0.4101
2014-11-09,0.391,0.3882,0.4081
2014-11-10,0.3863,0.3877,0.4065
2014-11-11,0.4009,0.3906,0.4047
2014-11-12,0.4136,0.4198,0.409
2014-11-13,0.395,0.4098,0.4115
2014-11-14,0.4105,0.4136,0.4133
2014-11-15,0.411,0.4174,0.4272
2014-11-16,0.4037,0.4038,0.4235
2014-11-17,0.4088,0.4058,0.4207
2014-11-18,0.4036,0.402,0.4185
2014-11-19,0.391,0.3968,0.4163
2014-11-20,0.3827,0.3897,0.4142
2014-11-21,0.379,0.3842,0.412
2014-11-22,0.3775,0.38,0.41
2014-11-23,0.3767,0.3777,0.4081
2014-11-24,0.3733,0.375,0.4064
2014-11-25,0.406,0.3833,0.4047
2014-11-26,0.4179,0.4056,0.4042
2014-11-27,0.4236,0.4246,0.4107
2014-11-28,0.4251,0.4286,0.4217
2014-11-29,0.4039,0.4126,0.4262
2014-11-30,0.4163,0.4125,0.4235
2015-04-01,0.3786,0.3873,0.3865
2015-04-02,0.3724,0.3825,0.3854
2015-04-03,0.3695,0.3782,0.384
2015-04-04,0.3716,0.3744,0.3825
2015-04-05,0.3749,0.3739,0.3811
2015-04-06,0.3633,0.3704,0.3794
2015-04-07,0.3556,0.3656,0.3774
2015-04-08,0.3487,0.3602,0.3752
2015-04-09,0.341,0.3546,0.373
2015-04-10,0.3331,0.3488,0.3707
2015-04-11,0.3289,0.3435,0.3682
2015-04-12,0.3255,0.339,0.366
2015-04-13,0.3185,0.3342,0.3633
2015-04-14,0.3102,0.329,0.3607
2015-04-15,0.3016,0.3236,0.3579
2015-04-16,0.2952,0.3187,0.3551
2015-04-17,0.3303,0.3176,0.3531
2015-04-18,0.348,0.3229,0.3513
2015-04-19,0.3775,0.3324,0.3496
2015-04-20,0.3699,0.3495,0.3485
2015-04-21,0.35,0.3485,0.3466
2015-04-22,0.3343,0.3433,0.3443
2015-04-23,0.325,0.3377,0.3422
2015-04-24,0.3173,0.3322,0.3401
2015-04-25,0.3528,0.3305,0.3385
2015-04-26,0.3869,0.3444,0.3375
2015-04-27,0.4297,0.425,0.352
2015-04-28,0.4029,0.4135,0.3665
2015-04-29,0.3828,0.3967,0.3689
2015-04-30,0.3699,0.385,0.3685
2015-05-01,0.3894,0.3813,0.368
2015-05-02,0.3877,0.3845,0.3677
2015-05-03,0.3835,0.3825,0.3675
2015-05-04,0.3915,0.3821,0.3665
2015-05-05,0.3763,0.3795,0.3656
2015-05-06,0.3642,0.3733,0.3645
2015-05-07,0.3519,0.3657,0.3629
2015-05-08,0.3725,0.3622,0.3612
2015-05-09,0.376,0.3696,0.3596
2015-05-10,0.3547,0.3637,0.358
2015-05-11,0.3396,0.3553,0.3557
2015-05-12,0.3262,0.3461,0.3531
2015-05-13,0.3138,0.3369,0.3503
2015-05-14,0.3029,0.3282,0.3475
2015-05-15,0.3208,0.323,0.3455
2015-05-16,0.3561,0.3266,0.3438
2015-05-17,0.3381,0.3271,0.342
2015-05-18,0.3193,0.3229,0.3395
2015-05-19,0.3108,0.3181,0.3373
2015-05-20,0.3079,0.3146,0.3355
2015-05-21,0.3051,0.3112,0.3335
2015-05-22,0.2963,0.3069,0.3312
2015-05-23,0.2879,0.3025,0.3291
2015-05-24,0.2811,0.2984,0.3271
2015-05-25,0.277,0.2945,0.3252
2015-05-26,0.2753,0.2911,0.3232
2015-05-27,0.2663,0.2867,0.3211
2015-05-28,0.2557,0.2813,0.3186
2015-05-29,0.2452,0.2756,0.316
2015-05-30,0.2368,0.2702,0.3132
2015-05-31,0.2297,0.2655,0.311
2015-06-01,0.2323,0.2614,0.3087
2015-06-02,0.2392,0.2577,0.3066
2015-06-03,0.2281,0.2533,0.304
2015-06-04,0.221,0.2494,0.3015
2015-06-05,0.2143,0.2447,0.2988
2015-06-06,0.2047,0.24,0.2961
2015-06-07,0.2123,0.2364,0.2939
2015-06-08,0.253,0.2347,0.2921
2015-06-09,0.2898,0.2363,0.2905
2015-06-10,0.2892,0.2385,0.2891
2015-06-11,0.2738,0.2388,0.2873
2015-06-12,0.3104,0.245,0.286
2015-06-13,0.3368,0.285,0.2855
2015-06-14,0.347,0.2993,0.2844
2015-06-15,0.3405,0.3212,0.2836
2015-06-16,0.3688,0.3246,0.2831
2015-06-17,0.3667,0.3423,0.2835
2015-06-18,0.3375,0.3363,0.283
2015-06-19,0.3267,0.3287,0.2825
2015-06-20,0.3108,0.3208,0.2815
2015-06-21,0.2958,0.3125,0.2805
2015-06-22,0.2819,0.304,0.2791
2015-06-23,0.2702,0.2959,0.2776
2015-06-24,0.2594,0.2883,0.2765
2015-06-25,0.2474,0.2802,0.2749
2015-06-26,0.2356,0.2723,0.273
2015-06-27,0.2249,0.2648,0.2712
2015-06-28,0.2149,0.2577,0.2693
2015-06-29,0.2048,0.2507,0.2675
2015-06-30,0.196,0.2442,0.2659
2015-07-01,0.1876,0.2381,0.2639
2015-07-02,0.18,0.2323,0.262
2015-07-03,0.1742,0.2271,0.2601
2015-07-04,0.1682,0.2219,0.2582
2015-07-05,0.1639,0.2172,0.2565
2015-07-06,0.162,0.2131,0.2549
2015-07-07,0.1669,0.2094,0.253
2015-07-08,0.1753,0.2065,0.2515
2015-07-09,0.1697,0.2036,0.2502
2015-07-10,0.1646,0.2007,0.2485
2015-07-11,0.1602,0.1978,0.2471
2015-07-12,0.156,0.1951,0.2455
2015-07-13,0.1526,0.1926,0.244
2015-07-14,0.15,0.1901,0.2425
2015-07-15,0.1476,0.188,0.241
2015-07-16,0.1451,0.1859,0.2395
2015-07-17,0.1435,0.1839,0.238
2015-07-18,0.166,0.1821,0.2366
2015-07-19,0.1777,0.181,0.2357
2015-07-20,0.1772,0.18,0.2347
2015-07-21,0.1705,0.1788,0.2336
2015-07-22,0.2422,0.179,0.2327
2015-07-23,0.3229,0.1965,0.2324
2015-07-24,0.2787,0.2019,0.2314
2015-07-25,0.2528,0.2025,0.2305
2015-07-26,0.2333,0.2011,0.2295
2015-07-27,0.2184,0.1995,0.2286
2015-07-28,0.2063,0.198,0.228
2015-07-29,0.205,0.1965,0.2274
2015-07-30,0.2064,0.1955,0.227
2015-07-31,0.1977,0.194,0.2265
2015-08-01,0.2537,0.1938,0.226
2015-08-02,0.2535,0.1952,0.2255
2015-08-03,0.2331,0.1945,0.2245
2015-08-04,0.2756,0.1952,0.224
2015-08-05,0.2681,0.1979,0.2235
2015-08-06,0.2442,0.1976,0.2226
2015-08-07,0.227,0.1965,0.222
2015-08-08,0.3106,0.2143,0.2214
2015-08-09,0.377,0.292,0.222
2015-08-10,0.3491,0.305,0.222
2015-08-11,0.3206,0.3028,0.222
2015-08-12,0.2994,0.2968,0.2223
2015-08-13,0.3518,0.3145,0.2225
2015-08-14,0.394,0.3743,0.2256
2015-08-15,0.3685,0.3662,0.2292
2015-08-16,0.3475,0.3531,0.2316
2015-08-17,0.3321,0.3415,0.2328
2015-08-18,0.3293,0.3323,0.234
2015-08-19,0.3352,0.3267,0.2349
2015-08-20,0.317,0.3196,0.235
2015-08-21,0.301,0.3113,0.2351
2015-08-22,0.2885,0.3035,0.235
2015-08-23,0.3405,0.3209,0.2355
2015-08-24,0.4069,0.3994,0.2418
2015-08-25,0.3795,0.3826,0.248
2015-08-26,0.3588,0.3662,0.251
2015-08-27,0.3428,0.3532,0.2527
2015-08-28,0.33,0.3422,0.2536
2015-08-29,0.317,0.3318,0.254
2015-08-30,0.3035,0.322,0.254
2015-08-31,0.2942,0.3138,0.254
2015-09-01,0.3974,0.3685,0.2553
2015-09-02,0.3772,0.3758,0.2591
2015-09-03,0.3654,0.3646,0.2615
2015-09-04,0.3532,0.3556,0.2631
2015-09-05,0.3395,0.3465,0.264
2015-09-06,0.3299,0.3388,0.265
2015-09-07,0.3199,0.3315,0.265
2015-09-08,0.3103,0.3239,0.2653
2015-09-09,0.3014,0.3169,0.265
2015-09-10,0.2929,0.3101,0.265
2015-09-11,0.2948,0.3048,0.265
2015-09-12,0.3605,0.3125,0.265
2015-09-13,0.4163,0.3976,0.2689
2015-09-14,0.3959,0.3998,0.2819
2015-09-15,0.3848,0.3841,0.2867
2015-09-16,0.4169,0.3983,0.2918
2015-09-17,0.41,0.4127,0.3052
2015-09-18,0.3884,0.3967,0.3144
2015-09-19,0.3773,0.3835,0.3173
2015-09-20,0.3683,0.3745,0.3189
2015-09-21,0.3567,0.366,0.3198
2015-09-22,0.3518,0.3591,0.32
2015-09-23,0.3574,0.3555,0.3205
2015-09-24,0.3479,0.3516,0.3206
2015-09-25,0.3391,0.3467,0.3205
2015-09-26,0.3328,0.3421,0.32
2015-09-27,0.3267,0.3374,0.32
2015-09-28,0.3206,0.3328,0.3195
2015-09-29,0.3174,0.3285,0.3189
2015-09-30,0.3146,0.3248,0.3184
2015-10-01,0.3319,0.3224,0.318
2015-10-02,0.3638,0.3272,0.3175
2015-10-03,0.404,0.3775,0.32
2015-10-04,0.3955,0.4007,0.3288
2015-10-05,0.3921,0.391,0.3322
2015-10-06,0.4011,0.3902,0.3349
2015-10-07,0.3863,0.3886,0.3373
2015-10-08,0.3742,0.381,0.3389
2015-10-09,0.3671,0.3742,0.34
2015-10-10,0.3616,0.3687,0.34
2015-10-11,0.3536,0.363,0.3402
2015-10-12,0.3718,0.3611,0.34
2015-10-13,0.383,0.3717,0.341
2015-10-14,0.3698,0.3705,0.342
2015-10-15,0.3692,0.3673,0.3422
2015-10-16,0.3688,0.3663,0.343
2015-10-17,0.3623,0.3637,0.343
2015-10-18,0.361,0.3614,0.343
2015-10-19,0.3576,0.3594,0.3432
2015-10-20,0.3513,0.3565,0.343
2015-10-21,0.3474,0.3539,0.343
2015-10-22,0.3449,0.3514,0.343
2015-10-23,0.3447,0.3492,0.343
2015-10-24,0.3401,0.3469,0.3425
2015-10-25,0.3364,0.3442,0.342
2015-10-26,0.3347,0.342,0.342
2015-10-27,0.3497,0.3413,0.3418
2015-10-28,0.4174,0.3998,0.3486
2015-10-29,0.397,0.407,0.3594
2015-10-30,0.3841,0.3951,0.3619
2015-10-31,0.3754,0.3865,0.363
2015-11-01,0.3688,0.38,0.363
2015-11-02,0.3633,0.3745,0.363
2015-11-03,0.4117,0.4023,0.366
2015-11-04,0.4118,0.4112,0.3723
2015-11-05,0.3933,0.4028,0.3757
2015-11-06,0.3834,0.3943,0.3768
2015-11-07,0.3765,0.3875,0.377
2015-11-08,0.3706,0.3816,0.3761
2015-11-09,0.366,0.3765,0.3756
2015-11-10,0.3614,0.372,0.375
2015-11-11,0.3571,0.3678,0.374
2015-11-12,0.3537,0.364,0.3732
2015-11-13,0.3513,0.3607,0.3724
2015-11-14,0.3486,0.3579,0.3714
2015-11-15,0.3453,0.355,0.3705
2015-11-16,0.3426,0.3522,0.3695
2015-11-17,0.3405,0.3499,0.3685
2015-11-18,0.3392,0.348,0.3676
2015-11-19,0.3375,0.3461,0.3667
2015-11-20,0.34,0.3447,0.366
2015-11-21,0.3993,0.3676,0.3655
2015-11-22,0.3758,0.3753,0.366
2015-11-23,0.3681,0.3732,0.366
2015-11-24,0.3647,0.3708,0.366
2015-11-25,0.378,0.37,0.366
2015-11-26,0.3846,0.3764,0.366
2015-11-27,0.3729,0.3758,0.366
2015-11-28,0.3789,0.3751,0.366
2015-11-29,0.3865,0.3769,0.3663
2015-11-30,0.4009,0.3858,0.367
2016-04-01,0.4125,0.4024,0.398
2016-04-02,0.4148,0.4075,0.399
2016-04-03,0.4235,0.4279,0.4069
2016-04-04,0.4188,0.4205,0.4124
2016-04-05,0.424,0.4302,0.4285
2016-04-06,0.397,0.4051,0.4318
2016-04-07,0.379,0.3873,0.4258
2016-04-08,0.3697,0.377,0.4209
2016-04-09,0.3654,0.3702,0.4167
2016-04-10,0.3597,0.3648,0.4123
2016-04-11,0.3734,0.363,0.4083
2016-04-12,0.3764,0.366,0.4045
2016-04-13,0.3793,0.3677,0.4009
2016-04-14,0.3672,0.3672,0.397
2016-04-15,0.3678,0.3635,0.393
2016-04-16,0.3885,0.3669,0.3893
2016-04-17,0.3951,0.3797,0.3861
2016-04-18,0.3817,0.381,0.3831
2016-04-19,0.3702,0.3767,0.3799
2016-04-20,0.3601,0.3707,0.3765
2016-04-21,0.3578,0.3654,0.3732
2016-04-22,0.3752,0.3643,0.3704
2016-04-23,0.4006,0.3772,0.3681
2016-04-24,0.3867,0.3842,0.3665
2016-04-25,0.3715,0.379,0.3644
2016-04-26,0.3706,0.3739,0.3623
2016-04-27,0.3697,0.3708,0.3601
2016-04-28,0.3594,0.3657,0.3575
2016-04-29,0.35,0.3596,0.3548
2016-04-30,0.3662,0.3567,0.3524
2016-05-01,0.3738,0.3609,0.3505
2016-05-02,0.3744,0.3617,0.3486
2016-05-03,0.369,0.3615,0.3465
2016-05-04,0.3562,0.3578,0.3442
2016-05-05,0.3423,0.3514,0.3417
2016-05-06,0.3312,0.3445,0.3391
2016-05-07,0.3225,0.3384,0.3368
2016-05-08,0.326,0.3333,0.3345
2016-05-09,0.3982,0.3468,0.333
2016-05-10,0.4168,0.3982,0.3349
2016-05-11,0.4264,0.4198,0.3424
2016-05-12,0.4196,0.4222,0.3579
2016-05-13,0.4077,0.4091,0.3637
2016-05-14,0.4078,0.4078,0.3672
2016-05-15,0.3886,0.3981,0.3686
2016-05-16,0.3714,0.386,0.3677
2016-05-17,0.3591,0.3754,0.366
2016-05-18,0.3537,0.3669,0.3638
2016-05-19,0.3597,0.3619,0.3618
2016-05-20,0.3503,0.3573,0.3593
2016-05-21,0.336,0.35,0.3565
2016-05-22,0.3618,0.3534,0.3543
2016-05-23,0.3905,0.3815,0.3535
2016-05-24,0.3705,0.3762,0.3525
2016-05-25,0.3693,0.37,0.3513
2016-05-26,0.3623,0.3655,0.3498
2016-05-27,0.3456,0.3577,0.3475
2016-05-28,0.3585,0.351,0.345
2016-05-29,0.421,0.4026,0.3457
2016-05-30,0.3993,0.4046,0.3508
2016-05-31,0.4111,0.4006,0.3531
2016-06-01,0.4193,0.4188,0.3601
2016-06-02,0.405,0.4065,0.3656
2016-06-03,0.397,0.4008,0.3681
2016-06-04,0.397,0.3995,0.3692
2016-06-05,0.3959,0.4027,0.3712
2016-06-06,0.3847,0.393,0.3716
2016-06-07,0.3897,0.3918,0.371
2016-06-08,0.3844,0.3968,0.3715
2016-06-09,0.3675,0.3835,0.3703
2016-06-10,0.362,0.3732,0.3685
2016-06-11,0.3635,0.3674,0.3668
2016-06-12,0.3481,0.3602,0.3642
2016-06-13,0.3738,0.3574,0.3625
2016-06-14,0.3747,0.3632,0.361
2016-06-15,0.3741,0.3626,0.3591
2016-06-16,0.3887,0.369,0.3575
2016-06-17,0.3698,0.368,0.3559
2016-06-18,0.3909,0.3695,0.355
2016-06-19,0.3858,0.3792,0.3545
2016-06-20,0.3673,0.3734,0.3535
2016-06-21,0.378,0.3697,0.3526
2016-06-22,0.3624,0.3665,0.3511
2016-06-23,0.3418,0.3568,0.3488
2016-06-24,0.3348,0.3467,0.3461
2016-06-25,0.3478,0.3417,0.344
2016-06-26,0.3373,0.3377,0.342
2016-06-27,0.3195,0.3311,0.3392
2016-06-28,0.3053,0.3235,0.3367
2016-06-29,0.2953,0.3157,0.334
2016-06-30,0.2929,0.3092,0.3313
2016-07-01,0.2824,0.3028,0.3287
2016-07-02,0.2726,0.2966,0.3261
2016-07-03,0.263,0.2908,0.3236
2016-07-04,0.2531,0.2843,0.3209
2016-07-05,0.2506,0.2787,0.3181
2016-07-06,0.242,0.2731,0.3156
2016-07-07,0.2319,0.2673,0.3127
2016-07-08,0.2231,0.2617,0.31
2016-07-09,0.2143,0.2565,0.3071
2016-07-10,0.2054,0.2508,0.3044
2016-07-11,0.2279,0.247,0.3019
2016-07-12,0.3056,0.2485,0.3006
2016-07-13,0.2982,0.2523,0.299
2016-07-14,0.2902,0.253,0.2975
2016-07-15,0.283,0.2533,0.296
2016-07-16,0.2643,0.2515,0.294
2016-07-17,0.2476,0.2481,0.292
2016-07-18,0.2327,0.2442,0.2896
2016-07-19,0.2194,0.24,0.2871
2016-07-20,0.207,0.236,0.285
2016-07-21,0.2086,0.2325,0.2831
2016-07-22,0.3751,0.3044,0.2822
2016-07-23,0.3824,0.377,0.2847
2016-07-24,0.3633,0.3663,0.286
2016-07-25,0.3443,0.3547,0.2865
2016-07-26,0.3282,0.3433,0.2864
2016-07-27,0.3158,0.3333,0.2856
2016-07-28,0.3038,0.3238,0.2847
2016-07-29,0.2912,0.3145,0.2836
2016-07-30,0.2954,0.3062,0.2825
2016-07-31,0.3789,0.3182,0.282
2016-08-01,0.3464,0.3248,0.2815
2016-08-02,0.3204,0.3192,0.2805
2016-08-03,0.3022,0.3118,0.2795
2016-08-04,0.3292,0.307,0.2785
2016-08-05,0.3602,0.3193,0.278
2016-08-06,0.3295,0.318,0.2775
2016-08-07,0.3092,0.3122,0.2766
2016-08-08,0.2926,0.305,0.2756
2016-08-09,0.2837,0.2991,0.275
2016-08-10,0.2763,0.2939,0.2744
2016-08-11,0.2655,0.2882,0.2734
2016-08-12,0.2563,0.2823,0.2724
2016-08-13,0.2469,0.2763,0.271
2016-08-14,0.2372,0.2701,0.2696
2016-08-15,0.228,0.2641,0.2685
2016-08-16,0.235,0.2588,0.2674
2016-08-17,0.2576,0.2556,0.2665
2016-08-18,0.2575,0.2534,0.2655
2016-08-19,0.2468,0.2506,0.2645
2016-08-20,0.319,0.253,0.264
2016-08-21,0.3256,0.2645,0.2635
2016-08-22,0.296,0.2651,0.2625
2016-08-23,0.276,0.2622,0.2615
2016-08-24,0.2597,0.2584,0.2605
2016-08-25,0.245,0.2542,0.2595
2016-08-26,0.2329,0.2502,0.2585
2016-08-27,0.2224,0.246,0.2575
2016-08-28,0.2164,0.2419,0.2564
2016-08-29,0.2132,0.2386,0.2555
2016-08-30,0.2066,0.2355,0.2545
2016-08-31,0.2042,0.2325,0.2536
2016-09-01,0.2008,0.2296,0.2527
2016-09-02,0.1941,0.2265,0.2517
2016-09-03,0.1879,0.2233,0.2506
2016-09-04,0.1827,0.22,0.2497
2016-09-05,0.1784,0.2174,0.249
2016-09-06,0.1821,0.2151,0.2485
2016-09-07,0.1782,0.2129,0.2475
2016-09-08,0.1749,0.2105,0.2465
2016-09-09,0.1825,0.2088,0.246
2016-09-10,0.2214,0.2075,0.2455
2016-09-11,0.2448,0.2078,0.245
2016-09-12,0.2353,0.2075,0.2445
2016-09-13,0.2235,0.2065,0.2435
2016-09-14,0.2819,0.2193,0.243
2016-09-15,0.3597,0.3027,0.2437
2016-09-16,0.348,0.308,0.244
2016-09-17,0.3409,0.3105,0.244
2016-09-18,0.3349,0.311,0.245
2016-09-19,0.3409,0.3123,0.2452
2016-09-20,0.3282,0.312,0.246
2016-09-21,0.3144,0.3089,0.246
2016-09-22,0.3031,0.3043,0.246
2016-09-23,0.2945,0.3001,0.246
2016-09-24,0.2879,0.2961,0.246
2016-09-25,0.2871,0.2925,0.246
2016-09-26,0.2898,0.29,0.2464
2016-09-27,0.2832,0.2868,0.2465
2016-09-28,0.2755,0.2835,0.2462
2016-09-29,0.2682,0.2796,0.246
2016-09-30,0.2653,0.2768,0.246
2016-10-01,0.3108,0.2768,0.246
2016-10-02,0.346,0.2892,0.246
2016-10-03,0.3222,0.2924,0.2466
2016-10-04,0.3064,0.2911,0.2465
2016-10-05,0.2955,0.289,0.2464
2016-10-06,0.3057,0.2876,0.2469
2016-10-07,0.3193,0.2892,0.247
2016-10-08,0.3065,0.289,0.247
2016-10-09,0.2976,0.288,0.247
2016-10-10,0.2902,0.2862,0.247
2016-10-11,0.2845,0.2843,0.247
2016-10-12,0.2839,0.2825,0.247
2016-10-13,0.4056,0.3225,0.2478
2016-10-14,0.4213,0.4114,0.2576
2016-10-15,0.3947,0.3976,0.2719
2016-10-16,0.3823,0.3829,0.2767
2016-10-17,0.3932,0.3786,0.2802
2016-10-18,0.3859,0.3779,0.2832
2016-10-19,0.371,0.371,0.2859
2016-10-20,0.3621,0.3644,0.2878
2016-10-21,0.3549,0.3584,0.2893
2016-10-22,0.3487,0.3529,0.2902
2016-10-23,0.3618,0.35,0.2914
2016-10-24,0.3935,0.3625,0.2928
2016-10-25,0.3897,0.3712,0.2951
2016-10-26,0.3903,0.373,0.2977
2016-10-27,0.3765,0.3725,0.3
2016-10-28,0.3634,0.366,0.3017
2016-10-29,0.3543,0.3595,0.3029
2016-10-30,0.3475,0.3538,0.3038
2016-10-31,0.3417,0.3488,0.304
2016-11-01,0.338,0.3445,0.3049
2016-11-02,0.3351,0.3409,0.305
2016-11-03,0.3311,0.3376,0.305
2016-11-04,0.3339,0.3348,0.3053
2016-11-05,0.3793,0.3398,0.306
2016-11-06,0.381,0.356,0.3066
2016-11-07,0.3633,0.3571,0.3076
2016-11-08,0.3566,0.3545,0.3083
2016-11-09,0.3628,0.3529,0.3092
2016-11-10,0.3954,0.3605,0.3102
2016-11-11,0.4071,0.3877,0.3124
2016-11-12,0.3848,0.3853,0.3156
2016-11-13,0.3852,0.3795,0.318
2016-11-14,0.3929,0.3815,0.3203
2016-11-15,0.3773,0.3781,0.3225
2016-11-16,0.3709,0.373,0.3241
2016-11-17,0.3665,0.3688,0.3254
2016-11-18,0.39,0.371,0.3265
2016-11-19,0.3949,0.383,0.3285
2016-11-20,0.3939,0.3829,0.3307
2016-11-21,0.43,0.4217,0.3487
2016-11-22,0.4281,0.4326,0.4059
2016-11-23,0.4065,0.4139,0.4245
2016-11-24,0.4204,0.4245,0.427
2016-11-25,0.421,0.4283,0.4323
2016-11-26,0.3995,0.4095,0.4276
2016-11-27,0.3866,0.3951,0.4228
2016-11-28,0.3791,0.386,0.4187
2016-11-29,0.3742,0.3798,0.4151
2016-11-30,0.3693,0.3752,0.4118
2017-04-01,0.3893,0.3693,0.3794
2017-04-02,0.3968,0.3801,0.3781
2017-04-03,0.3851,0.3849,0.3785
2017-04-04,0.3725,0.3811,0.3776
2017-04-05,0.3656,0.3753,0.3764
2017-04-06,0.3613,0.3716,0.3755
2017-04-07,0.353,0.3665,0.3735
2017-04-08,0.3422,0.3588,0.3706
2017-04-09,0.3311,0.3507,0.3686
2017-04-10,0.3281,0.3444,0.3685
2017-04-11,0.3229,0.3381,0.3655
2017-04-12,0.3146,0.3329,0.3638
2017-04-13,0.3029,0.3253,0.3621
2017-04-14,0.2947,0.3191,0.3604
2017-04-15,0.2944,0.3144,0.3586
2017-04-16,0.2908,0.3122,0.3572
2017-04-17,0.2851,0.3086,0.3554
2017-04-18,0.2804,0.3036,0.3556
2017-04-19,0.275,0.2996,0.3558
2017-04-20,0.2696,0.2971,0.3541
2017-04-21,0.2609,0.2922,0.3509
2017-04-22,0.2495,0.2849,0.346
2017-04-23,0.2415,0.2791,0.3425
2017-04-24,0.2342,0.274,0.3389
2017-04-25,0.2696,0.2725,0.3364
2017-04-26,0.384,0.3062,0.3355
2017-04-27,0.3581,0.3253,0.3354
2017-04-28,0.34,0.327,0.3344
2017-04-29,0.331,0.3266,0.3339
2017-04-30,0.3496,0.3251,0.332
2017-05-01,0.3781,0.3448,0.3325
2017-05-02,0.3742,0.3512,0.333
2017-05-03,0.3685,0.356,0.333
2017-05-04,0.3607,0.3547,0.3332
2017-05-05,0.354,0.3533,0.3327
2017-05-06,0.3868,0.361,0.3315
2017-05-07,0.3801,0.375,0.3328
2017-05-08,0.3666,0.3699,0.333
2017-05-09,0.3531,0.3629,0.333
2017-05-10,0.3481,0.3555,0.332
2017-05-11,0.3774,0.3637,0.3312
2017-05-12,0.403,0.3872,0.3328
2017-05-13,0.4002,0.3897,0.3353
2017-05-14,0.3895,0.3944,0.3395
2017-05-15,0.3712,0.3829,0.3394
2017-05-16,0.3535,0.3701,0.3377
2017-05-17,0.3376,0.3578,0.3349
2017-05-18,0.352,0.3499,0.3326
2017-05-19,0.3909,0.357,0.3323
2017-05-20,0.3696,0.3625,0.332
2017-05-21,0.3525,0.3573,0.3311
2017-05-22,0.3328,0.3476,0.327
2017-05-23,0.318,0.3379,0.3235
2017-05-24,0.3071,0.3291,0.3209
2017-05-25,0.2924,0.3186,0.3185
2017-05-26,0.2787,0.3084,0.3161
2017-05-27,0.2656,0.2993,0.3131
2017-05-28,0.2513,0.2898,0.3093
2017-05-29,0.2368,0.2805,0.3056
2017-05-30,0.2257,0.2724,0.3025
2017-05-31,0.2268,0.2674,0.3011
2017-06-01,0.2304,0.2645,0.301
2017-06-02,0.2527,0.2631,0.3005
2017-06-03,0.2795,0.2609,0.299
2017-06-04,0.3533,0.2906,0.2997
2017-06-05,0.3215,0.2955,0.3004
2017-06-06,0.3042,0.2932,0.2988
2017-06-07,0.2911,0.2912,0.2986
2017-06-08,0.275,0.2864,0.2965
2017-06-09,0.2677,0.2802,0.2941
2017-06-10,0.2524,0.2747,0.292
2017-06-11,0.2362,0.2664,0.2877
2017-06-12,0.2249,0.257,0.283
2017-06-13,0.2183,0.2502,0.28
2017-06-14,0.2193,0.247,0.2794
2017-06-15,0.2618,0.2423,0.2751
2017-06-16,0.2425,0.2367,0.272
2017-06-17,0.2238,0.2321,0.269
2017-06-18,0.2065,0.2262,0.2655
2017-06-19,0.1928,0.2217,0.263
2017-06-20,0.1832,0.2175,0.2609
2017-06-21,0.1828,0.215,0.26
2017-06-22,0.1839,0.2193,0.2649
2017-06-23,0.1747,0.2116,0.2607
2017-06-24,0.2185,0.2099,0.2601
2017-06-25,0.2782,0.2106,0.2585
2017-06-26,0.261,0.2095,0.2556
2017-06-27,0.2681,0.2097,0.254
2017-06-28,0.3667,0.2539,0.251
2017-06-29,0.3379,0.27,0.252
2017-06-30,0.3175,0.2745,0.253
2017-07-01,0.3222,0.2787,0.254
2017-07-02,0.32,0.282,0.2546
2017-07-03,0.3003,0.28,0.2541
2017-07-04,0.2772,0.2735,0.2525
2017-07-05,0.2531,0.2647,0.2489
2017-07-06,0.2303,0.2551,0.2445
2017-07-07,0.2137,0.2478,0.242
2017-07-08,0.227,0.2334,0.2325
2017-07-09,0.2799,0.2322,0.233
2017-07-10,0.3477,0.2504,0.234
2017-07-11,0.3038,0.2337,0.2292
2017-07-12,0.2488,0.204,0.2235
2017-07-13,0.2307,0.2021,0.2225
2017-07-14,0.2155,0.2,0.221
2017-07-15,0.2007,0.197,0.2192
2017-07-16,0.1877,0.1941,0.2175
2017-07-17,0.1772,0.1912,0.2165
2017-07-18,0.1664,0.1881,0.2145
2017-07-19,0.1604,0.1863,0.2145
2017-07-20,0.2803,0.1888,0.216
2017-07-21,0.3082,0.1943,0.216
2017-07-22,0.3131,0.2016,0.2155
2017-07-23,0.2883,0.208,0.217
2017-07-24,0.2717,0.2092,0.217
2017-07-25,0.2695,0.211,0.217
2017-07-26,0.2598,0.212,0.217
2017-07-27,0.246,0.2115,0.217
2017-07-28,0.2312,0.2092,0.2155
2017-07-29,0.228,0.2045,0.2125
2017-07-30,0.2282,0.199,0.2085
2017-07-31,0.2171,0.198,0.2085
2017-08-01,0.2011,0.1962,0.2082
2017-08-02,0.1971,0.194,0.2066
2017-08-03,0.1825,0.191,0.2054
2017-08-04,0.1701,0.1865,0.2025
2017-08-05,0.1752,0.1835,0.201
2017-08-06,0.1983,0.1801,0.1985
2017-08-07,0.1826,0.1775,0.1978
2017-08-08,0.3274,0.1902,0.1965
2017-08-09,0.2739,0.1847,0.197
2017-08-10,0.2605,0.1883,0.197
2017-08-11,0.2734,0.1921,0.198
2017-08-12,0.2715,0.1962,0.1975
2017-08-13,0.2492,0.195,0.196
2017-08-14,0.2316,0.1935,0.1954
2017-08-15,0.2216,0.1905,0.193
2017-08-16,0.2147,0.1892,0.1925
2017-08-17,0.2107,0.1865,0.1905
2017-08-18,0.2093,0.181,0.187
2017-08-19,0.2144,0.1796,0.1855
2017-08-20,0.2011,0.178,0.185
2017-08-21,0.1894,0.1755,0.1835
2017-08-22,0.1753,0.1715,0.1806
2017-08-23,0.1627,0.1676,0.1785
2017-08-24,0.2274,0.1663,0.1745
2017-08-25,0.2275,0.167,0.174
2017-08-26,0.2088,0.1666,0.173
2017-08-27,0.2042,0.165,0.172
2017-08-28,0.2206,0.1635,0.17
2017-08-29,0.2057,0.162,0.169
2017-08-30,0.2058,0.161,0.1675
2017-08-31,0.3854,0.2309,0.169
2017-09-01,0.3241,0.2452,0.17
2017-09-02,0.3027,0.249,0.1708
2017-09-03,0.284,0.2501,0.172
2017-09-04,0.2671,0.2475,0.172
2017-09-05,0.2551,0.244,0.1715
2017-09-06,0.2442,0.2405,0.1715
2017-09-07,0.2338,0.2381,0.172
2017-09-08,0.2252,0.2356,0.1725
2017-09-09,0.2685,0.2341,0.173
2017-09-10,0.272,0.235,0.1735
2017-09-11,0.2618,0.2355,0.1755
2017-09-12,0.2557,0.2345,0.176
2017-09-13,0.252,0.235,0.178
2017-09-14,0.2597,0.2342,0.178
2017-09-15,0.2532,0.2335,0.178
2017-09-16,0.2507,0.2372,0.18
2017-09-17,0.2501,0.236,0.18
2017-09-18,0.2924,0.2372,0.18
2017-09-19,0.2954,0.2395,0.1808
2017-09-20,0.2914,0.2419,0.181
2017-09-21,0.2747,0.2414,0.1804
2017-09-22,0.2619,0.2385,0.179
2017-09-23,0.2503,0.2355,0.178
2017-09-24,0.2412,0.2327,0.1775
2017-09-25,0.2511,0.2299,0.1764
2017-09-26,0.2409,0.2295,0.1775
2017-09-27,0.2381,0.2292,0.179
2017-09-28,0.2281,0.2265,0.178
2017-09-29,0.2197,0.224,0.178
2017-09-30,0.2497,0.2204,0.1755
2017-10-01,0.2928,0.2245,0.1753
2017-10-02,0.2867,0.227,0.1759
2017-10-03,0.2858,0.2297,0.1765
2017-10-04,0.277,0.2316,0.177
2017-10-05,0.2633,0.2316,0.177
2017-10-06,0.254,0.23,0.1765
2017-10-07,0.2499,0.2295,0.1775
2017-10-08,0.2416,0.2275,0.177
2017-10-09,0.2364,0.2266,0.1779
2017-10-10,0.2303,0.2245,0.177
2017-10-11,0.2231,0.2222,0.177
2017-10-12,0.2158,0.2209,0.177
2017-10-13,0.208,0.2177,0.176
2017-10-14,0.2006,0.2141,0.174
2017-10-15,0.1942,0.2118,0.1734
2017-10-16,0.1891,0.21,0.1727
2017-10-17,0.1836,0.207,0.1715
2017-10-18,0.1803,0.205,0.17
2017-10-19,0.1839,0.204,0.17
2017-10-20,0.1905,0.203,0.1705
2017-10-21,0.191,0.2026,0.1715
2017-10-22,0.1932,0.203,0.1735
2017-10-23,0.1941,0.203,0.175
2017-10-24,0.1931,0.2026,0.175
2017-10-25,0.1911,0.2015,0.174
2017-10-26,0.189,0.2013,0.174
2017-10-27,0.1854,0.1993,0.173
2017-10-28,0.188,0.1992,0.1739
2017-10-29,0.188,0.199,0.174
2017-10-30,0.2008,0.199,0.174
2017-10-31,0.1971,0.1985,0.1735
2017-11-01,0.194,0.1986,0.174
2017-11-02,0.192,0.198,0.1735
2017-11-03,0.189,0.199,0.175
2017-11-04,0.2885,0.2043,0.175
2017-11-05,0.3852,0.3308,0.1759
2017-11-06,0.3536,0.3341,0.1782
2017-11-07,0.3419,0.3309,0.1801
2017-11-08,0.3366,0.3278,0.1822
2017-11-09,0.3363,0.3265,0.1849
2017-11-10,0.3361,0.3242,0.1872
2017-11-11,0.3464,0.323,0.1885
2017-11-12,0.3525,0.3231,0.19
2017-11-13,0.3514,0.3249,0.1918
2017-11-14,0.3392,0.3249,0.1943
2017-11-15,0.3321,0.3225,0.1975
2017-11-16,0.3304,0.3198,0.1989
2017-11-17,0.333,0.3177,0.2007
2017-11-18,0.3341,0.3165,0.2007
2017-11-19,0.3307,0.3164,0.2015
2017-11-20,0.3325,0.3153,0.2016
2017-11-21,0.3275,0.3138,0.2029
2017-11-22,0.3215,0.3107,0.203
2017-11-23,0.3208,0.3096,0.2039
2017-11-24,0.3178,0.3084,0.2062
2017-11-25,0.3476,0.3088,0.2064
2017-11-26,0.3362,0.3115,0.2069
2017-11-27,0.3264,0.3115,0.2089
2017-11-28,0.3199,0.3102,0.2099
2017-11-29,0.3152,0.3087,0.2112
2017-11-30,0.3116,0.3069,0.2125
2018-04-01,0.3646,0.3744,0.3745
2018-04-02,0.3575,0.3693,0.3738
2018-04-03,0.3519,0.364,0.3722
2018-04-04,0.3795,0.3659,0.371
2018-04-05,0.3721,0.3707,0.3696
2018-04-06,0.3568,0.367,0.3686
2018-04-07,0.3473,0.3612,0.3675
2018-04-08,0.3407,0.3553,0.3655
2018-04-09,0.3683,0.3548,0.365
2018-04-10,0.3898,0.3605,0.361
2018-04-11,0.4243,0.3934,0.3608
2018-04-12,0.426,0.4248,0.3719
2018-04-13,0.4223,0.4214,0.3831
2018-04-14,0.4228,0.4203,0.3901
2018-04-15,0.4026,0.412,0.3936
2018-04-16,0.3855,0.3993,0.392
2018-04-17,0.3725,0.3888,0.3905
2018-04-18,0.3615,0.3793,0.3883
2018-04-19,0.3507,0.3703,0.3864
2018-04-20,0.341,0.3621,0.385
2018-04-21,0.3278,0.3515,0.381
2018-04-22,0.3161,0.3428,0.3782
2018-04-23,0.3178,0.3348,0.3758
2018-04-24,0.3094,0.3298,0.3731
2018-04-25,0.3008,0.3222,0.3704
2018-04-26,0.2961,0.3182,0.3685
2018-04-27,0.286,0.3126,0.366
2018-04-28,0.2989,0.3085,0.3637
2018-04-29,0.3646,0.3404,0.3631
2018-04-30,0.3893,0.379,0.3625
2018-05-01,0.3947,0.3816,0.362
2018-05-02,0.3843,0.3833,0.362
2018-05-03,0.3724,0.3793,0.3618
2018-05-04,0.3658,0.374,0.362
2018-05-05,0.3575,0.3686,0.3615
2018-05-06,0.3485,0.3619,0.3595
2018-05-07,0.3599,0.3578,0.356
2018-05-08,0.3624,0.3587,0.3554
2018-05-09,0.3564,0.3559,0.3547
2018-05-10,0.3782,0.3634,0.3546
2018-05-11,0.3579,0.3618,0.3535
2018-05-12,0.3519,0.3561,0.353
2018-05-13,0.4101,0.3775,0.3522
2018-05-14,0.4232,0.4033,0.3545
2018-05-15,0.4294,0.4239,0.3639
2018-05-16,0.4109,0.4148,0.3737
2018-05-17,0.3942,0.4033,0.377
2018-05-18,0.3797,0.3925,0.3768
2018-05-19,0.3699,0.3823,0.3746
2018-05-20,0.3655,0.3757,0.3736
2018-05-21,0.3629,0.3695,0.3726
2018-05-22,0.3804,0.3725,0.3713
2018-05-23,0.3805,0.367,0.3695
2018-05-24,0.3822,0.37,0.3684
2018-05-25,0.3818,0.3794,0.3685
2018-05-26,0.3592,0.3714,0.3665
2018-05-27,0.3754,0.3661,0.3634
2018-05-28,0.4121,0.3814,0.3635
2018-05-29,0.386,0.3837,0.3652
2018-05-30,0.397,0.3899,0.3678
2018-05-31,0.4099,0.4058,0.3694
2018-06-01,0.4002,0.4115,0.3765
2018-06-02,0.3868,0.3975,0.379
2018-06-03,0.3925,0.3909,0.3805
2018-06-04,0.3997,0.3896,0.38
2018-06-05,0.3967,0.393,0.3819
2018-06-06,0.4073,0.3945,0.3835
2018-06-07,0.3868,0.3924,0.3835
2018-06-08,0.3933,0.3931,0.3858
2018-06-09,0.3762,0.3874,0.3875
2018-06-10,0.3681,0.3789,0.385
2018-06-11,0.4086,0.395,0.3848
2018-06-12,0.4088,0.3989,0.3834
2018-06-13,0.4021,0.3956,0.382
2018-06-14,0.3797,0.3907,0.3825
2018-06-15,0.3838,0.3844,0.3815
2018-06-16,0.3726,0.3794,0.3797
2018-06-17,0.3617,0.3741,0.3789
2018-06-18,0.3502,0.367,0.3775
2018-06-19,0.34,0.359,0.3761
2018-06-20,0.3255,0.3481,0.3735
2018-06-21,0.318,0.3362,0.3722
2018-06-22,0.3128,0.3291,0.3697
2018-06-23,0.2955,0.3205,0.3656
2018-06-24,0.2801,0.3111,0.3611
2018-06-25,0.2702,0.3051,0.3583
2018-06-26,0.2577,0.2975,0.3547
2018-06-27,0.2439,0.2885,0.3498
2018-06-28,0.2318,0.2811,0.3456
2018-06-29,0.226,0.2755,0.3422
2018-06-30,0.2215,0.2721,0.3402
2018-07-01,0.2099,0.2651,0.3356
2018-07-02,0.2007,0.2591,0.3315
2018-07-03,0.1995,0.2526,0.3266
2018-07-04,0.1962,0.2455,0.3225
2018-07-05,0.3385,0.2546,0.3191
2018-07-06,0.33,0.2675,0.3176
2018-07-07,0.3241,0.2748,0.3152
2018-07-08,0.2917,0.2726,0.312
2018-07-09,0.268,0.2682,0.309
2018-07-10,0.249,0.2635,0.306
2018-07-11,0.2321,0.2575,0.3022
2018-07-12,0.2208,0.253,0.2999
2018-07-13,0.2123,0.2482,0.2972
2018-07-14,0.2086,0.2438,0.295
2018-07-15,0.2293,0.239,0.2927
2018-07-16,0.3312,0.2494,0.292
2018-07-17,0.3266,0.2637,0.2916
2018-07-18,0.2942,0.265,0.291
2018-07-19,0.2703,0.2612,0.2885
2018-07-20,0.2733,0.2567,0.2855
2018-07-21,0.3525,0.2629,0.285
2018-07-22,0.3425,0.2756,0.2845
2018-07-23,0.3065,0.2769,0.2828
2018-07-24,0.2823,0.2732,0.2815
2018-07-25,0.2643,0.2681,0.2785
2018-07-26,0.2486,0.2615,0.2749
2018-07-27,0.235,0.2569,0.2735
2018-07-28,0.2817,0.2492,0.266
2018-07-29,0.333,0.2722,0.2656
2018-07-30,0.2953,0.2666,0.2605
2018-07-31,0.2756,0.2632,0.2585
2018-08-01,0.2823,0.2588,0.2565
2018-08-02,0.2475,0.2531,0.2535
2018-08-03,0.2309,0.2473,0.2514
2018-08-04,0.216,0.2411,0.2485
2018-08-05,0.2093,0.236,0.2464
2018-08-06,0.2274,0.2323,0.246
2018-08-07,0.2707,0.2329,0.2464
2018-08-08,0.2928,0.2345,0.2462
2018-08-09,0.3337,0.2413,0.244
2018-08-10,0.3229,0.2585,0.2441
2018-08-11,0.2891,0.2595,0.2415
2018-08-12,0.2649,0.2534,0.2385
2018-08-13,0.2663,0.249,0.236
2018-08-14,0.289,0.2497,0.236
2018-08-15,0.272,0.249,0.236
2018-08-16,0.2528,0.244,0.2335
2018-08-17,0.3218,0.254,0.2334
2018-08-18,0.317,0.2507,0.234
2018-08-19,0.2885,0.2502,0.2324
2018-08-20,0.2643,0.2457,0.2295
2018-08-21,0.248,0.2415,0.228
2018-08-22,0.2445,0.237,0.2265
2018-08-23,0.2815,0.2355,0.2255
2018-08-24,0.2693,0.232,0.2224
2018-08-25,0.2622,0.2334,0.2255
2018-08-26,0.2544,0.2327,0.2255
2018-08-27,0.2364,0.228,0.223
2018-08-28,0.2213,0.2227,0.2205
2018-08-29,0.2086,0.219,0.2186
2018-08-30,0.2012,0.2155,0.217
2018-08-31,0.2012,0.2126,0.216
2018-09-01,0.2003,0.2121,0.2171
2018-09-02,0.1933,0.21,0.2171
2018-09-03,0.1847,0.207,0.2166
2018-09-04,0.1755,0.2033,0.2145
2018-09-05,0.1732,0.199,0.2125
2018-09-06,0.227,0.1952,0.2114
2018-09-07,0.3243,0.2093,0.211
2018-09-08,0.2886,0.2149,0.211
2018-09-09,0.2643,0.2127,0.208
2018-09-10,0.2425,0.21,0.2065
2018-09-11,0.227,0.2075,0.2055
2018-09-12,0.2122,0.2025,0.2031
2018-09-13,0.2195,0.1995,0.2
2018-09-14,0.2373,0.1983,0.1991
2018-09-15,0.2215,0.1977,0.1991
2018-09-16,0.2096,0.1954,0.1977
2018-09-17,0.1996,0.193,0.1965
2018-09-18,0.1912,0.1914,0.196
2018-09-19,0.1841,0.1895,0.1956
2018-09-20,0.1782,0.1865,0.1922
2018-09-21,0.1806,0.185,0.1925
2018-09-22,0.182,0.184,0.194
2018-09-23,0.1741,0.1825,0.1937
2018-09-24,0.1944,0.18,0.192
2018-09-25,0.1876,0.1795,0.1925
2018-09-26,0.1812,0.1775,0.1915
2018-09-27,0.1715,0.1745,0.1895
2018-09-28,0.1636,0.171,0.1865
2018-09-29,0.1594,0.17,0.1863
2018-09-30,0.1718,0.1695,0.1865
2018-10-01,0.1799,0.1695,0.1865
2018-10-02,0.1833,0.17,0.1885
2018-10-03,0.1796,0.1695,0.1885
2018-10-04,0.1798,0.1709,0.191
2018-10-05,0.1711,0.1685,0.189
2018-10-06,0.1697,0.1665,0.1885
2018-10-07,0.2691,0.1684,0.187
2018-10-08,0.3213,0.1822,0.1875
2018-10-09,0.2952,0.1926,0.1882
2018-10-10,0.3257,0.2019,0.188
2018-10-11,0.3513,0.2416,0.1882
2018-10-12,0.3168,0.2511,0.1888
2018-10-13,0.2984,0.254,0.189
2018-10-14,0.2927,0.2558,0.1905
2018-10-15,0.336,0.2618,0.192
2018-10-16,0.368,0.2967,0.1928
2018-10-17,0.3383,0.3053,0.1935
2018-10-18,0.3209,0.304,0.1945
2018-10-19,0.3088,0.3004,0.195
2018-10-20,0.2997,0.2971,0.195
2018-10-21,0.2889,0.2919,0.195
2018-10-22,0.2787,0.2867,0.1945
2018-10-23,0.2707,0.2823,0.194
2018-10-24,0.2645,0.2778,0.194
2018-10-25,0.2617,0.2734,0.195
2018-10-26,0.2585,0.2712,0.1964
2018-10-27,0.2876,0.2709,0.1985
2018-10-28,0.3097,0.2718,0.1983
2018-10-29,0.3096,0.2741,0.199
2018-10-30,0.315,0.2757,0.1996
2018-10-31,0.421,0.334,0.2011
2018-11-01,0.4252,0.4158,0.2161
2018-11-02,0.4014,0.3952,0.2284
2018-11-03,0.3921,0.3836,0.2347
2018-11-04,0.379,0.3739,0.2388
2018-11-05,0.389,0.369,0.242
2018-11-06,0.4218,0.4086,0.2532
2018-11-07,0.4116,0.4053,0.269
2018-11-08,0.3998,0.3975,0.2757
2018-11-09,0.4249,0.4163,0.2875
2018-11-10,0.4065,0.4037,0.2986
2018-11-11,0.3952,0.393,0.3042
2018-11-12,0.3995,0.388,0.3079
2018-11-13,0.402,0.3894,0.3115
2018-11-14,0.382,0.3836,0.3166
2018-11-15,0.3733,0.377,0.321
2018-11-16,0.3665,0.3715,0.3236
2018-11-17,0.3715,0.3707,0.3257
2018-11-18,0.3659,0.3669,0.3268
2018-11-19,0.3616,0.364,0.3284
2018-11-20,0.3647,0.363,0.3305
2018-11-21,0.4051,0.3817,0.3323
2018-11-22,0.3931,0.3896,0.3353
2018-11-23,0.418,0.4075,0.341
2018-11-24,0.401,0.4058,0.3438
2018-11-25,0.3985,0.3965,0.3476
2018-11-26,0.3935,0.3945,0.35
2018-11-27,0.3824,0.3875,0.3501
2018-11-28,0.3747,0.3816,0.3505
2018-11-29,0.3689,0.3766,0.3528
2018-11-30,0.404,0.393,0.3549
2019-04-01,0.2362,0.2682,0.2915
2019-04-02,0.2328,0.264,0.2895
2019-04-03,0.2513,0.263,0.29
2019-04-04,0.2633,0.2636,0.292
2019-04-05,0.2595,0.2635,0.2935
2019-04-06,0.319,0.265,0.2923
2019-04-07,0.358,0.28,0.292
2019-04-08,0.3553,0.2974,0.294
2019-04-09,0.347,0.3042,0.295
2019-04-10,0.3437,0.3064,0.2945
2019-04-11,0.3552,0.3128,0.295
2019-04-12,0.339,0.3173,0.295
2019-04-13,0.3201,0.3147,0.293
2019-04-14,0.3055,0.3097,0.2905
2019-04-15,0.2937,0.3045,0.2885
2019-04-16,0.3325,0.3027,0.287
2019-04-17,0.3325,0.3067,0.2865
2019-04-18,0.3115,0.3046,0.2855
2019-04-19,0.293,0.3,0.2835
2019-04-20,0.2787,0.2932,0.2805
2019-04-21,0.2968,0.2901,0.2785
2019-04-22,0.3076,0.2895,0.2785
2019-04-23,0.3622,0.2925,0.275
2019-04-24,0.3718,0.2947,0.275
2019-04-25,0.4144,0.345,0.2754
2019-04-26,0.4138,0.4,0.2807
2019-04-27,0.4065,0.3987,0.2888
2019-04-28,0.389,0.3889,0.2944
2019-04-29,0.375,0.377,0.2979
2019-04-30,0.36,0.3669,0.3003
2019-05-01,0.3474,0.358,0.301
2019-05-02,0.3361,0.3476,0.298
2019-05-03,0.3413,0.3415,0.298
2019-05-04,0.3453,0.3385,0.2988
2019-05-05,0.3461,0.3366,0.2988
2019-05-06,0.3412,0.338,0.302
2019-05-07,0.3375,0.3335,0.3014
2019-05-08,0.3813,0.3394,0.3
2019-05-09,0.376,0.3567,0.3007
2019-05-10,0.3606,0.3554,0.3025
2019-05-11,0.3486,0.3495,0.301
2019-05-12,0.3573,0.346,0.301
2019-05-13,0.3415,0.3423,0.3005
2019-05-14,0.3228,0.3341,0.2982
2019-05-15,0.3045,0.3232,0.2942
2019-05-16,0.2918,0.3145,0.292
2019-05-17,0.338,0.3106,0.2901
2019-05-18,0.369,0.3196,0.291
2019-05-19,0.4032,0.3479,0.2919
2019-05-20,0.3775,0.3606,0.2937
2019-05-21,0.3671,0.3567,0.2947
2019-05-22,0.3659,0.3607,0.2999
2019-05-23,0.3427,0.3513,0.2992
2019-05-24,0.3477,0.3422,0.297
2019-05-25,0.3611,0.3397,0.298
2019-05-26,0.3659,0.3435,0.298
2019-05-27,0.3482,0.3402,0.2974
2019-05-28,0.3553,0.3377,0.2979
2019-05-29,0.3495,0.3382,0.2985
2019-05-30,0.337,0.3349,0.2981
2019-05-31,0.3229,0.3294,0.2975
2019-06-01,0.3042,0.3205,0.2935
2019-06-02,0.2883,0.31,0.2905
2019-06-03,0.276,0.3015,0.2883
2019-06-04,0.2622,0.2933,0.2865
2019-06-05,0.2545,0.2838,0.2827
2019-06-06,0.2722,0.279,0.2818
2019-06-07,0.289,0.2747,0.278
2019-06-08,0.2822,0.2716,0.2756
2019-06-09,0.3008,0.2676,0.2735
2019-06-10,0.386,0.3011,0.2737
2019-06-11,0.3903,0.344,0.2735
2019-06-12,0.369,0.3555,0.275
2019-06-13,0.3428,0.3472,0.275
2019-06-14,0.3665,0.3417,0.275
2019-06-15,0.407,0.3674,0.2757
2019-06-16,0.3809,0.3802,0.2797
2019-06-17,0.355,0.366,0.281
2019-06-18,0.3315,0.3496,0.2811
2019-06-19,0.307,0.3327,0.2795
2019-06-20,0.3129,0.3235,0.279
2019-06-21,0.3897,0.3358,0.2795
2019-06-22,0.3747,0.358,0.2809
2019-06-23,0.3469,0.3501,0.2814
2019-06-24,0.3205,0.3372,0.2806
2019-06-25,0.2969,0.3245,0.2796
2019-06-26,0.2752,0.312,0.278
2019-06-27,0.2553,0.2992,0.2761
2019-06-28,0.2376,0.2868,0.2738
2019-06-29,0.2182,0.2736,0.2706
2019-06-30,0.2031,0.2621,0.268
2019-07-01,0.1954,0.255,0.2665
2019-07-02,0.2128,0.253,0.2654
2019-07-03,0.2254,0.2418,0.2645
2019-07-04,0.2222,0.239,0.2602
2019-07-05,0.2055,0.2305,0.2571
2019-07-06,0.1955,0.2275,0.2561
2019-07-07,0.2079,0.22,0.2544
2019-07-08,0.2012,0.215,0.2531
2019-07-09,0.2791,0.2203,0.2545
2019-07-10,0.2963,0.2289,0.2557
2019-07-11,0.2688,0.2283,0.2538
2019-07-12,0.2431,0.2237,0.2505
2019-07-13,0.2253,0.2204,0.2494
2019-07-14,0.2085,0.2166,0.2479
2019-07-15,0.1947,0.2116,0.2455
2019-07-16,0.1836,0.2085,0.2447
2019-07-17,0.173,0.2041,0.2423
2019-07-18,0.1648,0.2015,0.2406
2019-07-19,0.1587,0.1986,0.2391
2019-07-20,0.1532,0.1945,0.2364
2019-07-21,0.1682,0.1924,0.2354
2019-07-22,0.2319,0.1891,0.233
2019-07-23,0.2114,0.1857,0.2315
2019-07-24,0.1973,0.1875,0.232
2019-07-25,0.1831,0.186,0.231
2019-07-26,0.1755,0.1844,0.23
2019-07-27,0.274,0.186,0.231
2019-07-28,0.3441,0.2178,0.2307
2019-07-29,0.2944,0.2272,0.229
2019-07-30,0.2667,0.2261,0.2275
2019-07-31,0.2482,0.2245,0.2265
2019-08-01,0.2302,0.2218,0.225
2019-08-02,0.213,0.2177,0.2244
2019-08-03,0.1962,0.2131,0.2225
2019-08-04,0.181,0.2076,0.2186
2019-08-05,0.1719,0.2045,0.218
2019-08-06,0.172,0.1982,0.2135
2019-08-07,0.2603,0.198,0.215
2019-08-08,0.2685,0.2003,0.2145
2019-08-09,0.2406,0.1985,0.212
2019-08-10,0.2876,0.2003,0.212
2019-08-11,0.3054,0.2053,0.211
2019-08-12,0.321,0.2142,0.21
2019-08-13,0.293,0.2209,0.209
2019-08-14,0.2654,0.2215,0.2086
2019-08-15,0.2474,0.2205,0.2095
2019-08-16,0.232,0.2182,0.2095
2019-08-17,0.2084,0.2111,0.204
2019-08-18,0.1928,0.2058,0.201
2019-08-19,0.3157,0.2081,0.1985
2019-08-20,0.382,0.2413,0.198
2019-08-21,0.3375,0.2726,0.198
2019-08-22,0.3068,0.2743,0.199
2019-08-23,0.2803,0.2689,0.198
2019-08-24,0.2583,0.2618,0.196
2019-08-25,0.238,0.2542,0.194
2019-08-26,0.218,0.2444,0.192
2019-08-27,0.2043,0.237,0.191
2019-08-28,0.1953,0.2315,0.19
2019-08-29,0.1919,0.2285,0.19
2019-08-30,0.178,0.2193,0.1875
2019-08-31,0.1893,0.2094,0.1847
2019-09-01,0.1947,0.2071,0.1835
2019-09-02,0.2045,0.2069,0.1841
2019-09-03,0.1971,0.2059,0.1847
2019-09-04,0.1851,0.201,0.1826
2019-09-05,0.1771,0.197,0.182
2019-09-06,0.1739,0.196,0.1821
2019-09-07,0.1712,0.1955,0.183
2019-09-08,0.1694,0.1945,0.1825
2019-09-09,0.1632,0.1919,0.1825
2019-09-10,0.189,0.1905,0.1818
2019-09-11,0.2049,0.1885,0.18
2019-09-12,0.1924,0.1845,0.1785
2019-09-13,0.1805,0.1809,0.1772
2019-09-14,0.1705,0.1774,0.177
2019-09-15,0.1581,0.1735,0.1755
2019-09-16,0.151,0.17,0.1745
2019-09-17,0.206,0.1686,0.175
2019-09-18,0.1963,0.168,0.1747
2019-09-19,0.1882,0.1671,0.1745
2019-09-20,0.1822,0.168,0.175
2019-09-21,0.1822,0.1685,0.1755
2019-09-22,0.284,0.1733,0.1765
2019-09-23,0.266,0.1755,0.177
2019-09-24,0.2638,0.1788,0.1775
2019-09-25,0.2778,0.182,0.1775
2019-09-26,0.2606,0.1842,0.177
2019-09-27,0.2445,0.1858,0.177
2019-09-28,0.2322,0.186,0.1775
2019-09-29,0.2199,0.186,0.1775
2019-09-30,0.2043,0.1825,0.173
2019-10-01,0.1993,0.181,0.1726
2019-10-02,0.2462,0.1817,0.1715
2019-10-03,0.239,0.1833,0.1717
2019-10-04,0.2304,0.184,0.172
2019-10-05,0.2264,0.1843,0.171
2019-10-06,0.2244,0.185,0.171
2019-10-07,0.232,0.186,0.1708
2019-10-08,0.2245,0.1862,0.1705
2019-10-09,0.225,0.1858,0.169
2019-10-10,0.2269,0.1869,0.169
2019-10-11,0.2203,0.1879,0.17
2019-10-12,0.216,0.188,0.1705
2019-10-13,0.2157,0.189,0.1715
2019-10-14,0.2196,0.189,0.172
2019-10-15,0.3464,0.228,0.1722
2019-10-16,0.3296,0.2686,0.1732
2019-10-17,0.3283,0.2726,0.1745
2019-10-18,0.3214,0.2753,0.1757
2019-10-19,0.3318,0.2786,0.1766
2019-10-20,0.4135,0.3312,0.178
2019-10-21,0.4081,0.3972,0.1861
2019-10-22,0.4144,0.3951,0.1939
2019-10-23,0.4196,0.4087,0.2072
2019-10-24,0.4055,0.4048,0.232
2019-10-25,0.3822,0.3845,0.2396
2019-10-26,0.3662,0.3704,0.2435
2019-10-27,0.3573,0.3605,0.246
2019-10-28,0.353,0.3508,0.2475
2019-10-29,0.3465,0.3439,0.2483
2019-10-30,0.3405,0.339,0.249
2019-10-31,0.3575,0.3364,0.2504
2019-11-01,0.3617,0.3372,0.2517
2019-11-02,0.4047,0.3685,0.2537
2019-11-03,0.4154,0.3915,0.2576
2019-11-04,0.4176,0.404,0.2652
2019-11-05,0.4051,0.4027,0.276
2019-11-06,0.3961,0.3909,0.2818
2019-11-07,0.4004,0.3865,0.2858
2019-11-08,0.3838,0.3817,0.29
2019-11-09,0.3802,0.3767,0.2933
2019-11-10,0.3684,0.3695,0.2953
2019-11-11,0.3608,0.3627,0.2965
2019-11-12,0.3565,0.3569,0.298
2019-11-13,0.3545,0.3542,0.2993
2019-11-14,0.3513,0.3508,0.3
2019-11-15,0.3518,0.3485,0.3007
2019-11-16,0.3512,0.3493,0.301
2019-11-17,0.3529,0.3506,0.3008
2019-11-18,0.3532,0.3496,0.3018
2019-11-19,0.3489,0.3478,0.3027
2019-11-20,0.3657,0.3485,0.3035
2019-11-21,0.3992,0.3611,0.3055
2019-11-22,0.4086,0.3787,0.3067
2019-11-23,0.4308,0.4321,0.3531
2019-11-24,0.4208,0.4231,0.3756
2019-11-25,0.3977,0.4094,0.3829
2019-11-26,0.3856,0.3979,0.3845
2019-11-27,0.4107,0.4046,0.3856
2019-11-28,0.4019,0.4017,0.3875
2019-11-29,0.4,0.4023,0.388
2019-11-30,0.3873,0.3963,0.386
2020-04-01,0.2933,0.3087,0.3562
2020-04-02,0.2915,0.3096,0.3557
2020-04-03,0.2855,0.3075,0.355
2020-04-04,0.2777,0.303,0.3544
2020-04-05,0.2651,0.2946,0.349
2020-04-06,0.252,0.2871,0.3448
2020-04-07,0.2432,0.282,0.3444
2020-04-08,0.2389,0.2794,0.3428
2020-04-09,0.2293,0.273,0.3394
2020-04-10,0.2158,0.2645,0.3335
2020-04-11,0.2062,0.2581,0.3279
2020-04-12,0.1988,0.2531,0.3245
2020-04-13,0.1958,0.2502,0.3225
2020-04-14,0.2305,0.2486,0.3205
2020-04-15,0.2227,0.2493,0.3196
2020-04-16,0.2156,0.2499,0.3198
2020-04-17,0.2095,0.247,0.3165
2020-04-18,0.2405,0.2468,0.3135
2020-04-19,0.31,0.2484,0.3108
2020-04-20,0.333,0.2545,0.307
2020-04-21,0.388,0.2863,0.305
2020-04-22,0.3986,0.3279,0.3035
2020-04-23,0.3745,0.3523,0.2995
2020-04-24,0.3684,0.3555,0.3
2020-04-25,0.3543,0.3487,0.301
2020-04-26,0.3726,0.3477,0.303
2020-04-27,0.389,0.3561,0.2992
2020-04-28,0.4116,0.399,0.3019
2020-04-29,0.3774,0.3813,0.3042
2020-04-30,0.3775,0.3728,0.3064
2020-05-01,0.4041,0.3762,0.3081
2020-05-02,0.3958,0.3813,0.3104
2020-05-03,0.3818,0.3779,0.3126
2020-05-04,0.3621,0.3681,0.3121
2020-05-05,0.3473,0.3561,0.3117
2020-05-06,0.3296,0.3402,0.31
2020-05-07,0.3152,0.3342,0.3104
2020-05-08,0.2986,0.3242,0.3095
2020-05-09,0.282,0.3153,0.3085
2020-05-10,0.3096,0.3132,0.3085
2020-05-11,0.4009,0.3539,0.3079
2020-05-12,0.3916,0.382,0.3091
2020-05-13,0.419,0.3986,0.3129
2020-05-14,0.4039,0.4092,0.3256
2020-05-15,0.4045,0.4006,0.3308
2020-05-16,0.3853,0.3898,0.3331
2020-05-17,0.3675,0.3809,0.335
2020-05-18,0.3537,0.3706,0.3336
2020-05-19,0.3377,0.3585,0.3328
2020-05-20,0.3255,0.3494,0.3316
2020-05-21,0.3098,0.3375,0.3301
2020-05-22,0.2989,0.328,0.3285
2020-05-23,0.3165,0.3133,0.3269
2020-05-24,0.3228,0.3128,0.326
2020-05-25,0.3027,0.3083,0.324
2020-05-26,0.2786,0.2983,0.3209
2020-05-27,0.2606,0.2899,0.317
2020-05-28,0.2495,0.2832,0.3149
2020-05-29,0.2341,0.2741,0.3112
2020-05-30,0.2269,0.2692,0.3101
2020-05-31,0.2247,0.2657,0.307
2020-06-01,0.2501,0.2657,0.3064
2020-06-02,0.2995,0.2613,0.302
2020-06-03,0.3117,0.2615,0.3
2020-06-04,0.3718,0.294,0.2985
2020-06-05,0.3423,0.3086,0.2985
2020-06-06,0.3241,0.3087,0.2975
2020-06-07,0.3485,0.3083,0.2962
2020-06-08,0.3272,0.3064,0.295
2020-06-09,0.325,0.3041,0.2917
2020-06-10,0.3379,0.3068,0.29
2020-06-11,0.3273,0.3065,0.2885
2020-06-12,0.431,0.4089,0.3018
2020-06-13,0.4242,0.4247,0.3304
2020-06-14,0.3915,0.4012,0.3337
2020-06-15,0.3727,0.3857,0.3359
2020-06-16,0.3663,0.3748,0.3358
2020-06-17,0.37,0.3667,0.336
2020-06-18,0.3618,0.3587,0.3353
2020-06-19,0.3463,0.3523,0.3344
2020-06-20,0.3312,0.3462,0.3315
2020-06-21,0.3183,0.338,0.3295
2020-06-22,0.3055,0.3263,0.326
2020-06-23,0.2887,0.3159,0.3232
2020-06-24,0.2693,0.3023,0.32
2020-06-25,0.2538,0.292,0.3172
2020-06-26,0.2586,0.2843,0.3146
2020-06-27,0.2428,0.2775,0.312
2020-06-28,0.2531,0.2716,0.3114
2020-06-29,0.2515,0.2687,0.31
2020-06-30,0.2517,0.2733,0.3159
2020-07-01,0.2647,0.2765,0.3194
2020-07-02,0.2784,0.2729,0.3168
2020-07-03,0.2739,0.2696,0.3155
2020-07-04,0.2587,0.2657,0.3126
2020-07-05,0.2401,0.2601,0.3057
2020-07-06,0.2252,0.2544,0.3016
2020-07-07,0.2124,0.2496,0.3008
2020-07-08,0.2008,0.2446,0.2994
2020-07-09,0.1882,0.2382,0.2951
2020-07-10,0.1973,0.2306,0.2898
2020-07-11,0.3544,0.2518,0.2836
2020-07-12,0.3056,0.258,0.283
2020-07-13,0.276,0.2553,0.2793
2020-07-14,0.253,0.2506,0.276
2020-07-15,0.2383,0.2455,0.273
2020-07-16,0.2339,0.2441,0.273
2020-07-17,0.2355,0.2451,0.2761
2020-07-18,0.2305,0.2449,0.278
2020-07-19,0.2156,0.24,0.2752
2020-07-20,0.1968,0.2306,0.2675
2020-07-21,0.1868,0.225,0.2624
2020-07-22,0.2662,0.2267,0.2653
2020-07-23,0.2488,0.2259,0.2602
2020-07-24,0.234,0.2225,0.258
2020-07-25,0.2145,0.2191,0.257
2020-07-26,0.1982,0.2136,0.2515
2020-07-27,0.1865,0.2121,0.2525
2020-07-28,0.1853,0.209,0.2499
2020-07-29,0.1829,0.2056,0.2485
2020-07-30,0.1847,0.2037,0.2441
2020-07-31,0.1738,0.2036,0.2469
2020-08-01,0.1637,0.2008,0.246
2020-08-02,0.1713,0.2016,0.2494
2020-08-03,0.1873,0.201,0.249
2020-08-04,0.1839,0.1991,0.2474
2020-08-05,0.175,0.1966,0.246
2020-08-06,0.1639,0.1911,0.24
2020-08-07,0.1561,0.1885,0.2392
2020-08-08,0.1472,0.1845,0.2363
2020-08-09,0.1374,0.1766,0.2315
2020-08-10,0.1669,0.175,0.2334
2020-08-11,0.19,0.1769,0.2341
2020-08-12,0.1904,0.179,0.235
2020-08-13,0.2063,0.1815,0.2403
2020-08-14,0.221,0.181,0.24
2020-08-15,0.2047,0.1794,0.2395
2020-08-16,0.2046,0.1782,0.2372
2020-08-17,0.2451,0.1802,0.2372
2020-08-18,0.229,0.1812,0.238
2020-08-19,0.2118,0.1802,0.2351
2020-08-20,0.1985,0.179,0.2323
2020-08-21,0.1847,0.1776,0.227
2020-08-22,0.2127,0.177,0.225
2020-08-23,0.2165,0.177,0.227
2020-08-24,0.2047,0.1779,0.2254
2020-08-25,0.1934,0.1777,0.224
2020-08-26,0.1795,0.1755,0.215
2020-08-27,0.1703,0.1745,0.2137
2020-08-28,0.2008,0.1722,0.215
2020-08-29,0.2014,0.1725,0.2145
2020-08-30,0.2087,0.173,0.2165
2020-08-31,0.2074,0.1742,0.2185
2020-09-01,0.2031,0.175,0.22
2020-09-02,0.1938,0.1747,0.2185
2020-09-03,0.1856,0.1745,0.216
2020-09-04,0.1718,0.1715,0.21
2020-09-05,0.162,0.17,0.2087
2020-09-06,0.1556,0.168,0.206
2020-09-07,0.1542,0.1676,0.202
2020-09-08,0.152,0.167,0.2005
2020-09-09,0.1555,0.166,0.195
2020-09-10,0.1573,0.1655,0.191
2020-09-11,0.153,0.164,0.192
2020-09-12,0.1482,0.163,0.1905
2020-09-13,0.1436,0.1615,0.1885
2020-09-14,0.1381,0.159,0.1871
2020-09-15,0.134,0.1565,0.1849
2020-09-16,0.1335,0.155,0.18
2020-09-17,0.1325,0.154,0.1735
2020-09-18,0.1315,0.1535,0.172
2020-09-19,0.2347,0.1547,0.1715
2020-09-20,0.1964,0.154,0.1697
2020-09-21,0.2318,0.1562,0.166
2020-09-22,0.2391,0.1578,0.166
2020-09-23,0.2446,0.16,0.166
2020-09-24,0.2506,0.1619,0.163
2020-09-25,0.2695,0.1652,0.1615
2020-09-26,0.2787,0.1698,0.1623
2020-09-27,0.2954,0.1755,0.1638
2020-09-28,0.3191,0.1854,0.1648
2020-09-29,0.3022,0.1973,0.166
2020-09-30,0.2777,0.2018,0.166
2020-10-01,0.265,0.2031,0.1655
2020-10-02,0.3513,0.2232,0.166
2020-10-03,0.3904,0.2775,0.1667
2020-10-04,0.3871,0.3162,0.1674
2020-10-05,0.3622,0.3292,0.1694
2020-10-06,0.357,0.3288,0.1714
2020-10-07,0.3533,0.3293,0.1734
2020-10-08,0.3345,0.325,0.1755
2020-10-09,0.3198,0.3176,0.1772
2020-10-10,0.314,0.3128,0.1787
2020-10-11,0.325,0.3106,0.1805
2020-10-12,0.3321,0.3109,0.1818
2020-10-13,0.3272,0.3095,0.1827
2020-10-14,0.327,0.3084,0.1839
2020-10-15,0.3298,0.3065,0.185
2020-10-16,0.3454,0.308,0.1862
2020-10-17,0.3357,0.3097,0.1875
2020-10-18,0.3265,0.3097,0.1894
2020-10-19,0.3132,0.305,0.1902
2020-10-20,0.3102,0.3009,0.1913
2020-10-21,0.3458,0.3022,0.1923
2020-10-22,0.3788,0.315,0.1934
2020-10-23,0.4028,0.354,0.1953
2020-10-24,0.3744,0.3567,0.1984
2020-10-25,0.3567,0.3491,0.2009
2020-10-26,0.4036,0.3688,0.2039
2020-10-27,0.3762,0.3692,0.2082
2020-10-28,0.3695,0.3614,0.2118
2020-10-29,0.3644,0.3561,0.2148
2020-10-30,0.355,0.351,0.2176
2020-10-31,0.3394,0.3417,0.2193
2020-11-01,0.3277,0.333,0.2205
2020-11-02,0.3265,0.3305,0.2228
2020-11-03,0.3348,0.3278,0.2244
2020-11-04,0.3312,0.3238,0.2252
2020-11-05,0.3266,0.3221,0.2265
2020-11-06,0.3178,0.3169,0.227
2020-11-07,0.3232,0.3136,0.2277
2020-11-08,0.3738,0.3198,0.2281
2020-11-09,0.3471,0.3225,0.229
2020-11-10,0.3351,0.3215,0.2294
2020-11-11,0.3273,0.3194,0.2301
2020-11-12,0.32,0.3165,0.231
2020-11-13,0.3135,0.3129,0.2315
2020-11-14,0.311,0.31,0.232
2020-11-15,0.3198,0.3084,0.233
2020-11-16,0.3619,0.3154,0.2333
2020-11-17,0.3389,0.318,0.234
2020-11-18,0.3253,0.3163,0.2347
2020-11-19,0.3206,0.3145,0.236
2020-11-20,0.3152,0.3126,0.2367
2020-11-21,0.3118,0.311,0.2373
2020-11-22,0.309,0.3089,0.238
2020-11-23,0.305,0.3062,0.2387
2020-11-24,0.302,0.304,0.239
2020-11-25,0.3064,0.3026,0.24
2020-11-26,0.3175,0.302,0.2404
2020-11-27,0.3137,0.3,0.24
2020-11-28,0.3064,0.2984,0.2404
2020-11-29,0.3019,0.2972,0.2407
2020-11-30,0.2974,0.2953,0.241
2021-04-01,0.2659,0.2975,0.334
2021-04-02,0.2592,0.2926,0.3313
2021-04-03,0.2524,0.288,0.3291
2021-04-04,0.2506,0.2858,0.3305
2021-04-05,0.2467,0.283,0.3298
2021-04-06,0.2465,0.2801,0.3287
2021-04-07,0.2445,0.278,0.3276
2021-04-08,0.2471,0.2776,0.3282
2021-04-09,0.2532,0.277,0.3315
2021-04-10,0.2676,0.2766,0.3304
2021-04-11,0.2959,0.2771,0.3285
2021-04-12,0.349,0.2899,0.3275
2021-04-13,0.3264,0.2958,0.3288
2021-04-14,0.3127,0.2966,0.328
2021-04-15,0.3022,0.2945,0.3247
2021-04-16,0.2941,0.2931,0.3235
2021-04-17,0.2916,0.2934,0.3235
2021-04-18,0.2898,0.291,0.3235
2021-04-19,0.2862,0.2887,0.3243
2021-04-20,0.2792,0.2814,0.3182
2021-04-21,0.3264,0.2808,0.3169
2021-04-22,0.3181,0.2848,0.3158
2021-04-23,0.299,0.2853,0.3175
2021-04-24,0.2809,0.2812,0.314
2021-04-25,0.2709,0.2795,0.313
2021-04-26,0.2643,0.277,0.3148
2021-04-27,0.2795,0.275,0.3145
2021-04-28,0.3415,0.2791,0.3165
2021-04-29,0.3788,0.3049,0.3165
2021-04-30,0.3896,0.3246,0.3145
2021-05-01,0.4102,0.3648,0.3138
2021-05-02,0.3835,0.3779,0.3153
2021-05-03,0.3619,0.3698,0.3163
2021-05-04,0.3484,0.3606,0.317
2021-05-05,0.3352,0.3475,0.3153
2021-05-06,0.3372,0.3403,0.315
2021-05-07,0.3563,0.3394,0.3146
2021-05-08,0.3357,0.3363,0.314
2021-05-09,0.3195,0.3276,0.3127
2021-05-10,0.4153,0.3833,0.3233
2021-05-11,0.4213,0.4224,0.3504
2021-05-12,0.3924,0.3994,0.3346
2021-05-13,0.3805,0.3865,0.3369
2021-05-14,0.3677,0.3744,0.3373
2021-05-15,0.384,0.3697,0.337
2021-05-16,0.3975,0.3788,0.3378
2021-05-17,0.3817,0.3827,0.3387
2021-05-18,0.3905,0.3823,0.3396
2021-05-19,0.3862,0.3825,0.341
2021-05-20,0.3684,0.3776,0.3415
2021-05-21,0.3785,0.3702,0.3425
2021-05-22,0.3878,0.3765,0.3413
2021-05-23,0.3658,0.3712,0.3406
2021-05-24,0.3474,0.3607,0.34
2021-05-25,0.3448,0.3557,0.336
2021-05-26,0.3342,0.35,0.3355
2021-05-27,0.3196,0.3429,0.337
2021-05-28,0.3034,0.3301,0.3336
2021-05-29,0.3133,0.3233,0.3326
2021-05-30,0.2868,0.3142,0.331
2021-05-31,0.3351,0.3148,0.3295
2021-06-01,0.3648,0.3234,0.334
2021-06-02,0.3511,0.3267,0.3325
2021-06-03,0.3322,0.3249,0.3293
2021-06-04,0.3402,0.3225,0.327
2021-06-05,0.376,0.3334,0.3245
2021-06-06,0.3538,0.3397,0.3235
2021-06-07,0.3582,0.3395,0.3212
2021-06-08,0.3541,0.3397,0.322
2021-06-09,0.3343,0.3357,0.3218
2021-06-10,0.3165,0.3292,0.3225
2021-06-11,0.3033,0.3229,0.3225
2021-06-12,0.2888,0.3145,0.3195
2021-06-13,0.2754,0.3059,0.317
2021-06-14,0.2623,0.2976,0.3153
2021-06-15,0.2476,0.2882,0.3116
2021-06-16,0.2359,0.2802,0.3089
2021-06-17,0.2317,0.2749,0.307
2021-06-18,0.2562,0.2697,0.3036
2021-06-19,0.2511,0.2663,0.2995
2021-06-20,0.2754,0.2635,0.2982
2021-06-21,0.3523,0.2739,0.2967
2021-06-22,0.3548,0.2795,0.2961
2021-06-23,0.3305,0.2867,0.297
2021-06-24,0.3904,0.3262,0.2972
2021-06-25,0.369,0.3436,0.297
2021-06-26,0.3364,0.3377,0.2964
2021-06-27,0.3199,0.3278,0.2946
2021-06-28,0.3234,0.3196,0.294
2021-06-29,0.3214,0.3171,0.294
2021-06-30,0.3101,0.3131,0.2935
2021-07-01,0.2958,0.3076,0.2921
2021-07-02,0.2761,0.298,0.2892
2021-07-03,0.3129,0.2952,0.289
2021-07-04,0.3447,0.3006,0.2885
2021-07-05,0.3275,0.3048,0.2877
2021-07-06,0.3664,0.3185,0.2873
2021-07-07,0.3646,0.3269,0.2878
2021-07-08,0.3629,0.3292,0.287
2021-07-09,0.3381,0.3272,0.2866
2021-07-10,0.3202,0.3217,0.2858
2021-07-11,0.3003,0.3146,0.2846
2021-07-12,0.3002,0.307,0.284
2021-07-13,0.357,0.31,0.2841
2021-07-14,0.3838,0.3308,0.285
2021-07-15,0.3569,0.3365,0.285
2021-07-16,0.3535,0.3345,0.285
2021-07-17,0.3485,0.3341,0.2846
2021-07-18,0.3332,0.3281,0.284
2021-07-19,0.3132,0.3213,0.2835
2021-07-20,0.3002,0.3135,0.2825
2021-07-21,0.2814,0.3022,0.281
2021-07-22,0.27,0.2949,0.2797
2021-07-23,0.2583,0.2896,0.2793
2021-07-24,0.2816,0.2868,0.279
2021-07-25,0.3001,0.2856,0.2785
2021-07-26,0.2813,0.2809,0.2775
2021-07-27,0.265,0.2767,0.2755
2021-07-28,0.3482,0.2848,0.2752
2021-07-29,0.3222,0.2925,0.2754
2021-07-30,0.3205,0.2908,0.2745
2021-07-31,0.3352,0.2922,0.273
2021-08-01,0.3612,0.3081,0.273
2021-08-02,0.3315,0.3103,0.2737
2021-08-03,0.3275,0.3078,0.274
2021-08-04,0.3681,0.3148,0.274
2021-08-05,0.3495,0.3232,0.2745
2021-08-06,0.326,0.3209,0.2741
2021-08-07,0.339,0.3184,0.274
2021-08-08,0.3341,0.3179,0.274
2021-08-09,0.3093,0.3113,0.272
2021-08-10,0.2912,0.304,0.2715
2021-08-11,0.2713,0.2961,0.2696
2021-08-12,0.2888,0.2862,0.2674
2021-08-13,0.2535,0.2798,0.2676
2021-08-14,0.2424,0.2741,0.2666
2021-08-15,0.224,0.2667,0.264
2021-08-16,0.2182,0.2597,0.2625
2021-08-17,0.2119,0.2545,0.2601
2021-08-18,0.2081,0.2508,0.2587
2021-08-19,0.2059,0.2487,0.2595
2021-08-20,0.1994,0.244,0.2582
2021-08-21,0.1901,0.2377,0.2555
2021-08-22,0.1833,0.2329,0.2526
2021-08-23,0.1975,0.2261,0.2485
2021-08-24,0.2064,0.2235,0.2485
2021-08-25,0.2043,0.222,0.2505
2021-08-26,0.1945,0.2175,0.2485
2021-08-27,0.1797,0.2097,0.2445
2021-08-28,0.1732,0.2066,0.2426
2021-08-29,0.1668,0.2026,0.241
2021-08-30,0.1641,0.2014,0.24
2021-08-31,0.1647,0.2011,0.2405
2021-09-01,0.1597,0.198,0.2394
2021-09-02,0.1617,0.1949,0.237
2021-09-03,0.1837,0.1925,0.2346
2021-09-04,0.2438,0.1952,0.2355
2021-09-05,0.3107,0.2054,0.232
2021-09-06,0.2762,0.2071,0.228
2021-09-07,0.2537,0.2055,0.224
2021-09-08,0.237,0.204,0.223
2021-09-09,0.264,0.2021,0.2174
2021-09-10,0.306,0.2053,0.212
2021-09-11,0.29,0.2103,0.2091
2021-09-12,0.2624,0.2095,0.205
2021-09-13,0.2416,0.2073,0.203
2021-09-14,0.2334,0.2056,0.2012
2021-09-15,0.3079,0.2131,0.2
2021-09-16,0.363,0.2858,0.2005
2021-09-17,0.3486,0.2995,0.1999
2021-09-18,0.3398,0.3007,0.1995
2021-09-19,0.3645,0.3072,0.2006
2021-09-20,0.3727,0.3159,0.2022
2021-09-21,0.3585,0.3231,0.2035
2021-09-22,0.3395,0.3232,0.205
2021-09-23,0.3249,0.3194,0.207
2021-09-24,0.3127,0.3136,0.2071
2021-09-25,0.3048,0.3082,0.2077
2021-09-26,0.3558,0.3122,0.2095
2021-09-27,0.3433,0.3169,0.211
2021-09-28,0.324,0.3136,0.212
2021-09-29,0.3088,0.308,0.212
2021-09-30,0.3075,0.3068,0.2141
2021-10-01,0.2938,0.3002,0.2141
2021-10-02,0.2818,0.2932,0.2139
2021-10-03,0.3767,0.3415,0.2148
2021-10-04,0.429,0.4222,0.239
2021-10-05,0.4088,0.4055,0.2555
2021-10-06,0.3864,0.3871,0.2616
2021-10-07,0.3715,0.3743,0.2648
2021-10-08,0.3672,0.3687,0.268
2021-10-09,0.3557,0.3596,0.2699
2021-10-10,0.3497,0.3529,0.2715
2021-10-11,0.3423,0.3475,0.273
2021-10-12,0.3342,0.3397,0.263
2021-10-13,0.3273,0.3306,0.253
2021-10-14,0.319,0.3249,0.2536
2021-10-15,0.3124,0.3212,0.254
2021-10-16,0.3085,0.318,0.254
2021-10-17,0.3048,0.3145,0.2545
2021-10-18,0.2976,0.3086,0.254
2021-10-19,0.294,0.3054,0.2545
2021-10-20,0.2962,0.3031,0.255
2021-10-21,0.3376,0.3017,0.2545
2021-10-22,0.3219,0.3022,0.2545
2021-10-23,0.3135,0.3031,0.254
2021-10-24,0.3098,0.3041,0.2554
2021-10-25,0.2996,0.3008,0.2555
2021-10-26,0.2936,0.2995,0.2555
2021-10-27,0.2912,0.2987,0.256
2021-10-28,0.2881,0.2965,0.256
2021-10-29,0.3085,0.295,0.256
2021-10-30,0.4069,0.3518,0.2567
2021-10-31,0.3866,0.3672,0.259
2021-11-01,0.4172,0.4092,0.267
2021-11-02,0.4001,0.3959,0.2752
2021-11-03,0.4107,0.4005,0.2806
2021-11-04,0.3865,0.3865,0.2858
2021-11-05,0.3717,0.3751,0.2887
2021-11-06,0.3741,0.3721,0.2928
2021-11-07,0.3727,0.3698,0.2961
2021-11-08,0.3663,0.3642,0.2973
2021-11-09,0.3532,0.3562,0.2997
2021-11-10,0.3537,0.3523,0.2978
2021-11-11,0.3777,0.3554,0.2986
2021-11-12,0.3592,0.3555,0.3071
2021-11-13,0.3502,0.351,0.3034
2021-11-14,0.3727,0.3523,0.3059
2021-11-15,0.3749,0.3581,0.311
2021-11-16,0.369,0.3595,0.3132
2021-11-17,0.3618,0.3589,0.3145
2021-11-18,0.3564,0.3559,0.3149
2021-11-19,0.3593,0.3586,0.3175
2021-11-20,0.3517,0.3551,0.3221
2021-11-21,0.3453,0.3508,0.3244
2021-11-22,0.3493,0.346,0.32
2021-11-23,0.3472,0.3463,0.3219
2021-11-24,0.3549,0.345,0.3195
2021-11-25,0.4093,0.3644,0.3175
2021-11-26,0.3872,0.3805,0.3197
2021-11-27,0.3742,0.3763,0.3217
2021-11-28,0.3672,0.3714,0.3234
2021-11-29,0.3622,0.3672,0.3246
2021-11-30,0.3579,0.3634,0.3257
2022-04-01,0.3369,0.3254,0.3522
2022-04-02,0.3278,0.3248,0.3505
2022-04-03,0.3236,0.325,0.3498
2022-04-04,0.3222,0.3244,0.349
2022-04-05,0.3208,0.3245,0.349
2022-04-06,0.3205,0.323,0.3475
2022-04-07,0.3405,0.3202,0.3431
2022-04-08,0.3553,0.3247,0.341
2022-04-09,0.3415,0.3273,0.3375
2022-04-10,0.3305,0.3262,0.333
2022-04-11,0.3273,0.326,0.3321
2022-04-12,0.3165,0.3215,0.328
2022-04-13,0.2997,0.3155,0.3291
2022-04-14,0.2829,0.3063,0.3322
2022-04-15,0.2701,0.2979,0.3295
2022-04-16,0.2623,0.2928,0.3282
2022-04-17,0.2495,0.2831,0.3261
2022-04-18,0.2303,0.2695,0.323
2022-04-19,0.2267,0.2685,0.3239
2022-04-20,0.2607,0.2693,0.3226
2022-04-21,0.356,0.2835,0.3215
2022-04-22,0.3455,0.2961,0.3268
2022-04-23,0.3879,0.3193,0.327
2022-04-24,0.4009,0.3569,0.3284
2022-04-25,0.3719,0.3627,0.3278
2022-04-26,0.349,0.354,0.327
2022-04-27,0.3359,0.3483,0.3275
2022-04-28,0.3245,0.3412,0.3265
2022-04-29,0.3102,0.3335,0.3255
2022-04-30,0.3056,0.3239,0.3235
2022-05-01,0.3009,0.317,0.3221
2022-05-02,0.2945,0.3139,0.3206
2022-05-03,0.2943,0.3094,0.3199
2022-05-04,0.3847,0.3298,0.318
2022-05-05,0.3952,0.3558,0.3175
2022-05-06,0.3785,0.3574,0.3183
2022-05-07,0.3621,0.3578,0.3195
2022-05-08,0.347,0.3524,0.32
2022-05-09,0.3326,0.3481,0.3215
2022-05-10,0.3295,0.3447,0.3223
2022-05-11,0.3105,0.3331,0.321
2022-05-12,0.2995,0.3253,0.32
2022-05-13,0.3103,0.3162,0.3161
2022-05-14,0.3228,0.3104,0.3136
2022-05-15,0.2985,0.3052,0.311
2022-05-16,0.2806,0.2977,0.31
2022-05-17,0.2626,0.2907,0.3095
2022-05-18,0.247,0.2813,0.3059
2022-05-19,0.2318,0.272,0.3019
2022-05-20,0.2191,0.264,0.2996
2022-05-21,0.2107,0.2578,0.2971
2022-05-22,0.2162,0.251,0.2925
2022-05-23,0.2283,0.2491,0.291
2022-05-24,0.2345,0.2512,0.2983
2022-05-25,0.2297,0.2525,0.3019
2022-05-26,0.2248,0.2522,0.3041
2022-05-27,0.2209,0.2517,0.3078
2022-05-28,0.2157,0.2487,0.3038
2022-05-29,0.2066,0.245,0.3006
2022-05-30,0.2003,0.2422,0.2989
2022-05-31,0.2007,0.239,0.2985
2022-06-01,0.2132,0.239,0.3015
2022-06-02,0.2593,0.2349,0.2919
2022-06-03,0.26,0.2318,0.2847
2022-06-04,0.2545,0.2282,0.2806
2022-06-05,0.2815,0.2281,0.273
2022-06-06,0.2854,0.2316,0.2709
2022-06-07,0.2637,0.2316,0.2707
2022-06-08,0.2781,0.2337,0.273
2022-06-09,0.2828,0.2369,0.272
2022-06-10,0.2606,0.2355,0.2701
2022-06-11,0.2341,0.2296,0.2656
2022-06-12,0.2065,0.2202,0.257
2022-06-13,0.1901,0.2186,0.2572
2022-06-14,0.187,0.2195,0.26
2022-06-15,0.1757,0.2145,0.2552
2022-06-16,0.1688,0.2106,0.2534
2022-06-17,0.1598,0.2065,0.2516
2022-06-18,0.1506,0.2002,0.2475
2022-06-19,0.1452,0.1953,0.2439
2022-06-20,0.1396,0.1909,0.2415
2022-06-21,0.1403,0.188,0.241
2022-06-22,0.1958,0.188,0.2467
2022-06-23,0.2603,0.1902,0.244
2022-06-24,0.3267,0.2267,0.2395
2022-06-25,0.3329,0.2686,0.2385
2022-06-26,0.375,0.286,0.2415
2022-06-27,0.3627,0.3068,0.243
2022-06-28,0.3155,0.2908,0.243
2022-06-29,0.2859,0.2833,0.2415
2022-06-30,0.2716,0.276,0.24
2022-07-01,0.3487,0.2838,0.24
2022-07-02,0.309,0.2838,0.2395
2022-07-03,0.2927,0.2747,0.237
2022-07-04,0.2705,0.2684,0.236
2022-07-05,0.2802,0.2662,0.236
2022-07-06,0.2581,0.2609,0.2355
2022-07-07,0.237,0.2541,0.2345
2022-07-08,0.222,0.2477,0.2335
2022-07-09,0.2053,0.2402,0.2319
2022-07-10,0.1908,0.2327,0.2295
2022-07-11,0.1805,0.2277,0.2286
2022-07-12,0.1742,0.2245,0.2285
2022-07-13,0.1662,0.2194,0.2272
2022-07-14,0.1595,0.215,0.2261
2022-07-15,0.1557,0.2121,0.2255
2022-07-16,0.1535,0.2095,0.225
2022-07-17,0.1486,0.2052,0.2236
2022-07-18,0.1482,0.2039,0.2238
2022-07-19,0.1429,0.1993,0.2222
2022-07-20,0.1412,0.1976,0.2186
2022-07-21,0.1461,0.204,0.2164
2022-07-22,0.1453,0.201,0.2145
2022-07-23,0.198,0.202,0.2142
2022-07-24,0.1482,0.1987,0.2138
2022-07-25,0.1441,0.1921,0.2124
2022-07-26,0.1612,0.19,0.211
2022-07-27,0.156,0.1863,0.2106
2022-07-28,0.1514,0.184,0.2095
2022-07-29,0.1801,0.1879,0.212
2022-07-30,0.1847,0.1854,0.2125
2022-07-31,0.1707,0.1804,0.2134
2022-08-01,0.1588,0.1777,0.2141
2022-08-02,0.1492,0.1746,0.2134
2022-08-03,0.1391,0.1689,0.2115
2022-08-04,0.1326,0.1656,0.2105
2022-08-05,0.183,0.1609,0.2084
2022-08-06,0.133,0.1655,0.2075
2022-08-07,0.1357,0.1689,0.2047
2022-08-08,0.1375,0.1693,0.2028
2022-08-09,0.1362,0.1698,0.2016
2022-08-10,0.1354,0.1699,0.201
2022-08-11,0.1331,0.1685,0.2
2022-08-12,0.1298,0.166,0.199
2022-08-13,0.1305,0.1658,0.1995
2022-08-14,0.3146,0.2006,0.1945
2022-08-15,0.328,0.2492,0.188
2022-08-16,0.3027,0.251,0.1835
2022-08-17,0.3735,0.2918,0.1837
2022-08-18,0.3859,0.3334,0.1883
2022-08-19,0.3756,0.3448,0.1952
2022-08-20,0.3518,0.3415,0.2011
2022-08-21,0.3293,0.3317,0.2024
2022-08-22,0.3142,0.3229,0.2035
2022-08-23,0.3034,0.3149,0.2043
2022-08-24,0.2871,0.3051,0.2036
2022-08-25,0.2651,0.2915,0.1985
2022-08-26,0.256,0.2835,0.197
2022-08-27,0.263,0.2818,0.2
2022-08-28,0.2616,0.2816,0.2055
2022-08-29,0.2497,0.2728,0.2035
2022-08-30,0.235,0.2659,0.2025
2022-08-31,0.2293,0.2614,0.203
2022-09-01,0.2257,0.258,0.204
2022-09-02,0.2586,0.2566,0.206
2022-09-03,0.2909,0.2575,0.2075
2022-09-04,0.337,0.271,0.2067
2022-09-05,0.3124,0.2728,0.2065
2022-09-06,0.3152,0.2756,0.207
2022-09-07,0.3516,0.282,0.2055
2022-09-08,0.3555,0.3146,0.2045
2022-09-09,0.3316,0.3141,0.2065
2022-09-10,0.3156,0.3102,0.2075
2022-09-11,0.2996,0.3033,0.2078
2022-09-12,0.2801,0.2936,0.2055
2022-09-13,0.2702,0.2872,0.205
2022-09-14,0.2794,0.283,0.205
2022-09-15,0.2969,0.2816,0.2065
2022-09-16,0.2948,0.2796,0.2068
2022-09-17,0.2912,0.2798,0.2093
2022-09-18,0.2836,0.279,0.2115
2022-09-19,0.2687,0.2734,0.2107
2022-09-20,0.2597,0.2697,0.2105
2022-09-21,0.2507,0.2658,0.2104
2022-09-22,0.2445,0.2626,0.211
2022-09-23,0.2566,0.2587,0.21
2022-09-24,0.3739,0.2806,0.212
2022-09-25,0.3653,0.3007,0.2148
2022-09-26,0.3509,0.3132,0.2158
2022-09-27,0.3518,0.3158,0.2165
2022-09-28,0.3512,0.3177,0.2173
2022-09-29,0.3424,0.3177,0.2175
2022-09-30,0.3473,0.3177,0.2186
2022-10-01,0.3393,0.3178,0.2193
2022-10-02,0.3278,0.3163,0.2205
2022-10-03,0.3195,0.3138,0.2213
2022-10-04,0.3082,0.3091,0.222
2022-10-05,0.2956,0.3027,0.2217
2022-10-06,0.2928,0.3009,0.2226
2022-10-07,0.3228,0.3006,0.2239
2022-10-08,0.293,0.2942,0.224
2022-10-09,0.2936,0.2924,0.225
2022-10-10,0.2861,0.2895,0.225
2022-10-11,0.2828,0.2877,0.2256
2022-10-12,0.2946,0.2863,0.2265
2022-10-13,0.2878,0.2866,0.2284
2022-10-14,0.3062,0.289,0.2295
2022-10-15,0.2975,0.2878,0.23
2022-10-16,0.2858,0.284,0.229
2022-10-17,0.2852,0.2826,0.229
2022-10-18,0.2857,0.2835,0.2367
2022-10-19,0.2835,0.2844,0.2442
2022-10-20,0.3783,0.3058,0.245
2022-10-21,0.4022,0.3521,0.2458
2022-10-22,0.3567,0.3323,0.2472
2022-10-23,0.3484,0.332,0.248
2022-10-24,0.355,0.3345,0.249
2022-10-25,0.3397,0.332,0.25
2022-10-26,0.3343,0.3302,0.2505
2022-10-27,0.3247,0.3263,0.2511
2022-10-28,0.314,0.3215,0.252
2022-10-29,0.3027,0.3156,0.2518
2022-10-30,0.2837,0.3046,0.2505
2022-10-31,0.2857,0.2963,0.249
2022-11-01,0.384,0.3316,0.2495
2022-11-02,0.3563,0.342,0.2507
2022-11-03,0.3507,0.3395,0.252
2022-11-04,0.3861,0.3484,0.2534
2022-11-05,0.387,0.3666,0.2556
2022-11-06,0.3647,0.362,0.2579
2022-11-07,0.354,0.3556,0.2595
2022-11-08,0.354,0.3522,0.2614
2022-11-09,0.407,0.3831,0.2638
2022-11-10,0.3875,0.375,0.2664
2022-11-11,0.3682,0.3684,0.2693
2022-11-12,0.3556,0.3558,0.2703
2022-11-13,0.3513,0.3516,0.2719
2022-11-14,0.3466,0.3458,0.2729
2022-11-15,0.3966,0.3666,0.2745
2022-11-16,0.3893,0.3733,0.277
2022-11-17,0.3836,0.3735,0.2798
2022-11-18,0.3767,0.3704,0.2824
2022-11-19,0.3708,0.3676,0.2851
2022-11-20,0.3684,0.3645,0.2874
2022-11-21,0.3817,0.3632,0.2892
2022-11-22,0.3867,0.3717,0.2915
2022-11-23,0.3946,0.3752,0.2942
2022-11-24,0.3695,0.3695,0.296
2022-11-25,0.3754,0.3664,0.2982
2022-11-26,0.3707,0.365,0.2999
2022-11-27,0.3554,0.3592,0.301
2022-11-28,0.3613,0.3542,0.3019
2022-11-29,0.355,0.3512,0.303
2022-11-30,0.3481,0.347,0.3033
2023-04-01,0.3214,0.3299,0.3534
2023-04-02,0.3396,0.3296,0.3546
2023-04-03,0.3557,0.3318,0.351
2023-04-04,0.333,0.3272,0.3495
2023-04-05,0.3284,0.3315,0.352
2023-04-06,0.3238,0.3347,0.358
2023-04-07,0.3178,0.333,0.365
2023-04-08,0.311,0.3266,0.3658
2023-04-09,0.302,0.3201,0.3623
2023-04-10,0.2877,0.311,0.3589
2023-04-11,0.2896,0.31,0.357
2023-04-12,0.2938,0.3079,0.3545
2023-04-13,0.3004,0.3068,0.352
2023-04-14,0.3243,0.3097,0.3512
2023-04-15,0.3427,0.3144,0.3516
2023-04-16,0.3271,0.3168,0.3528
2023-04-17,0.3138,0.3116,0.3515
2023-04-18,0.3099,0.3013,0.345
2023-04-19,0.2967,0.2945,0.3375
2023-04-20,0.3254,0.2995,0.3466
2023-04-21,0.348,0.3054,0.3425
2023-04-22,0.3527,0.3094,0.3395
2023-04-23,0.3862,0.3301,0.3395
2023-04-24,0.3633,0.3377,0.3395
2023-04-25,0.3503,0.3415,0.339
2023-04-26,0.3389,0.3395,0.339
2023-04-27,0.324,0.3327,0.3405
2023-04-28,0.3038,0.3275,0.3402
2023-04-29,0.332,0.3202,0.339
2023-04-30,0.3393,0.324,0.3405
2023-05-01,0.3315,0.323,0.339
2023-05-02,0.3212,0.3197,0.3375
2023-05-03,0.3044,0.314,0.3332
2023-05-04,0.279,0.302,0.3279
2023-05-05,0.2683,0.292,0.3245
2023-05-06,0.259,0.2805,0.3205
2023-05-07,0.3167,0.2763,0.3178
2023-05-08,0.3449,0.29,0.3176
2023-05-09,0.3412,0.2962,0.3175
2023-05-10,0.341,0.3046,0.3179
2023-05-11,0.3371,0.3072,0.3177
2023-05-12,0.352,0.313,0.3185
2023-05-13,0.3921,0.3317,0.318
2023-05-14,0.3923,0.3513,0.3205
2023-05-15,0.3797,0.3624,0.3213
2023-05-16,0.3754,0.3593,0.3212
2023-05-17,0.3744,0.3634,0.3228
2023-05-18,0.377,0.3644,0.3242
2023-05-19,0.3755,0.364,0.3246
2023-05-20,0.3866,0.3647,0.325
2023-05-21,0.406,0.3778,0.3257
2023-05-22,0.4027,0.3893,0.3272
2023-05-23,0.3974,0.3983,0.3313
2023-05-24,0.4023,0.3971,0.3353
2023-05-25,0.3933,0.3914,0.3386
2023-05-26,0.3767,0.3835,0.3405
2023-05-27,0.3687,0.3759,0.341
2023-05-28,0.3629,0.3699,0.3411
2023-05-29,0.3736,0.3685,0.341
2023-05-30,0.353,0.3602,0.3395
2023-05-31,0.3561,0.3547,0.3385
2023-06-01,0.3567,0.3493,0.3365
2023-06-02,0.3494,0.3454,0.337
2023-06-03,0.37,0.3483,0.3355
2023-06-04,0.3726,0.3606,0.335
2023-06-05,0.3575,0.3569,0.3345
2023-06-06,0.3513,0.3555,0.3355
2023-06-07,0.3433,0.3486,0.3345
2023-06-08,0.3466,0.3432,0.3349
2023-06-09,0.3631,0.3448,0.335
2023-06-10,0.3958,0.373,0.3365
2023-06-11,0.3697,0.3682,0.3366
2023-06-12,0.3717,0.365,0.3393
2023-06-13,0.3986,0.3815,0.3401
2023-06-14,0.3925,0.3959,0.3425
2023-06-15,0.3674,0.3822,0.3434
2023-06-16,0.3448,0.3657,0.3418
2023-06-17,0.3324,0.3555,0.3411
2023-06-18,0.3236,0.3439,0.3397
2023-06-19,0.323,0.335,0.3385
2023-06-20,0.3028,0.3262,0.3384
2023-06-21,0.3084,0.3195,0.3379
2023-06-22,0.3766,0.372,0.3403
2023-06-23,0.3953,0.4072,0.35
2023-06-24,0.3699,0.3879,0.3514
2023-06-25,0.3497,0.3716,0.349
2023-06-26,0.3336,0.3571,0.3452
2023-06-27,0.3072,0.326,0.329
2023-06-28,0.2747,0.2976,0.3129
2023-06-29,0.2868,0.2908,0.3104
2023-06-30,0.3842,0.3232,0.3085
2023-07-01,0.3615,0.3342,0.306
2023-07-02,0.3473,0.3343,0.308
2023-07-03,0.3331,0.3311,0.309
2023-07-04,0.3169,0.3248,0.3086
2023-07-05,0.3078,0.3181,0.3074
2023-07-06,0.319,0.3125,0.3059
2023-07-07,0.2891,0.2994,0.296
2023-07-08,0.2817,0.2922,0.2926
2023-07-09,0.267,0.2848,0.29
2023-07-10,0.2528,0.2772,0.288
2023-07-11,0.2411,0.2705,0.287
2023-07-12,0.2228,0.2576,0.284
2023-07-13,0.2535,0.2575,0.287
2023-07-14,0.242,0.2542,0.292
2023-07-15,0.2303,0.2497,0.2906
2023-07-16,0.2265,0.2471,0.2905
2023-07-17,0.2205,0.2442,0.2922
2023-07-18,0.2107,0.2396,0.2895
2023-07-19,0.2033,0.2366,0.2887
2023-07-20,0.1968,0.2337,0.2888
2023-07-21,0.1927,0.2308,0.2881
2023-07-22,0.1935,0.2311,0.2902
2023-07-23,0.1886,0.2282,0.2883
2023-07-24,0.2555,0.2267,0.2845
2023-07-25,0.2987,0.2332,0.284
2023-07-26,0.2802,0.2357,0.2845
2023-07-27,0.261,0.2348,0.2835
2023-07-28,0.2445,0.2322,0.281
2023-07-29,0.2318,0.229,0.2763
2023-07-30,0.2282,0.2267,0.2735
2023-07-31,0.2165,0.2245,0.2749
2023-08-01,0.2063,0.2197,0.2695
2023-08-02,0.2017,0.218,0.2688
2023-08-03,0.2007,0.2167,0.2695
2023-08-04,0.229,0.218,0.2721
2023-08-05,0.2487,0.219,0.2735
2023-08-06,0.2418,0.2188,0.2738
2023-08-07,0.2317,0.2173,0.273
2023-08-08,0.2204,0.2156,0.2711
2023-08-09,0.2041,0.2109,0.2631
2023-08-10,0.1888,0.2051,0.2569
2023-08-11,0.182,0.2026,0.2551
2023-08-12,0.1781,0.2006,0.2541
2023-08-13,0.1712,0.1983,0.251
2023-08-14,0.1638,0.1955,0.2505
2023-08-15,0.1568,0.1926,0.2509
2023-08-16,0.1523,0.1876,0.2455
2023-08-17,0.1563,0.1825,0.2381
2023-08-18,0.1582,0.1805,0.2362
2023-08-19,0.1506,0.1754,0.2323
2023-08-20,0.1442,0.169,0.2245
2023-08-21,0.1405,0.1664,0.2212
2023-08-22,0.137,0.1632,0.22
2023-08-23,0.1355,0.16,0.2187
2023-08-24,0.141,0.163,0.2157
2023-08-25,0.1435,0.1635,0.2152
2023-08-26,0.2366,0.1705,0.216
2023-08-27,0.3544,0.2116,0.2225
2023-08-28,0.3297,0.2317,0.2301
2023-08-29,0.3169,0.2406,0.23
2023-08-30,0.2957,0.2446,0.2309
2023-08-31,0.2749,0.2435,0.229
2023-09-01,0.2565,0.2397,0.2261
2023-09-02,0.2442,0.2369,0.223
2023-09-03,0.2345,0.2341,0.2215
2023-09-04,0.2182,0.2282,0.2165
2023-09-05,0.2013,0.2218,0.211
2023-09-06,0.1901,0.2163,0.2081
2023-09-07,0.1824,0.2125,0.2066
2023-09-08,0.171,0.2056,0.2004
2023-09-09,0.1626,0.2004,0.1976
2023-09-10,0.1556,0.1955,0.195
2023-09-11,0.1511,0.1916,0.1935
2023-09-12,0.1684,0.1886,0.191
2023-09-13,0.3003,0.1922,0.188
2023-09-14,0.2905,0.1992,0.192
2023-09-15,0.2726,0.2025,0.195
2023-09-16,0.3349,0.2225,0.197
2023-09-17,0.3274,0.2473,0.1975
2023-09-18,0.37,0.2842,0.197
2023-09-19,0.3201,0.2688,0.197
2023-09-20,0.3063,0.2717,0.202
2023-09-21,0.3151,0.2727,0.202
2023-09-22,0.3349,0.2801,0.2035
2023-09-23,0.3465,0.2946,0.2045
2023-09-24,0.324,0.2965,0.2055
2023-09-25,0.3051,0.2923,0.2046
2023-09-26,0.2859,0.2845,0.2029
2023-09-27,0.2757,0.2796,0.203
2023-09-28,0.263,0.2728,0.202
2023-09-29,0.2558,0.2686,0.202
2023-09-30,0.2519,0.2662,0.2029
2023-10-01,0.2495,0.265,0.2045
2023-10-02,0.238,0.2576,0.202
2023-10-03,0.2327,0.254,0.2025
2023-10-04,0.2358,0.2536,0.2037
2023-10-05,0.2377,0.2549,0.206
2023-10-06,0.2286,0.249,0.206
2023-10-07,0.2185,0.2417,0.2035
2023-10-08,0.2003,0.2295,0.1985
2023-10-09,0.1956,0.226,0.2
2023-10-10,0.188,0.2205,0.198
2023-10-11,0.1821,0.216,0.1973
2023-10-12,0.1786,0.2132,0.1975
2023-10-13,0.1793,0.213,0.198
2023-10-14,0.1815,0.2127,0.198
2023-10-15,0.1876,0.2176,0.201
2023-10-16,0.1942,0.2195,0.202
2023-10-17,0.1923,0.216,0.201
2023-10-18,0.2323,0.2159,0.201
2023-10-19,0.3856,0.2516,0.201
2023-10-20,0.3962,0.3231,0.2017
2023-10-21,0.3599,0.3325,0.2024
2023-10-22,0.3405,0.3296,0.2039
2023-10-23,0.3703,0.3341,0.2054
2023-10-24,0.4016,0.3794,0.2093
2023-10-25,0.3885,0.3757,0.2146
2023-10-26,0.4078,0.3821,0.2191
2023-10-27,0.3987,0.3852,0.2244
2023-10-28,0.3809,0.3745,0.2288
2023-10-29,0.3718,0.363,0.2317
2023-10-30,0.3811,0.3555,0.2335
2023-10-31,0.3796,0.3644,0.2362
2023-11-01,0.3651,0.3582,0.2387
2023-11-02,0.4039,0.3785,0.2415
2023-11-03,0.398,0.3893,0.2475
2023-11-04,0.4148,0.3941,0.2533
2023-11-05,0.4187,0.4112,0.265
2023-11-06,0.3957,0.395,0.2741
2023-11-07,0.3856,0.3854,0.2789
2023-11-08,0.378,0.3787,0.2815
2023-11-09,0.3978,0.3834,0.2842
2023-11-10,0.4096,0.3995,0.2896
2023-11-11,0.3902,0.3888,0.2947
2023-11-12,0.4087,0.3999,0.2989
2023-11-13,0.3897,0.3915,0.3046
2023-11-14,0.39,0.3834,0.3084
2023-11-15,0.3787,0.3788,0.3121
2023-11-16,0.3791,0.3758,0.3139
2023-11-17,0.3635,0.3654,0.3138
2023-11-18,0.359,0.3616,0.3154
2023-11-19,0.3535,0.3583,0.3183
2023-11-20,0.3477,0.3535,0.3202
2023-11-21,0.3458,0.3481,0.3168
2023-11-22,0.3518,0.3445,0.313
2023-11-23,0.3468,0.344,0.3125
2023-11-24,0.3422,0.342,0.3125
2023-11-25,0.343,0.3416,0.3151
2023-11-26,0.3392,0.3405,0.316
2023-11-27,0.3445,0.3392,0.316
2023-11-28,0.3707,0.3437,0.3165
2023-11-29,0.3595,0.3467,0.317
2023-11-30,0.4058,0.3653,0.3175
2024-04-01,0.4114,0.4174,0.4342
2024-04-02,0.3928,0.3974,0.4286
2024-04-03,0.3834,0.387,0.4226
2024-04-04,0.3764,0.3807,0.4184
2024-04-05,0.363,0.3727,0.416
2024-04-06,0.3439,0.3602,0.4153
2024-04-07,0.3369,0.354,0.413
2024-04-08,0.3288,0.3482,0.4097
2024-04-09,0.3936,0.359,0.4071
2024-04-10,0.3768,0.3695,0.4052
2024-04-11,0.3608,0.3656,0.4033
2024-04-12,0.3444,0.357,0.4007
2024-04-13,0.3319,0.3488,0.3969
2024-04-14,0.3222,0.3415,0.3937
2024-04-15,0.3088,0.3315,0.3852
2024-04-16,0.3151,0.3296,0.3818
2024-04-17,0.3318,0.3318,0.3778
2024-04-18,0.341,0.3346,0.371
2024-04-19,0.3425,0.337,0.3656
2024-04-20,0.3388,0.3341,0.3629
2024-04-21,0.3314,0.3316,0.3589
2024-04-22,0.3205,0.3261,0.353
2024-04-23,0.3207,0.3279,0.3567
2024-04-24,0.3242,0.3298,0.3583
2024-04-25,0.328,0.3287,0.356
2024-04-26,0.3463,0.3315,0.3554
2024-04-27,0.3643,0.3368,0.3553
2024-04-28,0.4296,0.4041,0.37
2024-04-29,0.4294,0.4307,0.4012
2024-04-30,0.417,0.4203,0.4105
2024-05-01,0.4291,0.4289,0.415
2024-05-02,0.428,0.4286,0.4346
2024-05-03,0.3996,0.4063,0.4305
2024-05-04,0.3932,0.393,0.4256
2024-05-05,0.3825,0.3827,0.4212
2024-05-06,0.4203,0.4114,0.4207
2024-05-07,0.4078,0.4169,0.4224
2024-05-08,0.4088,0.4123,0.4215
2024-05-09,0.3881,0.3984,0.4192
2024-05-10,0.3718,0.3845,0.415
2024-05-11,0.3595,0.3724,0.408
2024-05-12,0.37,0.3647,0.4028
2024-05-13,0.3593,0.3593,0.3971
2024-05-14,0.4033,0.377,0.3923
2024-05-15,0.4123,0.4094,0.3902
2024-05-16,0.4135,0.4142,0.391
2024-05-17,0.4126,0.413,0.3909
2024-05-18,0.423,0.4259,0.3945
2024-05-19,0.4088,0.4176,0.399
2024-05-20,0.4129,0.42,0.4013
2024-05-21,0.3937,0.4071,0.4005
2024-05-22,0.3864,0.3962,0.3978
2024-05-23,0.3898,0.3902,0.3953
2024-05-24,0.3798,0.3872,0.3915
2024-05-25,0.3658,0.3794,0.3885
2024-05-26,0.3678,0.368,0.3837
2024-05-27,0.404,0.3953,0.3802
2024-05-28,0.3935,0.4024,0.3758
2024-05-29,0.3801,0.3915,0.375
2024-05-30,0.3792,0.3847,0.3718
2024-05-31,0.3749,0.3803,0.3699
2024-06-01,0.3805,0.3756,0.365
2024-06-02,0.392,0.3773,0.3616
2024-06-03,0.3889,0.3823,0.3608
2024-06-04,0.3754,0.3788,0.3595
2024-06-05,0.3589,0.3707,0.3584
2024-06-06,0.3613,0.3617,0.3567
2024-06-07,0.3665,0.3555,0.3534
2024-06-08,0.3852,0.3827,0.353
2024-06-09,0.3922,0.3837,0.3467
2024-06-10,0.3916,0.3938,0.3463
2024-06-11,0.3847,0.384,0.3454
2024-06-12,0.3822,0.3823,0.3453
2024-06-13,0.3621,0.373,0.3446
2024-06-14,0.3493,0.3615,0.3426
2024-06-15,0.3715,0.3635,0.3405
2024-06-16,0.3644,0.3662,0.3385
2024-06-17,0.345,0.3567,0.3375
2024-06-18,0.3294,0.3465,0.3354
2024-06-19,0.3175,0.337,0.333
2024-06-20,0.3555,0.3356,0.3264
2024-06-21,0.3807,0.364,0.3232
2024-06-22,0.368,0.362,0.3215
2024-06-23,0.3697,0.3592,0.3215
2024-06-24,0.3659,0.358,0.322
2024-06-25,0.3617,0.3542,0.3215
2024-06-26,0.3827,0.369,0.3222
2024-06-27,0.3682,0.3638,0.3216
2024-06-28,0.3462,0.3528,0.3241
2024-06-29,0.367,0.35,0.3239
2024-06-30,0.3851,0.3776,0.325
2024-07-01,0.3769,0.3742,0.3269
2024-07-02,0.3679,0.3672,0.3256
2024-07-03,0.3613,0.3587,0.3226
2024-07-04,0.3438,0.3503,0.321
2024-07-05,0.327,0.341,0.3188
2024-07-06,0.3327,0.3325,0.3147
2024-07-07,0.3699,0.3516,0.3127
2024-07-08,0.3435,0.3453,0.3121
2024-07-09,0.325,0.3365,0.3106
2024-07-10,0.3516,0.3324,0.3095
2024-07-11,0.3668,0.3373,0.3089
2024-07-12,0.3949,0.3621,0.3092
2024-07-13,0.3735,0.3725,0.3108
2024-07-14,0.3539,0.3619,0.3108
2024-07-15,0.3397,0.3512,0.3091
2024-07-16,0.3311,0.3439,0.309
2024-07-17,0.3189,0.336,0.3085
2024-07-18,0.3061,0.3264,0.3067
2024-07-19,0.292,0.3141,0.3027
2024-07-20,0.2888,0.3024,0.3
2024-07-21,0.3674,0.3245,0.2891
2024-07-22,0.3694,0.354,0.2829
2024-07-23,0.3446,0.3462,0.2832
2024-07-24,0.3285,0.337,0.2827
2024-07-25,0.3139,0.3279,0.2824
2024-07-26,0.2981,0.3168,0.2824
2024-07-27,0.2798,0.3046,0.2799
2024-07-28,0.2705,0.2967,0.2787
2024-07-29,0.2623,0.291,0.2785
2024-07-30,0.2551,0.2849,0.2777
2024-07-31,0.2518,0.2854,0.279
2024-08-01,0.2433,0.28,0.2787
2024-08-02,0.2745,0.2754,0.2775
2024-08-03,0.2875,0.2721,0.2765
2024-08-04,0.2745,0.2719,0.277
2024-08-05,0.2625,0.2691,0.2763
2024-08-06,0.2484,0.2622,0.2735
2024-08-07,0.2438,0.252,0.2701
2024-08-08,0.2422,0.2545,0.271
2024-08-09,0.2312,0.252,0.2705
2024-08-10,0.2178,0.2438,0.2677
2024-08-11,0.209,0.2393,0.2659
2024-08-12,0.1995,0.2336,0.263
2024-08-13,0.207,0.2298,0.261
2024-08-14,0.2223,0.2311,0.2632
2024-08-15,0.3226,0.2405,0.2665
2024-08-16,0.3075,0.2465,0.2598
2024-08-17,0.3058,0.2509,0.259
2024-08-18,0.2935,0.2527,0.2585
2024-08-19,0.2838,0.2544,0.2551
2024-08-20,0.2713,0.2536,0.2565
2024-08-21,0.2578,0.2505,0.256
2024-08-22,0.2452,0.2466,0.2547
2024-08-23,0.2269,0.2392,0.2492
2024-08-24,0.2121,0.2321,0.2442
2024-08-25,0.2199,0.2282,0.2456
2024-08-26,0.2289,0.2256,0.2466
2024-08-27,0.2198,0.2231,0.2455
2024-08-28,0.2124,0.221,0.2442
2024-08-29,0.2023,0.2167,0.2411
2024-08-30,0.1922,0.2122,0.2376
2024-08-31,0.1837,0.2082,0.2356
2024-09-01,0.1874,0.2064,0.2349
2024-09-02,0.1965,0.2062,0.2366
2024-09-03,0.2175,0.2055,0.2345
2024-09-04,0.2932,0.2099,0.2331
2024-09-05,0.404,0.3669,0.2346
2024-09-06,0.3831,0.3798,0.241
2024-09-07,0.3751,0.3693,0.2444
2024-09-08,0.3984,0.3827,0.2499
2024-09-09,0.4005,0.3948,0.2581
2024-09-10,0.3798,0.3799,0.2628
2024-09-11,0.3713,0.3692,0.2653
2024-09-12,0.3835,0.3663,0.2672
2024-09-13,0.3639,0.36,0.2701
2024-09-14,0.3554,0.3542,0.2717
2024-09-15,0.3436,0.3463,0.2722
2024-09-16,0.3323,0.3369,0.2729
2024-09-17,0.3446,0.3344,0.273
2024-09-18,0.3504,0.3361,0.2739
2024-09-19,0.3375,0.3329,0.2752
2024-09-20,0.3266,0.3281,0.2751
2024-09-21,0.32,0.323,0.2755
2024-09-22,0.347,0.3217,0.2759
2024-09-23,0.346,0.3231,0.2758
2024-09-24,0.3369,0.3224,0.276
2024-09-25,0.335,0.3214,0.276
2024-09-26,0.3813,0.3394,0.2768
2024-09-27,0.3862,0.369,0.2787
2024-09-28,0.3728,0.3658,0.2814
2024-09-29,0.3666,0.363,0.2847
2024-09-30,0.3647,0.3567,0.2859
2024-10-01,0.356,0.3535,0.2875
2024-10-02,0.3551,0.3492,0.2876
2024-10-03,0.3657,0.3494,0.2891
2024-10-04,0.3684,0.3519,0.2913
2024-10-05,0.3535,0.3502,0.293
2024-10-06,0.3645,0.3476,0.2935
2024-10-07,0.3693,0.3494,0.2947
2024-10-08,0.4229,0.421,0.3155
2024-10-09,0.4081,0.407,0.3298
2024-10-10,0.4078,0.4144,0.3416
2024-10-11,0.3889,0.3982,0.3469
2024-10-12,0.3797,0.3885,0.3493
2024-10-13,0.3742,0.3821,0.3509
2024-10-14,0.3678,0.3748,0.3509
2024-10-15,0.3646,0.3702,0.351
2024-10-16,0.4125,0.3833,0.3516
2024-10-17,0.4153,0.3992,0.3541
2024-10-18,0.4121,0.4126,0.3603
2024-10-19,0.3945,0.4031,0.3657
2024-10-20,0.3862,0.3952,0.3687
2024-10-21,0.3773,0.3882,0.37
2024-10-22,0.376,0.3825,0.37
2024-10-23,0.387,0.3838,0.3705
2024-10-24,0.3819,0.3823,0.371
2024-10-25,0.3863,0.3829,0.371
2024-10-26,0.411,0.3902,0.3712
2024-10-27,0.4043,0.3947,0.3721
2024-10-28,0.3894,0.3935,0.3737
2024-10-29,0.3785,0.3873,0.374
2024-10-30,0.3753,0.3826,0.3745
2024-10-31,0.3647,0.3775,0.3735
2024-11-01,0.3578,0.3722,0.3725
2024-11-02,0.3598,0.368,0.371
2024-11-03,0.3555,0.3644,0.372
2024-11-04,0.3497,0.3606,0.3715
2024-11-05,0.3427,0.3571,0.3687
2024-11-06,0.3444,0.354,0.3646
2024-11-07,0.3481,0.3525,0.3635
2024-11-08,0.3394,0.3503,0.3597
2024-11-09,0.3415,0.3501,0.3575
2024-11-10,0.3521,0.352,0.3565
2024-11-11,0.3559,0.3523,0.3565
2024-11-12,0.3337,0.3187,0.3465
2024-11-13,0.2931,0.2782,0.3331
2024-11-14,0.2974,0.2827,0.333
2024-11-15,0.2916,0.2832,0.3329
2024-11-16,0.2843,0.2834,0.3329
2024-11-17,0.2623,0.2746,0.3317
2024-11-18,0.2616,0.2758,0.3337
2024-11-19,0.2606,0.2742,0.3316
2024-11-20,0.3737,0.2959,0.3352
2024-11-21,0.3878,0.3256,0.3399
2024-11-22,0.3789,0.3599,0.3404
2024-11-23,0.3616,0.3596,0.3419
2024-11-24,0.3467,0.3516,0.3415
2024-11-25,0.3676,0.3494,0.343
2024-11-26,0.3915,0.3801,0.3454
2024-11-27,0.3925,0.3876,0.3485
2024-11-28,0.3732,0.3808,0.3495
2024-11-29,0.3608,0.3725,0.35
2024-11-30,0.354,0.3668,0.3509
2025-04-01,0.357,0.3611,0.3454
2025-04-02,0.3507,0.3567,0.3448
2025-04-03,0.356,0.3521,0.3438
2025-04-04,0.3403,0.3784,0.3517
2025-04-05,0.3349,0.387,0.3365
2025-04-06,0.3475,0.3722,0.3421
2025-04-07,0.3731,0.387,0.3679
2025-04-08,0.358,0.38,0.3649
2025-04-09,0.3779,0.3934,0.3818
2025-04-10,0.3953,0.4056,0.3838
2025-04-11,0.3783,0.4047,0.397
2025-04-12,0.3954,0.4163,0.4041
2025-04-13,0.4183,0.4247,0.4229
2025-04-14,0.4078,0.4131,0.4256
2025-04-15,0.4295,0.4269,0.423
2025-04-16,0.418,0.4274,0.4313
2025-04-17,0.3993,0.4116,0.4175
2025-04-18,0.3808,0.3965,0.4147
2025-04-19,0.3997,0.3932,0.422
2025-04-20,0.4192,0.4245,0.4225
2025-04-21,0.3993,0.4083,0.4214
2025-04-22,0.3811,0.3936,0.4192
2025-04-23,0.379,0.3921,0.4175
2025-04-24,0.4026,0.4016,0.4164
2025-04-25,0.3756,0.3844,0.4111
2025-04-26,0.3375,0.3577,0.4014
2025-04-27,0.34,0.3473,0.3947
2025-04-28,0.3523,0.3553,0.394
2025-04-29,0.3636,0.3543,0.3919
2025-04-30,0.3486,0.3601,0.3861
2025-05-01,0.3375,0.3615,0.3959
2025-05-02,0.3105,0.3684,0.4204
2025-05-03,0.2661,0.3285,0.4178
2025-05-04,0.3349,0.3361,0.4235
2025-05-05,0.4093,0.3773,0.4219
2025-05-06,0.3986,0.3849,0.4193
2025-05-07,0.4035,0.3946,0.4208
2025-05-08,0.392,0.3916,0.4163
2025-05-09,0.3942,0.3887,0.4163
2025-05-10,0.3791,0.3764,0.4062
2025-05-11,0.3705,0.3696,0.4061
2025-05-12,0.3965,0.3795,0.4026
2025-05-13,0.382,0.3774,0.3981
2025-05-14,0.3635,0.3715,0.3992
2025-05-15,0.337,0.3624,0.3947
2025-05-16,0.3212,0.351,0.3902
2025-05-17,0.3076,0.3398,0.3856
2025-05-18,0.2928,0.3288,0.3808
2025-05-19,0.2892,0.3201,0.3762
2025-05-20,0.3567,0.334,0.3723
2025-05-21,0.3569,0.3516,0.3689
2025-05-22,0.3594,0.349,0.3656
2025-05-23,0.3528,0.3481,0.3626
2025-05-24,0.3342,0.3434,0.3594
2025-05-25,0.3138,0.3341,0.3558
2025-05-26,0.2854,0.321,0.3524
2025-05-27,0.2661,0.3088,0.3486
2025-05-28,0.2396,0.2916,0.3439
2025-05-29,0.2186,0.2747,0.334
2025-05-30,0.1989,0.2607,0.3246
2025-05-31,0.1777,0.2427,0.3139
2025-06-01,0.1973,0.2396,0.3126
2025-06-02,0.259,0.2363,0.3076
2025-06-03,0.281,0.2379,0.3045
2025-06-04,0.3251,0.2596,0.2977
2025-06-05,0.3492,0.3113,0.2975
2025-06-06,0.32,0.3074,0.2962
2025-06-07,0.3178,0.3013,0.2892
2025-06-08,0.306,0.2965,0.2868
2025-06-09,0.2782,0.2881,0.2821
2025-06-10,0.2515,0.2777,0.273
2025-06-11,0.2209,0.2624,0.2508
2025-06-12,0.1889,0.2454,0.2453
2025-06-13,0.1553,0.2223,0.2372
2025-06-14,0.1371,0.2047,0.225
2025-06-15,0.1516,0.192,0.2193
2025-06-16,0.2035,0.1906,0.2202
2025-06-17,0.1849,0.1862,0.2202
2025-06-18,0.162,0.1757,0.2139
2025-06-19,0.1541,0.173,0.2159
2025-06-20,0.1573,0.1772,0.2267
2025-06-21,0.161,0.1813,0.2303
2025-06-22,0.1968,0.1827,0.2339
2025-06-23,0.1755,0.1844,0.233
2025-06-24,0.1506,0.1741,0.2265
2025-06-25,0.1507,0.1692,0.224
2025-06-26,0.1356,0.1613,0.2176
2025-06-27,0.143,0.1627,0.218
2025-06-28,0.1359,0.1597,0.2152
2025-06-29,0.1244,0.1556,0.2126
2025-06-30,0.1352,0.1563,0.211
2025-07-01,0.1514,0.1538,0.2096
2025-07-02,0.148,0.1577,0.2084
2025-07-03,0.1536,0.1567,0.2105
2025-07-04,0.1488,0.1561,0.2127
2025-07-05,0.1435,0.1555,0.2005
2025-07-06,0.1405,0.1546,0.1965
2025-07-07,0.1527,0.154,0.1975
2025-07-08,0.1572,0.154,0.198
2025-07-09,0.1449,0.154,0.1971
2025-07-10,0.123,0.1534,0.1874
2025-07-11,0.1177,0.153,0.1831
2025-07-12,0.1313,0.1523,0.1819
2025-07-13,0.2319,0.1545,0.1821
2025-07-14,0.2094,0.155,0.1742
2025-07-15,0.182,0.155,0.1745
2025-07-16,0.1798,0.1547,0.1881
2025-07-17,0.1483,0.154,0.1804
2025-07-18,0.1455,0.1537,0.18
2025-07-19,0.2298,0.1554,0.1737
2025-07-20,0.2934,0.152,0.1647
2025-07-21,0.3289,0.1827,0.1629
2025-07-22,0.2785,0.1911,0.1668
2025-07-23,0.2846,0.1817,0.1561
2025-07-24,0.2762,0.1872,0.1573
2025-07-25,0.2645,0.1891,0.1552
2025-07-26,0.2582,0.1875,0.1554
2025-07-27,0.2308,0.1828,0.1481
2025-07-28,0.2352,0.1828,0.1484
2025-07-29,0.2276,0.1832,0.1491
2025-07-30,0.1963,0.1798,0.15
2025-07-31,0.1897,0.1807,0.1507
2025-08-01,0.1792,0.179,0.1505
2025-08-02,0.1693,0.1756,0.147
2025-08-03,0.1717,0.1765,0.1475
2025-08-04,0.1565,0.1719,0.1482
2025-08-05,0.1539,0.1709,0.149
2025-08-06,0.1426,0.1676,0.1497
2025-08-07,0.1527,0.1657,0.1503
2025-08-08,0.1466,0.1625,0.151
2025-08-09,0.141,0.1601,0.1517
2025-08-10,0.1348,0.1566,0.1513
2025-08-11,0.1334,0.1546,0.1507
2025-08-12,0.1373,0.1579,0.1519
2025-08-13,0.132,0.1544,0.152
2025-08-14,0.177,0.154,0.1563
2025-08-15,0.1615,0.153,0.1571
2025-08-16,0.1317,0.153,0.1564
2025-08-17,0.1391,0.1524,0.1594
2025-08-18,0.1322,0.152,0.1571
2025-08-19,0.1708,0.152,0.1743
2025-08-20,0.2332,0.1497,0.1837
2025-08-21,0.242,0.1527,0.1812
2025-08-22,0.2401,0.1548,0.1806
2025-08-23,0.2075,0.1529,0.1773
2025-08-24,0.1625,0.1446,0.1599
2025-08-25,0.1468,0.145,0.1583
2025-08-26,0.1502,0.145,0.1684
2025-08-27,0.1681,0.145,0.1794
2025-08-28,0.2985,0.1572,0.1762
2025-08-29,0.3077,0.176,0.1741
2025-08-30,0.2821,0.182,0.1709
2025-08-31,0.2639,0.1834,0.1692
2025-09-01,0.351,0.1967,0.1669
2025-09-02,0.3111,0.2125,0.1683
2025-09-03,0.2726,0.2134,0.1647
2025-09-04,0.3188,0.2236,0.16
2025-09-05,0.3307,0.2535,0.1586
2025-09-06,0.2887,0.2528,0.1542
2025-09-07,0.2473,0.2417,0.1502
2025-09-08,0.2974,0.2374,0.1507
2025-09-09,0.3511,0.2517,0.1504
2025-09-10,0.3142,0.2594,0.1509
2025-09-11,0.2837,0.2567,0.1499
2025-09-12,0.2701,0.2549,0.1505
2025-09-13,0.2765,0.2553,0.1565
2025-09-14,0.2814,0.2583,0.1657
2025-09-15,0.2705,0.2567,0.1688
2025-09-16,0.2506,0.2509,0.1681
2025-09-17,0.2401,0.2487,0.1705
2025-09-18,0.223,0.2422,0.1696
2025-09-19,0.1913,0.2274,0.1638
2025-09-20,0.178,0.2172,0.1606
2025-09-21,0.2597,0.2138,0.1591
2025-09-22,0.3633,0.2456,0.1621
2025-09-23,0.3331,0.2639,0.1663
2025-09-24,0.3356,0.2713,0.169
2025-09-25,0.324,0.2755,0.172
2025-09-26,0.3295,0.2789,0.173
2025-09-27,0.3189,0.2807,0.1737
2025-09-28,0.3007,0.2795,0.1745
2025-09-29,0.2905,0.2783,0.1762
2025-09-30,0.2755,0.2734,0.1762
2025-10-01,0.2665,0.2698,0.1772
2025-10-02,0.2575,0.2659,0.1777
2025-10-03,0.256,0.2661,0.181
2025-10-04,0.2543,0.2622,0.1797
2025-10-05,0.254,0.2589,0.1797
2025-10-06,0.2431,0.2537,0.1795
2025-10-07,0.2327,0.2488,0.1787
2025-10-08,0.2253,0.2449,0.179
2025-10-09,0.2265,0.243,0.179
2025-10-10,0.2309,0.2433,0.1807
2025-10-11,0.2278,0.2422,0.182
2025-10-12,0.2231,0.2401,0.1827
2025-10-13,0.2176,0.2377,0.183
2025-10-14,0.2135,0.2356,0.1837
2025-10-15,0.2218,0.2402,0.1865
2025-10-16,0.235,0.2479,0.1913
2025-10-17,0.2415,0.2524,0.1947
2025-10-18,0.2389,0.2514,0.1958
2025-10-19,0.233,0.247,0.1953
2025-10-20,0.3105,0.2448,0.1938
2025-10-21,0.3078,0.2462,0.194
2025-10-22,0.3334,0.2497,0.194
2025-10-23,0.3816,0.2784,0.1955
2025-10-24,0.3458,0.2894,0.1961
2025-10-25,0.3329,0.2925,0.1971
2025-10-26,0.3228,0.2931,0.1978
2025-10-27,0.3107,0.2915,0.198
2025-10-28,0.3021,0.2891,0.198
2025-10-29,0.3242,0.2877,0.198
2025-10-30,0.3415,0.2923,0.1983
2025-10-31,0.3223,0.2942,0.1991
2025-11-01,0.3342,0.2965,0.2007
2025-11-02,0.3598,0.3042,0.202
2025-11-03,0.3421,0.3098,0.2037
2025-11-04,0.3278,0.3099,0.205
2025-11-05,0.315,0.3073,0.2059
2025-11-06,0.3328,0.3059,0.2069
2025-11-07,0.367,0.3153,0.2079
2025-11-08,0.3415,0.318,0.209
2025-11-09,0.3438,0.3191,0.2105
2025-11-10,0.3402,0.3205,0.2116
2025-11-11,0.3377,0.3201,0.2122
2025-11-12,0.3232,0.3145,0.211
2025-11-13,0.3091,0.3069,0.2107
2025-11-14,0.327,0.3048,0.2118
2025-11-15,0.3878,0.321,0.2121
2025-11-16,0.3817,0.3342,0.2134
2025-11-17,0.3476,0.3282,0.2147
2025-11-18,0.344,0.3288,0.2163
2025-11-19,0.3359,0.3267,0.2176
2025-11-20,0.3306,0.3239,0.2189
2025-11-21,0.3265,0.3215,0.2199
2025-11-22,0.3238,0.3191,0.2211
2025-11-23,0.3296,0.3171,0.2222
2025-11-24,0.3871,0.3269,0.223
2025-11-25,0.3668,0.3376,0.2246
2025-11-26,0.3492,0.3365,0.2263
2025-11-27,0.3418,0.334,0.2277
2025-11-28,0.3369,0.3313,0.2291
2025-11-29,0.3274,0.3257,0.2299
2025-11-30,0.3226,0.3209,0.2305
2026-04-01,0.3222,0.3225,0.3532
2026-04-02,0.3163,0.3211,0.3515
2026-04-03,0.2958,0.3162,0.3497
2026-04-04,0.29,0.3135,0.3478
2026-04-05,0.2833,0.309,0.345
2026-04-06,0.2662,0.2996,0.341
2026-04-07,0.219,0.2677,0.3337
2026-04-08,0.1911,0.2477,0.3223
2026-04-09,0.1602,0.2251,0.3102
2026-04-10,0.1549,0.2195,0.3059
2026-04-11,0.1605,0.2162,0.3026
2026-04-12,0.2966,0.2271,0.3028
2026-04-13,0.3717,0.2584,0.3027
2026-04-14,0.3712,0.2885,0.302
2026-04-15,0.3365,0.3004,0.3003
2026-04-16,0.3131,0.3005,0.2985
2026-04-17,0.2655,0.294,0.2975
2026-04-18,0.2331,0.2774,0.2897
2026-04-19,0.2064,0.2555,0.2823
2026-04-20,0.1918,0.2359,0.2691
2026-04-21,0.1824,0.2283,0.2686
2026-04-22,0.2081,0.218,0.2705
2026-04-23,0.2327,0.2176,0.272
2026-04-24,0.2201,0.2142,0.2695
2026-04-25,0.2032,0.2103,0.265
2026-04-26,0.1877,0.2054,0.2625
2026-04-27,0.1783,0.2025,0.2611
2026-04-28,0.232,0.2033,0.261
2026-04-29,0.2535,0.2048,0.2594
2026-04-30,0.2431,0.2022,0.261
2026-05-01,0.2124,0.1996,0.2612
2026-05-02,0.1945,0.1967,0.2542
2026-05-03,0.1868,0.1943,0.2447
2026-05-04,0.2353,0.1934,0.2411
2026-05-05,0.3389,0.2063,0.242
2026-05-06,0.3607,0.2369,0.242
2026-05-07,0.3287,0.2521,0.2375
2026-05-08,0.2949,0.2545,0.2367
2026-05-09,0.2686,0.2507,0.236
2026-05-10,0.3002,0.2499,0.2387
2026-05-11,0.3406,0.2595,0.239
2026-05-12,0.3216,0.2922,0.2613
2026-05-13,0.305,0.2981,0.269
2026-05-14,0.2944,0.2907,0.2643
2026-05-15,0.3163,0.2903,0.2635
2026-05-16,0.3145,0.2896,0.264
2026-05-17,0.3136,0.2881,0.2635
2026-05-18,0.315,0.2875,0.263
2026-05-19,0.2922,0.2826,0.2605
2026-05-20,0.2533,0.2764,0.2603
2026-05-21,0.2211,0.2622,0.258
2026-05-22,0.1898,0.2459,0.2546
2026-05-23,0.1707,0.2346,0.253
2026-05-24,0.1627,0.2246,0.2514
2026-05-25,0.162,0.2187,0.2561
2026-05-26,0.1384,0.2012,0.2462
2026-05-27,0.1488,0.2008,0.2502
2026-05-28,0.1323,0.1862,0.2428
2026-05-29,0.1283,0.179,0.2392
2026-05-30,0.1395,0.1789,0.2397
2026-05-31,0.1606,0.1804,0.2407
2026-06-01,0.1687,0.1807,0.2407
2026-06-02,0.1824,0.1845,0.2422
2026-06-03,0.1913,0.1832,0.2405
2026-06-04,0.2949,0.1958,0.24
2026-06-05,0.3372,0.2395,0.2402
2026-06-06,0.2963,0.2439,0.24
2026-06-07,0.2542,0.2381,0.2367
2026-06-08,0.2178,0.2259,0.23
2026-06-09,0.1967,0.2129,0.2244
2026-06-10,0.2027,0.2163,0.2261
2026-06-11,0.185,0.2111,0.2263
2026-06-12,0.1617,0.1988,0.2207
2026-06-13,0.1453,0.1877,0.2122
2026-06-14,0.1323,0.178,0.2087
2026-06-15,0.1255,0.171,0.2063
2026-06-16,0.1264,0.1665,0.2037
2026-06-17,0.1387,0.1682,0.2032
2026-06-18,0.1442,0.1636,0.2001
2026-06-19,0.1407,0.1579,0.1973
2026-06-20,0.135,0.1547,0.1942
2026-06-21,0.1385,0.1535,0.193
2026-06-22,0.1371,0.1534,0.1911
2026-06-23,0.1452,0.144,0.1915
2026-06-24,0.1402,0.144,0.1864
2026-06-25,0.1394,0.144,0.1871
2026-06-26,0.1225,0.144,0.1825
2026-06-27,0.113,0.144,0.1799
2026-06-28,0.1086,0.144,0.1775
2026-06-29,0.1299,0.144,0.1777
2026-06-30,0.1263,0.144,0.1785
2026-07-01,0.111,0.144,0.1808
2026-07-02,0.1153,0.144,0.1801
2026-07-03,0.1187,0.144,0.18
2026-07-04,0.1183,0.144,0.1795
2026-07-05,0.1062,0.144,0.1762
2026-07-06,0.1028,0.144,0.1742
2026-07-07,0.0958,0.144,0.1718
2026-07-08,0.112,0.144,0.1734
2026-07-09,0.1017,0.144,0.1715
2026-07-10,0.103,0.144,0.1727
2026-07-11,0.1626,0.144,0.171
2026-07-12,0.189,0.144,0.1762
2026-07-13,0.1485,0.144,0.1736
2026-07-14,0.1475,0.144,0.1735
2026-07-15,0.1571,0.144,0.1772
2026-07-16,0.1435,0.1444,0.1834
2026-07-17,0.1518,0.145,0.1777
2026-07-18,0.1298,0.145,0.178
2026-07-19,0.1552,0.145,0.168
2026-07-20,0.1669,0.145,0.168
2026-07-21,0.1631,0.145,0.1715
2026-07-22,0.1516,0.145,0.1703
2026-07-23,0.1507,0.145,0.1706
2026-07-24,0.1458,0.145,0.1716
2026-07-25,0.1711,0.1452,0.154
2026-07-26,0.3642,0.1851,0.144
2026-07-27,0.3009,0.2007,0.1446
2026-07-28,0.2232,0.1926,0.145
2026-07-29,0.1732,0.1795,0.1457
2026-07-30,0.1569,0.173,0.146
2026-07-31,0.1712,0.168,0.1461
2026-08-01,0.1506,0.1617,0.147
2026-08-02,0.1532,0.1651,0.147
2026-08-03,0.1505,0.1592,0.148
2026-08-04,0.1104,0.15,0.148
2026-08-05,0.1512,0.15,0.1487
2026-08-06,0.1329,0.15,0.149
2026-08-07,0.1425,0.15,0.1492
2026-08-08,0.1444,0.15,0.15
2026-08-09,0.1517,0.15,0.15
2026-08-10,0.1909,0.15,0.1507
2026-08-11,0.1954,0.15,0.1466
2026-08-12,0.2381,0.1512,0.148
2026-08-13,0.2034,0.1454,0.148
2026-08-14,0.2132,0.146,0.1487
2026-08-15,0.2261,0.1476,0.149
2026-08-16,0.1819,0.1481,0.149
2026-08-17,0.2781,0.1567,0.15
2026-08-18,0.2477,0.1615,0.15
2026-08-19,0.2003,0.1583,0.1504
2026-08-20,0.203,0.1575,0.154
2026-08-21,0.3455,0.2043,0.1727
2026-08-22,0.2704,0.2057,0.173
2026-08-23,0.2146,0.1878,0.173
2026-08-24,0.2432,0.181,0.173
2026-08-25,0.2945,0.1859,0.173
2026-08-26,0.2483,0.1775,0.173
2026-08-27,0.2241,0.1688,0.173
2026-08-28,0.1899,0.1477,0.173
2026-08-29,0.1719,0.145,0.173
2026-08-30,0.1709,0.145,0.173
2026-08-31,0.1568,0.145,0.175
2026-09-01,0.1601,0.1457,0.1772
2026-09-02,0.1637,0.146,0.1777
2026-09-03,0.1693,0.146,0.1785
2026-09-04,0.1551,0.146,0.1873
2026-09-05,0.1425,0.146,0.1898
2026-09-06,0.1521,0.146,0.1923
2026-09-07,0.1626,0.146,0.192
2026-09-08,0.1582,0.146,0.1893
2026-09-09,0.2386,0.1472,0.192
2026-09-10,0.2552,0.1505,0.2195
2026-09-11,0.2254,0.1516,0.2227
2026-09-12,0.2,0.152,0.224
2026-09-13,0.1805,0.1493,0.221
2026-09-14,0.156,0.15,0.2225
2026-09-15,0.1469,0.15,0.2216
2026-09-16,0.1675,0.1507,0.222
2026-09-17,0.1946,0.1527,0.2405
2026-09-18,0.1887,0.1542,0.241
2026-09-19,0.1594,0.1502,0.2377
2026-09-20,0.1465,0.1405,0.2433
2026-09-21,0.1418,0.1414,0.245
2026-09-22,0.1387,0.1422,0.2458
2026-09-23,0.1462,0.143,0.2452
2026-09-24,0.1529,0.144,0.2485
2026-09-25,0.1507,0.1449,0.2439
2026-09-26,0.1406,0.1457,0.243
2026-09-27,0.1447,0.146,0.2302
2026-09-28,0.1377,0.1464,0.228
2026-09-29,0.1272,0.147,0.2255
2026-09-30,0.1665,0.1472,0.226
2026-10-01,0.2407,0.1489,0.236
2026-10-02,0.3198,0.1755,0.246
2026-10-03,0.2984,0.1873,0.2523
2026-10-04,0.2848,0.1933,0.2483
2026-10-05,0.259,0.1949,0.2445
2026-10-06,0.2447,0.192,0.23
2026-10-07,0.3493,0.2092,0.231
