date,SM_0_7,SM_7_28,SM_28_100
1991-04-01,0.3466,0.3607,0.4057
1991-04-02,0.3394,0.3546,0.4021
1991-04-03,0.3576,0.351,0.3985
1991-04-04,0.3961,0.375,0.3955
1991-04-05,0.3982,0.3857,0.3933
1991-04-06,0.3781,0.3844,0.3912
1991-04-07,0.3685,0.3788,0.389
1991-04-08,0.3607,0.3729,0.3865
1991-04-09,0.3526,0.3666,0.3838
1991-04-10,0.3445,0.3599,0.3808
1991-04-11,0.3356,0.3529,0.3776
1991-04-12,0.3278,0.3461,0.3743
1991-04-13,0.3209,0.3401,0.3709
1991-04-14,0.323,0.3346,0.3677
1991-04-15,0.3328,0.3321,0.3646
1991-04-16,0.3264,0.3297,0.3616
1991-04-17,0.3195,0.327,0.3588
1991-04-18,0.3141,0.3244,0.356
1991-04-19,0.3265,0.3226,0.3535
1991-04-20,0.345,0.3246,0.3513
1991-04-21,0.3413,0.3265,0.3491
1991-04-22,0.3373,0.3265,0.3468
1991-04-23,0.3357,0.3258,0.3444
1991-04-24,0.3324,0.3245,0.342
1991-04-25,0.3367,0.3236,0.3397
1991-04-26,0.3933,0.3382,0.3383
1991-04-27,0.3948,0.359,0.3371
1991-04-28,0.4154,0.3891,0.3373
1991-04-29,0.3948,0.397,0.3397
1991-04-30,0.3937,0.388,0.3407
1991-05-01,0.4066,0.3918,0.3418
1991-05-02,0.4055,0.4011,0.3442
1991-05-03,0.3993,0.3963,0.3466
1991-05-04,0.3835,0.3887,0.348
1991-05-05,0.3791,0.3809,0.348
1991-05-06,0.3939,0.38,0.3478
1991-05-07,0.3886,0.3848,0.348
1991-05-08,0.3933,0.3818,0.348
1991-05-09,0.4059,0.3925,0.3487
1991-05-10,0.4023,0.3947,0.3499
1991-05-11,0.392,0.3914,0.351
1991-05-12,0.3835,0.3848,0.3518
1991-05-13,0.3707,0.3779,0.3511
1991-05-14,0.3553,0.3684,0.3495
1991-05-15,0.3485,0.3609,0.3482
1991-05-16,0.3538,0.3558,0.3467
1991-05-17,0.3538,0.3533,0.3455
1991-05-18,0.341,0.3484,0.3435
1991-05-19,0.3299,0.3423,0.3417
1991-05-20,0.3192,0.3357,0.3393
1991-05-21,0.3083,0.3281,0.337
1991-05-22,0.2976,0.3205,0.3344
1991-05-23,0.287,0.3128,0.3317
1991-05-24,0.2764,0.3055,0.329
1991-05-25,0.2667,0.2985,0.3262
1991-05-26,0.2577,0.2914,0.3235
1991-05-27,0.2489,0.2848,0.3207
1991-05-28,0.2412,0.2782,0.3178
1991-05-29,0.2401,0.2726,0.315
1991-05-30,0.2443,0.2682,0.3126
1991-05-31,0.2369,0.2635,0.31
1991-06-01,0.2459,0.259,0.3072
1991-06-02,0.3197,0.2625,0.3055
1991-06-03,0.3409,0.2789,0.3043
1991-06-04,0.317,0.2817,0.3026
1991-06-05,0.3006,0.2806,0.301
1991-06-06,0.3225,0.2808,0.2996
1991-06-07,0.3445,0.2858,0.299
1991-06-08,0.3504,0.2967,0.2978
1991-06-09,0.3212,0.2978,0.2965
1991-06-10,0.3074,0.2942,0.295
1991-06-11,0.2901,0.2897,0.2932
1991-06-12,0.2738,0.2838,0.2912
1991-06-13,0.2608,0.2775,0.2892
1991-06-14,0.251,0.2718,0.2875
1991-06-15,0.2479,0.266,0.2855
1991-06-16,0.4081,0.3474,0.2854
1991-06-17,0.3973,0.3869,0.2888
1991-06-18,0.3792,0.3781,0.2916
1991-06-19,0.3613,0.3666,0.2929
1991-06-20,0.3575,0.3584,0.2935
1991-06-21,0.3505,0.3522,0.294
1991-06-22,0.3321,0.3422,0.2935
1991-06-23,0.3494,0.3354,0.2925
1991-06-24,0.3601,0.3404,0.2922
1991-06-25,0.3328,0.3333,0.2912
1991-06-26,0.3666,0.333,0.2907
1991-06-27,0.3625,0.344,0.2905
1991-06-28,0.3478,0.3388,0.29
1991-06-29,0.3378,0.3342,0.2896
1991-06-30,0.3182,0.326,0.2886
1991-07-01,0.3,0.3166,0.2872
1991-07-02,0.2829,0.3068,0.2855
1991-07-03,0.2725,0.2987,0.2845
1991-07-04,0.2628,0.2912,0.283
1991-07-05,0.2487,0.2824,0.281
1991-07-06,0.2373,0.2744,0.279
1991-07-07,0.2315,0.2679,0.2775
1991-07-08,0.224,0.2613,0.2759
1991-07-09,0.2163,0.2556,0.2741
1991-07-10,0.2091,0.2496,0.2722
1991-07-11,0.2001,0.2433,0.2702
1991-07-12,0.1965,0.238,0.2685
1991-07-13,0.1972,0.234,0.2671
1991-07-14,0.1971,0.2308,0.266
1991-07-15,0.1979,0.2279,0.2649
1991-07-16,0.19,0.2233,0.263
1991-07-17,0.1859,0.2196,0.2615
1991-07-18,0.1807,0.2161,0.2599
1991-07-19,0.1749,0.2125,0.258
1991-07-20,0.1754,0.2095,0.2565
1991-07-21,0.1813,0.2061,0.2547
1991-07-22,0.1736,0.2027,0.253
1991-07-23,0.1703,0.2,0.2515
1991-07-24,0.1706,0.1979,0.25
1991-07-25,0.167,0.1958,0.2486
1991-07-26,0.1733,0.1945,0.2477
1991-07-27,0.1732,0.1932,0.2467
1991-07-28,0.1681,0.1912,0.2455
1991-07-29,0.1629,0.1891,0.2441
1991-07-30,0.215,0.1883,0.243
1991-07-31,0.3687,0.2233,0.2425
1991-08-01,0.3375,0.2462,0.242
1991-08-02,0.3077,0.2521,0.242
1991-08-03,0.2821,0.251,0.2414
1991-08-04,0.2602,0.2473,0.2405
1991-08-05,0.2423,0.243,0.2395
1991-08-06,0.2272,0.2384,0.2385
1991-08-07,0.2137,0.2332,0.2374
1991-08-08,0.2518,0.231,0.237
1991-08-09,0.3188,0.2364,0.237
1991-08-10,0.2931,0.2401,0.2364
1991-08-11,0.2743,0.239,0.2355
1991-08-12,0.2889,0.2379,0.235
1991-08-13,0.2961,0.24,0.2345
1991-08-14,0.2697,0.2385,0.2335
1991-08-15,0.2505,0.2351,0.2326
1991-08-16,0.2352,0.2316,0.232
1991-08-17,0.2219,0.228,0.2314
1991-08-18,0.2102,0.2242,0.2304
1991-08-19,0.2,0.2206,0.2295
1991-08-20,0.1908,0.217,0.2285
1991-08-21,0.1824,0.213,0.2275
1991-08-22,0.1759,0.2095,0.2266
1991-08-23,0.184,0.2071,0.226
1991-08-24,0.1838,0.2046,0.2255
1991-08-25,0.1768,0.2016,0.2246
1991-08-26,0.1748,0.199,0.2236
1991-08-27,0.1783,0.1965,0.2227
1991-08-28,0.1709,0.194,0.2224
1991-08-29,0.1648,0.1913,0.2214
1991-08-30,0.1605,0.1891,0.2205
1991-08-31,0.1581,0.1871,0.2195
1991-09-01,0.2477,0.1868,0.219
1991-09-02,0.2853,0.1898,0.219
1991-09-03,0.3028,0.1985,0.219
1991-09-04,0.2742,0.2021,0.2185
1991-09-05,0.2521,0.2025,0.2177
1991-09-06,0.2352,0.2011,0.2174
1991-09-07,0.2216,0.1999,0.2167
1991-09-08,0.2097,0.1981,0.2163
1991-09-09,0.2,0.1961,0.2156
1991-09-10,0.1926,0.1945,0.215
1991-09-11,0.2022,0.1935,0.215
1991-09-12,0.353,0.2576,0.2151
1991-09-13,0.3928,0.3402,0.2166
1991-09-14,0.3595,0.3438,0.2187
1991-09-15,0.3405,0.3367,0.2202
1991-09-16,0.324,0.3277,0.2212
1991-09-17,0.3125,0.3197,0.222
1991-09-18,0.3017,0.3122,0.223
1991-09-19,0.2902,0.3044,0.223
1991-09-20,0.2817,0.2976,0.223
1991-09-21,0.275,0.2916,0.2233
1991-09-22,0.2795,0.2867,0.224
1991-09-23,0.291,0.2838,0.224
1991-09-24,0.2802,0.2804,0.224
1991-09-25,0.3002,0.2775,0.224
1991-09-26,0.4206,0.4,0.2315
1991-09-27,0.3912,0.3957,0.246
1991-09-28,0.3962,0.3827,0.2512
1991-09-29,0.4295,0.4184,0.2639
1991-09-30,0.4059,0.4107,0.2895
1991-10-01,0.3836,0.3899,0.2961
1991-10-02,0.3696,0.3772,0.2989
1991-10-03,0.3582,0.3672,0.3005
1991-10-04,0.3487,0.3584,0.301
1991-10-05,0.367,0.355,0.302
1991-10-06,0.417,0.4047,0.3058
1991-10-07,0.408,0.4053,0.3132
1991-10-08,0.3848,0.3916,0.318
1991-10-09,0.3822,0.382,0.3207
1991-10-10,0.371,0.3755,0.3222
1991-10-11,0.3985,0.39,0.325
1991-10-12,0.4178,0.4135,0.3359
1991-10-13,0.4005,0.4055,0.3428
1991-10-14,0.401,0.3961,0.3466
1991-10-15,0.4059,0.3997,0.3498
1991-10-16,0.3896,0.3941,0.3528
1991-10-17,0.3854,0.3876,0.3546
1991-10-18,0.3895,0.385,0.3561
1991-10-19,0.3804,0.3831,0.357
1991-10-20,0.3775,0.3789,0.358
1991-10-21,0.3809,0.3775,0.3585
1991-10-22,0.3758,0.3761,0.359
1991-10-23,0.3696,0.3733,0.359
1991-10-24,0.3673,0.3704,0.359
1991-10-25,0.3641,0.3679,0.359
1991-10-26,0.3606,0.3651,0.359
1991-10-27,0.4171,0.3847,0.3592
1991-10-28,0.4098,0.4088,0.3628
1991-10-29,0.3966,0.4008,0.3663
1991-10-30,0.4017,0.3969,0.3684
1991-10-31,0.3989,0.4022,0.3709
1991-11-01,0.3845,0.3945,0.3727
1991-11-02,0.3912,0.3898,0.3735
1991-11-03,0.4073,0.4045,0.3753
1991-11-04,0.4149,0.4102,0.3784
1991-11-05,0.4027,0.4051,0.3813
1991-11-06,0.3969,0.4021,0.3831
1991-11-07,0.387,0.3958,0.384
1991-11-08,0.3835,0.391,0.384
1991-11-09,0.3829,0.3878,0.384
1991-11-10,0.377,0.385,0.3836
1991-11-11,0.3714,0.3812,0.383
1991-11-12,0.37,0.3779,0.3823
1991-11-13,0.4038,0.3992,0.3836
1991-11-14,0.4045,0.4143,0.3926
1991-11-15,0.4205,0.4195,0.3962
1991-11-16,0.4067,0.4143,0.4005
1991-11-17,0.3971,0.407,0.401
1991-11-18,0.4051,0.4037,0.401
1991-11-19,0.4063,0.4056,0.401
1991-11-20,0.404,0.405,0.401
1991-11-21,0.3982,0.4035,0.4004
1991-11-22,0.3887,0.3992,0.3999
1991-11-23,0.384,0.3939,0.3989
1991-11-24,0.3815,0.3895,0.3978
1991-11-25,0.3798,0.3859,0.3967
1991-11-26,0.3789,0.3829,0.3956
1991-11-27,0.3774,0.381,0.3946
1991-11-28,0.3739,0.3788,0.3935
1991-11-29,0.3703,0.3762,0.3925
1991-11-30,0.3662,0.3734,0.3913
1992-04-01,0.412,0.4129,0.3842
1992-04-02,0.4088,0.4095,0.3877
1992-04-03,0.4236,0.4178,0.391
1992-04-04,0.4205,0.4271,0.4066
1992-04-05,0.4191,0.4242,0.4172
1992-04-06,0.397,0.4119,0.4167
1992-04-07,0.3855,0.3985,0.4142
1992-04-08,0.3857,0.3897,0.4119
1992-04-09,0.3762,0.3833,0.4092
1992-04-10,0.3628,0.375,0.4064
1992-04-11,0.352,0.3668,0.4034
1992-04-12,0.343,0.3593,0.4004
1992-04-13,0.3387,0.3534,0.3976
1992-04-14,0.3305,0.3475,0.3947
1992-04-15,0.3591,0.3454,0.3921
1992-04-16,0.3663,0.3499,0.3904
1992-04-17,0.3611,0.3522,0.3885
1992-04-18,0.3742,0.3547,0.3872
1992-04-19,0.3748,0.3616,0.386
1992-04-20,0.3594,0.361,0.3845
1992-04-21,0.3474,0.3556,0.3828
1992-04-22,0.3389,0.3501,0.3807
1992-04-23,0.3295,0.3443,0.3783
1992-04-24,0.3207,0.3383,0.3761
1992-04-25,0.3096,0.3317,0.3735
1992-04-26,0.3016,0.3252,0.3707
1992-04-27,0.3026,0.3202,0.3681
1992-04-28,0.3485,0.3218,0.3662
1992-04-29,0.3632,0.335,0.3645
1992-04-30,0.343,0.3357,0.3627
1992-05-01,0.3596,0.3358,0.3611
1992-05-02,0.4258,0.397,0.3628
1992-05-03,0.4234,0.4219,0.3767
1992-05-04,0.4052,0.4107,0.3827
1992-05-05,0.3874,0.3987,0.384
1992-05-06,0.3754,0.3888,0.3837
1992-05-07,0.3638,0.3798,0.3826
1992-05-08,0.3528,0.3704,0.3811
1992-05-09,0.3428,0.3614,0.3792
1992-05-10,0.3328,0.3525,0.377
1992-05-11,0.3299,0.3451,0.375
1992-05-12,0.3188,0.3377,0.3722
1992-05-13,0.3078,0.33,0.3695
1992-05-14,0.295,0.322,0.3664
1992-05-15,0.2852,0.3143,0.363
1992-05-16,0.2772,0.3076,0.3597
1992-05-17,0.2682,0.301,0.3565
1992-05-18,0.2612,0.295,0.353
1992-05-19,0.2533,0.289,0.3496
1992-05-20,0.3004,0.287,0.3469
1992-05-21,0.405,0.3345,0.3458
1992-05-22,0.3701,0.354,0.3446
1992-05-23,0.3523,0.3516,0.3436
1992-05-24,0.3616,0.3492,0.3425
1992-05-25,0.375,0.3562,0.3416
1992-05-26,0.3558,0.353,0.3402
1992-05-27,0.342,0.3467,0.3385
1992-05-28,0.3245,0.3387,0.3365
1992-05-29,0.3458,0.3342,0.335
1992-05-30,0.3687,0.3388,0.3341
1992-05-31,0.3906,0.3509,0.333
1992-06-01,0.3922,0.3631,0.333
1992-06-02,0.4117,0.4052,0.3354
1992-06-03,0.4158,0.4183,0.345
1992-06-04,0.404,0.4103,0.359
1992-06-05,0.4235,0.4226,0.3672
1992-06-06,0.4202,0.4258,0.3831
1992-06-07,0.4189,0.4225,0.3991
1992-06-08,0.4165,0.4246,0.4076
1992-06-09,0.4108,0.4171,0.4104
1992-06-10,0.4257,0.4301,0.4185
1992-06-11,0.4172,0.4266,0.4256
1992-06-12,0.4087,0.4136,0.4248
1992-06-13,0.3958,0.4043,0.4212
1992-06-14,0.3764,0.3893,0.4171
1992-06-15,0.3598,0.3752,0.4125
1992-06-16,0.3733,0.3671,0.4084
1992-06-17,0.4026,0.3794,0.4054
1992-06-18,0.387,0.3879,0.4032
1992-06-19,0.3678,0.3793,0.401
1992-06-20,0.4122,0.3883,0.3992
1992-06-21,0.3946,0.4018,0.3991
1992-06-22,0.4211,0.4189,0.4036
1992-06-23,0.4193,0.4273,0.429
1992-06-24,0.41,0.4159,0.427
1992-06-25,0.4013,0.4162,0.4248
1992-06-26,0.391,0.398,0.4215
1992-06-27,0.3793,0.3866,0.4177
1992-06-28,0.3602,0.3738,0.4131
1992-06-29,0.3448,0.3621,0.4087
1992-06-30,0.3399,0.3527,0.4045
1992-07-01,0.3671,0.3524,0.4014
1992-07-02,0.3633,0.354,0.3984
1992-07-03,0.3478,0.3502,0.3948
1992-07-04,0.3929,0.3602,0.3913
1992-07-05,0.3943,0.377,0.3891
1992-07-06,0.3948,0.3883,0.3874
1992-07-07,0.4162,0.4135,0.3884
1992-07-08,0.4061,0.4117,0.3907
1992-07-09,0.4116,0.42,0.396
1992-07-10,0.408,0.4155,0.4047
1992-07-11,0.3927,0.4054,0.4046
1992-07-12,0.3983,0.3995,0.4034
1992-07-13,0.3872,0.3983,0.402
1992-07-14,0.3682,0.3856,0.3993
1992-07-15,0.353,0.3726,0.3962
1992-07-16,0.3442,0.3612,0.3926
1992-07-17,0.3381,0.3523,0.3891
1992-07-18,0.3269,0.3441,0.3853
1992-07-19,0.3137,0.3355,0.3811
1992-07-20,0.3018,0.3272,0.3769
1992-07-21,0.317,0.3205,0.3726
1992-07-22,0.3663,0.3286,0.3693
1992-07-23,0.3382,0.3295,0.3659
1992-07-24,0.3165,0.3238,0.362
1992-07-25,0.2995,0.3172,0.3582
1992-07-26,0.287,0.3106,0.3544
1992-07-27,0.275,0.3036,0.3504
1992-07-28,0.2633,0.2967,0.3465
1992-07-29,0.2539,0.2902,0.3427
1992-07-30,0.2434,0.2837,0.3387
1992-07-31,0.2345,0.2773,0.3349
1992-08-01,0.2589,0.2723,0.3314
1992-08-02,0.3341,0.2767,0.3285
1992-08-03,0.3776,0.3029,0.3265
1992-08-04,0.3574,0.325,0.3248
1992-08-05,0.3275,0.3221,0.3222
1992-08-06,0.3084,0.3157,0.32
1992-08-07,0.2918,0.308,0.3173
1992-08-08,0.2772,0.3005,0.3148
1992-08-09,0.2919,0.2957,0.3121
1992-08-10,0.3518,0.3214,0.3105
1992-08-11,0.3263,0.319,0.3088
1992-08-12,0.3082,0.3133,0.307
1992-08-13,0.2933,0.3069,0.305
1992-08-14,0.2836,0.3006,0.3031
1992-08-15,0.2814,0.2955,0.3014
1992-08-16,0.2702,0.2896,0.2995
1992-08-17,0.2594,0.2833,0.2975
1992-08-18,0.249,0.2773,0.2954
1992-08-19,0.244,0.2716,0.2935
1992-08-20,0.2479,0.267,0.2919
1992-08-21,0.3015,0.2703,0.2905
1992-08-22,0.3675,0.3052,0.2895
1992-08-23,0.3571,0.322,0.2886
1992-08-24,0.3355,0.3208,0.2881
1992-08-25,0.3144,0.3148,0.287
1992-08-26,0.3018,0.308,0.2855
1992-08-27,0.3256,0.3046,0.2846
1992-08-28,0.3083,0.3012,0.2835
1992-08-29,0.4009,0.3737,0.2875
1992-08-30,0.3954,0.4017,0.3004
1992-08-31,0.4032,0.4027,0.3065
1992-09-01,0.3907,0.4022,0.319
1992-09-02,0.372,0.3842,0.3216
1992-09-03,0.3609,0.3721,0.322
1992-09-04,0.357,0.3637,0.3224
1992-09-05,0.3474,0.3565,0.322
1992-09-06,0.3353,0.3487,0.3215
1992-09-07,0.3253,0.3407,0.3205
1992-09-08,0.336,0.3353,0.3194
1992-09-09,0.4259,0.4047,0.3254
1992-09-10,0.4152,0.4188,0.3453
1992-09-11,0.3897,0.3996,0.3508
1992-09-12,0.3778,0.3877,0.3521
1992-09-13,0.366,0.3778,0.3525
1992-09-14,0.3597,0.3699,0.352
1992-09-15,0.3504,0.3629,0.3514
1992-09-16,0.3421,0.3561,0.35
1992-09-17,0.3341,0.3493,0.3486
1992-09-18,0.3309,0.3437,0.3475
1992-09-19,0.3283,0.3393,0.3465
1992-09-20,0.3227,0.3349,0.3449
1992-09-21,0.324,0.3312,0.3437
1992-09-22,0.3955,0.3785,0.3493
1992-09-23,0.4,0.4122,0.3685
1992-09-24,0.3844,0.3973,0.3709
1992-09-25,0.3733,0.387,0.3713
1992-09-26,0.3638,0.3782,0.3706
1992-09-27,0.3949,0.3906,0.3706
1992-09-28,0.4258,0.42,0.3768
1992-09-29,0.407,0.415,0.3841
1992-09-30,0.3919,0.4031,0.3862
1992-10-01,0.3807,0.3937,0.3865
1992-10-02,0.3879,0.3878,0.386
1992-10-03,0.4119,0.3969,0.3862
1992-10-04,0.4257,0.4244,0.3918
1992-10-05,0.415,0.4188,0.3987
1992-10-06,0.4097,0.4141,0.4015
1992-10-07,0.4037,0.4082,0.4029
1992-10-08,0.3947,0.4039,0.4029
1992-10-09,0.4072,0.4017,0.402
1992-10-10,0.4219,0.4273,0.4073
1992-10-11,0.4025,0.4159,0.4132
1992-10-12,0.3907,0.4041,0.4125
1992-10-13,0.3818,0.3943,0.4106
1992-10-14,0.3738,0.3856,0.4085
1992-10-15,0.3674,0.3785,0.4063
1992-10-16,0.3673,0.373,0.4043
1992-10-17,0.4173,0.4089,0.4036
1992-10-18,0.3946,0.4079,0.405
1992-10-19,0.4019,0.4025,0.4041
1992-10-20,0.4183,0.4156,0.4052
1992-10-21,0.4188,0.4205,0.4082
1992-10-22,0.3991,0.4114,0.41
1992-10-23,0.399,0.4044,0.409
1992-10-24,0.3927,0.3998,0.4084
1992-10-25,0.4006,0.397,0.4073
1992-10-26,0.396,0.3974,0.4064
1992-10-27,0.4033,0.403,0.406
1992-10-28,0.4029,0.4036,0.4051
1992-10-29,0.4096,0.411,0.4058
1992-10-30,0.4168,0.4184,0.4083
1992-10-31,0.4124,0.4204,0.4158
1992-11-01,0.4248,0.4262,0.4195
1992-11-02,0.4063,0.419,0.4242
1992-11-03,0.3984,0.4053,0.422
1992-11-04,0.3968,0.397,0.4197
1992-11-05,0.3858,0.391,0.4172
1992-11-06,0.3753,0.3834,0.4147
1992-11-07,0.3685,0.3769,0.412
1992-11-08,0.3639,0.3718,0.4097
1992-11-09,0.36,0.3677,0.4073
1992-11-10,0.361,0.3646,0.405
1992-11-11,0.3702,0.3642,0.4029
1992-11-12,0.3728,0.3662,0.4008
1992-11-13,0.4015,0.3807,0.3992
1992-11-14,0.4011,0.3985,0.398
1992-11-15,0.418,0.4128,0.4001
1992-11-16,0.4129,0.4235,0.42
1992-11-17,0.4082,0.4132,0.4199
1992-11-18,0.3993,0.4055,0.4186
1992-11-19,0.4156,0.4094,0.4174
1992-11-20,0.4121,0.4209,0.419
1992-11-21,0.4015,0.411,0.4188
1992-11-22,0.3915,0.4011,0.4175
1992-11-23,0.3829,0.392,0.4158
1992-11-24,0.3756,0.3843,0.4138
1992-11-25,0.3705,0.3784,0.4115
1992-11-26,0.3683,0.3739,0.4091
1992-11-27,0.3685,0.371,0.4067
1992-11-28,0.3625,0.3681,0.404
1992-11-29,0.3581,0.3652,0.4013
1992-11-30,0.3547,0.3624,0.3985
1993-04-01,0.3646,0.3307,0.2972
1993-04-02,0.3949,0.3764,0.2988
1993-04-03,0.3791,0.3734,0.3008
1993-04-04,0.3833,0.3704,0.3022
1993-04-05,0.3786,0.3682,0.3036
1993-04-06,0.3927,0.3718,0.305
1993-04-07,0.3832,0.3741,0.3068
1993-04-08,0.3713,0.3696,0.3082
1993-04-09,0.3767,0.3647,0.309
1993-04-10,0.4134,0.3899,0.311
1993-04-11,0.4013,0.3933,0.3147
1993-04-12,0.3955,0.3895,0.318
1993-04-13,0.403,0.3893,0.3207
1993-04-14,0.3939,0.3914,0.3238
1993-04-15,0.3918,0.3853,0.3261
1993-04-16,0.385,0.3823,0.328
1993-04-17,0.3717,0.3757,0.329
1993-04-18,0.358,0.3675,0.3291
1993-04-19,0.3473,0.3595,0.3291
1993-04-20,0.3363,0.3512,0.3285
1993-04-21,0.3249,0.343,0.3274
1993-04-22,0.3189,0.3362,0.326
1993-04-23,0.3188,0.3311,0.3252
1993-04-24,0.3634,0.3423,0.324
1993-04-25,0.427,0.4212,0.3332
1993-04-26,0.423,0.4209,0.3559
1993-04-27,0.4163,0.4212,0.3679
1993-04-28,0.4052,0.4071,0.3738
1993-04-29,0.3954,0.4006,0.3762
1993-04-30,0.3949,0.3954,0.3777
1993-05-01,0.4014,0.3945,0.3781
1993-05-02,0.4091,0.4068,0.3801
1993-05-03,0.4016,0.4078,0.3835
1993-05-04,0.3891,0.399,0.385
1993-05-05,0.3786,0.3902,0.3847
1993-05-06,0.3689,0.3822,0.3836
1993-05-07,0.3638,0.3745,0.3825
1993-05-08,0.3934,0.3789,0.3815
1993-05-09,0.4217,0.4133,0.383
1993-05-10,0.404,0.4095,0.3869
1993-05-11,0.4217,0.4193,0.3903
1993-05-12,0.4075,0.4165,0.396
1993-05-13,0.4231,0.4231,0.4005
1993-05-14,0.412,0.4187,0.4058
1993-05-15,0.401,0.411,0.4066
1993-05-16,0.3828,0.3987,0.405
1993-05-17,0.3691,0.3857,0.4022
1993-05-18,0.3651,0.3757,0.3999
1993-05-19,0.3909,0.3807,0.3978
1993-05-20,0.4212,0.429,0.4103
1993-05-21,0.4052,0.4179,0.4207
1993-05-22,0.3836,0.3995,0.4175
1993-05-23,0.3671,0.3835,0.4133
1993-05-24,0.3525,0.3704,0.4089
1993-05-25,0.3394,0.3592,0.4047
1993-05-26,0.3288,0.3496,0.4005
1993-05-27,0.3503,0.3451,0.3972
1993-05-28,0.3646,0.3487,0.3943
1993-05-29,0.3429,0.3455,0.3913
1993-05-30,0.3504,0.3416,0.3881
1993-05-31,0.3533,0.3442,0.3856
1993-06-01,0.331,0.3388,0.3825
1993-06-02,0.3577,0.3366,0.3798
1993-06-03,0.3458,0.3379,0.3772
1993-06-04,0.3307,0.3351,0.375
1993-06-05,0.3162,0.3297,0.372
1993-06-06,0.3011,0.3218,0.3686
1993-06-07,0.2892,0.3146,0.3651
1993-06-08,0.2864,0.3084,0.3617
1993-06-09,0.2835,0.3033,0.3585
1993-06-10,0.3244,0.3019,0.3558
1993-06-11,0.4026,0.376,0.3547
1993-06-12,0.3785,0.38,0.3545
1993-06-13,0.3802,0.3754,0.354
1993-06-14,0.3769,0.3735,0.354
1993-06-15,0.3847,0.373,0.3536
1993-06-16,0.3667,0.3702,0.3525
1993-06-17,0.3493,0.3615,0.351
1993-06-18,0.3345,0.3521,0.349
1993-06-19,0.3195,0.3415,0.3464
1993-06-20,0.309,0.3319,0.3437
1993-06-21,0.3045,0.3238,0.3411
1993-06-22,0.3587,0.3268,0.3394
1993-06-23,0.3967,0.3597,0.339
1993-06-24,0.3743,0.3713,0.3385
1993-06-25,0.3496,0.3614,0.3371
1993-06-26,0.3313,0.3501,0.3351
1993-06-27,0.3146,0.3385,0.333
1993-06-28,0.301,0.328,0.3304
1993-06-29,0.3472,0.3308,0.3285
1993-06-30,0.3987,0.3739,0.3285
1993-07-01,0.4098,0.3972,0.3303
1993-07-02,0.4062,0.4086,0.3383
1993-07-03,0.395,0.3987,0.342
1993-07-04,0.3735,0.3848,0.3433
1993-07-05,0.3733,0.3756,0.3425
1993-07-06,0.4017,0.4014,0.3438
1993-07-07,0.3727,0.3866,0.3453
1993-07-08,0.354,0.3721,0.3445
1993-07-09,0.3414,0.3598,0.343
1993-07-10,0.4253,0.414,0.356
1993-07-11,0.4009,0.4129,0.3795
1993-07-12,0.3891,0.3984,0.381
1993-07-13,0.3747,0.3883,0.3807
1993-07-14,0.361,0.378,0.3795
1993-07-15,0.3488,0.3673,0.3776
1993-07-16,0.3397,0.3572,0.3752
1993-07-17,0.3653,0.3538,0.3735
1993-07-18,0.3792,0.3633,0.3725
1993-07-19,0.3625,0.3618,0.371
1993-07-20,0.3558,0.3565,0.3694
1993-07-21,0.3565,0.3539,0.3677
1993-07-22,0.3405,0.3485,0.366
1993-07-23,0.3259,0.3416,0.3639
1993-07-24,0.3129,0.3334,0.3612
1993-07-25,0.3076,0.3263,0.359
1993-07-26,0.2983,0.3199,0.3563
1993-07-27,0.2868,0.3128,0.3536
1993-07-28,0.2764,0.306,0.3507
1993-07-29,0.2665,0.299,0.3476
1993-07-30,0.2594,0.2921,0.3445
1993-07-31,0.2935,0.2879,0.3415
1993-08-01,0.2766,0.2846,0.3386
1993-08-02,0.267,0.2808,0.3359
1993-08-03,0.2568,0.2766,0.333
1993-08-04,0.247,0.2721,0.3301
1993-08-05,0.2585,0.2684,0.3274
1993-08-06,0.2804,0.2666,0.3251
1993-08-07,0.2634,0.2639,0.3224
1993-08-08,0.2533,0.2606,0.3199
1993-08-09,0.2455,0.2578,0.3174
1993-08-10,0.2388,0.2555,0.3155
1993-08-11,0.2361,0.2537,0.3135
1993-08-12,0.2267,0.2502,0.3111
1993-08-13,0.2173,0.2469,0.3087
1993-08-14,0.2105,0.2435,0.3062
1993-08-15,0.252,0.2415,0.3044
1993-08-16,0.3087,0.2468,0.3027
1993-08-17,0.282,0.2477,0.3008
1993-08-18,0.2616,0.2457,0.2982
1993-08-19,0.2454,0.2432,0.2962
1993-08-20,0.2301,0.24,0.2941
1993-08-21,0.2172,0.2362,0.292
1993-08-22,0.2202,0.2328,0.2898
1993-08-23,0.3339,0.2377,0.2884
1993-08-24,0.3783,0.2695,0.2875
1993-08-25,0.3663,0.2968,0.287
1993-08-26,0.3311,0.3028,0.2865
1993-08-27,0.3947,0.3623,0.2866
1993-08-28,0.3911,0.3898,0.2908
1993-08-29,0.3705,0.3772,0.2938
1993-08-30,0.3538,0.3645,0.295
1993-08-31,0.3406,0.3536,0.295
1993-09-01,0.3283,0.3438,0.295
1993-09-02,0.3177,0.3349,0.2945
1993-09-03,0.3077,0.3265,0.2936
1993-09-04,0.3012,0.3193,0.293
1993-09-05,0.2943,0.3135,0.2925
1993-09-06,0.2932,0.3077,0.2915
1993-09-07,0.3177,0.3052,0.291
1993-09-08,0.3981,0.3469,0.2915
1993-09-09,0.4225,0.4128,0.3069
1993-09-10,0.4002,0.4077,0.3285
1993-09-11,0.3936,0.3933,0.3325
1993-09-12,0.3825,0.3851,0.3347
1993-09-13,0.4259,0.4219,0.3592
1993-09-14,0.4115,0.4141,0.377
1993-09-15,0.3929,0.4031,0.38
1993-09-16,0.381,0.393,0.3806
1993-09-17,0.3718,0.3848,0.3802
1993-09-18,0.3644,0.3776,0.3795
1993-09-19,0.3559,0.3703,0.3779
1993-09-20,0.3479,0.3631,0.3765
1993-09-21,0.3398,0.3562,0.3746
1993-09-22,0.3821,0.3778,0.3755
1993-09-23,0.4306,0.4346,0.4266
1993-09-24,0.4251,0.4268,0.4355
1993-09-25,0.4022,0.4083,0.4295
1993-09-26,0.39,0.3933,0.4242
1993-09-27,0.4013,0.3902,0.42
1993-09-28,0.4073,0.4016,0.4175
1993-09-29,0.3934,0.3992,0.4153
1993-09-30,0.4081,0.4095,0.4167
1993-10-01,0.4229,0.4275,0.4324
1993-10-02,0.4158,0.4189,0.4336
1993-10-03,0.404,0.4012,0.4283
1993-10-04,0.3925,0.3934,0.4241
1993-10-05,0.4081,0.4043,0.4228
1993-10-06,0.4223,0.4247,0.4362
1993-10-07,0.4215,0.4237,0.4345
1993-10-08,0.4231,0.42,0.4359
1993-10-09,0.3977,0.4022,0.4267
1993-10-10,0.41,0.4,0.4147
1993-10-11,0.4197,0.4138,0.4089
1993-10-12,0.4194,0.4246,0.4106
1993-10-13,0.4228,0.4235,0.4138
1993-10-14,0.4095,0.4233,0.4219
1993-10-15,0.4,0.4093,0.4165
1993-10-16,0.3906,0.3998,0.4088
1993-10-17,0.4267,0.4277,0.4145
1993-10-18,0.4212,0.4246,0.4171
1993-10-19,0.4011,0.4149,0.4132
1993-10-20,0.3896,0.4043,0.407
1993-10-21,0.3833,0.3959,0.4002
1993-10-22,0.385,0.3907,0.3937
1993-10-23,0.3956,0.3909,0.3877
1993-10-24,0.3963,0.3924,0.3825
1993-10-25,0.396,0.393,0.3781
1993-10-26,0.3906,0.3919,0.3742
1993-10-27,0.3846,0.3882,0.3705
1993-10-28,0.3794,0.384,0.3668
1993-10-29,0.3775,0.3805,0.3633
1993-10-30,0.3734,0.3774,0.36
1993-10-31,0.375,0.374,0.3569
1993-11-01,0.4073,0.3901,0.3546
1993-11-02,0.3955,0.3934,0.354
1993-11-03,0.4017,0.3935,0.3532
1993-11-04,0.3911,0.3915,0.3528
1993-11-05,0.3805,0.3858,0.3516
1993-11-06,0.373,0.3799,0.3504
1993-11-07,0.3976,0.3803,0.3487
1993-11-08,0.3988,0.3911,0.348
1993-11-09,0.3861,0.3877,0.348
1993-11-10,0.3807,0.3826,0.3475
1993-11-11,0.4173,0.4001,0.3477
1993-11-12,0.3942,0.4002,0.35
1993-11-13,0.3821,0.3909,0.351
1993-11-14,0.375,0.3836,0.3504
1993-11-15,0.3702,0.378,0.3496
1993-11-16,0.3669,0.3737,0.3485
1993-11-17,0.3635,0.3697,0.3475
1993-11-18,0.3621,0.3665,0.3461
1993-11-19,0.3799,0.3671,0.3449
1993-11-20,0.3712,0.3686,0.3439
1993-11-21,0.3647,0.3667,0.3429
1993-11-22,0.3605,0.3645,0.342
1993-11-23,0.3697,0.363,0.341
1993-11-24,0.4233,0.403,0.3424
1993-11-25,0.4076,0.407,0.3477
1993-11-26,0.3989,0.4,0.3507
1993-11-27,0.3906,0.3935,0.3521
1993-11-28,0.3853,0.388,0.353
1993-11-29,0.3793,0.3839,0.353
1993-11-30,0.3936,0.3828,0.353
1994-04-01,0.3262,0.323,0.3186
1994-04-02,0.3362,0.3237,0.3175
1994-04-03,0.3365,0.324,0.3165
1994-04-04,0.3579,0.3262,0.3153
1994-04-05,0.3801,0.339,0.3147
1994-04-06,0.3865,0.3513,0.314
1994-04-07,0.4017,0.3692,0.3144
1994-04-08,0.3915,0.3831,0.316
1994-04-09,0.3973,0.3822,0.3176
1994-04-10,0.3958,0.3833,0.3191
1994-04-11,0.394,0.3849,0.3208
1994-04-12,0.3934,0.3829,0.3223
1994-04-13,0.3895,0.383,0.3238
1994-04-14,0.3874,0.3795,0.3251
1994-04-15,0.3832,0.3783,0.3261
1994-04-16,0.3782,0.3738,0.327
1994-04-17,0.385,0.3746,0.3276
1994-04-18,0.3795,0.3743,0.3287
1994-04-19,0.3692,0.3705,0.329
1994-04-20,0.3689,0.3662,0.3292
1994-04-21,0.3695,0.3636,0.3294
1994-04-22,0.3637,0.3606,0.3288
1994-04-23,0.3513,0.3554,0.3283
1994-04-24,0.3789,0.3627,0.3277
1994-04-25,0.4205,0.4212,0.3468
1994-04-26,0.3997,0.405,0.355
1994-04-27,0.39,0.3948,0.3572
1994-04-28,0.3763,0.386,0.3576
1994-04-29,0.3613,0.3755,0.3569
1994-04-30,0.35,0.3659,0.3555
1994-05-01,0.3399,0.3573,0.3535
1994-05-02,0.3281,0.3483,0.3512
1994-05-03,0.3175,0.3396,0.349
1994-05-04,0.3703,0.3464,0.3473
1994-05-05,0.3714,0.3669,0.3466
1994-05-06,0.3552,0.362,0.3456
1994-05-07,0.3428,0.3553,0.3443
1994-05-08,0.3767,0.355,0.343
1994-05-09,0.3994,0.383,0.3434
1994-05-10,0.3768,0.38,0.344
1994-05-11,0.363,0.3719,0.3437
1994-05-12,0.4214,0.4092,0.3465
1994-05-13,0.4021,0.4082,0.3539
1994-05-14,0.4158,0.4176,0.3652
1994-05-15,0.394,0.4064,0.3747
1994-05-16,0.3773,0.3922,0.3754
1994-05-17,0.3774,0.383,0.3746
1994-05-18,0.4118,0.3942,0.3746
1994-05-19,0.3949,0.4025,0.3768
1994-05-20,0.4105,0.4039,0.378
1994-05-21,0.4024,0.401,0.3797
1994-05-22,0.4042,0.4055,0.3811
1994-05-23,0.4023,0.4014,0.3825
1994-05-24,0.4065,0.4031,0.3834
1994-05-25,0.3932,0.4042,0.3854
1994-05-26,0.4023,0.3995,0.3858
1994-05-27,0.3845,0.3951,0.3856
1994-05-28,0.3703,0.3843,0.3842
1994-05-29,0.3895,0.3851,0.383
1994-05-30,0.3924,0.3978,0.3832
1994-05-31,0.3728,0.3872,0.3822
1994-06-01,0.3572,0.3755,0.3803
1994-06-02,0.3575,0.3657,0.3785
1994-06-03,0.3616,0.3615,0.3766
1994-06-04,0.3488,0.3559,0.3745
1994-06-05,0.341,0.3509,0.3729
1994-06-06,0.328,0.3438,0.3705
1994-06-07,0.3172,0.3366,0.368
1994-06-08,0.3268,0.331,0.3648
1994-06-09,0.3793,0.3627,0.3625
1994-06-10,0.3541,0.3591,0.3607
1994-06-11,0.3485,0.354,0.3592
1994-06-12,0.3466,0.3503,0.3576
1994-06-13,0.339,0.3462,0.3561
1994-06-14,0.3257,0.3396,0.354
1994-06-15,0.3111,0.3313,0.3513
1994-06-16,0.2975,0.3224,0.3485
1994-06-17,0.2847,0.3134,0.3454
1994-06-18,0.2734,0.3051,0.3419
1994-06-19,0.2903,0.2982,0.339
1994-06-20,0.3327,0.2997,0.3369
1994-06-21,0.3173,0.3002,0.3349
1994-06-22,0.298,0.2967,0.3322
1994-06-23,0.2799,0.2911,0.3293
1994-06-24,0.2641,0.2848,0.3264
1994-06-25,0.2509,0.2782,0.323
1994-06-26,0.3299,0.2787,0.3211
1994-06-27,0.3587,0.2989,0.3203
1994-06-28,0.3278,0.3028,0.3187
1994-06-29,0.3046,0.2988,0.3162
1994-06-30,0.2854,0.2928,0.314
1994-07-01,0.2725,0.2862,0.3114
1994-07-02,0.2637,0.28,0.309
1994-07-03,0.2463,0.2729,0.3061
1994-07-04,0.2399,0.2664,0.3035
1994-07-05,0.2407,0.2615,0.3011
1994-07-06,0.2294,0.2565,0.299
1994-07-07,0.2189,0.2515,0.2967
1994-07-08,0.2112,0.2471,0.2945
1994-07-09,0.206,0.2432,0.2924
1994-07-10,0.1983,0.2387,0.2901
1994-07-11,0.1906,0.2338,0.2877
1994-07-12,0.1832,0.229,0.2851
1994-07-13,0.1773,0.2248,0.2827
1994-07-14,0.2206,0.2215,0.2805
1994-07-15,0.2802,0.2227,0.2791
1994-07-16,0.255,0.2218,0.2771
1994-07-17,0.2352,0.2195,0.275
1994-07-18,0.2393,0.2172,0.2731
1994-07-19,0.2671,0.2173,0.2716
1994-07-20,0.2812,0.2194,0.2706
1994-07-21,0.2625,0.2198,0.2695
1994-07-22,0.2444,0.2186,0.268
1994-07-23,0.23,0.2162,0.2661
1994-07-24,0.222,0.2137,0.2643
1994-07-25,0.2347,0.2119,0.2627
1994-07-26,0.2475,0.2113,0.2615
1994-07-27,0.2334,0.2099,0.2601
1994-07-28,0.2591,0.2085,0.2585
1994-07-29,0.3285,0.2155,0.2575
1994-07-30,0.348,0.2415,0.2565
1994-07-31,0.3118,0.2482,0.2556
1994-08-01,0.3418,0.2549,0.255
1994-08-02,0.3145,0.2608,0.2545
1994-08-03,0.2858,0.2587,0.2531
1994-08-04,0.2622,0.254,0.2516
1994-08-05,0.2428,0.2486,0.2505
1994-08-06,0.2365,0.2435,0.2491
1994-08-07,0.2507,0.2397,0.2483
1994-08-08,0.2901,0.2391,0.2475
1994-08-09,0.2947,0.2427,0.2466
1994-08-10,0.3432,0.2509,0.246
1994-08-11,0.344,0.276,0.246
1994-08-12,0.309,0.277,0.2455
1994-08-13,0.3035,0.2745,0.245
1994-08-14,0.3034,0.2736,0.2445
1994-08-15,0.2812,0.2697,0.2436
1994-08-16,0.268,0.2646,0.243
1994-08-17,0.281,0.2614,0.2425
1994-08-18,0.2751,0.259,0.242
1994-08-19,0.2621,0.2555,0.2415
1994-08-20,0.246,0.2506,0.2405
1994-08-21,0.2332,0.2456,0.2395
1994-08-22,0.2242,0.2407,0.2385
1994-08-23,0.2329,0.237,0.2377
1994-08-24,0.247,0.2351,0.2374
1994-08-25,0.241,0.233,0.237
1994-08-26,0.2401,0.2313,0.2365
1994-08-27,0.2296,0.2287,0.2356
1994-08-28,0.2249,0.2255,0.2348
1994-08-29,0.2305,0.223,0.2344
1994-08-30,0.2408,0.2209,0.2335
1994-08-31,0.3226,0.225,0.233
1994-09-01,0.361,0.2581,0.233
1994-09-02,0.3279,0.2683,0.233
1994-09-03,0.3045,0.2695,0.233
1994-09-04,0.284,0.2668,0.2326
1994-09-05,0.2683,0.2631,0.2322
1994-09-06,0.2552,0.2587,0.2316
1994-09-07,0.2477,0.2547,0.2313
1994-09-08,0.3817,0.3421,0.2335
1994-09-09,0.3862,0.3903,0.2427
1994-09-10,0.3708,0.3732,0.2469
1994-09-11,0.3759,0.3628,0.2492
1994-09-12,0.4052,0.3819,0.2535
1994-09-13,0.421,0.4225,0.2812
1994-09-14,0.4254,0.4264,0.3235
1994-09-15,0.4103,0.4112,0.3434
1994-09-16,0.4164,0.4113,0.3492
1994-09-17,0.4035,0.4108,0.3576
1994-09-18,0.3923,0.3981,0.3611
1994-09-19,0.3826,0.3904,0.3628
1994-09-20,0.396,0.3879,0.3638
1994-09-21,0.4044,0.3937,0.3655
1994-09-22,0.4195,0.4213,0.3718
1994-09-23,0.428,0.428,0.3891
1994-09-24,0.41,0.4222,0.4154
1994-09-25,0.3935,0.4081,0.4142
1994-09-26,0.3882,0.3967,0.4116
1994-09-27,0.3853,0.3902,0.409
1994-09-28,0.375,0.3837,0.4062
1994-09-29,0.3678,0.3769,0.4037
1994-09-30,0.4128,0.4136,0.4033
1994-10-01,0.4011,0.4087,0.404
1994-10-02,0.3947,0.4031,0.4035
1994-10-03,0.399,0.4006,0.4023
1994-10-04,0.3851,0.3953,0.4006
1994-10-05,0.3743,0.3878,0.3993
1994-10-06,0.3661,0.3801,0.3975
1994-10-07,0.3605,0.3733,0.3955
1994-10-08,0.3546,0.3674,0.3938
1994-10-09,0.3492,0.362,0.3918
1994-10-10,0.3628,0.3592,0.3902
1994-10-11,0.3967,0.3715,0.3889
1994-10-12,0.3856,0.3787,0.388
1994-10-13,0.3716,0.3771,0.3867
1994-10-14,0.3615,0.372,0.3855
1994-10-15,0.3533,0.3663,0.3843
1994-10-16,0.3474,0.3609,0.3826
1994-10-17,0.3442,0.3565,0.3815
1994-10-18,0.3405,0.3528,0.3803
1994-10-19,0.3617,0.3568,0.3787
1994-10-20,0.431,0.4258,0.3894
1994-10-21,0.4203,0.4283,0.429
1994-10-22,0.403,0.4083,0.4268
1994-10-23,0.4162,0.4251,0.4274
1994-10-24,0.3938,0.4062,0.4248
1994-10-25,0.3832,0.3923,0.4207
1994-10-26,0.3792,0.3838,0.417
1994-10-27,0.3701,0.3773,0.4136
1994-10-28,0.4178,0.409,0.4122
1994-10-29,0.3996,0.4144,0.4138
1994-10-30,0.3886,0.4027,0.4126
1994-10-31,0.3811,0.393,0.411
1994-11-01,0.3806,0.3865,0.4093
1994-11-02,0.3762,0.3815,0.4075
1994-11-03,0.3842,0.3788,0.4057
1994-11-04,0.4223,0.4077,0.4073
1994-11-05,0.4303,0.4297,0.4278
1994-11-06,0.4044,0.4105,0.4328
1994-11-07,0.398,0.3961,0.427
1994-11-08,0.409,0.4121,0.424
1994-11-09,0.409,0.412,0.4233
1994-11-10,0.4037,0.416,0.428
1994-11-11,0.4131,0.41,0.4253
1994-11-12,0.3953,0.4005,0.423
1994-11-13,0.3951,0.3939,0.4205
1994-11-14,0.3818,0.3872,0.418
1994-11-15,0.3725,0.38,0.415
1994-11-16,0.3738,0.375,0.4119
1994-11-17,0.3852,0.3751,0.4089
1994-11-18,0.3802,0.3765,0.4059
1994-11-19,0.3827,0.3767,0.4029
1994-11-20,0.3728,0.3758,0.3998
1994-11-21,0.3658,0.3726,0.3966
1994-11-22,0.3615,0.3693,0.3935
1994-11-23,0.3581,0.3663,0.3902
1994-11-24,0.3555,0.3636,0.387
1994-11-25,0.353,0.361,0.3838
1994-11-26,0.3501,0.3587,0.3807
1994-11-27,0.349,0.3565,0.3776
1994-11-28,0.3485,0.3551,0.3747
1994-11-29,0.3456,0.3532,0.3718
1994-11-30,0.3435,0.3515,0.369
1995-04-01,0.3525,0.3462,0.3545
1995-04-02,0.355,0.3474,0.3529
1995-04-03,0.343,0.3452,0.351
1995-04-04,0.3323,0.341,0.3489
1995-04-05,0.3385,0.337,0.3468
1995-04-06,0.3513,0.3377,0.3449
1995-04-07,0.3361,0.336,0.3431
1995-04-08,0.3268,0.333,0.3413
1995-04-09,0.3167,0.329,0.3393
1995-04-10,0.308,0.3243,0.3372
1995-04-11,0.3005,0.3193,0.3352
1995-04-12,0.293,0.3143,0.3331
1995-04-13,0.2875,0.3098,0.3312
1995-04-14,0.2826,0.3059,0.3292
1995-04-15,0.2765,0.3015,0.3273
1995-04-16,0.2913,0.2985,0.3255
1995-04-17,0.2915,0.2971,0.324
1995-04-18,0.285,0.2946,0.3222
1995-04-19,0.3409,0.3001,0.3208
1995-04-20,0.3602,0.3267,0.3196
1995-04-21,0.3915,0.35,0.319
1995-04-22,0.4158,0.4177,0.328
1995-04-23,0.4176,0.4189,0.3421
1995-04-24,0.4263,0.425,0.375
1995-04-25,0.4264,0.4233,0.3866
1995-04-26,0.4147,0.4187,0.3944
1995-04-27,0.4075,0.4129,0.3978
1995-04-28,0.4015,0.41,0.3998
1995-04-29,0.4003,0.4028,0.3997
1995-04-30,0.399,0.4028,0.3995
1995-05-01,0.3818,0.3952,0.3985
1995-05-02,0.3684,0.3843,0.3969
1995-05-03,0.3554,0.3733,0.3944
1995-05-04,0.3435,0.3626,0.392
1995-05-05,0.3328,0.353,0.389
1995-05-06,0.3212,0.3438,0.3858
1995-05-07,0.3103,0.3352,0.3825
1995-05-08,0.3048,0.328,0.3793
1995-05-09,0.303,0.3226,0.376
1995-05-10,0.2958,0.3175,0.3727
1995-05-11,0.3129,0.3135,0.3696
1995-05-12,0.4058,0.3418,0.3675
1995-05-13,0.3902,0.3679,0.3666
1995-05-14,0.3821,0.3727,0.3656
1995-05-15,0.379,0.3708,0.3645
1995-05-16,0.3979,0.379,0.364
1995-05-17,0.3862,0.383,0.364
1995-05-18,0.403,0.3856,0.364
1995-05-19,0.3902,0.3913,0.3645
1995-05-20,0.3704,0.3822,0.3644
1995-05-21,0.3562,0.3722,0.3629
1995-05-22,0.3443,0.3626,0.361
1995-05-23,0.3314,0.3525,0.3585
1995-05-24,0.3195,0.3428,0.356
1995-05-25,0.3227,0.335,0.3535
1995-05-26,0.3974,0.3501,0.352
1995-05-27,0.3718,0.3638,0.3513
1995-05-28,0.349,0.357,0.3492
1995-05-29,0.3501,0.3503,0.3475
1995-05-30,0.3733,0.3532,0.347
1995-05-31,0.3982,0.3658,0.3463
1995-06-01,0.3986,0.3912,0.3478
1995-06-02,0.3752,0.3822,0.349
1995-06-03,0.3688,0.3733,0.3485
1995-06-04,0.3694,0.368,0.3476
1995-06-05,0.357,0.362,0.3466
1995-06-06,0.345,0.3552,0.3453
1995-06-07,0.3322,0.3476,0.3434
1995-06-08,0.3238,0.3397,0.3415
1995-06-09,0.3236,0.3338,0.3397
1995-06-10,0.3493,0.3312,0.3382
1995-06-11,0.3907,0.3519,0.3374
1995-06-12,0.3825,0.3602,0.3366
1995-06-13,0.3765,0.3639,0.336
1995-06-14,0.3586,0.3595,0.3354
1995-06-15,0.3445,0.3527,0.3341
1995-06-16,0.3324,0.3453,0.3325
1995-06-17,0.3198,0.3369,0.331
1995-06-18,0.3142,0.33,0.3292
1995-06-19,0.3073,0.324,0.3272
1995-06-20,0.2932,0.3155,0.325
1995-06-21,0.2912,0.3076,0.3226
1995-06-22,0.3107,0.3041,0.3209
1995-06-23,0.293,0.2997,0.3188
1995-06-24,0.2821,0.2951,0.3167
1995-06-25,0.2731,0.2903,0.315
1995-06-26,0.2605,0.2841,0.3125
1995-06-27,0.2492,0.2773,0.31
1995-06-28,0.2973,0.2741,0.3076
1995-06-29,0.3345,0.2812,0.3061
1995-06-30,0.3222,0.2822,0.3042
1995-07-01,0.3161,0.2825,0.3022
1995-07-02,0.2918,0.2786,0.3
1995-07-03,0.3127,0.2759,0.2981
1995-07-04,0.3267,0.2786,0.2966
1995-07-05,0.3165,0.2804,0.2955
1995-07-06,0.2965,0.279,0.294
1995-07-07,0.278,0.2746,0.2921
1995-07-08,0.2624,0.2693,0.2901
1995-07-09,0.2451,0.2633,0.288
1995-07-10,0.2339,0.2573,0.286
1995-07-11,0.2501,0.2533,0.2844
1995-07-12,0.2632,0.2521,0.2831
1995-07-13,0.2579,0.249,0.2815
1995-07-14,0.3094,0.2502,0.2802
1995-07-15,0.3488,0.2748,0.2787
1995-07-16,0.3125,0.2775,0.2776
1995-07-17,0.2878,0.2738,0.2762
1995-07-18,0.2678,0.2687,0.2745
1995-07-19,0.2501,0.263,0.273
1995-07-20,0.2345,0.2566,0.2711
1995-07-21,0.2197,0.2501,0.2691
1995-07-22,0.246,0.2457,0.2675
1995-07-23,0.2756,0.245,0.2666
1995-07-24,0.257,0.2424,0.2655
1995-07-25,0.239,0.2386,0.264
1995-07-26,0.222,0.2338,0.2621
1995-07-27,0.2255,0.2303,0.2607
1995-07-28,0.2207,0.2277,0.2595
1995-07-29,0.2086,0.2242,0.2581
1995-07-30,0.1982,0.2205,0.2565
1995-07-31,0.2058,0.2176,0.2555
1995-08-01,0.2335,0.2159,0.2545
1995-08-02,0.2242,0.2135,0.253
1995-08-03,0.2114,0.2106,0.2515
1995-08-04,0.1986,0.2076,0.25
1995-08-05,0.2234,0.2053,0.2485
1995-08-06,0.3564,0.2272,0.248
1995-08-07,0.377,0.3028,0.248
1995-08-08,0.3953,0.3534,0.249
1995-08-09,0.37,0.3656,0.2515
1995-08-10,0.353,0.3546,0.2532
1995-08-11,0.3682,0.3481,0.2543
1995-08-12,0.3526,0.3432,0.255
1995-08-13,0.338,0.3357,0.256
1995-08-14,0.323,0.3277,0.256
1995-08-15,0.31,0.32,0.256
1995-08-16,0.2967,0.3122,0.2556
1995-08-17,0.2817,0.3032,0.2553
1995-08-18,0.2769,0.296,0.2546
1995-08-19,0.2777,0.2903,0.2543
1995-08-20,0.279,0.2845,0.2535
1995-08-21,0.3202,0.2825,0.253
1995-08-22,0.3618,0.3049,0.253
1995-08-23,0.3778,0.3374,0.2535
1995-08-24,0.3912,0.3507,0.2547
1995-08-25,0.3682,0.355,0.2562
1995-08-26,0.3498,0.3473,0.2572
1995-08-27,0.3335,0.3389,0.258
1995-08-28,0.3248,0.3311,0.2584
1995-08-29,0.314,0.3242,0.259
1995-08-30,0.3057,0.3175,0.259
1995-08-31,0.2959,0.3111,0.2587
1995-09-01,0.2876,0.3047,0.2585
1995-09-02,0.2787,0.2986,0.258
1995-09-03,0.2714,0.2926,0.2576
1995-09-04,0.2645,0.2868,0.257
1995-09-05,0.257,0.2815,0.2565
1995-09-06,0.2535,0.2766,0.256
1995-09-07,0.3468,0.2954,0.256
1995-09-08,0.386,0.3302,0.2563
1995-09-09,0.3596,0.3393,0.257
1995-09-10,0.3409,0.3345,0.258
1995-09-11,0.4003,0.3448,0.2585
1995-09-12,0.426,0.3985,0.2631
1995-09-13,0.4273,0.4235,0.2916
1995-09-14,0.396,0.403,0.3069
1995-09-15,0.3803,0.3863,0.3108
1995-09-16,0.3813,0.3773,0.3128
1995-09-17,0.3811,0.3745,0.3146
1995-09-18,0.3867,0.3735,0.316
1995-09-19,0.4234,0.4175,0.3304
1995-09-20,0.4235,0.4228,0.3504
1995-09-21,0.403,0.4108,0.3607
1995-09-22,0.3885,0.3982,0.3641
1995-09-23,0.3766,0.3885,0.3651
1995-09-24,0.3682,0.3802,0.3655
1995-09-25,0.3866,0.3778,0.3651
1995-09-26,0.3758,0.3777,0.3655
1995-09-27,0.3636,0.3727,0.365
1995-09-28,0.3556,0.3669,0.3644
1995-09-29,0.3478,0.3615,0.3634
1995-09-30,0.3415,0.3559,0.3625
1995-10-01,0.339,0.3514,0.3614
1995-10-02,0.337,0.3475,0.3605
1995-10-03,0.343,0.3447,0.3596
1995-10-04,0.364,0.3463,0.359
1995-10-05,0.4095,0.3872,0.3626
1995-10-06,0.4207,0.424,0.3858
1995-10-07,0.3963,0.4095,0.3908
1995-10-08,0.3833,0.3979,0.3915
1995-10-09,0.3741,0.3889,0.3905
1995-10-10,0.3671,0.3813,0.3888
1995-10-11,0.3611,0.3747,0.3875
1995-10-12,0.3549,0.3685,0.3859
1995-10-13,0.3498,0.363,0.3845
1995-10-14,0.3639,0.3601,0.383
1995-10-15,0.3859,0.3658,0.382
1995-10-16,0.3749,0.3711,0.3814
1995-10-17,0.3629,0.3686,0.3804
1995-10-18,0.3611,0.3645,0.379
1995-10-19,0.3853,0.3698,0.378
1995-10-20,0.3676,0.3701,0.3773
1995-10-21,0.3592,0.3671,0.3765
1995-10-22,0.3539,0.3635,0.3755
1995-10-23,0.3498,0.3601,0.3746
1995-10-24,0.3461,0.3566,0.3736
1995-10-25,0.3465,0.3539,0.373
1995-10-26,0.3497,0.3525,0.372
1995-10-27,0.3533,0.352,0.3714
1995-10-28,0.3517,0.3514,0.3705
1995-10-29,0.3924,0.3602,0.37
1995-10-30,0.3993,0.3827,0.37
1995-10-31,0.39,0.3927,0.3715
1995-11-01,0.3785,0.3874,0.3721
1995-11-02,0.3733,0.3821,0.373
1995-11-03,0.3693,0.378,0.373
1995-11-04,0.3698,0.3751,0.3725
1995-11-05,0.3624,0.372,0.372
1995-11-06,0.3574,0.3682,0.3716
1995-11-07,0.3526,0.3643,0.371
1995-11-08,0.348,0.3603,0.3702
1995-11-09,0.3462,0.357,0.3696
1995-11-10,0.3542,0.3551,0.369
1995-11-11,0.362,0.3563,0.3685
1995-11-12,0.3651,0.3557,0.3678
1995-11-13,0.4028,0.3835,0.3678
1995-11-14,0.3844,0.3857,0.3687
1995-11-15,0.3749,0.382,0.369
1995-11-16,0.3977,0.3848,0.3697
1995-11-17,0.3895,0.3884,0.3707
1995-11-18,0.3804,0.3856,0.3714
1995-11-19,0.3722,0.3815,0.372
1995-11-20,0.3675,0.3774,0.372
1995-11-21,0.3647,0.374,0.372
1995-11-22,0.3996,0.387,0.3722
1995-11-23,0.4007,0.4055,0.375
1995-11-24,0.389,0.3979,0.3772
1995-11-25,0.3858,0.392,0.3782
1995-11-26,0.405,0.3955,0.3791
1995-11-27,0.4242,0.4279,0.3968
1995-11-28,0.4088,0.416,0.4041
1995-11-29,0.4065,0.4107,0.405
1995-11-30,0.4062,0.4092,0.405
1996-04-01,0.384,0.3696,0.3725
1996-04-02,0.3892,0.3827,0.3715
1996-04-03,0.3739,0.3802,0.3702
1996-04-04,0.3663,0.3758,0.3686
1996-04-05,0.3662,0.3712,0.3671
1996-04-06,0.3635,0.3673,0.365
1996-04-07,0.3563,0.3629,0.363
1996-04-08,0.3473,0.3578,0.3605
1996-04-09,0.3395,0.3526,0.3582
1996-04-10,0.3323,0.3472,0.356
1996-04-11,0.3273,0.342,0.3537
1996-04-12,0.3209,0.3368,0.3512
1996-04-13,0.3167,0.3319,0.3489
1996-04-14,0.3202,0.3286,0.3468
1996-04-15,0.3132,0.3248,0.3444
1996-04-16,0.3023,0.3197,0.3419
1996-04-17,0.3495,0.3209,0.3397
1996-04-18,0.3628,0.3341,0.3385
1996-04-19,0.3403,0.3341,0.3362
1996-04-20,0.3228,0.3296,0.3341
1996-04-21,0.3085,0.3238,0.3319
1996-04-22,0.327,0.3195,0.3296
1996-04-23,0.4001,0.3545,0.3288
1996-04-24,0.3922,0.3965,0.331
1996-04-25,0.373,0.3836,0.3323
1996-04-26,0.3613,0.3731,0.3325
1996-04-27,0.3748,0.3672,0.332
1996-04-28,0.403,0.3771,0.3322
1996-04-29,0.4154,0.3991,0.3344
1996-04-30,0.4227,0.422,0.3434
1996-05-01,0.4201,0.419,0.3541
1996-05-02,0.4196,0.4217,0.3643
1996-05-03,0.408,0.4119,0.3721
1996-05-04,0.3908,0.4003,0.3743
1996-05-05,0.3768,0.3894,0.3745
1996-05-06,0.3645,0.3795,0.373
1996-05-07,0.376,0.3738,0.3715
1996-05-08,0.4026,0.3842,0.371
1996-05-09,0.41,0.3986,0.3717
1996-05-10,0.3937,0.4012,0.3738
1996-05-11,0.3785,0.391,0.3742
1996-05-12,0.3772,0.3835,0.374
1996-05-13,0.3835,0.3825,0.3734
1996-05-14,0.3706,0.3787,0.3726
1996-05-15,0.3602,0.3721,0.3712
1996-05-16,0.3499,0.3645,0.3691
1996-05-17,0.3694,0.3602,0.3673
1996-05-18,0.3701,0.3599,0.3655
1996-05-19,0.4218,0.4113,0.372
1996-05-20,0.3999,0.4118,0.383
1996-05-21,0.3938,0.3984,0.384
1996-05-22,0.386,0.393,0.3836
1996-05-23,0.3697,0.3835,0.3825
1996-05-24,0.3586,0.3738,0.3803
1996-05-25,0.3659,0.3667,0.3785
1996-05-26,0.3779,0.3678,0.3769
1996-05-27,0.3576,0.3632,0.3748
1996-05-28,0.3501,0.3576,0.3728
1996-05-29,0.3342,0.3498,0.3701
1996-05-30,0.319,0.34,0.3668
1996-05-31,0.3045,0.3302,0.3636
1996-06-01,0.3781,0.3382,0.3613
1996-06-02,0.4203,0.4168,0.3684
1996-06-03,0.4082,0.4178,0.3878
1996-06-04,0.3872,0.4021,0.39
1996-06-05,0.3713,0.389,0.3891
1996-06-06,0.3563,0.3761,0.3868
1996-06-07,0.3425,0.3639,0.3841
1996-06-08,0.3396,0.3527,0.3813
1996-06-09,0.3604,0.3492,0.3789
1996-06-10,0.3549,0.3494,0.3763
1996-06-11,0.341,0.3441,0.3735
1996-06-12,0.3332,0.3382,0.3708
1996-06-13,0.3235,0.3325,0.368
1996-06-14,0.3066,0.3254,0.3647
1996-06-15,0.2921,0.3173,0.3614
1996-06-16,0.2808,0.3095,0.3576
1996-06-17,0.2701,0.3019,0.354
1996-06-18,0.2668,0.2956,0.3505
1996-06-19,0.2668,0.2904,0.3473
1996-06-20,0.2595,0.2851,0.3437
1996-06-21,0.3678,0.3045,0.3415
1996-06-22,0.3747,0.341,0.3401
1996-06-23,0.3567,0.3418,0.3384
1996-06-24,0.3521,0.3415,0.3368
1996-06-25,0.3372,0.3382,0.3355
1996-06-26,0.3262,0.3336,0.3338
1996-06-27,0.3128,0.3271,0.3318
1996-06-28,0.2986,0.3189,0.3291
1996-06-29,0.2871,0.3111,0.327
1996-06-30,0.2749,0.3032,0.3243
1996-07-01,0.268,0.2971,0.3224
1996-07-02,0.277,0.2936,0.3207
1996-07-03,0.2761,0.2896,0.319
1996-07-04,0.2971,0.2865,0.3172
1996-07-05,0.3858,0.3172,0.316
1996-07-06,0.3729,0.3598,0.3162
1996-07-07,0.3959,0.3789,0.317
1996-07-08,0.4125,0.4148,0.3358
1996-07-09,0.3875,0.3967,0.3406
1996-07-10,0.3736,0.3837,0.3419
1996-07-11,0.363,0.374,0.3417
1996-07-12,0.347,0.363,0.3408
1996-07-13,0.3351,0.3526,0.3392
1996-07-14,0.3235,0.3431,0.3372
1996-07-15,0.311,0.3334,0.335
1996-07-16,0.3003,0.3245,0.333
1996-07-17,0.2892,0.3162,0.3305
1996-07-18,0.2769,0.3073,0.3278
1996-07-19,0.2635,0.2985,0.325
1996-07-20,0.2517,0.2902,0.3222
1996-07-21,0.2414,0.2827,0.3195
1996-07-22,0.2327,0.2757,0.3168
1996-07-23,0.2247,0.269,0.314
1996-07-24,0.2971,0.2667,0.3121
1996-07-25,0.3273,0.2743,0.3102
1996-07-26,0.2984,0.2737,0.3081
1996-07-27,0.3175,0.273,0.3065
1996-07-28,0.334,0.2796,0.3051
1996-07-29,0.311,0.2805,0.3032
1996-07-30,0.2953,0.2779,0.3015
1996-07-31,0.2756,0.2738,0.2992
1996-08-01,0.2625,0.2691,0.2972
1996-08-02,0.3085,0.2682,0.2955
1996-08-03,0.3445,0.2843,0.2945
1996-08-04,0.3092,0.2846,0.293
1996-08-05,0.3386,0.2857,0.292
1996-08-06,0.3601,0.298,0.2915
1996-08-07,0.3938,0.3316,0.291
1996-08-08,0.3723,0.3453,0.291
1996-08-09,0.3464,0.3416,0.2906
1996-08-10,0.3443,0.3345,0.2904
1996-08-11,0.3819,0.3424,0.29
1996-08-12,0.3564,0.3441,0.29
1996-08-13,0.3386,0.3381,0.29
1996-08-14,0.3273,0.3322,0.2896
1996-08-15,0.3165,0.326,0.2892
1996-08-16,0.3035,0.3186,0.2885
1996-08-17,0.2904,0.3105,0.2871
1996-08-18,0.2786,0.3026,0.2857
1996-08-19,0.2677,0.2948,0.2845
1996-08-20,0.2579,0.2878,0.2831
1996-08-21,0.2714,0.2825,0.282
1996-08-22,0.3172,0.2824,0.2815
1996-08-23,0.302,0.2815,0.2805
1996-08-24,0.2915,0.2791,0.2795
1996-08-25,0.2782,0.276,0.2785
1996-08-26,0.2824,0.274,0.278
1996-08-27,0.342,0.2814,0.278
1996-08-28,0.3575,0.3098,0.2776
1996-08-29,0.3305,0.311,0.2772
1996-08-30,0.3164,0.3085,0.277
1996-08-31,0.3055,0.3049,0.2765
1996-09-01,0.2939,0.3005,0.2756
1996-09-02,0.2878,0.2965,0.275
1996-09-03,0.2955,0.2939,0.275
1996-09-04,0.3096,0.2928,0.2746
1996-09-05,0.2977,0.2907,0.274
1996-09-06,0.2845,0.2869,0.2735
1996-09-07,0.2704,0.2821,0.2725
1996-09-08,0.2594,0.2772,0.2715
1996-09-09,0.2508,0.2729,0.2705
1996-09-10,0.2442,0.2685,0.2696
1996-09-11,0.2378,0.2642,0.2686
1996-09-12,0.2321,0.2602,0.2677
1996-09-13,0.2295,0.2568,0.267
1996-09-14,0.2269,0.2541,0.2666
1996-09-15,0.223,0.2514,0.266
1996-09-16,0.2186,0.248,0.2654
1996-09-17,0.216,0.245,0.2645
1996-09-18,0.2438,0.2439,0.264
1996-09-19,0.3575,0.2522,0.264
1996-09-20,0.3662,0.2859,0.264
1996-09-21,0.3791,0.3027,0.264
1996-09-22,0.3882,0.3438,0.2647
1996-09-23,0.3601,0.3475,0.266
1996-09-24,0.345,0.3429,0.267
1996-09-25,0.3745,0.3436,0.2678
1996-09-26,0.3746,0.3561,0.2693
1996-09-27,0.3745,0.3551,0.2708
1996-09-28,0.3699,0.3567,0.2723
1996-09-29,0.352,0.3511,0.2736
1996-09-30,0.3397,0.344,0.274
1996-10-01,0.3809,0.3619,0.2754
1996-10-02,0.3863,0.3834,0.279
1996-10-03,0.3703,0.3731,0.282
1996-10-04,0.3575,0.3635,0.2838
1996-10-05,0.3502,0.3557,0.2849
1996-10-06,0.3471,0.3502,0.2859
1996-10-07,0.3439,0.3461,0.287
1996-10-08,0.3452,0.3428,0.2878
1996-10-09,0.3443,0.3408,0.2882
1996-10-10,0.3392,0.3379,0.289
1996-10-11,0.3335,0.3347,0.289
1996-10-12,0.3275,0.3313,0.2894
1996-10-13,0.3234,0.3278,0.29
1996-10-14,0.3378,0.3256,0.29
1996-10-15,0.4265,0.38,0.2915
1996-10-16,0.4136,0.4095,0.3006
1996-10-17,0.3958,0.3959,0.3073
1996-10-18,0.3827,0.3857,0.311
1996-10-19,0.373,0.3771,0.3133
1996-10-20,0.3642,0.37,0.3148
1996-10-21,0.3584,0.3641,0.3159
1996-10-22,0.3529,0.359,0.317
1996-10-23,0.3451,0.3534,0.317
1996-10-24,0.3395,0.3484,0.317
1996-10-25,0.3361,0.3444,0.317
1996-10-26,0.3341,0.3409,0.3172
1996-10-27,0.33,0.3377,0.3171
1996-10-28,0.3276,0.3349,0.317
1996-10-29,0.3265,0.3322,0.317
1996-10-30,0.3257,0.3301,0.317
1996-10-31,0.3215,0.3279,0.317
1996-11-01,0.3197,0.3255,0.3167
1996-11-02,0.318,0.324,0.3164
1996-11-03,0.3144,0.322,0.316
1996-11-04,0.3175,0.3197,0.316
1996-11-05,0.3968,0.377,0.3168
1996-11-06,0.3785,0.3823,0.3195
1996-11-07,0.3715,0.375,0.3215
1996-11-08,0.37,0.3703,0.3228
1996-11-09,0.3612,0.3658,0.324
1996-11-10,0.3741,0.3642,0.3248
1996-11-11,0.4318,0.4232,0.3464
1996-11-12,0.4294,0.434,0.41
1996-11-13,0.4208,0.422,0.4348
1996-11-14,0.405,0.4052,0.4278
1996-11-15,0.398,0.3952,0.4228
1996-11-16,0.4247,0.4116,0.4195
1996-11-17,0.4201,0.4218,0.419
1996-11-18,0.4191,0.4278,0.4257
1996-11-19,0.4066,0.4129,0.4245
1996-11-20,0.4194,0.4159,0.4221
1996-11-21,0.403,0.4127,0.4205
1996-11-22,0.3986,0.4037,0.4185
1996-11-23,0.3992,0.3977,0.4165
1996-11-24,0.3913,0.3955,0.4145
1996-11-25,0.4059,0.3956,0.4127
1996-11-26,0.4232,0.4196,0.4127
1996-11-27,0.4134,0.4178,0.4141
1996-11-28,0.4097,0.4172,0.415
1996-11-29,0.4014,0.4085,0.4145
1996-11-30,0.4253,0.426,0.4221
1997-04-01,0.2376,0.26,0.2855
1997-04-02,0.232,0.257,0.2845
1997-04-03,0.2268,0.2543,0.2832
1997-04-04,0.2246,0.2519,0.282
1997-04-05,0.2215,0.2497,0.2812
1997-04-06,0.2187,0.2476,0.28
1997-04-07,0.2159,0.2457,0.2795
1997-04-08,0.211,0.243,0.2783
1997-04-09,0.2068,0.2405,0.2767
1997-04-10,0.2024,0.2376,0.2756
1997-04-11,0.1974,0.2346,0.2745
1997-04-12,0.1935,0.232,0.2733
1997-04-13,0.1906,0.2296,0.2721
1997-04-14,0.1872,0.227,0.2706
1997-04-15,0.1842,0.2249,0.2696
1997-04-16,0.1815,0.2226,0.2686
1997-04-17,0.1787,0.2202,0.2675
1997-04-18,0.1766,0.2181,0.2665
1997-04-19,0.1767,0.216,0.2655
1997-04-20,0.1865,0.2146,0.2646
1997-04-21,0.1837,0.2135,0.2636
1997-04-22,0.1803,0.2119,0.2626
1997-04-23,0.1767,0.21,0.2615
1997-04-24,0.1735,0.2081,0.2605
1997-04-25,0.1705,0.206,0.2595
1997-04-26,0.229,0.2054,0.2584
1997-04-27,0.3283,0.216,0.258
1997-04-28,0.3182,0.2268,0.258
1997-04-29,0.2984,0.2327,0.2575
1997-04-30,0.2858,0.2349,0.257
1997-05-01,0.2696,0.2352,0.2564
1997-05-02,0.2526,0.2334,0.2554
1997-05-03,0.2389,0.2305,0.2541
1997-05-04,0.262,0.2287,0.253
1997-05-05,0.3269,0.2333,0.253
1997-05-06,0.3933,0.2953,0.253
1997-05-07,0.3684,0.3228,0.2535
1997-05-08,0.3694,0.3311,0.254
1997-05-09,0.3728,0.3356,0.2548
1997-05-10,0.3588,0.3396,0.2559
1997-05-11,0.3389,0.3342,0.2563
1997-05-12,0.3895,0.3428,0.2572
1997-05-13,0.3924,0.3597,0.2587
1997-05-14,0.3665,0.3586,0.2603
1997-05-15,0.347,0.349,0.2612
1997-05-16,0.3335,0.3393,0.262
1997-05-17,0.3245,0.3308,0.262
1997-05-18,0.3386,0.3256,0.262
1997-05-19,0.3335,0.3225,0.2623
1997-05-20,0.3518,0.3205,0.262
1997-05-21,0.3429,0.3211,0.2625
1997-05-22,0.3276,0.3172,0.262
1997-05-23,0.314,0.3121,0.262
1997-05-24,0.3,0.3054,0.2615
1997-05-25,0.2904,0.2991,0.2606
1997-05-26,0.2802,0.2925,0.2599
1997-05-27,0.264,0.2843,0.2586
1997-05-28,0.2485,0.2763,0.2575
1997-05-29,0.2358,0.2686,0.2561
1997-05-30,0.2246,0.2609,0.2546
1997-05-31,0.2143,0.2542,0.2535
1997-06-01,0.3104,0.2592,0.253
1997-06-02,0.3775,0.317,0.253
1997-06-03,0.3688,0.3264,0.254
1997-06-04,0.369,0.3385,0.2543
1997-06-05,0.4029,0.3535,0.2555
1997-06-06,0.3781,0.3667,0.2578
1997-06-07,0.3537,0.3558,0.2591
1997-06-08,0.3405,0.3445,0.26
1997-06-09,0.3267,0.3341,0.2601
1997-06-10,0.3097,0.3234,0.2599
1997-06-11,0.2942,0.3128,0.2594
1997-06-12,0.2936,0.3042,0.2585
1997-06-13,0.3234,0.3001,0.258
1997-06-14,0.3591,0.3047,0.258
1997-06-15,0.331,0.3065,0.2575
1997-06-16,0.3455,0.3048,0.257
1997-06-17,0.3488,0.3125,0.257
1997-06-18,0.3205,0.3088,0.2566
1997-06-19,0.3034,0.3029,0.2562
1997-06-20,0.2918,0.297,0.2556
1997-06-21,0.3608,0.3058,0.2551
1997-06-22,0.4054,0.382,0.2578
1997-06-23,0.3723,0.3729,0.2612
1997-06-24,0.3633,0.3609,0.2631
1997-06-25,0.3593,0.3525,0.2642
1997-06-26,0.3793,0.3522,0.2655
1997-06-27,0.3796,0.365,0.2673
1997-06-28,0.37,0.3568,0.2688
1997-06-29,0.4142,0.398,0.2728
1997-06-30,0.4068,0.3971,0.2794
1997-07-01,0.387,0.3901,0.285
1997-07-02,0.3939,0.3789,0.2878
1997-07-03,0.4275,0.4228,0.3054
1997-07-04,0.411,0.4128,0.3198
1997-07-05,0.4145,0.4131,0.3297
1997-07-06,0.3878,0.3964,0.3348
1997-07-07,0.369,0.3817,0.3362
1997-07-08,0.3525,0.3688,0.3359
1997-07-09,0.3389,0.3568,0.335
1997-07-10,0.3503,0.3488,0.3336
1997-07-11,0.3582,0.3471,0.333
1997-07-12,0.3451,0.3434,0.332
1997-07-13,0.3344,0.3367,0.3305
1997-07-14,0.3529,0.3331,0.3291
1997-07-15,0.359,0.3385,0.3279
1997-07-16,0.332,0.3335,0.3261
1997-07-17,0.3687,0.3428,0.325
1997-07-18,0.3821,0.3745,0.3257
1997-07-19,0.3658,0.3679,0.326
1997-07-20,0.3515,0.3598,0.3256
1997-07-21,0.3337,0.3495,0.3246
1997-07-22,0.3198,0.3394,0.3234
1997-07-23,0.3152,0.3309,0.322
1997-07-24,0.3559,0.3377,0.321
1997-07-25,0.3715,0.3625,0.321
1997-07-26,0.3509,0.3558,0.3206
1997-07-27,0.3339,0.3467,0.3196
1997-07-28,0.3188,0.3369,0.3185
1997-07-29,0.3057,0.3274,0.317
1997-07-30,0.2933,0.3183,0.3151
1997-07-31,0.2827,0.31,0.3135
1997-08-01,0.2715,0.3022,0.3115
1997-08-02,0.2628,0.2951,0.3099
1997-08-03,0.2563,0.2888,0.3081
1997-08-04,0.2504,0.282,0.3061
1997-08-05,0.2632,0.276,0.3042
1997-08-06,0.3148,0.2753,0.3025
1997-08-07,0.3622,0.2935,0.3015
1997-08-08,0.3297,0.2982,0.3001
1997-08-09,0.3037,0.2947,0.2985
1997-08-10,0.2833,0.2889,0.2969
1997-08-11,0.3524,0.296,0.2957
1997-08-12,0.3525,0.3169,0.295
1997-08-13,0.3336,0.3151,0.294
1997-08-14,0.3237,0.3122,0.2931
1997-08-15,0.31,0.3075,0.2918
1997-08-16,0.3172,0.3033,0.2908
1997-08-17,0.335,0.3039,0.2904
1997-08-18,0.3149,0.3016,0.289
1997-08-19,0.2985,0.2968,0.2876
1997-08-20,0.284,0.2916,0.2865
1997-08-21,0.2988,0.2871,0.2855
1997-08-22,0.3234,0.288,0.2845
1997-08-23,0.3006,0.2857,0.283
1997-08-24,0.2902,0.282,0.2816
1997-08-25,0.2833,0.2781,0.2805
1997-08-26,0.2724,0.2747,0.2795
1997-08-27,0.2872,0.2723,0.2786
1997-08-28,0.4051,0.373,0.2798
1997-08-29,0.3821,0.383,0.2838
1997-08-30,0.3648,0.3706,0.286
1997-08-31,0.3486,0.3587,0.287
1997-09-01,0.3473,0.349,0.2872
1997-09-02,0.3964,0.3602,0.2882
1997-09-03,0.3709,0.3631,0.2897
1997-09-04,0.3544,0.3562,0.2904
1997-09-05,0.3392,0.3472,0.2906
1997-09-06,0.357,0.3432,0.2905
1997-09-07,0.3692,0.3535,0.291
1997-09-08,0.3465,0.3477,0.291
1997-09-09,0.3307,0.3395,0.291
1997-09-10,0.3171,0.3312,0.2905
1997-09-11,0.306,0.3232,0.2896
1997-09-12,0.3014,0.3166,0.289
1997-09-13,0.3745,0.3222,0.289
1997-09-14,0.3513,0.3303,0.289
1997-09-15,0.3315,0.3272,0.289
1997-09-16,0.3192,0.3225,0.2885
1997-09-17,0.3075,0.3166,0.2877
1997-09-18,0.2972,0.3106,0.2873
1997-09-19,0.2882,0.3047,0.2865
1997-09-20,0.28,0.2993,0.2855
1997-09-21,0.2944,0.295,0.2846
1997-09-22,0.3348,0.296,0.2843
1997-09-23,0.3397,0.3014,0.2837
1997-09-24,0.3179,0.3012,0.2834
1997-09-25,0.3035,0.2985,0.2825
1997-09-26,0.2919,0.2947,0.2816
1997-09-27,0.2822,0.2909,0.281
1997-09-28,0.2742,0.2868,0.2804
1997-09-29,0.267,0.2829,0.2795
1997-09-30,0.2603,0.279,0.2785
1997-10-01,0.2535,0.275,0.2776
1997-10-02,0.2471,0.2713,0.277
1997-10-03,0.2411,0.2675,0.2764
1997-10-04,0.2355,0.2638,0.2755
1997-10-05,0.2315,0.2606,0.2745
1997-10-06,0.2779,0.2595,0.274
1997-10-07,0.4004,0.3308,0.2743
1997-10-08,0.3742,0.3562,0.2757
1997-10-09,0.3551,0.352,0.277
1997-10-10,0.3567,0.3475,0.2781
1997-10-11,0.3603,0.3461,0.279
1997-10-12,0.3622,0.3453,0.2799
1997-10-13,0.3559,0.3445,0.2809
1997-10-14,0.3591,0.344,0.2817
1997-10-15,0.3643,0.3443,0.2825
1997-10-16,0.3713,0.3498,0.2836
1997-10-17,0.3558,0.349,0.2848
1997-10-18,0.3462,0.3453,0.2857
1997-10-19,0.3386,0.3411,0.286
1997-10-20,0.3355,0.3373,0.287
1997-10-21,0.3541,0.3359,0.2873
1997-10-22,0.3617,0.3398,0.288
1997-10-23,0.4004,0.3577,0.2891
1997-10-24,0.381,0.3741,0.2912
1997-10-25,0.3651,0.3674,0.2931
1997-10-26,0.3555,0.3604,0.2946
1997-10-27,0.3481,0.3543,0.2955
1997-10-28,0.343,0.3491,0.2962
1997-10-29,0.3377,0.3447,0.297
1997-10-30,0.3331,0.3404,0.2971
1997-10-31,0.3295,0.3366,0.298
1997-11-01,0.3265,0.3332,0.298
1997-11-02,0.3235,0.3301,0.298
1997-11-03,0.3225,0.3274,0.298
1997-11-04,0.3503,0.3275,0.2988
1997-11-05,0.4047,0.3465,0.2991
1997-11-06,0.4291,0.42,0.3179
1997-11-07,0.4135,0.4174,0.3488
1997-11-08,0.3967,0.4022,0.3547
1997-11-09,0.4045,0.4003,0.3578
1997-11-10,0.4039,0.3991,0.3606
1997-11-11,0.4159,0.4111,0.3649
1997-11-12,0.418,0.422,0.3852
1997-11-13,0.3993,0.4095,0.3896
1997-11-14,0.3895,0.4007,0.3902
1997-11-15,0.3833,0.3941,0.39
1997-11-16,0.3787,0.3887,0.3895
1997-11-17,0.3756,0.3844,0.3886
1997-11-18,0.3714,0.3805,0.3876
1997-11-19,0.4019,0.3861,0.387
1997-11-20,0.4062,0.3996,0.387
1997-11-21,0.393,0.3994,0.388
1997-11-22,0.3843,0.3943,0.388
1997-11-23,0.3813,0.3898,0.3878
1997-11-24,0.376,0.3859,0.387
1997-11-25,0.3849,0.3836,0.3865
1997-11-26,0.4004,0.3901,0.386
1997-11-27,0.3889,0.3915,0.386
1997-11-28,0.3981,0.3918,0.386
1997-11-29,0.3991,0.3977,0.386
1997-11-30,0.389,0.3949,0.387
1998-04-01,0.3803,0.334,0.332
1998-04-02,0.3818,0.3656,0.3321
1998-04-03,0.37,0.3655,0.3325
1998-04-04,0.4018,0.3968,0.334
1998-04-05,0.3943,0.3955,0.3378
1998-04-06,0.386,0.3879,0.3398
1998-04-07,0.4034,0.4008,0.342
1998-04-08,0.3936,0.3988,0.346
1998-04-09,0.3998,0.3936,0.3479
1998-04-10,0.4189,0.4196,0.354
1998-04-11,0.4085,0.4108,0.3617
1998-04-12,0.4065,0.4038,0.3653
1998-04-13,0.3998,0.4003,0.3679
1998-04-14,0.395,0.3949,0.3691
1998-04-15,0.4218,0.4197,0.3793
1998-04-16,0.4093,0.4149,0.4005
1998-04-17,0.4201,0.4174,0.4026
1998-04-18,0.4066,0.4127,0.4048
1998-04-19,0.3987,0.4053,0.4045
1998-04-20,0.396,0.3998,0.4034
1998-04-21,0.3908,0.3962,0.4018
1998-04-22,0.3762,0.3884,0.4002
1998-04-23,0.3656,0.3789,0.3982
1998-04-24,0.3569,0.371,0.3962
1998-04-25,0.3491,0.3632,0.394
1998-04-26,0.3449,0.3567,0.3919
1998-04-27,0.4188,0.4011,0.3916
1998-04-28,0.4125,0.4132,0.395
1998-04-29,0.4144,0.4122,0.3969
1998-04-30,0.4243,0.428,0.4116
1998-05-01,0.414,0.4212,0.4167
1998-05-02,0.4207,0.4252,0.4179
1998-05-03,0.4058,0.4193,0.4204
1998-05-04,0.3958,0.4053,0.4185
1998-05-05,0.3815,0.3935,0.4159
1998-05-06,0.37,0.3822,0.4128
1998-05-07,0.3582,0.372,0.4095
1998-05-08,0.3459,0.3624,0.4056
1998-05-09,0.3336,0.3533,0.4019
1998-05-10,0.3221,0.3444,0.398
1998-05-11,0.3105,0.336,0.3938
1998-05-12,0.3006,0.3286,0.3895
1998-05-13,0.2914,0.3212,0.3851
1998-05-14,0.2844,0.315,0.3807
1998-05-15,0.3134,0.3113,0.3766
1998-05-16,0.3451,0.318,0.373
1998-05-17,0.3172,0.3156,0.369
1998-05-18,0.2985,0.3107,0.365
1998-05-19,0.2846,0.3053,0.361
1998-05-20,0.275,0.2997,0.3573
1998-05-21,0.2695,0.2952,0.3536
1998-05-22,0.2633,0.291,0.3502
1998-05-23,0.2556,0.2866,0.3466
1998-05-24,0.2472,0.2817,0.343
1998-05-25,0.2425,0.2776,0.3399
1998-05-26,0.2447,0.2746,0.3368
1998-05-27,0.3036,0.2805,0.3342
1998-05-28,0.4212,0.4137,0.3405
1998-05-29,0.4013,0.4071,0.3547
1998-05-30,0.3929,0.3967,0.3569
1998-05-31,0.4183,0.4174,0.3671
1998-06-01,0.3944,0.4072,0.3786
1998-06-02,0.378,0.3925,0.3785
1998-06-03,0.3834,0.3847,0.3776
1998-06-04,0.3892,0.3836,0.3762
1998-06-05,0.364,0.376,0.3741
1998-06-06,0.3644,0.3674,0.372
1998-06-07,0.3905,0.3724,0.3706
1998-06-08,0.3695,0.3731,0.369
1998-06-09,0.351,0.3649,0.3669
1998-06-10,0.3814,0.3713,0.365
1998-06-11,0.378,0.3807,0.3645
1998-06-12,0.3724,0.3749,0.3635
1998-06-13,0.3595,0.3688,0.362
1998-06-14,0.353,0.3623,0.3603
1998-06-15,0.3473,0.3559,0.3582
1998-06-16,0.3363,0.3487,0.3561
1998-06-17,0.3213,0.3401,0.3535
1998-06-18,0.3083,0.331,0.3506
1998-06-19,0.296,0.322,0.3475
1998-06-20,0.2837,0.313,0.3443
1998-06-21,0.2703,0.304,0.3406
1998-06-22,0.2687,0.2968,0.3376
1998-06-23,0.2672,0.2914,0.3347
1998-06-24,0.2547,0.2849,0.3315
1998-06-25,0.3082,0.2915,0.3288
1998-06-26,0.4089,0.3747,0.3282
1998-06-27,0.4067,0.4073,0.3328
1998-06-28,0.3881,0.3974,0.3368
1998-06-29,0.3654,0.3806,0.3374
1998-06-30,0.3513,0.367,0.3362
1998-07-01,0.3787,0.3642,0.3348
1998-07-02,0.4061,0.3995,0.3362
1998-07-03,0.4109,0.4152,0.3501
1998-07-04,0.3886,0.4009,0.3546
1998-07-05,0.3668,0.384,0.3546
1998-07-06,0.35,0.3699,0.3531
1998-07-07,0.3799,0.3705,0.352
1998-07-08,0.381,0.3826,0.352
1998-07-09,0.3603,0.3728,0.3512
1998-07-10,0.3455,0.3624,0.3496
1998-07-11,0.3354,0.3531,0.348
1998-07-12,0.3223,0.3433,0.3457
1998-07-13,0.3229,0.3345,0.3434
1998-07-14,0.3267,0.3294,0.3412
1998-07-15,0.3083,0.3226,0.339
1998-07-16,0.2951,0.3153,0.3363
1998-07-17,0.2833,0.3078,0.3338
1998-07-18,0.2717,0.3004,0.331
1998-07-19,0.2597,0.2927,0.328
1998-07-20,0.2462,0.2847,0.3249
1998-07-21,0.2339,0.277,0.3218
1998-07-22,0.2278,0.2706,0.319
1998-07-23,0.2198,0.2646,0.3161
1998-07-24,0.2116,0.259,0.3134
1998-07-25,0.2048,0.2535,0.3105
1998-07-26,0.2084,0.2488,0.308
1998-07-27,0.37,0.2797,0.306
1998-07-28,0.3541,0.3216,0.3055
1998-07-29,0.3259,0.3188,0.3041
1998-07-30,0.3082,0.3123,0.3025
1998-07-31,0.3151,0.3081,0.3015
1998-08-01,0.3887,0.3343,0.301
1998-08-02,0.4053,0.3767,0.3024
1998-08-03,0.3931,0.3852,0.3052
1998-08-04,0.3811,0.3787,0.307
1998-08-05,0.3575,0.3667,0.3078
1998-08-06,0.3383,0.3542,0.3075
1998-08-07,0.3222,0.3422,0.3065
1998-08-08,0.3085,0.3311,0.305
1998-08-09,0.2945,0.3208,0.3031
1998-08-10,0.2817,0.3109,0.3013
1998-08-11,0.2705,0.302,0.2995
1998-08-12,0.275,0.2939,0.2979
1998-08-13,0.3131,0.2908,0.2965
1998-08-14,0.2985,0.2879,0.295
1998-08-15,0.279,0.2827,0.2931
1998-08-16,0.2687,0.278,0.2915
1998-08-17,0.2687,0.2735,0.29
1998-08-18,0.2913,0.2707,0.2885
1998-08-19,0.3032,0.2705,0.2875
1998-08-20,0.2815,0.2677,0.286
1998-08-21,0.2661,0.2646,0.2845
1998-08-22,0.2609,0.2625,0.2836
1998-08-23,0.2652,0.2612,0.2827
1998-08-24,0.2589,0.2585,0.2816
1998-08-25,0.2536,0.2558,0.2806
1998-08-26,0.2415,0.2522,0.2792
1998-08-27,0.2315,0.2487,0.2776
1998-08-28,0.2238,0.2457,0.2766
1998-08-29,0.2166,0.2426,0.2755
1998-08-30,0.2097,0.2392,0.2741
1998-08-31,0.2035,0.2356,0.2726
1998-09-01,0.1983,0.2325,0.2715
1998-09-02,0.1927,0.2294,0.2701
1998-09-03,0.285,0.2288,0.2686
1998-09-04,0.3177,0.2404,0.268
1998-09-05,0.3802,0.3462,0.268
1998-09-06,0.3478,0.3429,0.2687
1998-09-07,0.3607,0.3389,0.269
1998-09-08,0.3719,0.3493,0.27
1998-09-09,0.3478,0.3448,0.271
1998-09-10,0.3463,0.338,0.271
1998-09-11,0.4119,0.3837,0.273
1998-09-12,0.3932,0.3867,0.2773
1998-09-13,0.3933,0.3811,0.2807
1998-09-14,0.3753,0.3736,0.2832
1998-09-15,0.3626,0.3646,0.2849
1998-09-16,0.3637,0.3582,0.2862
1998-09-17,0.3581,0.3542,0.287
1998-09-18,0.344,0.3478,0.288
1998-09-19,0.3316,0.3403,0.288
1998-09-20,0.3217,0.3331,0.2878
1998-09-21,0.3139,0.3267,0.2875
1998-09-22,0.3065,0.3206,0.287
1998-09-23,0.3014,0.3151,0.2866
1998-09-24,0.347,0.3148,0.2862
1998-09-25,0.3419,0.3188,0.2865
1998-09-26,0.3795,0.3397,0.2868
1998-09-27,0.4203,0.4131,0.2934
1998-09-28,0.4058,0.403,0.3024
1998-09-29,0.3958,0.3918,0.3074
1998-09-30,0.4216,0.4186,0.3168
1998-10-01,0.4145,0.4082,0.3282
1998-10-02,0.4227,0.4188,0.3377
1998-10-03,0.4109,0.4146,0.3516
1998-10-04,0.4013,0.402,0.3567
1998-10-05,0.3918,0.3965,0.3599
1998-10-06,0.4139,0.409,0.3631
1998-10-07,0.399,0.4067,0.3687
1998-10-08,0.3913,0.3976,0.3714
1998-10-09,0.3818,0.3908,0.3727
1998-10-10,0.3779,0.3848,0.373
1998-10-11,0.3826,0.3827,0.373
1998-10-12,0.3758,0.3799,0.373
1998-10-13,0.3673,0.3761,0.3726
1998-10-14,0.36,0.3713,0.372
1998-10-15,0.3551,0.3667,0.3714
1998-10-16,0.3508,0.3624,0.3705
1998-10-17,0.3554,0.3595,0.37
1998-10-18,0.3849,0.365,0.3691
1998-10-19,0.3669,0.3671,0.369
1998-10-20,0.3592,0.365,0.3684
1998-10-21,0.3532,0.3618,0.3677
1998-10-22,0.3491,0.3588,0.367
1998-10-23,0.3463,0.3559,0.3665
1998-10-24,0.3476,0.353,0.3659
1998-10-25,0.3715,0.3545,0.365
1998-10-26,0.3633,0.3566,0.3645
1998-10-27,0.3599,0.3566,0.364
1998-10-28,0.351,0.3551,0.3634
1998-10-29,0.3594,0.3542,0.363
1998-10-30,0.3616,0.3561,0.3625
1998-10-31,0.3562,0.3557,0.362
1998-11-01,0.3639,0.3558,0.362
1998-11-02,0.367,0.3589,0.3615
1998-11-03,0.3823,0.3632,0.361
1998-11-04,0.3794,0.3686,0.361
1998-11-05,0.3675,0.369,0.3615
1998-11-06,0.3599,0.3665,0.3615
1998-11-07,0.355,0.3636,0.361
1998-11-08,0.3515,0.3606,0.361
1998-11-09,0.3528,0.358,0.3605
1998-11-10,0.4032,0.3733,0.3604
1998-11-11,0.3885,0.3868,0.3617
1998-11-12,0.3829,0.3836,0.3628
1998-11-13,0.3822,0.3818,0.3638
1998-11-14,0.4045,0.3887,0.3647
1998-11-15,0.3895,0.3903,0.3663
1998-11-16,0.3815,0.3864,0.3673
1998-11-17,0.374,0.3821,0.368
1998-11-18,0.3687,0.378,0.3681
1998-11-19,0.3647,0.3744,0.369
1998-11-20,0.3615,0.3713,0.369
1998-11-21,0.3595,0.3688,0.3683
1998-11-22,0.3581,0.3668,0.368
1998-11-23,0.3574,0.365,0.368
1998-11-24,0.3562,0.3635,0.368
1998-11-25,0.3685,0.3628,0.368
1998-11-26,0.3792,0.3676,0.368
1998-11-27,0.3875,0.3715,0.368
1998-11-28,0.3868,0.3798,0.368
1998-11-29,0.4128,0.3953,0.3691
1998-11-30,0.3946,0.3984,0.3715
1999-04-01,0.3652,0.379,0.3824
1999-04-02,0.3722,0.3736,0.3805
1999-04-03,0.3805,0.3754,0.3794
1999-04-04,0.3734,0.3748,0.3777
1999-04-05,0.3614,0.3707,0.3761
1999-04-06,0.3525,0.3649,0.374
1999-04-07,0.3587,0.3604,0.3723
1999-04-08,0.3792,0.363,0.3706
1999-04-09,0.3707,0.366,0.3692
1999-04-10,0.3574,0.363,0.3673
1999-04-11,0.3545,0.3591,0.3655
1999-04-12,0.3667,0.3581,0.3642
1999-04-13,0.386,0.3665,0.3629
1999-04-14,0.3783,0.3689,0.3618
1999-04-15,0.407,0.395,0.362
1999-04-16,0.3999,0.3942,0.363
1999-04-17,0.3967,0.3936,0.364
1999-04-18,0.39,0.389,0.364
1999-04-19,0.3891,0.3864,0.364
1999-04-20,0.408,0.3924,0.3644
1999-04-21,0.4181,0.4064,0.3665
1999-04-22,0.4068,0.4089,0.3698
1999-04-23,0.4089,0.4083,0.3731
1999-04-24,0.3945,0.4039,0.3758
1999-04-25,0.3779,0.392,0.3762
1999-04-26,0.3999,0.39,0.376
1999-04-27,0.4098,0.4002,0.3763
1999-04-28,0.3978,0.4028,0.378
1999-04-29,0.3834,0.3933,0.3786
1999-04-30,0.3763,0.3852,0.3776
1999-05-01,0.3734,0.3788,0.3764
1999-05-02,0.3628,0.3727,0.3746
1999-05-03,0.3845,0.3729,0.3733
1999-05-04,0.4271,0.4212,0.3782
1999-05-05,0.4152,0.4236,0.3972
1999-05-06,0.3983,0.4135,0.405
1999-05-07,0.3875,0.4004,0.4045
1999-05-08,0.4227,0.422,0.4078
1999-05-09,0.396,0.4129,0.414
1999-05-10,0.3799,0.3965,0.4118
1999-05-11,0.3698,0.3839,0.409
1999-05-12,0.3792,0.3768,0.4063
1999-05-13,0.3703,0.3716,0.4037
1999-05-14,0.4002,0.3839,0.4015
1999-05-15,0.4034,0.4003,0.4007
1999-05-16,0.3805,0.394,0.3995
1999-05-17,0.4005,0.395,0.398
1999-05-18,0.4132,0.4212,0.406
1999-05-19,0.4088,0.4111,0.409
1999-05-20,0.4109,0.4154,0.4092
1999-05-21,0.4245,0.4256,0.4129
1999-05-22,0.4001,0.4145,0.4152
1999-05-23,0.3856,0.4002,0.4132
1999-05-24,0.3708,0.3864,0.4106
1999-05-25,0.3656,0.3754,0.4076
1999-05-26,0.3559,0.3669,0.4045
1999-05-27,0.3418,0.3573,0.4007
1999-05-28,0.3424,0.3498,0.397
1999-05-29,0.3241,0.3414,0.3929
1999-05-30,0.31,0.333,0.3884
1999-05-31,0.3027,0.3265,0.3843
1999-06-01,0.2948,0.32,0.38
1999-06-02,0.2987,0.3138,0.3757
1999-06-03,0.3242,0.3114,0.3717
1999-06-04,0.3513,0.3162,0.3681
1999-06-05,0.362,0.3278,0.3649
1999-06-06,0.417,0.4204,0.3716
1999-06-07,0.4012,0.4047,0.3764
1999-06-08,0.3978,0.4036,0.3773
1999-06-09,0.3736,0.3895,0.3763
1999-06-10,0.37,0.3796,0.3746
1999-06-11,0.3595,0.3722,0.3728
1999-06-12,0.3452,0.3627,0.37
1999-06-13,0.3339,0.3532,0.3673
1999-06-14,0.3312,0.345,0.3644
1999-06-15,0.3432,0.3412,0.3622
1999-06-16,0.3367,0.3379,0.3597
1999-06-17,0.3195,0.3315,0.3566
1999-06-18,0.3042,0.3238,0.3534
1999-06-19,0.2911,0.316,0.3498
1999-06-20,0.2802,0.3088,0.3465
1999-06-21,0.2826,0.3037,0.3438
1999-06-22,0.278,0.2992,0.3409
1999-06-23,0.2668,0.2932,0.3377
1999-06-24,0.2555,0.2868,0.3342
1999-06-25,0.2462,0.2805,0.3307
1999-06-26,0.2505,0.2755,0.3277
1999-06-27,0.2833,0.2728,0.325
1999-06-28,0.3126,0.2743,0.3225
1999-06-29,0.31,0.2738,0.3199
1999-06-30,0.3208,0.277,0.3175
1999-07-01,0.2933,0.2753,0.3148
1999-07-02,0.2717,0.2707,0.3117
1999-07-03,0.2528,0.2654,0.3087
1999-07-04,0.2362,0.2595,0.3056
1999-07-05,0.3092,0.266,0.3035
1999-07-06,0.3698,0.3124,0.3025
1999-07-07,0.3521,0.3183,0.3014
1999-07-08,0.3326,0.3176,0.3
1999-07-09,0.3111,0.3124,0.2985
1999-07-10,0.2967,0.3063,0.297
1999-07-11,0.3347,0.3117,0.296
1999-07-12,0.3558,0.333,0.2955
1999-07-13,0.355,0.3299,0.2945
1999-07-14,0.3639,0.3361,0.2936
1999-07-15,0.336,0.332,0.2927
1999-07-16,0.3186,0.325,0.2919
1999-07-17,0.3012,0.3164,0.2905
1999-07-18,0.2842,0.3068,0.289
1999-07-19,0.2729,0.2985,0.2872
1999-07-20,0.2627,0.291,0.2855
1999-07-21,0.2598,0.2846,0.2842
1999-07-22,0.254,0.2789,0.2826
1999-07-23,0.2459,0.2735,0.2815
1999-07-24,0.238,0.2682,0.28
1999-07-25,0.228,0.2621,0.2781
1999-07-26,0.2182,0.2557,0.2761
1999-07-27,0.2093,0.2496,0.2743
1999-07-28,0.2077,0.2448,0.2726
1999-07-29,0.2345,0.2419,0.2716
1999-07-30,0.2753,0.2411,0.2705
1999-07-31,0.2568,0.2387,0.2691
1999-08-01,0.2542,0.2359,0.2675
1999-08-02,0.3003,0.236,0.2665
1999-08-03,0.3433,0.2463,0.2655
1999-08-04,0.3494,0.265,0.2647
1999-08-05,0.3219,0.27,0.264
1999-08-06,0.3325,0.2728,0.2635
1999-08-07,0.3573,0.2949,0.2625
1999-08-08,0.4072,0.3587,0.2628
1999-08-09,0.4088,0.3918,0.2673
1999-08-10,0.4033,0.4082,0.282
1999-08-11,0.3767,0.3851,0.2875
1999-08-12,0.3663,0.3712,0.2897
1999-08-13,0.3535,0.3605,0.2904
1999-08-14,0.3364,0.3493,0.2905
1999-08-15,0.322,0.3385,0.29
1999-08-16,0.3798,0.366,0.2906
1999-08-17,0.3875,0.396,0.2962
1999-08-18,0.3789,0.381,0.2994
1999-08-19,0.3876,0.3737,0.3011
1999-08-20,0.399,0.3946,0.3038
1999-08-21,0.37,0.3798,0.306
1999-08-22,0.3515,0.3657,0.3068
1999-08-23,0.3436,0.3545,0.3066
1999-08-24,0.3385,0.3463,0.3065
1999-08-25,0.323,0.3372,0.3055
1999-08-26,0.3389,0.3312,0.305
1999-08-27,0.3493,0.3325,0.3045
1999-08-28,0.3389,0.3295,0.3036
1999-08-29,0.3304,0.3261,0.3027
1999-08-30,0.3136,0.3206,0.3017
1999-08-31,0.3005,0.3143,0.3006
1999-09-01,0.2885,0.3078,0.2995
1999-09-02,0.2778,0.3011,0.2981
1999-09-03,0.3102,0.2975,0.297
1999-09-04,0.3261,0.2995,0.2965
1999-09-05,0.3094,0.2976,0.2955
1999-09-06,0.3037,0.296,0.2946
1999-09-07,0.2994,0.2937,0.2937
1999-09-08,0.2877,0.2902,0.2926
1999-09-09,0.2767,0.286,0.2915
1999-09-10,0.2663,0.2813,0.2905
1999-09-11,0.2568,0.2766,0.289
1999-09-12,0.2487,0.2719,0.2875
1999-09-13,0.2417,0.2672,0.2864
1999-09-14,0.2366,0.2633,0.285
1999-09-15,0.2413,0.2613,0.2844
1999-09-16,0.2429,0.2593,0.2836
1999-09-17,0.2555,0.2569,0.2827
1999-09-18,0.2793,0.2559,0.2817
1999-09-19,0.3581,0.294,0.2812
1999-09-20,0.4073,0.4149,0.315
1999-09-21,0.3859,0.3935,0.3219
1999-09-22,0.3867,0.3837,0.3243
1999-09-23,0.4037,0.3879,0.3267
1999-09-24,0.3875,0.3863,0.3291
1999-09-25,0.4104,0.4017,0.3346
1999-09-26,0.4158,0.4216,0.3672
1999-09-27,0.4013,0.4056,0.3733
1999-09-28,0.4081,0.413,0.3772
1999-09-29,0.3899,0.4009,0.3798
1999-09-30,0.3972,0.4027,0.3806
1999-10-01,0.39,0.4008,0.3827
1999-10-02,0.387,0.3928,0.383
1999-10-03,0.421,0.4145,0.3853
1999-10-04,0.3974,0.4092,0.3898
1999-10-05,0.3858,0.3988,0.3906
1999-10-06,0.3767,0.3904,0.39
1999-10-07,0.3694,0.3828,0.3888
1999-10-08,0.3627,0.3761,0.3875
1999-10-09,0.3575,0.3702,0.3864
1999-10-10,0.3525,0.3652,0.3847
1999-10-11,0.3481,0.3604,0.3835
1999-10-12,0.3439,0.3561,0.3818
1999-10-13,0.4022,0.3702,0.381
1999-10-14,0.3929,0.391,0.381
1999-10-15,0.3813,0.3876,0.381
1999-10-16,0.3737,0.3833,0.3807
1999-10-17,0.3685,0.3782,0.38
1999-10-18,0.4099,0.3958,0.3804
1999-10-19,0.4277,0.4246,0.3872
1999-10-20,0.4267,0.4265,0.3991
1999-10-21,0.4205,0.4236,0.4331
1999-10-22,0.4084,0.4067,0.4281
1999-10-23,0.4162,0.4231,0.4335
1999-10-24,0.4228,0.4214,0.4307
1999-10-25,0.4202,0.4214,0.436
1999-10-26,0.3963,0.4002,0.4299
1999-10-27,0.3805,0.3867,0.4245
1999-10-28,0.3703,0.3775,0.42
1999-10-29,0.3631,0.3711,0.4161
1999-10-30,0.3575,0.3659,0.4125
1999-10-31,0.3547,0.362,0.409
1999-11-01,0.351,0.3589,0.4056
1999-11-02,0.3829,0.3656,0.4025
1999-11-03,0.4174,0.4235,0.4052
1999-11-04,0.396,0.4107,0.4078
1999-11-05,0.3875,0.4014,0.4066
1999-11-06,0.4085,0.4019,0.4054
1999-11-07,0.3954,0.4044,0.4045
1999-11-08,0.3856,0.3977,0.4034
1999-11-09,0.3818,0.3915,0.4017
1999-11-10,0.3853,0.3878,0.4003
1999-11-11,0.3879,0.3865,0.3985
1999-11-12,0.4067,0.3927,0.397
1999-11-13,0.4228,0.4214,0.399
1999-11-14,0.4211,0.4235,0.4042
1999-11-15,0.4006,0.413,0.407
1999-11-16,0.3913,0.4039,0.4064
1999-11-17,0.3852,0.3964,0.405
1999-11-18,0.3914,0.3927,0.4034
1999-11-19,0.3984,0.4037,0.4026
1999-11-20,0.3872,0.3976,0.4018
1999-11-21,0.3814,0.3917,0.4005
1999-11-22,0.3773,0.3869,0.399
1999-11-23,0.3838,0.3837,0.3973
1999-11-24,0.3931,0.386,0.3955
1999-11-25,0.392,0.3882,0.3943
1999-11-26,0.3995,0.3909,0.3929
1999-11-27,0.4056,0.3984,0.392
1999-11-28,0.4039,0.4019,0.392
1999-11-29,0.4019,0.4024,0.3915
1999-11-30,0.3952,0.3994,0.391
2000-04-01,0.4012,0.4005,0.3422
2000-04-02,0.3884,0.3915,0.3446
2000-04-03,0.4108,0.3993,0.3465
2000-04-04,0.4235,0.4243,0.3621
2000-04-05,0.4113,0.4124,0.3764
2000-04-06,0.3987,0.4059,0.38
2000-04-07,0.3844,0.3962,0.3812
2000-04-08,0.3738,0.3873,0.3811
2000-04-09,0.3819,0.382,0.381
2000-04-10,0.3973,0.3877,0.381
2000-04-11,0.3979,0.3918,0.381
2000-04-12,0.3938,0.3964,0.3819
2000-04-13,0.4071,0.3973,0.3821
2000-04-14,0.3966,0.3985,0.383
2000-04-15,0.4093,0.4147,0.3878
2000-04-16,0.4082,0.4088,0.3909
2000-04-17,0.4139,0.4222,0.4046
2000-04-18,0.3992,0.4085,0.4062
2000-04-19,0.3904,0.3994,0.4048
2000-04-20,0.3758,0.3893,0.403
2000-04-21,0.3663,0.3795,0.4007
2000-04-22,0.3563,0.371,0.3982
2000-04-23,0.4007,0.3933,0.3973
2000-04-24,0.3997,0.413,0.4007
2000-04-25,0.3827,0.3991,0.4001
2000-04-26,0.3696,0.3871,0.3983
2000-04-27,0.3703,0.3773,0.3965
2000-04-28,0.4238,0.4145,0.3985
2000-04-29,0.4017,0.4149,0.4062
2000-04-30,0.3855,0.4016,0.4059
2000-05-01,0.382,0.3897,0.4038
2000-05-02,0.398,0.3899,0.4017
2000-05-03,0.4,0.399,0.4006
2000-05-04,0.3826,0.3926,0.3991
2000-05-05,0.3721,0.3826,0.3971
2000-05-06,0.3751,0.3759,0.3955
2000-05-07,0.3912,0.377,0.3942
2000-05-08,0.3873,0.3835,0.3926
2000-05-09,0.3851,0.3797,0.3915
2000-05-10,0.4207,0.4106,0.3916
2000-05-11,0.4158,0.4225,0.3985
2000-05-12,0.3997,0.407,0.4006
2000-05-13,0.4083,0.407,0.4001
2000-05-14,0.3961,0.4072,0.4007
2000-05-15,0.3798,0.3952,0.3995
2000-05-16,0.3641,0.3823,0.3971
2000-05-17,0.3952,0.3838,0.3954
2000-05-18,0.3953,0.4006,0.3955
2000-05-19,0.3756,0.3906,0.3945
2000-05-20,0.364,0.3805,0.3926
2000-05-21,0.3534,0.3706,0.3909
2000-05-22,0.345,0.3616,0.3882
2000-05-23,0.3342,0.353,0.3857
2000-05-24,0.3235,0.3442,0.3827
2000-05-25,0.321,0.338,0.38
2000-05-26,0.3191,0.3331,0.3774
2000-05-27,0.3858,0.3515,0.3747
2000-05-28,0.3734,0.3606,0.3729
2000-05-29,0.3647,0.3613,0.3713
2000-05-30,0.3526,0.3567,0.3695
2000-05-31,0.348,0.3527,0.3676
2000-06-01,0.3364,0.347,0.3655
2000-06-02,0.3198,0.338,0.3624
2000-06-03,0.305,0.3287,0.3588
2000-06-04,0.2918,0.3195,0.3555
2000-06-05,0.2935,0.3118,0.3521
2000-06-06,0.3493,0.314,0.3497
2000-06-07,0.3275,0.3155,0.3474
2000-06-08,0.3075,0.3112,0.3445
2000-06-09,0.2919,0.3055,0.3415
2000-06-10,0.3386,0.316,0.3393
2000-06-11,0.422,0.42,0.3527
2000-06-12,0.3939,0.4048,0.3598
2000-06-13,0.3819,0.3907,0.361
2000-06-14,0.4003,0.3882,0.361
2000-06-15,0.3822,0.3875,0.3612
2000-06-16,0.3589,0.375,0.3599
2000-06-17,0.3402,0.3621,0.3574
2000-06-18,0.3251,0.3499,0.3546
2000-06-19,0.3111,0.3382,0.3516
2000-06-20,0.2965,0.327,0.3485
2000-06-21,0.2825,0.3162,0.3451
2000-06-22,0.3258,0.315,0.3424
2000-06-23,0.3657,0.3394,0.3403
2000-06-24,0.3381,0.3364,0.3384
2000-06-25,0.3245,0.3312,0.3365
2000-06-26,0.3103,0.3246,0.3343
2000-06-27,0.2995,0.3165,0.3319
2000-06-28,0.2971,0.3104,0.3292
2000-06-29,0.2845,0.3042,0.327
2000-06-30,0.272,0.2972,0.3246
2000-07-01,0.2641,0.2905,0.322
2000-07-02,0.2553,0.2838,0.3194
2000-07-03,0.2721,0.279,0.3169
2000-07-04,0.3598,0.2912,0.3151
2000-07-05,0.3202,0.2944,0.313
2000-07-06,0.2955,0.2902,0.3106
2000-07-07,0.273,0.2838,0.308
2000-07-08,0.2657,0.2789,0.306
2000-07-09,0.2595,0.2755,0.3045
2000-07-10,0.3091,0.2756,0.3034
2000-07-11,0.3447,0.285,0.3026
2000-07-12,0.3351,0.2907,0.3016
2000-07-13,0.3164,0.292,0.3005
2000-07-14,0.315,0.2923,0.3
2000-07-15,0.3175,0.2933,0.299
2000-07-16,0.3088,0.2922,0.2977
2000-07-17,0.2941,0.2895,0.2965
2000-07-18,0.278,0.2846,0.2949
2000-07-19,0.2635,0.2787,0.293
2000-07-20,0.25,0.2728,0.291
2000-07-21,0.2376,0.2665,0.289
2000-07-22,0.2269,0.2604,0.287
2000-07-23,0.2214,0.255,0.285
2000-07-24,0.3341,0.2568,0.2837
2000-07-25,0.3502,0.2707,0.2826
2000-07-26,0.3526,0.3078,0.2816
2000-07-27,0.3225,0.3067,0.2806
2000-07-28,0.3291,0.3038,0.2796
2000-07-29,0.3066,0.2999,0.2786
2000-07-30,0.2895,0.2945,0.2775
2000-07-31,0.2734,0.2879,0.2762
2000-08-01,0.2584,0.2808,0.2745
2000-08-02,0.3177,0.285,0.2735
2000-08-03,0.37,0.3178,0.2737
2000-08-04,0.3455,0.3218,0.2735
2000-08-05,0.356,0.322,0.273
2000-08-06,0.368,0.3349,0.274
2000-08-07,0.3425,0.3327,0.2737
2000-08-08,0.3227,0.3257,0.2735
2000-08-09,0.3075,0.318,0.2726
2000-08-10,0.2942,0.3098,0.272
2000-08-11,0.2807,0.3015,0.271
2000-08-12,0.2858,0.2949,0.27
2000-08-13,0.3132,0.2915,0.2695
2000-08-14,0.3263,0.2919,0.2685
2000-08-15,0.3031,0.2889,0.2676
2000-08-16,0.2842,0.2837,0.2665
2000-08-17,0.36,0.2973,0.266
2000-08-18,0.3813,0.3364,0.266
2000-08-19,0.3393,0.3342,0.2656
2000-08-20,0.315,0.3246,0.2654
2000-08-21,0.3456,0.3363,0.2652
2000-08-22,0.3758,0.377,0.2678
2000-08-23,0.3542,0.3626,0.2698
2000-08-24,0.3368,0.3495,0.2702
2000-08-25,0.3225,0.3381,0.2705
2000-08-26,0.3093,0.3274,0.2702
2000-08-27,0.3225,0.3198,0.2698
2000-08-28,0.3075,0.3139,0.2695
2000-08-29,0.2939,0.3071,0.2686
2000-08-30,0.3273,0.3045,0.268
2000-08-31,0.401,0.3793,0.27
2000-09-01,0.3787,0.3773,0.2733
2000-09-02,0.3586,0.3648,0.2751
2000-09-03,0.3508,0.3553,0.2763
2000-09-04,0.3417,0.3475,0.277
2000-09-05,0.3292,0.3393,0.2775
2000-09-06,0.3178,0.331,0.2775
2000-09-07,0.3091,0.3238,0.277
2000-09-08,0.2998,0.3167,0.2766
2000-09-09,0.2902,0.3095,0.2762
2000-09-10,0.2814,0.3026,0.2755
2000-09-11,0.2729,0.296,0.2745
2000-09-12,0.2767,0.29,0.2735
2000-09-13,0.328,0.2894,0.273
2000-09-14,0.3118,0.2895,0.2725
2000-09-15,0.2952,0.2867,0.2715
2000-09-16,0.2838,0.2832,0.2708
2000-09-17,0.2733,0.2796,0.2703
2000-09-18,0.2638,0.2758,0.2695
2000-09-19,0.3087,0.2838,0.269
2000-09-20,0.426,0.4264,0.3055
2000-09-21,0.3958,0.4055,0.3277
2000-09-22,0.377,0.3885,0.331
2000-09-23,0.3642,0.3765,0.332
2000-09-24,0.3531,0.3666,0.3324
2000-09-25,0.3481,0.3593,0.3323
2000-09-26,0.3426,0.3533,0.3322
2000-09-27,0.3511,0.3488,0.332
2000-09-28,0.3673,0.3502,0.332
2000-09-29,0.4147,0.3971,0.3423
2000-09-30,0.4017,0.4143,0.3729
2000-10-01,0.3866,0.3995,0.3759
2000-10-02,0.3907,0.3919,0.3769
2000-10-03,0.3832,0.389,0.377
2000-10-04,0.3718,0.3832,0.377
2000-10-05,0.3659,0.3773,0.3764
2000-10-06,0.3623,0.3724,0.3755
2000-10-07,0.3556,0.3678,0.3745
2000-10-08,0.3505,0.3631,0.3736
2000-10-09,0.3464,0.3586,0.3725
2000-10-10,0.379,0.3604,0.3715
2000-10-11,0.4054,0.3871,0.3714
2000-10-12,0.4115,0.4084,0.3747
2000-10-13,0.4268,0.4308,0.3994
2000-10-14,0.426,0.4307,0.4255
2000-10-15,0.4215,0.4249,0.4346
2000-10-16,0.4126,0.4088,0.43
2000-10-17,0.3985,0.4001,0.4247
2000-10-18,0.3828,0.3897,0.4203
2000-10-19,0.3722,0.3807,0.4163
2000-10-20,0.3704,0.3745,0.4127
2000-10-21,0.3706,0.3715,0.4097
2000-10-22,0.3611,0.3675,0.4069
2000-10-23,0.3549,0.3635,0.4041
2000-10-24,0.351,0.3599,0.4018
2000-10-25,0.3471,0.3567,0.3993
2000-10-26,0.3651,0.356,0.3973
2000-10-27,0.3595,0.3575,0.3955
2000-10-28,0.3509,0.3555,0.3935
2000-10-29,0.3577,0.3542,0.3919
2000-10-30,0.374,0.357,0.3906
2000-10-31,0.4142,0.4037,0.3914
2000-11-01,0.3926,0.4026,0.3936
2000-11-02,0.3924,0.3968,0.394
2000-11-03,0.4024,0.4005,0.394
2000-11-04,0.3957,0.3978,0.3945
2000-11-05,0.3967,0.3973,0.3946
2000-11-06,0.4157,0.4253,0.4106
2000-11-07,0.399,0.4108,0.4146
2000-11-08,0.4016,0.403,0.4134
2000-11-09,0.4072,0.4065,0.4121
2000-11-10,0.3974,0.4031,0.4112
2000-11-11,0.3867,0.3964,0.4098
2000-11-12,0.4034,0.3996,0.4087
2000-11-13,0.4263,0.4296,0.4208
2000-11-14,0.4193,0.4252,0.4306
2000-11-15,0.396,0.4061,0.4272
2000-11-16,0.3844,0.3923,0.4233
2000-11-17,0.3768,0.3833,0.4196
2000-11-18,0.372,0.3771,0.4164
2000-11-19,0.3913,0.3774,0.4135
2000-11-20,0.3995,0.3888,0.4115
2000-11-21,0.3907,0.3899,0.4096
2000-11-22,0.4009,0.3904,0.4079
2000-11-23,0.4271,0.4247,0.4179
2000-11-24,0.4018,0.4098,0.4307
2000-11-25,0.3911,0.394,0.4262
2000-11-26,0.3945,0.3888,0.4223
2000-11-27,0.3846,0.3843,0.4187
2000-11-28,0.38,0.3805,0.4152
2000-11-29,0.3751,0.3768,0.4115
2000-11-30,0.38,0.3751,0.4081
2001-04-01,0.362,0.3762,0.377
2001-04-02,0.3537,0.3691,0.3735
2001-04-03,0.3534,0.3636,0.3703
2001-04-04,0.3814,0.3657,0.3677
2001-04-05,0.3813,0.3771,0.3653
2001-04-06,0.3765,0.3738,0.3629
2001-04-07,0.4035,0.3975,0.362
2001-04-08,0.3994,0.3956,0.362
2001-04-09,0.39,0.3918,0.362
2001-04-10,0.3843,0.3867,0.3612
2001-04-11,0.3958,0.3862,0.3601
2001-04-12,0.3885,0.387,0.3597
2001-04-13,0.3735,0.3814,0.3586
2001-04-14,0.3618,0.374,0.357
2001-04-15,0.3557,0.3674,0.3551
2001-04-16,0.3718,0.3649,0.3535
2001-04-17,0.3666,0.365,0.3517
2001-04-18,0.3551,0.3611,0.3498
2001-04-19,0.3622,0.3582,0.348
2001-04-20,0.3669,0.3587,0.3465
2001-04-21,0.3654,0.3578,0.3447
2001-04-22,0.3643,0.3573,0.3432
2001-04-23,0.3864,0.3606,0.3417
2001-04-24,0.3886,0.3692,0.3406
2001-04-25,0.4044,0.3877,0.3405
2001-04-26,0.3828,0.3896,0.3416
2001-04-27,0.3758,0.3788,0.3415
2001-04-28,0.3742,0.3737,0.3405
2001-04-29,0.3666,0.3677,0.3395
2001-04-30,0.379,0.3658,0.3383
2001-05-01,0.4088,0.3956,0.3389
2001-05-02,0.4292,0.4227,0.3463
2001-05-03,0.4083,0.4171,0.3693
2001-05-04,0.4075,0.4046,0.3724
2001-05-05,0.4117,0.4195,0.3807
2001-05-06,0.3928,0.4047,0.3848
2001-05-07,0.3842,0.3959,0.385
2001-05-08,0.3751,0.3882,0.3845
2001-05-09,0.3671,0.38,0.3829
2001-05-10,0.366,0.3733,0.381
2001-05-11,0.3657,0.3686,0.3789
2001-05-12,0.3488,0.3613,0.376
2001-05-13,0.335,0.3523,0.3729
2001-05-14,0.3315,0.3452,0.3701
2001-05-15,0.3855,0.3501,0.368
2001-05-16,0.3899,0.3676,0.3665
2001-05-17,0.4115,0.3956,0.3663
2001-05-18,0.3924,0.4022,0.3684
2001-05-19,0.3726,0.3881,0.3682
2001-05-20,0.3606,0.3765,0.3665
2001-05-21,0.393,0.3759,0.3646
2001-05-22,0.4042,0.3947,0.3644
2001-05-23,0.4007,0.4068,0.3679
2001-05-24,0.3993,0.4027,0.3693
2001-05-25,0.3927,0.4012,0.3712
2001-05-26,0.3759,0.3891,0.371
2001-05-27,0.3607,0.3774,0.3692
2001-05-28,0.3467,0.366,0.3667
2001-05-29,0.3321,0.3545,0.3637
2001-05-30,0.319,0.3434,0.3605
2001-05-31,0.3343,0.3356,0.3578
2001-06-01,0.3375,0.3329,0.355
2001-06-02,0.3189,0.3275,0.352
2001-06-03,0.3164,0.3228,0.3495
2001-06-04,0.3041,0.3172,0.3466
2001-06-05,0.2913,0.3103,0.3435
2001-06-06,0.2892,0.3049,0.3407
2001-06-07,0.28,0.2995,0.3377
2001-06-08,0.2723,0.2942,0.335
2001-06-09,0.4011,0.3257,0.333
2001-06-10,0.4136,0.38,0.3334
2001-06-11,0.3882,0.3902,0.3353
2001-06-12,0.3639,0.3767,0.3355
2001-06-13,0.3577,0.3644,0.3341
2001-06-14,0.352,0.3562,0.3324
2001-06-15,0.3383,0.3468,0.3302
2001-06-16,0.4007,0.367,0.329
2001-06-17,0.3855,0.3726,0.329
2001-06-18,0.3852,0.3733,0.329
2001-06-19,0.3658,0.3684,0.329
2001-06-20,0.345,0.358,0.328
2001-06-21,0.3265,0.3461,0.326
2001-06-22,0.3108,0.3345,0.3236
2001-06-23,0.2966,0.3238,0.321
2001-06-24,0.2835,0.3135,0.3185
2001-06-25,0.2708,0.3038,0.3156
2001-06-26,0.2578,0.2943,0.3128
2001-06-27,0.2522,0.2862,0.3102
2001-06-28,0.2633,0.2812,0.3083
2001-06-29,0.2523,0.2761,0.3061
2001-06-30,0.2394,0.2693,0.3035
2001-07-01,0.2273,0.2631,0.3009
2001-07-02,0.2167,0.2567,0.2981
2001-07-03,0.2165,0.2506,0.2955
2001-07-04,0.2375,0.247,0.2935
2001-07-05,0.2341,0.244,0.2913
2001-07-06,0.2525,0.2406,0.2892
2001-07-07,0.3341,0.2478,0.2876
2001-07-08,0.3045,0.2524,0.2865
2001-07-09,0.2898,0.2524,0.2847
2001-07-10,0.2813,0.2515,0.2834
2001-07-11,0.2648,0.2494,0.2816
2001-07-12,0.25,0.2462,0.2801
2001-07-13,0.2359,0.2422,0.2781
2001-07-14,0.2704,0.24,0.2765
2001-07-15,0.4199,0.3965,0.2814
2001-07-16,0.3929,0.4009,0.2948
2001-07-17,0.3745,0.3825,0.2983
2001-07-18,0.3901,0.3767,0.3
2001-07-19,0.367,0.3689,0.301
2001-07-20,0.353,0.3592,0.3014
2001-07-21,0.3362,0.3489,0.3012
2001-07-22,0.3208,0.3379,0.3001
2001-07-23,0.334,0.3294,0.299
2001-07-24,0.3531,0.3307,0.2985
2001-07-25,0.3268,0.3254,0.2971
2001-07-26,0.3091,0.3177,0.2955
2001-07-27,0.3343,0.3132,0.2945
2001-07-28,0.375,0.3241,0.2938
2001-07-29,0.3585,0.3307,0.2935
2001-07-30,0.3369,0.3273,0.2925
2001-07-31,0.3121,0.3191,0.291
2001-08-01,0.2926,0.3101,0.2892
2001-08-02,0.2782,0.3017,0.2876
2001-08-03,0.3555,0.3132,0.287
2001-08-04,0.3699,0.35,0.2872
2001-08-05,0.3442,0.3439,0.2872
2001-08-06,0.3298,0.336,0.287
2001-08-07,0.3174,0.3282,0.2865
2001-08-08,0.3466,0.3237,0.2858
2001-08-09,0.3828,0.3343,0.286
2001-08-10,0.3761,0.3609,0.2866
2001-08-11,0.3482,0.3523,0.287
2001-08-12,0.3295,0.342,0.2866
2001-08-13,0.3145,0.3313,0.2857
2001-08-14,0.2999,0.3212,0.2849
2001-08-15,0.2843,0.3112,0.2835
2001-08-16,0.2824,0.3032,0.2825
2001-08-17,0.3111,0.3006,0.282
2001-08-18,0.3153,0.3,0.2816
2001-08-19,0.3129,0.2978,0.281
2001-08-20,0.3143,0.2967,0.2805
2001-08-21,0.2983,0.2937,0.2795
2001-08-22,0.2829,0.2886,0.2785
2001-08-23,0.2684,0.2828,0.2771
2001-08-24,0.2559,0.2768,0.2756
2001-08-25,0.244,0.2705,0.2742
2001-08-26,0.2327,0.2643,0.2726
2001-08-27,0.2284,0.2589,0.2715
2001-08-28,0.231,0.2543,0.2705
2001-08-29,0.2739,0.2555,0.269
2001-08-30,0.337,0.2846,0.2684
2001-08-31,0.3207,0.2864,0.2679
2001-09-01,0.3148,0.2865,0.2674
2001-09-02,0.3028,0.2856,0.267
2001-09-03,0.2874,0.2822,0.2664
2001-09-04,0.2799,0.2785,0.2655
2001-09-05,0.276,0.276,0.265
2001-09-06,0.2663,0.2728,0.2645
2001-09-07,0.2588,0.2695,0.2636
2001-09-08,0.2509,0.2658,0.263
2001-09-09,0.2473,0.2624,0.2625
2001-09-10,0.2439,0.2597,0.262
2001-09-11,0.2387,0.257,0.2614
2001-09-12,0.2338,0.2541,0.2607
2001-09-13,0.2283,0.2511,0.26
2001-09-14,0.2282,0.248,0.2594
2001-09-15,0.2277,0.2457,0.2587
2001-09-16,0.2264,0.2435,0.258
2001-09-17,0.237,0.2424,0.258
2001-09-18,0.2467,0.2415,0.258
2001-09-19,0.2846,0.2424,0.258
2001-09-20,0.2928,0.2458,0.2576
2001-09-21,0.2808,0.247,0.257
2001-09-22,0.3753,0.2666,0.257
2001-09-23,0.4203,0.3856,0.262
2001-09-24,0.4132,0.4154,0.28
2001-09-25,0.3892,0.3945,0.2893
2001-09-26,0.3743,0.3802,0.2929
2001-09-27,0.3614,0.3691,0.2948
2001-09-28,0.3514,0.36,0.2959
2001-09-29,0.4097,0.3814,0.2975
2001-09-30,0.4022,0.409,0.3087
2001-10-01,0.3834,0.391,0.3138
2001-10-02,0.3803,0.381,0.3163
2001-10-03,0.3836,0.3772,0.318
2001-10-04,0.4006,0.4076,0.3232
2001-10-05,0.3837,0.3918,0.3275
2001-10-06,0.3835,0.3838,0.3299
2001-10-07,0.4118,0.421,0.3603
2001-10-08,0.4058,0.4068,0.3715
2001-10-09,0.4158,0.4188,0.3787
2001-10-10,0.3971,0.4113,0.3908
2001-10-11,0.3847,0.3992,0.3916
2001-10-12,0.3759,0.3903,0.3906
2001-10-13,0.3679,0.3826,0.3895
2001-10-14,0.3654,0.3761,0.3878
2001-10-15,0.3603,0.3708,0.3865
2001-10-16,0.3606,0.3667,0.3852
2001-10-17,0.3537,0.3629,0.3836
2001-10-18,0.3978,0.3874,0.3845
2001-10-19,0.4065,0.415,0.3962
2001-10-20,0.4261,0.4262,0.4089
2001-10-21,0.4035,0.4162,0.4289
2001-10-22,0.3871,0.3976,0.4235
2001-10-23,0.3953,0.3904,0.4189
2001-10-24,0.391,0.3933,0.4157
2001-10-25,0.3775,0.386,0.4127
2001-10-26,0.3696,0.379,0.4098
2001-10-27,0.3673,0.3738,0.4071
2001-10-28,0.3685,0.3704,0.4048
2001-10-29,0.3717,0.3691,0.4024
2001-10-30,0.3612,0.3663,0.4002
2001-10-31,0.3566,0.363,0.3981
2001-11-01,0.3576,0.3609,0.3962
2001-11-02,0.3513,0.3584,0.3944
2001-11-03,0.3467,0.3557,0.3925
2001-11-04,0.343,0.3528,0.3907
2001-11-05,0.3417,0.3505,0.3893
2001-11-06,0.3424,0.3493,0.3876
2001-11-07,0.3427,0.348,0.3864
2001-11-08,0.3539,0.3479,0.3851
2001-11-09,0.3651,0.3524,0.3838
2001-11-10,0.3538,0.3533,0.3828
2001-11-11,0.3512,0.3525,0.3818
2001-11-12,0.3532,0.3523,0.3808
2001-11-13,0.3582,0.3525,0.38
2001-11-14,0.3597,0.3548,0.3793
2001-11-15,0.353,0.3545,0.3785
2001-11-16,0.3559,0.354,0.3777
2001-11-17,0.3602,0.3542,0.377
2001-11-18,0.3775,0.3578,0.3762
2001-11-19,0.3853,0.369,0.376
2001-11-20,0.3713,0.3714,0.376
2001-11-21,0.3653,0.3697,0.3756
2001-11-22,0.3619,0.3679,0.375
2001-11-23,0.369,0.367,0.375
2001-11-24,0.3626,0.3665,0.3745
2001-11-25,0.3656,0.3654,0.374
2001-11-26,0.3681,0.366,0.374
2001-11-27,0.3925,0.3727,0.374
2001-11-28,0.3802,0.377,0.374
2001-11-29,0.3753,0.3766,0.374
2001-11-30,0.4106,0.3921,0.3745
2002-04-01,0.3185,0.332,0.3733
2002-04-02,0.3127,0.3286,0.3712
2002-04-03,0.3092,0.3251,0.3691
2002-04-04,0.3161,0.323,0.367
2002-04-05,0.319,0.3216,0.365
2002-04-06,0.3179,0.3205,0.3632
2002-04-07,0.3478,0.3222,0.3616
2002-04-08,0.3686,0.3307,0.3605
2002-04-09,0.3922,0.3547,0.359
2002-04-10,0.3759,0.3601,0.3577
2002-04-11,0.395,0.3742,0.357
2002-04-12,0.3739,0.3742,0.3566
2002-04-13,0.3698,0.3704,0.356
2002-04-14,0.3647,0.3676,0.3556
2002-04-15,0.353,0.3628,0.3546
2002-04-16,0.3463,0.3576,0.3536
2002-04-17,0.3412,0.353,0.3525
2002-04-18,0.3374,0.3479,0.3512
2002-04-19,0.3312,0.3428,0.3495
2002-04-20,0.3218,0.3373,0.3478
2002-04-21,0.3135,0.3316,0.346
2002-04-22,0.3057,0.3257,0.344
2002-04-23,0.2976,0.3198,0.342
2002-04-24,0.29,0.3141,0.34
2002-04-25,0.2819,0.3083,0.3379
2002-04-26,0.2791,0.303,0.3355
2002-04-27,0.2885,0.2992,0.3336
2002-04-28,0.2802,0.2956,0.3315
2002-04-29,0.276,0.2926,0.3296
2002-04-30,0.2692,0.2889,0.3279
2002-05-01,0.3144,0.291,0.326
2002-05-02,0.4207,0.3675,0.3262
2002-05-03,0.4172,0.4078,0.3302
2002-05-04,0.4126,0.4047,0.3359
2002-05-05,0.3982,0.3981,0.3399
2002-05-06,0.386,0.3888,0.342
2002-05-07,0.3755,0.3807,0.343
2002-05-08,0.366,0.3726,0.343
2002-05-09,0.3785,0.3696,0.343
2002-05-10,0.376,0.3688,0.343
2002-05-11,0.3907,0.3723,0.343
2002-05-12,0.3831,0.3733,0.343
2002-05-13,0.3738,0.372,0.3426
2002-05-14,0.3558,0.3638,0.3416
2002-05-15,0.3394,0.3541,0.3401
2002-05-16,0.3253,0.3444,0.3381
2002-05-17,0.3113,0.3346,0.336
2002-05-18,0.3516,0.3315,0.3345
2002-05-19,0.346,0.3342,0.3332
2002-05-20,0.3245,0.3289,0.3311
2002-05-21,0.3089,0.322,0.3291
2002-05-22,0.3143,0.3166,0.3275
2002-05-23,0.4117,0.388,0.3286
2002-05-24,0.3921,0.4005,0.3349
2002-05-25,0.4006,0.3931,0.3373
2002-05-26,0.3833,0.3879,0.339
2002-05-27,0.3833,0.3793,0.3398
2002-05-28,0.3755,0.376,0.3399
2002-05-29,0.3587,0.3678,0.3395
2002-05-30,0.3434,0.3581,0.3382
2002-05-31,0.3286,0.3477,0.3362
2002-06-01,0.3158,0.3375,0.3342
2002-06-02,0.305,0.3285,0.3321
2002-06-03,0.3413,0.325,0.3305
2002-06-04,0.3838,0.3408,0.3296
2002-06-05,0.4166,0.4002,0.3313
2002-06-06,0.4245,0.4227,0.3422
2002-06-07,0.3936,0.4051,0.3515
2002-06-08,0.409,0.3997,0.354
2002-06-09,0.4037,0.4085,0.3588
2002-06-10,0.3824,0.3942,0.361
2002-06-11,0.3665,0.3817,0.3613
2002-06-12,0.3539,0.3702,0.36
2002-06-13,0.3423,0.3599,0.3581
2002-06-14,0.3316,0.3495,0.356
2002-06-15,0.3216,0.3399,0.3535
2002-06-16,0.3059,0.33,0.3507
2002-06-17,0.2907,0.3196,0.3476
2002-06-18,0.2751,0.3095,0.3444
2002-06-19,0.2633,0.3003,0.3408
2002-06-20,0.2537,0.2923,0.3377
2002-06-21,0.2562,0.2855,0.3347
2002-06-22,0.2678,0.2807,0.3318
2002-06-23,0.2539,0.275,0.3286
2002-06-24,0.2588,0.2711,0.3262
2002-06-25,0.2495,0.2673,0.3235
2002-06-26,0.2343,0.2617,0.3205
2002-06-27,0.2317,0.2567,0.3172
2002-06-28,0.3226,0.2581,0.315
2002-06-29,0.294,0.2595,0.3124
2002-06-30,0.2703,0.2571,0.3098
2002-07-01,0.2534,0.2536,0.3071
2002-07-02,0.2451,0.2506,0.305
2002-07-03,0.2363,0.2474,0.3029
2002-07-04,0.2305,0.2446,0.3009
2002-07-05,0.2211,0.241,0.2985
2002-07-06,0.285,0.2398,0.2966
2002-07-07,0.2832,0.2412,0.295
2002-07-08,0.2602,0.2392,0.2927
2002-07-09,0.2525,0.2365,0.2902
2002-07-10,0.3233,0.2399,0.2886
2002-07-11,0.3125,0.2482,0.2873
2002-07-12,0.3006,0.2487,0.2855
2002-07-13,0.3258,0.2542,0.284
2002-07-14,0.3086,0.2577,0.283
2002-07-15,0.3236,0.2617,0.2828
2002-07-16,0.4158,0.3513,0.2832
2002-07-17,0.4037,0.3929,0.2878
2002-07-18,0.3765,0.3818,0.2912
2002-07-19,0.3531,0.3659,0.2923
2002-07-20,0.3345,0.3516,0.2924
2002-07-21,0.3633,0.347,0.292
2002-07-22,0.369,0.3574,0.2922
2002-07-23,0.3407,0.3473,0.2916
2002-07-24,0.3248,0.3372,0.2912
2002-07-25,0.3175,0.3295,0.2907
2002-07-26,0.3086,0.3223,0.2903
2002-07-27,0.2948,0.314,0.289
2002-07-28,0.2858,0.3057,0.2875
2002-07-29,0.2886,0.2984,0.2862
2002-07-30,0.3385,0.2958,0.285
2002-07-31,0.3582,0.3049,0.2844
2002-08-01,0.359,0.3113,0.2837
2002-08-02,0.3428,0.315,0.2834
2002-08-03,0.3523,0.3141,0.2825
2002-08-04,0.3744,0.3299,0.282
2002-08-05,0.3692,0.3372,0.2818
2002-08-06,0.3907,0.3636,0.2826
2002-08-07,0.374,0.3639,0.2839
2002-08-08,0.356,0.3562,0.285
2002-08-09,0.3569,0.3494,0.2851
2002-08-10,0.392,0.3602,0.286
2002-08-11,0.3639,0.3589,0.287
2002-08-12,0.3535,0.3529,0.288
2002-08-13,0.3422,0.3462,0.2881
2002-08-14,0.3265,0.3375,0.2882
2002-08-15,0.3119,0.3279,0.2875
2002-08-16,0.2987,0.3188,0.2865
2002-08-17,0.2869,0.3101,0.2855
2002-08-18,0.2766,0.3019,0.284
2002-08-19,0.2696,0.2945,0.2826
2002-08-20,0.275,0.2882,0.2815
2002-08-21,0.2934,0.2846,0.2805
2002-08-22,0.2775,0.2806,0.2795
2002-08-23,0.2762,0.276,0.2781
2002-08-24,0.3171,0.2756,0.277
2002-08-25,0.3426,0.2806,0.2765
2002-08-26,0.4111,0.3777,0.2781
2002-08-27,0.4013,0.3918,0.2828
2002-08-28,0.3935,0.3965,0.2887
2002-08-29,0.383,0.3824,0.2925
2002-08-30,0.3778,0.3739,0.2948
2002-08-31,0.4148,0.3909,0.2972
2002-09-01,0.3945,0.398,0.3034
2002-09-02,0.3946,0.3872,0.3071
2002-09-03,0.4005,0.3878,0.31
2002-09-04,0.4018,0.392,0.3131
2002-09-05,0.4152,0.4052,0.3182
2002-09-06,0.3955,0.4017,0.3254
2002-09-07,0.3791,0.3877,0.3288
2002-09-08,0.3942,0.3893,0.3305
2002-09-09,0.4232,0.4301,0.3663
2002-09-10,0.3925,0.409,0.3911
2002-09-11,0.3792,0.3956,0.391
2002-09-12,0.3729,0.3865,0.3896
2002-09-13,0.3825,0.3824,0.3885
2002-09-14,0.3719,0.3787,0.3871
2002-09-15,0.359,0.372,0.3853
2002-09-16,0.3501,0.3649,0.3834
2002-09-17,0.3441,0.3585,0.3815
2002-09-18,0.3385,0.353,0.3799
2002-09-19,0.3462,0.3485,0.378
2002-09-20,0.3637,0.3485,0.3765
2002-09-21,0.3929,0.3586,0.3752
2002-09-22,0.3863,0.3767,0.3744
2002-09-23,0.3695,0.3743,0.3734
2002-09-24,0.3704,0.3715,0.373
2002-09-25,0.3687,0.3708,0.372
2002-09-26,0.3595,0.3674,0.3715
2002-09-27,0.3565,0.3642,0.3706
2002-09-28,0.35,0.3602,0.3696
2002-09-29,0.3426,0.3553,0.3685
2002-09-30,0.3369,0.3503,0.3675
2002-10-01,0.3312,0.3456,0.3661
2002-10-02,0.3261,0.341,0.3646
2002-10-03,0.3216,0.3369,0.3635
2002-10-04,0.3223,0.3335,0.3622
2002-10-05,0.3209,0.3311,0.3611
2002-10-06,0.3169,0.3285,0.3597
2002-10-07,0.316,0.3265,0.3587
2002-10-08,0.3123,0.3243,0.3575
2002-10-09,0.347,0.3245,0.3569
2002-10-10,0.4175,0.4035,0.3607
2002-10-11,0.3975,0.4075,0.3704
2002-10-12,0.3922,0.3984,0.3732
2002-10-13,0.3826,0.3916,0.3741
2002-10-14,0.3785,0.3859,0.375
2002-10-15,0.3779,0.3819,0.375
2002-10-16,0.4167,0.3971,0.3757
2002-10-17,0.4198,0.4255,0.3998
2002-10-18,0.4026,0.4131,0.405
2002-10-19,0.39,0.4037,0.4045
2002-10-20,0.3821,0.3951,0.4033
2002-10-21,0.3945,0.3952,0.4018
2002-10-22,0.4124,0.422,0.4076
2002-10-23,0.4094,0.4168,0.4098
2002-10-24,0.4006,0.409,0.4094
2002-10-25,0.4153,0.415,0.409
2002-10-26,0.3997,0.411,0.4088
2002-10-27,0.3872,0.4011,0.4075
2002-10-28,0.3786,0.392,0.4059
2002-10-29,0.3718,0.3843,0.404
2002-10-30,0.3682,0.3782,0.4022
2002-10-31,0.3676,0.3742,0.4005
2002-11-01,0.3637,0.3707,0.3985
2002-11-02,0.3685,0.3682,0.397
2002-11-03,0.3995,0.3803,0.3956
2002-11-04,0.3813,0.3832,0.3946
2002-11-05,0.3756,0.3806,0.3936
2002-11-06,0.3762,0.378,0.3926
2002-11-07,0.4198,0.4165,0.3942
2002-11-08,0.3974,0.4095,0.3977
2002-11-09,0.411,0.4082,0.3985
2002-11-10,0.4091,0.4087,0.3997
2002-11-11,0.4063,0.4082,0.4008
2002-11-12,0.3925,0.4036,0.401
2002-11-13,0.4012,0.4011,0.401
2002-11-14,0.429,0.4283,0.4161
2002-11-15,0.4262,0.427,0.4348
2002-11-16,0.4208,0.4176,0.4345
2002-11-17,0.4145,0.4094,0.429
2002-11-18,0.396,0.401,0.4253
2002-11-19,0.383,0.3901,0.4217
2002-11-20,0.3822,0.3827,0.4185
2002-11-21,0.4123,0.4063,0.4192
2002-11-22,0.3996,0.4142,0.428
2002-11-23,0.4093,0.41,0.4258
2002-11-24,0.427,0.4297,0.4355
2002-11-25,0.4225,0.4193,0.4355
2002-11-26,0.4005,0.4034,0.428
2002-11-27,0.3862,0.3921,0.419
2002-11-28,0.3886,0.3894,0.4104
2002-11-29,0.4016,0.4083,0.4045
2002-11-30,0.3911,0.4,0.3993
2003-04-01,0.2971,0.2942,0.3272
2003-04-02,0.3174,0.2939,0.3256
2003-04-03,0.3202,0.2968,0.3245
2003-04-04,0.3105,0.2975,0.3232
2003-04-05,0.3061,0.2966,0.3215
2003-04-06,0.3032,0.2957,0.3203
2003-04-07,0.2942,0.2943,0.3186
2003-04-08,0.2892,0.2928,0.3175
2003-04-09,0.3065,0.2926,0.3164
2003-04-10,0.3969,0.3205,0.3156
2003-04-11,0.3891,0.3435,0.315
2003-04-12,0.3907,0.3632,0.315
2003-04-13,0.3754,0.3647,0.3152
2003-04-14,0.3614,0.3601,0.3152
2003-04-15,0.3467,0.3531,0.3146
2003-04-16,0.3389,0.3462,0.314
2003-04-17,0.3342,0.3405,0.3135
2003-04-18,0.3245,0.3342,0.3125
2003-04-19,0.3389,0.3289,0.3114
2003-04-20,0.404,0.3526,0.311
2003-04-21,0.3857,0.3724,0.3119
2003-04-22,0.372,0.3686,0.3126
2003-04-23,0.3552,0.3609,0.3125
2003-04-24,0.3472,0.3522,0.3122
2003-04-25,0.3443,0.3465,0.3115
2003-04-26,0.3537,0.3426,0.311
2003-04-27,0.3608,0.3453,0.3107
2003-04-28,0.3388,0.3404,0.3097
2003-04-29,0.3269,0.3343,0.309
2003-04-30,0.3703,0.3401,0.309
2003-05-01,0.3663,0.3555,0.3086
2003-05-02,0.3457,0.3492,0.3084
2003-05-03,0.3312,0.3413,0.3075
2003-05-04,0.3169,0.3327,0.3065
2003-05-05,0.3032,0.3239,0.3048
2003-05-06,0.2908,0.3156,0.3035
2003-05-07,0.2835,0.3081,0.3016
2003-05-08,0.2765,0.3015,0.3003
2003-05-09,0.285,0.2958,0.2986
2003-05-10,0.3015,0.2931,0.2977
2003-05-11,0.2917,0.29,0.2965
2003-05-12,0.2818,0.2858,0.295
2003-05-13,0.2721,0.2816,0.2936
2003-05-14,0.2638,0.2777,0.2925
2003-05-15,0.2527,0.2727,0.2906
2003-05-16,0.2443,0.2675,0.289
2003-05-17,0.2643,0.2641,0.2876
2003-05-18,0.2803,0.263,0.2866
2003-05-19,0.3008,0.2622,0.2855
2003-05-20,0.3268,0.2683,0.2845
2003-05-21,0.3047,0.27,0.2835
2003-05-22,0.2904,0.2696,0.2825
2003-05-23,0.2754,0.2668,0.2811
2003-05-24,0.2591,0.262,0.2795
2003-05-25,0.2965,0.2607,0.2785
2003-05-26,0.3537,0.2719,0.278
2003-05-27,0.3345,0.2825,0.278
2003-05-28,0.3141,0.2839,0.2774
2003-05-29,0.305,0.2812,0.2761
2003-05-30,0.3091,0.2796,0.2747
2003-05-31,0.299,0.2768,0.2736
2003-06-01,0.3145,0.2747,0.2725
2003-06-02,0.3478,0.279,0.2715
2003-06-03,0.3512,0.2926,0.2706
2003-06-04,0.3157,0.2922,0.2695
2003-06-05,0.2906,0.2865,0.2684
2003-06-06,0.2795,0.2811,0.2671
2003-06-07,0.2659,0.2751,0.2656
2003-06-08,0.2591,0.2682,0.2645
2003-06-09,0.2711,0.2636,0.263
2003-06-10,0.254,0.2582,0.2615
2003-06-11,0.2365,0.2521,0.2599
2003-06-12,0.2204,0.2455,0.258
2003-06-13,0.2061,0.239,0.2561
2003-06-14,0.1977,0.2328,0.2542
2003-06-15,0.2114,0.2288,0.253
2003-06-16,0.2262,0.226,0.2521
2003-06-17,0.2125,0.222,0.2505
2003-06-18,0.2041,0.218,0.249
2003-06-19,0.1932,0.214,0.2475
2003-06-20,0.1832,0.21,0.2459
2003-06-21,0.1738,0.2056,0.244
2003-06-22,0.1655,0.2015,0.242
2003-06-23,0.1587,0.1978,0.2402
2003-06-24,0.154,0.1942,0.2385
2003-06-25,0.1528,0.1907,0.2369
2003-06-26,0.1699,0.1882,0.2355
2003-06-27,0.1814,0.1863,0.2341
2003-06-28,0.1721,0.1842,0.2325
2003-06-29,0.1668,0.1821,0.2315
2003-06-30,0.1676,0.1805,0.23
2003-07-01,0.3431,0.1959,0.2292
2003-07-02,0.3103,0.2134,0.229
2003-07-03,0.2814,0.2165,0.2284
2003-07-04,0.2617,0.2165,0.2276
2003-07-05,0.2443,0.2146,0.2267
2003-07-06,0.2263,0.2116,0.2257
2003-07-07,0.2106,0.2082,0.2246
2003-07-08,0.1969,0.2046,0.2236
2003-07-09,0.1859,0.2015,0.2226
2003-07-10,0.1767,0.1981,0.2216
2003-07-11,0.1677,0.1946,0.2205
2003-07-12,0.1607,0.1915,0.2195
2003-07-13,0.1554,0.1884,0.218
2003-07-14,0.1645,0.1854,0.2166
2003-07-15,0.1829,0.1832,0.2158
2003-07-16,0.2006,0.1817,0.215
2003-07-17,0.2141,0.181,0.2145
2003-07-18,0.1977,0.1792,0.2135
2003-07-19,0.1841,0.1775,0.2125
2003-07-20,0.1737,0.1759,0.2115
2003-07-21,0.2337,0.1752,0.211
2003-07-22,0.285,0.18,0.2104
2003-07-23,0.3359,0.2364,0.2099
2003-07-24,0.3256,0.2437,0.2095
2003-07-25,0.2889,0.2442,0.209
2003-07-26,0.2657,0.241,0.2085
2003-07-27,0.3323,0.2642,0.2083
2003-07-28,0.3416,0.3128,0.209
2003-07-29,0.3112,0.3057,0.2098
2003-07-30,0.2922,0.2967,0.21
2003-07-31,0.2883,0.2896,0.21
2003-08-01,0.2711,0.2824,0.21
2003-08-02,0.2539,0.2741,0.2096
2003-08-03,0.238,0.2655,0.2093
2003-08-04,0.227,0.2575,0.2086
2003-08-05,0.2284,0.2506,0.2083
2003-08-06,0.2308,0.2447,0.2079
2003-08-07,0.2204,0.239,0.2074
2003-08-08,0.2108,0.2334,0.2066
2003-08-09,0.2015,0.2279,0.206
2003-08-10,0.1928,0.2228,0.2055
2003-08-11,0.1884,0.2182,0.205
2003-08-12,0.1778,0.2136,0.2044
2003-08-13,0.1708,0.2092,0.2036
2003-08-14,0.1727,0.2057,0.203
2003-08-15,0.2245,0.2036,0.203
2003-08-16,0.3009,0.2078,0.2026
2003-08-17,0.3052,0.2124,0.2023
2003-08-18,0.313,0.2201,0.202
2003-08-19,0.2858,0.2226,0.202
2003-08-20,0.2707,0.2219,0.2018
2003-08-21,0.2809,0.2223,0.2015
2003-08-22,0.2609,0.2216,0.201
2003-08-23,0.241,0.2187,0.2008
2003-08-24,0.2531,0.2159,0.2004
2003-08-25,0.3027,0.2185,0.2
2003-08-26,0.2867,0.221,0.1999
2003-08-27,0.2602,0.2197,0.1994
2003-08-28,0.2722,0.2194,0.199
2003-08-29,0.3804,0.2815,0.1991
2003-08-30,0.3414,0.2928,0.2
2003-08-31,0.3285,0.2927,0.2002
2003-09-01,0.3044,0.2887,0.201
2003-09-02,0.286,0.283,0.201
2003-09-03,0.2712,0.2771,0.201
2003-09-04,0.2593,0.2708,0.2013
2003-09-05,0.2635,0.2661,0.2018
2003-09-06,0.2663,0.263,0.202
2003-09-07,0.3179,0.2707,0.202
2003-09-08,0.3753,0.321,0.2029
2003-09-09,0.4046,0.3456,0.2048
2003-09-10,0.3705,0.3561,0.2079
2003-09-11,0.3502,0.3463,0.2103
2003-09-12,0.3458,0.3388,0.2122
2003-09-13,0.3343,0.3318,0.2137
2003-09-14,0.3175,0.323,0.2147
2003-09-15,0.3049,0.3142,0.215
2003-09-16,0.2934,0.3062,0.2157
2003-09-17,0.2827,0.2985,0.216
2003-09-18,0.2727,0.2912,0.216
2003-09-19,0.2623,0.2842,0.216
2003-09-20,0.2522,0.2775,0.2159
2003-09-21,0.2448,0.2717,0.2156
2003-09-22,0.298,0.2755,0.216
2003-09-23,0.3784,0.3203,0.2164
2003-09-24,0.3489,0.3247,0.2177
2003-09-25,0.3287,0.3199,0.2187
2003-09-26,0.3157,0.314,0.2191
2003-09-27,0.338,0.311,0.22
2003-09-28,0.4042,0.3565,0.2221
2003-09-29,0.385,0.3783,0.228
2003-09-30,0.366,0.3655,0.2318
2003-10-01,0.4022,0.38,0.2354
2003-10-02,0.3853,0.3795,0.2405
2003-10-03,0.4142,0.4083,0.2503
2003-10-04,0.4031,0.3926,0.259
2003-10-05,0.4054,0.3959,0.2651
2003-10-06,0.385,0.3848,0.2703
2003-10-07,0.376,0.3741,0.2735
2003-10-08,0.3808,0.37,0.276
2003-10-09,0.3675,0.3647,0.2781
2003-10-10,0.3567,0.3583,0.2797
2003-10-11,0.3468,0.3515,0.2808
2003-10-12,0.3393,0.3453,0.2817
2003-10-13,0.3391,0.3408,0.2821
2003-10-14,0.3516,0.3384,0.283
2003-10-15,0.3547,0.3395,0.2834
2003-10-16,0.3412,0.3372,0.284
2003-10-17,0.3433,0.3345,0.2842
2003-10-18,0.345,0.3342,0.285
2003-10-19,0.3584,0.3369,0.285
2003-10-20,0.4068,0.3982,0.2892
2003-10-21,0.3889,0.3892,0.2945
2003-10-22,0.3741,0.3785,0.2978
2003-10-23,0.3905,0.375,0.2999
2003-10-24,0.3883,0.377,0.3022
2003-10-25,0.3726,0.3724,0.3043
2003-10-26,0.3682,0.3669,0.3059
2003-10-27,0.3712,0.3642,0.3073
2003-10-28,0.3698,0.3618,0.3085
2003-10-29,0.4128,0.3904,0.3106
2003-10-30,0.408,0.3993,0.3157
2003-10-31,0.428,0.4208,0.3291
2003-11-01,0.4111,0.4152,0.3574
2003-11-02,0.3975,0.4035,0.362
2003-11-03,0.4001,0.398,0.3641
2003-11-04,0.3884,0.3944,0.3658
2003-11-05,0.3781,0.3875,0.3661
2003-11-06,0.371,0.3813,0.3663
2003-11-07,0.3722,0.3764,0.366
2003-11-08,0.4114,0.3891,0.3664
2003-11-09,0.4169,0.406,0.3687
2003-11-10,0.4,0.4045,0.3721
2003-11-11,0.389,0.3967,0.3738
2003-11-12,0.3949,0.3924,0.3744
2003-11-13,0.4002,0.3978,0.3754
2003-11-14,0.3948,0.3945,0.3762
2003-11-15,0.3942,0.3949,0.377
2003-11-16,0.4254,0.4105,0.3788
2003-11-17,0.415,0.4238,0.3908
2003-11-18,0.3941,0.4079,0.394
2003-11-19,0.3859,0.3984,0.394
2003-11-20,0.3796,0.3914,0.3931
2003-11-21,0.3748,0.3858,0.3918
2003-11-22,0.3858,0.3831,0.3907
2003-11-23,0.401,0.3888,0.39
2003-11-24,0.4145,0.416,0.3967
2003-11-25,0.3955,0.4104,0.4056
2003-11-26,0.3882,0.4011,0.4045
2003-11-27,0.4198,0.4168,0.4047
2003-11-28,0.404,0.4158,0.408
2003-11-29,0.3962,0.4062,0.4074
2003-11-30,0.4292,0.4207,0.4075
2004-04-01,0.3842,0.3828,0.3815
2004-04-02,0.3928,0.384,0.3803
2004-04-03,0.397,0.4024,0.3808
2004-04-04,0.3812,0.393,0.3806
2004-04-05,0.3748,0.3857,0.3796
2004-04-06,0.3738,0.3802,0.3784
2004-04-07,0.3763,0.3777,0.3767
2004-04-08,0.3745,0.375,0.3753
2004-04-09,0.3875,0.3761,0.3738
2004-04-10,0.4017,0.3855,0.373
2004-04-11,0.4048,0.3936,0.373
2004-04-12,0.4006,0.3978,0.3732
2004-04-13,0.3903,0.3931,0.3735
2004-04-14,0.3859,0.3878,0.373
2004-04-15,0.3851,0.3846,0.3725
2004-04-16,0.3834,0.3826,0.3716
2004-04-17,0.4164,0.3965,0.3715
2004-04-18,0.4063,0.4031,0.3738
2004-04-19,0.3992,0.4015,0.3751
2004-04-20,0.3998,0.3971,0.376
2004-04-21,0.3822,0.391,0.3755
2004-04-22,0.3703,0.382,0.3745
2004-04-23,0.3818,0.379,0.373
2004-04-24,0.3672,0.3754,0.3717
2004-04-25,0.3526,0.368,0.3698
2004-04-26,0.3417,0.3596,0.3671
2004-04-27,0.3353,0.3521,0.365
2004-04-28,0.3584,0.3492,0.3629
2004-04-29,0.4126,0.3763,0.3621
2004-04-30,0.428,0.428,0.3798
2004-05-01,0.4066,0.4166,0.3928
2004-05-02,0.4105,0.4083,0.3947
2004-05-03,0.4107,0.4086,0.3962
2004-05-04,0.4011,0.4083,0.3975
2004-05-05,0.4003,0.4011,0.3975
2004-05-06,0.3952,0.3975,0.3966
2004-05-07,0.3982,0.395,0.396
2004-05-08,0.3928,0.3945,0.3954
2004-05-09,0.3895,0.3915,0.3945
2004-05-10,0.3752,0.385,0.393
2004-05-11,0.3711,0.3782,0.3914
2004-05-12,0.3643,0.3718,0.3893
2004-05-13,0.3599,0.3662,0.3875
2004-05-14,0.352,0.3615,0.3854
2004-05-15,0.34,0.3547,0.383
2004-05-16,0.3279,0.3465,0.3798
2004-05-17,0.3176,0.3384,0.3766
2004-05-18,0.3103,0.331,0.3734
2004-05-19,0.3002,0.3238,0.3698
2004-05-20,0.2977,0.3171,0.3662
2004-05-21,0.3649,0.3243,0.3634
2004-05-22,0.3719,0.3526,0.3613
2004-05-23,0.3458,0.3493,0.359
2004-05-24,0.3282,0.3419,0.3561
2004-05-25,0.315,0.3337,0.3533
2004-05-26,0.318,0.3264,0.3503
2004-05-27,0.369,0.3308,0.3481
2004-05-28,0.362,0.3461,0.346
2004-05-29,0.3348,0.3402,0.3432
2004-05-30,0.3389,0.3344,0.341
2004-05-31,0.3515,0.3358,0.3394
2004-06-01,0.3627,0.3369,0.3378
2004-06-02,0.357,0.3406,0.3365
2004-06-03,0.3427,0.3386,0.3349
2004-06-04,0.3317,0.335,0.3333
2004-06-05,0.3197,0.3296,0.3315
2004-06-06,0.3075,0.323,0.3291
2004-06-07,0.293,0.3146,0.3265
2004-06-08,0.2794,0.3058,0.3236
2004-06-09,0.2675,0.2972,0.3206
2004-06-10,0.2533,0.2884,0.3175
2004-06-11,0.2731,0.2822,0.315
2004-06-12,0.2984,0.2811,0.3132
2004-06-13,0.2845,0.2786,0.3111
2004-06-14,0.2716,0.2752,0.309
2004-06-15,0.2573,0.2705,0.3065
2004-06-16,0.2506,0.266,0.3042
2004-06-17,0.2418,0.2612,0.3017
2004-06-18,0.2275,0.2553,0.299
2004-06-19,0.2292,0.2511,0.2966
2004-06-20,0.2383,0.249,0.2952
2004-06-21,0.233,0.246,0.2932
2004-06-22,0.2895,0.245,0.2916
2004-06-23,0.3325,0.2531,0.2906
2004-06-24,0.3043,0.2574,0.2892
2004-06-25,0.2789,0.2555,0.2871
2004-06-26,0.2584,0.2516,0.2851
2004-06-27,0.265,0.2475,0.2829
2004-06-28,0.3009,0.2482,0.2812
2004-06-29,0.2729,0.2464,0.2791
2004-06-30,0.2494,0.2424,0.277
2004-07-01,0.2318,0.2377,0.275
2004-07-02,0.2177,0.2334,0.2729
2004-07-03,0.2067,0.2293,0.271
2004-07-04,0.1962,0.2251,0.269
2004-07-05,0.212,0.2212,0.2669
2004-07-06,0.2939,0.2221,0.2657
2004-07-07,0.2856,0.2249,0.2645
2004-07-08,0.3851,0.3309,0.2642
2004-07-09,0.3503,0.3517,0.265
2004-07-10,0.3298,0.3402,0.2655
2004-07-11,0.3137,0.3292,0.2653
2004-07-12,0.308,0.3209,0.265
2004-07-13,0.3045,0.3141,0.265
2004-07-14,0.2909,0.3065,0.2645
2004-07-15,0.2759,0.2979,0.2635
2004-07-16,0.2751,0.2899,0.2624
2004-07-17,0.2831,0.2838,0.2612
2004-07-18,0.2642,0.2769,0.2596
2004-07-19,0.2521,0.2703,0.2585
2004-07-20,0.2749,0.2651,0.2575
2004-07-21,0.343,0.2752,0.2566
2004-07-22,0.3056,0.275,0.2555
2004-07-23,0.2894,0.271,0.2545
2004-07-24,0.2803,0.2673,0.2536
2004-07-25,0.2625,0.2626,0.2525
2004-07-26,0.2454,0.2572,0.2515
2004-07-27,0.2341,0.2522,0.2505
2004-07-28,0.2221,0.2471,0.2495
2004-07-29,0.2105,0.2411,0.248
2004-07-30,0.1995,0.2355,0.2465
2004-07-31,0.19,0.2298,0.2451
2004-08-01,0.1817,0.2246,0.2435
2004-08-02,0.1747,0.2196,0.2423
2004-08-03,0.2148,0.2158,0.2413
2004-08-04,0.3445,0.2275,0.2408
2004-08-05,0.38,0.281,0.241
2004-08-06,0.3489,0.297,0.241
2004-08-07,0.3238,0.2971,0.2405
2004-08-08,0.302,0.2923,0.2401
2004-08-09,0.2918,0.287,0.24
2004-08-10,0.3655,0.2993,0.24
2004-08-11,0.4065,0.4042,0.2492
2004-08-12,0.3954,0.3935,0.2576
2004-08-13,0.3878,0.3907,0.2638
2004-08-14,0.3627,0.3722,0.2669
2004-08-15,0.3433,0.3569,0.268
2004-08-16,0.3288,0.3443,0.2687
2004-08-17,0.3645,0.3415,0.269
2004-08-18,0.3922,0.3715,0.2706
2004-08-19,0.4195,0.4111,0.2812
2004-08-20,0.3963,0.4042,0.3059
2004-08-21,0.3723,0.3842,0.3092
2004-08-22,0.3558,0.3698,0.3102
2004-08-23,0.3462,0.3591,0.311
2004-08-24,0.3944,0.3858,0.3122
2004-08-25,0.3847,0.3907,0.3161
2004-08-26,0.3677,0.3773,0.3179
2004-08-27,0.3552,0.3665,0.3183
2004-08-28,0.3422,0.3564,0.3182
2004-08-29,0.3439,0.3482,0.318
2004-08-30,0.3458,0.344,0.3175
2004-08-31,0.331,0.3383,0.3166
2004-09-01,0.3189,0.3317,0.3155
2004-09-02,0.3107,0.3255,0.3146
2004-09-03,0.3037,0.3195,0.3135
2004-09-04,0.2951,0.3133,0.3125
2004-09-05,0.2867,0.3071,0.3109
2004-09-06,0.2817,0.3014,0.3095
2004-09-07,0.2776,0.2964,0.3081
2004-09-08,0.2709,0.2912,0.3065
2004-09-09,0.2617,0.2858,0.3051
2004-09-10,0.2518,0.2805,0.3035
2004-09-11,0.2497,0.2755,0.302
2004-09-12,0.3036,0.2742,0.3006
2004-09-13,0.2865,0.2726,0.2995
2004-09-14,0.2919,0.2718,0.2985
2004-09-15,0.302,0.2733,0.2977
2004-09-16,0.2873,0.2724,0.2966
2004-09-17,0.2746,0.2705,0.2956
2004-09-18,0.2642,0.2676,0.2945
2004-09-19,0.2556,0.265,0.2934
2004-09-20,0.2487,0.2625,0.2924
2004-09-21,0.2432,0.2601,0.2914
2004-09-22,0.2381,0.258,0.2905
2004-09-23,0.2348,0.2558,0.2895
2004-09-24,0.2439,0.2546,0.289
2004-09-25,0.2466,0.2537,0.288
2004-09-26,0.2474,0.2533,0.288
2004-09-27,0.2476,0.2525,0.2874
2004-09-28,0.2425,0.2513,0.2865
2004-09-29,0.2377,0.25,0.2856
2004-09-30,0.2329,0.248,0.2846
2004-10-01,0.228,0.246,0.2836
2004-10-02,0.2236,0.244,0.2826
2004-10-03,0.2186,0.242,0.2816
2004-10-04,0.2155,0.24,0.281
2004-10-05,0.2122,0.2385,0.2804
2004-10-06,0.2349,0.2374,0.2795
2004-10-07,0.3251,0.2431,0.279
2004-10-08,0.3051,0.249,0.2785
2004-10-09,0.2952,0.2512,0.278
2004-10-10,0.3878,0.3205,0.278
2004-10-11,0.3725,0.3361,0.278
2004-10-12,0.3817,0.3462,0.279
2004-10-13,0.3846,0.3569,0.2803
2004-10-14,0.4057,0.3875,0.2835
2004-10-15,0.4135,0.4059,0.2922
2004-10-16,0.4105,0.4027,0.2996
2004-10-17,0.4025,0.4032,0.3071
2004-10-18,0.3872,0.3901,0.3118
2004-10-19,0.4181,0.403,0.3163
2004-10-20,0.4158,0.4076,0.3243
2004-10-21,0.4011,0.4098,0.3325
2004-10-22,0.3845,0.3943,0.3374
2004-10-23,0.3754,0.3845,0.3397
2004-10-24,0.3688,0.3772,0.341
2004-10-25,0.3907,0.384,0.3426
2004-10-26,0.4214,0.4268,0.3806
2004-10-27,0.4061,0.4124,0.3932
2004-10-28,0.428,0.4328,0.4149
2004-10-29,0.4151,0.4221,0.4307
2004-10-30,0.3933,0.4017,0.4296
2004-10-31,0.4123,0.4007,0.4233
2004-11-01,0.4175,0.4273,0.4253
2004-11-02,0.4029,0.4105,0.4235
2004-11-03,0.4086,0.4077,0.4205
2004-11-04,0.4112,0.4074,0.4181
2004-11-05,0.4015,0.4123,0.4175
2004-11-06,0.3894,0.4016,0.4157
2004-11-07,0.3826,0.3924,0.4135
2004-11-08,0.377,0.3855,0.4112
2004-11-09,0.3709,0.3795,0.409
2004-11-10,0.3651,0.3745,0.4068
2004-11-11,0.3611,0.37,0.4046
2004-11-12,0.3587,0.3663,0.4025
2004-11-13,0.3572,0.3636,0.4005
2004-11-14,0.3534,0.3611,0.3986
2004-11-15,0.3499,0.3588,0.3968
2004-11-16,0.3493,0.3565,0.3953
2004-11-17,0.355,0.356,0.3936
2004-11-18,0.3553,0.3555,0.3924
2004-11-19,0.3687,0.3567,0.391
2004-11-20,0.3658,0.3607,0.3898
2004-11-21,0.3598,0.3604,0.3887
2004-11-22,0.3567,0.3595,0.3876
2004-11-23,0.3546,0.3584,0.3866
2004-11-24,0.3527,0.3574,0.3855
2004-11-25,0.3495,0.3556,0.3845
2004-11-26,0.3483,0.3543,0.3834
2004-11-27,0.3468,0.3529,0.3823
2004-11-28,0.3484,0.3517,0.3813
2004-11-29,0.404,0.3704,0.3803
2004-11-30,0.3945,0.383,0.38
2005-04-01,0.3703,0.3717,0.3644
2005-04-02,0.3563,0.3667,0.363
2005-04-03,0.3456,0.3605,0.3615
2005-04-04,0.338,0.3543,0.3601
2005-04-05,0.331,0.3481,0.3585
2005-04-06,0.3261,0.3427,0.3567
2005-04-07,0.3752,0.3456,0.3556
2005-04-08,0.401,0.3871,0.3556
2005-04-09,0.3823,0.3881,0.3567
2005-04-10,0.3767,0.3819,0.357
2005-04-11,0.3753,0.377,0.357
2005-04-12,0.3715,0.3733,0.3566
2005-04-13,0.3679,0.3698,0.356
2005-04-14,0.36,0.3657,0.3555
2005-04-15,0.4111,0.392,0.3558
2005-04-16,0.431,0.4277,0.3697
2005-04-17,0.4262,0.4283,0.3905
2005-04-18,0.4192,0.426,0.4084
2005-04-19,0.4189,0.427,0.4224
2005-04-20,0.4146,0.4196,0.426
2005-04-21,0.4123,0.4137,0.4235
2005-04-22,0.4015,0.4055,0.4207
2005-04-23,0.4076,0.4029,0.4181
2005-04-24,0.4085,0.4032,0.4164
2005-04-25,0.4095,0.4209,0.4252
2005-04-26,0.3902,0.4022,0.4224
2005-04-27,0.3875,0.3888,0.4185
2005-04-28,0.3802,0.3831,0.415
2005-04-29,0.3617,0.3731,0.4112
2005-04-30,0.3467,0.3627,0.4072
2005-05-01,0.3319,0.3529,0.403
2005-05-02,0.3235,0.3446,0.3989
2005-05-03,0.3598,0.3423,0.3953
2005-05-04,0.367,0.3478,0.392
2005-05-05,0.3677,0.3505,0.389
2005-05-06,0.3554,0.3511,0.3862
2005-05-07,0.3439,0.3482,0.3833
2005-05-08,0.3331,0.3433,0.3799
2005-05-09,0.3212,0.3371,0.3765
2005-05-10,0.3133,0.3314,0.3728
2005-05-11,0.3051,0.3255,0.3693
2005-05-12,0.3073,0.3204,0.3658
2005-05-13,0.3143,0.3178,0.3627
2005-05-14,0.3722,0.3436,0.3599
2005-05-15,0.361,0.3567,0.3576
2005-05-16,0.4003,0.3814,0.3556
2005-05-17,0.3815,0.3825,0.355
2005-05-18,0.3671,0.3751,0.354
2005-05-19,0.3504,0.3653,0.352
2005-05-20,0.3365,0.3552,0.3493
2005-05-21,0.327,0.3455,0.3465
2005-05-22,0.3462,0.34,0.3441
2005-05-23,0.3868,0.353,0.3421
2005-05-24,0.3521,0.3519,0.3399
2005-05-25,0.3318,0.3437,0.3371
2005-05-26,0.3154,0.3341,0.3345
2005-05-27,0.2992,0.324,0.3313
2005-05-28,0.2841,0.3139,0.3279
2005-05-29,0.2713,0.3045,0.3247
2005-05-30,0.2938,0.2987,0.3225
2005-05-31,0.2977,0.2958,0.3202
2005-06-01,0.2794,0.2902,0.3175
2005-06-02,0.264,0.2841,0.3145
2005-06-03,0.2558,0.2777,0.3117
2005-06-04,0.2947,0.2742,0.3091
2005-06-05,0.2756,0.271,0.3067
2005-06-06,0.2626,0.2673,0.3042
2005-06-07,0.2564,0.2641,0.3022
2005-06-08,0.2438,0.2597,0.3
2005-06-09,0.2317,0.2551,0.2974
2005-06-10,0.2208,0.2505,0.295
2005-06-11,0.2112,0.2452,0.2923
2005-06-12,0.2122,0.2415,0.2903
2005-06-13,0.218,0.2384,0.2882
2005-06-14,0.3543,0.2503,0.2867
2005-06-15,0.3398,0.2818,0.2856
2005-06-16,0.3081,0.2818,0.2841
2005-06-17,0.2855,0.2777,0.2822
2005-06-18,0.2663,0.2719,0.2802
2005-06-19,0.2508,0.2653,0.2782
2005-06-20,0.2378,0.2587,0.2761
2005-06-21,0.2364,0.2526,0.2741
2005-06-22,0.2557,0.2487,0.2725
2005-06-23,0.2476,0.2446,0.271
2005-06-24,0.2449,0.2401,0.269
2005-06-25,0.2626,0.2376,0.2675
2005-06-26,0.2726,0.2364,0.266
2005-06-27,0.2485,0.233,0.264
2005-06-28,0.2318,0.2291,0.262
2005-06-29,0.3023,0.2322,0.261
2005-06-30,0.3324,0.253,0.2601
2005-07-01,0.2964,0.2546,0.2587
2005-07-02,0.2732,0.2521,0.2576
2005-07-03,0.2541,0.2478,0.2565
2005-07-04,0.311,0.2499,0.2554
2005-07-05,0.3247,0.2625,0.2546
2005-07-06,0.3316,0.2656,0.254
2005-07-07,0.3298,0.2748,0.2535
2005-07-08,0.3069,0.2758,0.253
2005-07-09,0.3115,0.2741,0.2525
2005-07-10,0.3377,0.2793,0.252
2005-07-11,0.3102,0.2801,0.2515
2005-07-12,0.2887,0.2757,0.2505
2005-07-13,0.2743,0.2706,0.2496
2005-07-14,0.2559,0.2646,0.2485
2005-07-15,0.2385,0.2577,0.2475
2005-07-16,0.2415,0.2514,0.2461
2005-07-17,0.2647,0.2472,0.245
2005-07-18,0.324,0.2487,0.2442
2005-07-19,0.327,0.2605,0.2437
2005-07-20,0.2912,0.2593,0.2427
2005-07-21,0.268,0.2553,0.2418
2005-07-22,0.2495,0.2507,0.241
2005-07-23,0.2345,0.2458,0.2402
2005-07-24,0.223,0.2407,0.2394
2005-07-25,0.294,0.25,0.2384
2005-07-26,0.36,0.3018,0.2382
2005-07-27,0.3247,0.3011,0.238
2005-07-28,0.2958,0.2939,0.2375
2005-07-29,0.2837,0.2865,0.237
2005-07-30,0.2796,0.2808,0.2366
2005-07-31,0.2614,0.2738,0.2357
2005-08-01,0.253,0.2677,0.2354
2005-08-02,0.267,0.2639,0.235
2005-08-03,0.2862,0.2617,0.2347
2005-08-04,0.2665,0.2582,0.2342
2005-08-05,0.2476,0.253,0.2335
2005-08-06,0.2335,0.248,0.2326
2005-08-07,0.2244,0.2439,0.232
2005-08-08,0.2163,0.2401,0.2315
2005-08-09,0.2061,0.2352,0.2306
2005-08-10,0.1986,0.2302,0.2296
2005-08-11,0.3412,0.238,0.2291
2005-08-12,0.3212,0.2543,0.2291
2005-08-13,0.2884,0.2536,0.2285
2005-08-14,0.269,0.2506,0.228
2005-08-15,0.2584,0.2481,0.228
2005-08-16,0.2474,0.2452,0.2275
2005-08-17,0.2338,0.241,0.2266
2005-08-18,0.2268,0.2367,0.226
2005-08-19,0.2236,0.2334,0.2256
2005-08-20,0.2218,0.2301,0.225
2005-08-21,0.2488,0.229,0.225
2005-08-22,0.2765,0.2308,0.225
2005-08-23,0.2649,0.2315,0.225
2005-08-24,0.2548,0.2305,0.225
2005-08-25,0.2451,0.2288,0.2244
2005-08-26,0.237,0.2265,0.2238
2005-08-27,0.2289,0.2242,0.2235
2005-08-28,0.2218,0.222,0.223
2005-08-29,0.2115,0.2192,0.2225
2005-08-30,0.2017,0.2157,0.2217
2005-08-31,0.1929,0.2125,0.2213
2005-09-01,0.186,0.2095,0.2205
2005-09-02,0.1834,0.2065,0.2197
2005-09-03,0.1843,0.204,0.2194
2005-09-04,0.181,0.2015,0.2185
2005-09-05,0.2606,0.202,0.2181
2005-09-06,0.3729,0.2288,0.219
2005-09-07,0.3767,0.2907,0.219
2005-09-08,0.3637,0.303,0.2197
2005-09-09,0.3746,0.323,0.2206
2005-09-10,0.3685,0.3283,0.2217
2005-09-11,0.3845,0.3427,0.2232
2005-09-12,0.3662,0.3466,0.225
2005-09-13,0.3496,0.3413,0.2267
2005-09-14,0.3393,0.3349,0.228
2005-09-15,0.3271,0.3278,0.229
2005-09-16,0.3131,0.3195,0.2295
2005-09-17,0.3314,0.3148,0.23
2005-09-18,0.3202,0.3123,0.2309
2005-09-19,0.3229,0.3096,0.231
2005-09-20,0.3125,0.3061,0.232
2005-09-21,0.2986,0.3008,0.232
2005-09-22,0.2882,0.2957,0.232
2005-09-23,0.2795,0.2905,0.232
2005-09-24,0.2718,0.2853,0.232
2005-09-25,0.2867,0.2814,0.232
2005-09-26,0.3277,0.2831,0.232
2005-09-27,0.3113,0.2841,0.232
2005-09-28,0.2962,0.2822,0.232
2005-09-29,0.2862,0.2798,0.232
2005-09-30,0.2801,0.2773,0.232
2005-10-01,0.2797,0.2747,0.232
2005-10-02,0.296,0.2744,0.2323
2005-10-03,0.3205,0.276,0.233
2005-10-04,0.3828,0.2996,0.2331
2005-10-05,0.3494,0.3155,0.234
2005-10-06,0.3333,0.3155,0.2348
2005-10-07,0.3226,0.3134,0.2351
2005-10-08,0.3128,0.3094,0.236
2005-10-09,0.3035,0.3051,0.236
2005-10-10,0.2958,0.3009,0.2361
2005-10-11,0.2895,0.2972,0.237
2005-10-12,0.285,0.2938,0.237
2005-10-13,0.2805,0.2906,0.237
2005-10-14,0.276,0.2874,0.237
2005-10-15,0.2774,0.2843,0.2376
2005-10-16,0.3159,0.2844,0.238
2005-10-17,0.3138,0.2866,0.238
2005-10-18,0.3141,0.2868,0.238
2005-10-19,0.3953,0.3362,0.2391
2005-10-20,0.3659,0.3502,0.241
2005-10-21,0.3622,0.3473,0.2428
2005-10-22,0.3955,0.3576,0.2447
2005-10-23,0.4023,0.3862,0.2486
2005-10-24,0.3827,0.3832,0.2545
2005-10-25,0.3706,0.3715,0.258
2005-10-26,0.3608,0.3628,0.2606
2005-10-27,0.3543,0.3553,0.2625
2005-10-28,0.3472,0.3493,0.2639
2005-10-29,0.3432,0.3441,0.2652
2005-10-30,0.3386,0.3397,0.2661
2005-10-31,0.3505,0.337,0.267
2005-11-01,0.4016,0.3947,0.2707
2005-11-02,0.3801,0.3831,0.2757
2005-11-03,0.3695,0.3727,0.2787
2005-11-04,0.3972,0.3843,0.2819
2005-11-05,0.3991,0.4069,0.298
2005-11-06,0.3825,0.3895,0.3035
2005-11-07,0.3721,0.3786,0.3063
2005-11-08,0.3643,0.3707,0.3082
2005-11-09,0.3897,0.3755,0.3099
2005-11-10,0.4014,0.4024,0.3153
2005-11-11,0.3845,0.39,0.3198
2005-11-12,0.3965,0.3867,0.3226
2005-11-13,0.4047,0.4034,0.3275
2005-11-14,0.386,0.3924,0.3318
2005-11-15,0.3788,0.3839,0.3342
2005-11-16,0.3747,0.3781,0.3361
2005-11-17,0.374,0.3745,0.3374
2005-11-18,0.3652,0.3704,0.3383
2005-11-19,0.3593,0.3662,0.339
2005-11-20,0.3554,0.3625,0.3399
2005-11-21,0.352,0.3593,0.34
2005-11-22,0.3486,0.3563,0.34
2005-11-23,0.3462,0.3538,0.3407
2005-11-24,0.3445,0.3518,0.341
2005-11-25,0.3448,0.35,0.341
2005-11-26,0.3467,0.349,0.341
2005-11-27,0.3472,0.348,0.341
2005-11-28,0.3479,0.348,0.341
2005-11-29,0.353,0.3481,0.341
2005-11-30,0.3533,0.349,0.341
2006-04-01,0.4079,0.4097,0.409
2006-04-02,0.3967,0.4075,0.4085
2006-04-03,0.3824,0.397,0.4072
2006-04-04,0.3739,0.3864,0.4053
2006-04-05,0.4154,0.3977,0.404
2006-04-06,0.395,0.4053,0.4037
2006-04-07,0.3805,0.3954,0.4026
2006-04-08,0.3733,0.3859,0.4014
2006-04-09,0.3809,0.381,0.4
2006-04-10,0.4184,0.4132,0.4012
2006-04-11,0.4011,0.4125,0.4047
2006-04-12,0.3945,0.4031,0.4044
2006-04-13,0.3899,0.397,0.4035
2006-04-14,0.3798,0.3894,0.402
2006-04-15,0.3867,0.384,0.4006
2006-04-16,0.3902,0.3876,0.3995
2006-04-17,0.3713,0.3817,0.3979
2006-04-18,0.3642,0.3747,0.3964
2006-04-19,0.3552,0.3681,0.3942
2006-04-20,0.3486,0.3608,0.392
2006-04-21,0.3448,0.3554,0.3895
2006-04-22,0.336,0.3496,0.3869
2006-04-23,0.3317,0.3442,0.3841
2006-04-24,0.3256,0.339,0.3812
2006-04-25,0.326,0.3347,0.3783
2006-04-26,0.3244,0.3315,0.3755
2006-04-27,0.3349,0.3295,0.3729
2006-04-28,0.3422,0.3311,0.3708
2006-04-29,0.3319,0.3311,0.3687
2006-04-30,0.3198,0.3282,0.366
2006-05-01,0.3104,0.3242,0.3633
2006-05-02,0.3038,0.3202,0.3607
2006-05-03,0.2948,0.3152,0.3577
2006-05-04,0.2853,0.3096,0.3545
2006-05-05,0.3204,0.3068,0.3517
2006-05-06,0.4024,0.3442,0.3499
2006-05-07,0.4158,0.4007,0.351
2006-05-08,0.4234,0.4234,0.3663
2006-05-09,0.3996,0.4113,0.3826
2006-05-10,0.389,0.3979,0.384
2006-05-11,0.3798,0.3901,0.3835
2006-05-12,0.3747,0.3822,0.3823
2006-05-13,0.3917,0.3822,0.3811
2006-05-14,0.3865,0.3884,0.3805
2006-05-15,0.3675,0.3804,0.3788
2006-05-16,0.3609,0.372,0.3769
2006-05-17,0.3515,0.3643,0.3747
2006-05-18,0.3685,0.3629,0.3725
2006-05-19,0.3813,0.3809,0.3712
2006-05-20,0.3655,0.3748,0.3698
2006-05-21,0.3565,0.3684,0.3682
2006-05-22,0.3807,0.3718,0.3665
2006-05-23,0.3877,0.3895,0.3665
2006-05-24,0.3657,0.3793,0.3653
2006-05-25,0.3515,0.3687,0.3633
2006-05-26,0.3415,0.3595,0.3613
2006-05-27,0.3323,0.351,0.3591
2006-05-28,0.3218,0.3423,0.3567
2006-05-29,0.3211,0.3351,0.3542
2006-05-30,0.3206,0.3302,0.3521
2006-05-31,0.3204,0.3256,0.35
2006-06-01,0.3202,0.3228,0.348
2006-06-02,0.3159,0.3196,0.3459
2006-06-03,0.3055,0.3156,0.3435
2006-06-04,0.2923,0.3098,0.3409
2006-06-05,0.2818,0.3041,0.3381
2006-06-06,0.2712,0.2978,0.3353
2006-06-07,0.2603,0.2911,0.3323
2006-06-08,0.251,0.2845,0.3291
2006-06-09,0.2419,0.2782,0.3258
2006-06-10,0.231,0.2713,0.3226
2006-06-11,0.2217,0.2651,0.3194
2006-06-12,0.2118,0.2585,0.3157
2006-06-13,0.2031,0.2524,0.3125
2006-06-14,0.195,0.2465,0.309
2006-06-15,0.1872,0.2407,0.3056
2006-06-16,0.1861,0.236,0.3025
2006-06-17,0.2029,0.233,0.3
2006-06-18,0.2147,0.2305,0.2977
2006-06-19,0.2156,0.2275,0.295
2006-06-20,0.2086,0.2245,0.2925
2006-06-21,0.214,0.2221,0.2901
2006-06-22,0.2239,0.2202,0.2881
2006-06-23,0.2117,0.2183,0.2859
2006-06-24,0.2054,0.2159,0.2835
2006-06-25,0.2385,0.2142,0.2815
2006-06-26,0.2895,0.2171,0.28
2006-06-27,0.2792,0.2181,0.278
2006-06-28,0.3193,0.2235,0.2761
2006-06-29,0.3061,0.2297,0.2745
2006-06-30,0.2725,0.2298,0.2725
2006-07-01,0.2468,0.2269,0.2702
2006-07-02,0.2273,0.2231,0.2681
2006-07-03,0.2152,0.2193,0.266
2006-07-04,0.2037,0.216,0.264
2006-07-05,0.2075,0.2127,0.2624
2006-07-06,0.3738,0.2559,0.2615
2006-07-07,0.3537,0.3116,0.2612
2006-07-08,0.3298,0.3108,0.261
2006-07-09,0.3108,0.3059,0.2605
2006-07-10,0.294,0.2993,0.2596
2006-07-11,0.2755,0.291,0.2585
2006-07-12,0.2626,0.2827,0.2575
2006-07-13,0.268,0.2759,0.2565
2006-07-14,0.287,0.2721,0.2555
2006-07-15,0.3052,0.2696,0.2545
2006-07-16,0.3408,0.2784,0.2536
2006-07-17,0.3251,0.2824,0.253
2006-07-18,0.3161,0.2799,0.2524
2006-07-19,0.3136,0.2795,0.2515
2006-07-20,0.2877,0.2747,0.2505
2006-07-21,0.2712,0.269,0.2495
2006-07-22,0.2812,0.2639,0.2484
2006-07-23,0.2887,0.2612,0.2475
2006-07-24,0.2675,0.2568,0.2465
2006-07-25,0.2482,0.2515,0.2454
2006-07-26,0.238,0.2457,0.244
2006-07-27,0.2376,0.2411,0.2426
2006-07-28,0.2852,0.2395,0.242
2006-07-29,0.3273,0.2495,0.2416
2006-07-30,0.2945,0.2506,0.2406
2006-07-31,0.3296,0.2687,0.24
2006-08-01,0.352,0.3101,0.24
2006-08-02,0.3236,0.3068,0.24
2006-08-03,0.3757,0.3163,0.24
2006-08-04,0.3485,0.3206,0.2409
2006-08-05,0.3359,0.3189,0.241
2006-08-06,0.3235,0.3148,0.242
2006-08-07,0.308,0.309,0.242
2006-08-08,0.2926,0.3019,0.2416
2006-08-09,0.2782,0.2945,0.2412
2006-08-10,0.266,0.2873,0.2409
2006-08-11,0.2572,0.281,0.2404
2006-08-12,0.3026,0.2785,0.24
2006-08-13,0.3164,0.2805,0.2402
2006-08-14,0.3002,0.2796,0.24
2006-08-15,0.3049,0.2765,0.24
2006-08-16,0.3772,0.3025,0.24
2006-08-17,0.42,0.3759,0.2415
2006-08-18,0.3998,0.4053,0.2555
2006-08-19,0.3818,0.3818,0.2614
2006-08-20,0.3723,0.3709,0.2641
2006-08-21,0.3511,0.3583,0.2658
2006-08-22,0.3354,0.3468,0.2665
2006-08-23,0.322,0.3362,0.2667
2006-08-24,0.3123,0.3267,0.2666
2006-08-25,0.3073,0.3188,0.2663
2006-08-26,0.3113,0.3137,0.266
2006-08-27,0.304,0.3087,0.266
2006-08-28,0.3009,0.3042,0.266
2006-08-29,0.319,0.3028,0.266
2006-08-30,0.3309,0.3044,0.266
2006-08-31,0.3117,0.3021,0.2655
2006-09-01,0.2946,0.2968,0.2646
2006-09-02,0.2816,0.2914,0.264
2006-09-03,0.2714,0.286,0.2635
2006-09-04,0.2608,0.2802,0.2625
2006-09-05,0.2515,0.2746,0.2615
2006-09-06,0.2486,0.2695,0.2606
2006-09-07,0.2572,0.2657,0.26
2006-09-08,0.2769,0.2638,0.2595
2006-09-09,0.2655,0.261,0.2586
2006-09-10,0.2647,0.2578,0.2579
2006-09-11,0.2852,0.2561,0.2574
2006-09-12,0.2742,0.2544,0.2565
2006-09-13,0.2658,0.2522,0.2556
2006-09-14,0.3256,0.2544,0.255
2006-09-15,0.4165,0.3622,0.2566
2006-09-16,0.4007,0.3938,0.2623
2006-09-17,0.3768,0.3795,0.2667
2006-09-18,0.3669,0.368,0.2693
2006-09-19,0.3558,0.3589,0.2709
2006-09-20,0.3416,0.3494,0.272
2006-09-21,0.3305,0.3408,0.2723
2006-09-22,0.3204,0.333,0.273
2006-09-23,0.3237,0.3269,0.273
2006-09-24,0.3715,0.329,0.273
2006-09-25,0.4098,0.3935,0.2765
2006-09-26,0.3907,0.3894,0.2823
2006-09-27,0.3761,0.3785,0.2859
2006-09-28,0.3628,0.3685,0.2879
2006-09-29,0.3521,0.3594,0.2891
2006-09-30,0.3655,0.3538,0.2902
2006-10-01,0.4274,0.4207,0.3032
2006-10-02,0.4054,0.4082,0.3212
2006-10-03,0.4095,0.4112,0.3298
2006-10-04,0.3999,0.4032,0.3395
2006-10-05,0.391,0.3946,0.343
2006-10-06,0.3772,0.3852,0.3449
2006-10-07,0.3951,0.3842,0.3462
2006-10-08,0.3755,0.3806,0.347
2006-10-09,0.364,0.3735,0.348
2006-10-10,0.356,0.3669,0.3478
2006-10-11,0.3507,0.3614,0.348
2006-10-12,0.367,0.3598,0.3476
2006-10-13,0.3573,0.359,0.3474
2006-10-14,0.35,0.3559,0.347
2006-10-15,0.3467,0.3527,0.347
2006-10-16,0.3407,0.3494,0.3465
2006-10-17,0.335,0.3456,0.346
2006-10-18,0.3319,0.3425,0.3454
2006-10-19,0.4051,0.3593,0.345
2006-10-20,0.42,0.4169,0.3527
2006-10-21,0.4052,0.4112,0.361
2006-10-22,0.3917,0.3989,0.3647
2006-10-23,0.4238,0.4153,0.3713
2006-10-24,0.402,0.418,0.3941
2006-10-25,0.3893,0.4034,0.3956
2006-10-26,0.3799,0.394,0.3946
2006-10-27,0.3723,0.386,0.3935
2006-10-28,0.367,0.3796,0.3918
2006-10-29,0.3615,0.374,0.3904
2006-10-30,0.3555,0.3685,0.3885
2006-10-31,0.3587,0.3645,0.387
2006-11-01,0.3606,0.363,0.3856
2006-11-02,0.3533,0.3607,0.3844
2006-11-03,0.3472,0.3575,0.3827
2006-11-04,0.3443,0.3547,0.3815
2006-11-05,0.3415,0.352,0.3803
2006-11-06,0.3382,0.3491,0.3786
2006-11-07,0.3359,0.3468,0.3775
2006-11-08,0.3357,0.3446,0.3762
2006-11-09,0.335,0.3435,0.3751
2006-11-10,0.3328,0.3417,0.3737
2006-11-11,0.331,0.3397,0.3726
2006-11-12,0.335,0.339,0.3716
2006-11-13,0.3361,0.3388,0.3706
2006-11-14,0.334,0.3384,0.3696
2006-11-15,0.335,0.3378,0.3687
2006-11-16,0.3697,0.3407,0.368
2006-11-17,0.4327,0.4214,0.3992
2006-11-18,0.3956,0.4022,0.4312
2006-11-19,0.3904,0.3892,0.4239
2006-11-20,0.3905,0.3877,0.4191
2006-11-21,0.4027,0.3882,0.4156
2006-11-22,0.391,0.3917,0.413
2006-11-23,0.3897,0.3878,0.4107
2006-11-24,0.4078,0.3925,0.4089
2006-11-25,0.4257,0.4251,0.4158
2006-11-26,0.4031,0.4168,0.4217
2006-11-27,0.3916,0.4028,0.4192
2006-11-28,0.3942,0.3945,0.4165
2006-11-29,0.4147,0.4228,0.4181
2006-11-30,0.3962,0.4098,0.4182
2007-04-01,0.3899,0.3773,0.352
2007-04-02,0.3887,0.3811,0.3522
2007-04-03,0.4035,0.3873,0.3531
2007-04-04,0.3975,0.3964,0.3553
2007-04-05,0.3869,0.3902,0.3569
2007-04-06,0.3739,0.3823,0.3573
2007-04-07,0.3642,0.3745,0.3566
2007-04-08,0.3631,0.3681,0.356
2007-04-09,0.372,0.366,0.3554
2007-04-10,0.3698,0.3665,0.3545
2007-04-11,0.3566,0.3623,0.3535
2007-04-12,0.3669,0.3588,0.3525
2007-04-13,0.3955,0.3705,0.352
2007-04-14,0.392,0.3799,0.352
2007-04-15,0.3727,0.3759,0.3523
2007-04-16,0.3602,0.3689,0.3516
2007-04-17,0.3477,0.3609,0.3505
2007-04-18,0.3367,0.3532,0.3489
2007-04-19,0.3265,0.3456,0.3471
2007-04-20,0.3174,0.338,0.3452
2007-04-21,0.3083,0.3305,0.3431
2007-04-22,0.2994,0.3231,0.341
2007-04-23,0.2914,0.3161,0.339
2007-04-24,0.284,0.3099,0.3365
2007-04-25,0.2767,0.3037,0.3341
2007-04-26,0.2711,0.2978,0.332
2007-04-27,0.2998,0.2943,0.3297
2007-04-28,0.3169,0.295,0.328
2007-04-29,0.3119,0.2936,0.3259
2007-04-30,0.333,0.2956,0.3241
2007-05-01,0.3625,0.3055,0.3225
2007-05-02,0.3963,0.3353,0.322
2007-05-03,0.3948,0.3538,0.322
2007-05-04,0.4075,0.3804,0.3228
2007-05-05,0.4089,0.3927,0.3252
2007-05-06,0.3915,0.3915,0.3281
2007-05-07,0.3708,0.3801,0.3297
2007-05-08,0.3603,0.3705,0.33
2007-05-09,0.3493,0.3618,0.3296
2007-05-10,0.3341,0.3513,0.3282
2007-05-11,0.329,0.3423,0.3267
2007-05-12,0.3195,0.3349,0.3255
2007-05-13,0.3088,0.3273,0.3237
2007-05-14,0.401,0.3848,0.3315
2007-05-15,0.3981,0.4065,0.35
2007-05-16,0.3985,0.3952,0.3527
2007-05-17,0.4094,0.4,0.3555
2007-05-18,0.3919,0.3963,0.3579
2007-05-19,0.3721,0.3843,0.3585
2007-05-20,0.3936,0.3831,0.3577
2007-05-21,0.3692,0.3778,0.3574
2007-05-22,0.3535,0.3679,0.356
2007-05-23,0.3406,0.3576,0.3541
2007-05-24,0.3308,0.3481,0.3521
2007-05-25,0.3224,0.339,0.3499
2007-05-26,0.3329,0.3328,0.3478
2007-05-27,0.3849,0.3423,0.3466
2007-05-28,0.3869,0.3533,0.3458
2007-05-29,0.3706,0.3618,0.345
2007-05-30,0.3531,0.3557,0.3435
2007-05-31,0.3873,0.3612,0.343
2007-06-01,0.3978,0.3898,0.3438
2007-06-02,0.3899,0.3929,0.3462
2007-06-03,0.3799,0.3849,0.3478
2007-06-04,0.3879,0.385,0.3481
2007-06-05,0.4078,0.4015,0.3505
2007-06-06,0.415,0.4124,0.3567
2007-06-07,0.4068,0.4139,0.3662
2007-06-08,0.3963,0.4073,0.3707
2007-06-09,0.3841,0.3935,0.3716
2007-06-10,0.3779,0.383,0.3705
2007-06-11,0.4037,0.3895,0.3701
2007-06-12,0.4033,0.4019,0.3718
2007-06-13,0.4017,0.3983,0.3727
2007-06-14,0.3907,0.3943,0.373
2007-06-15,0.411,0.4166,0.3853
2007-06-16,0.3863,0.4022,0.3925
2007-06-17,0.3785,0.3895,0.391
2007-06-18,0.389,0.385,0.3895
2007-06-19,0.3702,0.3787,0.3877
2007-06-20,0.3707,0.3713,0.3851
2007-06-21,0.4111,0.416,0.3869
2007-06-22,0.3947,0.4036,0.3887
2007-06-23,0.3741,0.3906,0.3879
2007-06-24,0.3603,0.3782,0.3859
2007-06-25,0.3744,0.371,0.3838
2007-06-26,0.372,0.3702,0.3825
2007-06-27,0.3583,0.3652,0.3806
2007-06-28,0.3438,0.3577,0.3787
2007-06-29,0.3334,0.3493,0.3762
2007-06-30,0.3246,0.3414,0.3739
2007-07-01,0.3169,0.3337,0.3711
2007-07-02,0.3646,0.3344,0.369
2007-07-03,0.3468,0.3348,0.3667
2007-07-04,0.3415,0.3338,0.365
2007-07-05,0.3247,0.3297,0.3626
2007-07-06,0.3113,0.3241,0.3601
2007-07-07,0.303,0.318,0.3575
2007-07-08,0.3209,0.3142,0.3551
2007-07-09,0.3718,0.3317,0.3531
2007-07-10,0.3506,0.3335,0.3514
2007-07-11,0.3526,0.3343,0.3498
2007-07-12,0.3374,0.3328,0.3481
2007-07-13,0.3176,0.3266,0.3457
2007-07-14,0.2988,0.3183,0.3428
2007-07-15,0.2805,0.3092,0.3397
2007-07-16,0.263,0.2997,0.3365
2007-07-17,0.2526,0.2918,0.3335
2007-07-18,0.2567,0.2856,0.331
2007-07-19,0.2703,0.2813,0.3282
2007-07-20,0.3323,0.288,0.3263
2007-07-21,0.3859,0.3253,0.325
2007-07-22,0.3615,0.3365,0.3236
2007-07-23,0.3663,0.3408,0.3227
2007-07-24,0.3713,0.3589,0.3225
2007-07-25,0.3472,0.3523,0.3215
2007-07-26,0.329,0.3429,0.3201
2007-07-27,0.313,0.3328,0.3182
2007-07-28,0.2998,0.3233,0.3165
2007-07-29,0.2886,0.3148,0.3149
2007-07-30,0.2882,0.3077,0.3131
2007-07-31,0.2779,0.3008,0.3111
2007-08-01,0.2649,0.2934,0.3091
2007-08-02,0.267,0.2873,0.3075
2007-08-03,0.2648,0.2828,0.3058
2007-08-04,0.2534,0.2774,0.304
2007-08-05,0.2414,0.2713,0.3016
2007-08-06,0.2677,0.2667,0.2995
2007-08-07,0.3606,0.2805,0.299
2007-08-08,0.3408,0.2925,0.2978
2007-08-09,0.3259,0.2939,0.2969
2007-08-10,0.3287,0.2964,0.296
2007-08-11,0.3162,0.2972,0.2957
2007-08-12,0.3057,0.2952,0.2946
2007-08-13,0.3053,0.2916,0.2935
2007-08-14,0.3063,0.2895,0.2925
2007-08-15,0.2888,0.2855,0.291
2007-08-16,0.3613,0.3186,0.29
2007-08-17,0.3366,0.3252,0.2895
2007-08-18,0.3156,0.319,0.2885
2007-08-19,0.3026,0.3125,0.2875
2007-08-20,0.2974,0.307,0.2866
2007-08-21,0.3776,0.3194,0.2862
2007-08-22,0.3662,0.3446,0.287
2007-08-23,0.3515,0.3415,0.287
2007-08-24,0.3554,0.339,0.2874
2007-08-25,0.3355,0.3338,0.2872
2007-08-26,0.3192,0.3265,0.2865
2007-08-27,0.3059,0.3188,0.2856
2007-08-28,0.2965,0.3114,0.2846
2007-08-29,0.3192,0.3068,0.284
2007-08-30,0.389,0.3423,0.284
2007-08-31,0.3551,0.3452,0.285
2007-09-01,0.3404,0.3397,0.285
2007-09-02,0.3277,0.3334,0.285
2007-09-03,0.3159,0.3265,0.2846
2007-09-04,0.308,0.3204,0.2842
2007-09-05,0.2984,0.3144,0.2837
2007-09-06,0.2895,0.3085,0.2832
2007-09-07,0.284,0.3033,0.2826
2007-09-08,0.2772,0.298,0.2817
2007-09-09,0.2699,0.2928,0.281
2007-09-10,0.2626,0.2875,0.2804
2007-09-11,0.2566,0.2824,0.2794
2007-09-12,0.2507,0.278,0.2785
2007-09-13,0.2445,0.2731,0.2775
2007-09-14,0.2393,0.2683,0.2765
2007-09-15,0.2342,0.2642,0.2755
2007-09-16,0.228,0.2599,0.2745
2007-09-17,0.2567,0.2566,0.2734
2007-09-18,0.3744,0.2825,0.273
2007-09-19,0.3335,0.2939,0.2725
2007-09-20,0.3122,0.2935,0.272
2007-09-21,0.2975,0.2906,0.2714
2007-09-22,0.2853,0.287,0.2705
2007-09-23,0.3108,0.2851,0.27
2007-09-24,0.3018,0.2846,0.2695
2007-09-25,0.3082,0.2835,0.269
2007-09-26,0.3078,0.2832,0.269
2007-09-27,0.3496,0.2885,0.269
2007-09-28,0.3656,0.3081,0.269
2007-09-29,0.3565,0.3167,0.269
2007-09-30,0.4047,0.3885,0.2717
2007-10-01,0.3791,0.3804,0.2758
2007-10-02,0.3645,0.3693,0.2782
2007-10-03,0.3636,0.3604,0.2799
2007-10-04,0.3725,0.3587,0.2813
2007-10-05,0.3616,0.3561,0.2827
2007-10-06,0.3568,0.352,0.2839
2007-10-07,0.3484,0.3475,0.2848
2007-10-08,0.3377,0.3419,0.285
2007-10-09,0.3305,0.3368,0.2853
2007-10-10,0.3593,0.3354,0.286
2007-10-11,0.3608,0.3412,0.2866
2007-10-12,0.3452,0.3397,0.287
2007-10-13,0.336,0.3364,0.2871
2007-10-14,0.3282,0.3322,0.288
2007-10-15,0.3211,0.3279,0.288
2007-10-16,0.3152,0.3238,0.288
2007-10-17,0.311,0.3201,0.288
2007-10-18,0.3088,0.3169,0.288
2007-10-19,0.3037,0.3137,0.2876
2007-10-20,0.2992,0.3108,0.2874
2007-10-21,0.2951,0.3078,0.287
2007-10-22,0.2916,0.305,0.287
2007-10-23,0.2893,0.3023,0.287
2007-10-24,0.288,0.3003,0.287
2007-10-25,0.2958,0.2986,0.287
2007-10-26,0.3278,0.2994,0.287
2007-10-27,0.3239,0.3019,0.2866
2007-10-28,0.3139,0.3021,0.2865
2007-10-29,0.3083,0.3015,0.286
2007-10-30,0.3166,0.3012,0.286
2007-10-31,0.3133,0.302,0.286
2007-11-01,0.3067,0.3015,0.286
2007-11-02,0.3009,0.3005,0.286
2007-11-03,0.2971,0.2993,0.286
2007-11-04,0.2962,0.298,0.286
2007-11-05,0.2936,0.297,0.286
2007-11-06,0.293,0.296,0.286
2007-11-07,0.2917,0.2952,0.2857
2007-11-08,0.2893,0.2939,0.2855
2007-11-09,0.2933,0.293,0.285
2007-11-10,0.294,0.2925,0.285
2007-11-11,0.2992,0.2924,0.285
2007-11-12,0.3065,0.293,0.285
2007-11-13,0.303,0.2936,0.285
2007-11-14,0.3176,0.2944,0.285
2007-11-15,0.3176,0.2966,0.285
2007-11-16,0.3107,0.2978,0.285
2007-11-17,0.3064,0.298,0.285
2007-11-18,0.3071,0.2983,0.2851
2007-11-19,0.3171,0.2992,0.286
2007-11-20,0.3511,0.3046,0.286
2007-11-21,0.4068,0.3354,0.2861
2007-11-22,0.4299,0.4101,0.2918
2007-11-23,0.4243,0.4246,0.3383
2007-11-24,0.4017,0.4066,0.3506
2007-11-25,0.3891,0.3963,0.3544
2007-11-26,0.3812,0.3888,0.3566
2007-11-27,0.3746,0.3831,0.3579
2007-11-28,0.3708,0.3782,0.359
2007-11-29,0.3678,0.3746,0.359
2007-11-30,0.369,0.3721,0.36
2008-04-01,0.3942,0.4042,0.3786
2008-04-02,0.3842,0.3945,0.3799
2008-04-03,0.3965,0.3917,0.38
2008-04-04,0.3813,0.3892,0.38
2008-04-05,0.3683,0.3819,0.3796
2008-04-06,0.3646,0.3755,0.3786
2008-04-07,0.3573,0.3699,0.3776
2008-04-08,0.3809,0.3687,0.377
2008-04-09,0.4061,0.3834,0.377
2008-04-10,0.4245,0.4129,0.379
2008-04-11,0.4264,0.4309,0.4017
2008-04-12,0.4087,0.4181,0.414
2008-04-13,0.4041,0.4088,0.413
2008-04-14,0.4149,0.4155,0.412
2008-04-15,0.3957,0.4079,0.4115
2008-04-16,0.3838,0.3969,0.4095
2008-04-17,0.3966,0.3914,0.4078
2008-04-18,0.4141,0.4093,0.4078
2008-04-19,0.4063,0.4196,0.4156
2008-04-20,0.4151,0.4173,0.416
2008-04-21,0.4176,0.428,0.4287
2008-04-22,0.4032,0.414,0.4274
2008-04-23,0.3908,0.3984,0.4237
2008-04-24,0.3769,0.3864,0.4198
2008-04-25,0.3633,0.3755,0.4156
2008-04-26,0.3504,0.3656,0.4114
2008-04-27,0.3393,0.3568,0.4073
2008-04-28,0.3702,0.3593,0.404
2008-04-29,0.3942,0.3944,0.4025
2008-04-30,0.402,0.4038,0.4015
2008-05-01,0.3927,0.4049,0.4016
2008-05-02,0.3777,0.3933,0.4001
2008-05-03,0.3642,0.3814,0.3979
2008-05-04,0.3562,0.3703,0.3949
2008-05-05,0.3538,0.3627,0.3919
2008-05-06,0.3631,0.359,0.3893
2008-05-07,0.3523,0.3562,0.3866
2008-05-08,0.3353,0.3489,0.3831
2008-05-09,0.3242,0.3417,0.3796
2008-05-10,0.3186,0.3358,0.3764
2008-05-11,0.3303,0.3305,0.3728
2008-05-12,0.3751,0.3375,0.37
2008-05-13,0.3764,0.3508,0.3675
2008-05-14,0.3655,0.3555,0.365
2008-05-15,0.388,0.3606,0.3631
2008-05-16,0.3898,0.3751,0.362
2008-05-17,0.4226,0.4084,0.3632
2008-05-18,0.4085,0.413,0.3708
2008-05-19,0.3933,0.402,0.373
2008-05-20,0.3785,0.3907,0.3727
2008-05-21,0.3675,0.3814,0.3716
2008-05-22,0.3574,0.3728,0.37
2008-05-23,0.3493,0.3644,0.3677
2008-05-24,0.3597,0.3586,0.3655
2008-05-25,0.4093,0.3845,0.3642
2008-05-26,0.4161,0.4154,0.3684
2008-05-27,0.4195,0.4173,0.374
2008-05-28,0.3968,0.4123,0.3855
2008-05-29,0.4252,0.4276,0.397
2008-05-30,0.419,0.4258,0.4117
2008-05-31,0.4169,0.4249,0.4173
2008-06-01,0.4187,0.4205,0.418
2008-06-02,0.4181,0.4295,0.424
2008-06-03,0.3965,0.4075,0.4268
2008-06-04,0.3847,0.3915,0.4222
2008-06-05,0.3759,0.3809,0.4182
2008-06-06,0.3967,0.382,0.415
2008-06-07,0.3841,0.3824,0.4125
2008-06-08,0.3789,0.3777,0.41
2008-06-09,0.3928,0.3783,0.4078
2008-06-10,0.3895,0.3839,0.4051
2008-06-11,0.3987,0.3864,0.4028
2008-06-12,0.3898,0.396,0.4011
2008-06-13,0.3724,0.3856,0.3984
2008-06-14,0.3574,0.3747,0.3955
2008-06-15,0.3548,0.3656,0.3922
2008-06-16,0.3918,0.3705,0.39
2008-06-17,0.4047,0.4024,0.389
2008-06-18,0.3938,0.4104,0.3915
2008-06-19,0.3759,0.3939,0.3901
2008-06-20,0.3607,0.3802,0.3872
2008-06-21,0.3478,0.368,0.3836
2008-06-22,0.3338,0.356,0.3798
2008-06-23,0.3188,0.3443,0.3753
2008-06-24,0.305,0.3332,0.371
2008-06-25,0.2934,0.3235,0.3664
2008-06-26,0.2831,0.3149,0.362
2008-06-27,0.2739,0.3071,0.3576
2008-06-28,0.264,0.2998,0.3533
2008-06-29,0.2677,0.2931,0.3489
2008-06-30,0.3039,0.2905,0.3454
2008-07-01,0.2922,0.288,0.3416
2008-07-02,0.2794,0.2838,0.3377
2008-07-03,0.3798,0.3497,0.3356
2008-07-04,0.3851,0.3947,0.3377
2008-07-05,0.371,0.379,0.3375
2008-07-06,0.4098,0.3948,0.3377
2008-07-07,0.3956,0.4079,0.3446
2008-07-08,0.3747,0.3892,0.346
2008-07-09,0.359,0.3753,0.3451
2008-07-10,0.3433,0.3624,0.3431
2008-07-11,0.3586,0.3536,0.3409
2008-07-12,0.4119,0.3793,0.34
2008-07-13,0.4147,0.4069,0.3431
2008-07-14,0.3924,0.3987,0.3459
2008-07-15,0.3687,0.3834,0.3464
2008-07-16,0.3514,0.3694,0.3449
2008-07-17,0.3408,0.3584,0.3429
2008-07-18,0.3298,0.3489,0.3407
2008-07-19,0.3156,0.3384,0.338
2008-07-20,0.3104,0.3293,0.3352
2008-07-21,0.3105,0.3225,0.333
2008-07-22,0.2951,0.3151,0.3301
2008-07-23,0.2814,0.3072,0.3275
2008-07-24,0.2695,0.2995,0.3246
2008-07-25,0.2791,0.2922,0.3218
2008-07-26,0.3437,0.2932,0.3195
2008-07-27,0.349,0.3037,0.318
2008-07-28,0.3255,0.3041,0.316
2008-07-29,0.314,0.3008,0.3139
2008-07-30,0.3056,0.2978,0.312
2008-07-31,0.2861,0.2922,0.3094
2008-08-01,0.3155,0.2895,0.3075
2008-08-02,0.3462,0.3001,0.306
2008-08-03,0.3145,0.2988,0.304
2008-08-04,0.293,0.2934,0.302
2008-08-05,0.2755,0.2874,0.2998
2008-08-06,0.2684,0.2818,0.2979
2008-08-07,0.2932,0.2781,0.296
2008-08-08,0.3298,0.2833,0.2946
2008-08-09,0.3031,0.283,0.2932
2008-08-10,0.2832,0.2794,0.2913
2008-08-11,0.3405,0.2884,0.29
2008-08-12,0.4238,0.4073,0.2992
2008-08-13,0.3964,0.4052,0.3212
2008-08-14,0.3775,0.3865,0.3238
2008-08-15,0.3828,0.3783,0.3251
2008-08-16,0.3688,0.3725,0.3258
2008-08-17,0.3554,0.3635,0.3255
2008-08-18,0.3452,0.3551,0.3246
2008-08-19,0.3641,0.3547,0.3237
2008-08-20,0.3881,0.3845,0.3245
2008-08-21,0.3641,0.3736,0.3249
2008-08-22,0.3882,0.3723,0.325
2008-08-23,0.3834,0.3817,0.326
2008-08-24,0.3627,0.3719,0.3265
2008-08-25,0.3489,0.3617,0.3262
2008-08-26,0.3395,0.3533,0.3255
2008-08-27,0.331,0.3456,0.3245
2008-08-28,0.322,0.3381,0.3235
2008-08-29,0.3115,0.3303,0.322
2008-08-30,0.301,0.3226,0.3201
2008-08-31,0.3026,0.3154,0.3185
2008-09-01,0.3578,0.3177,0.3172
2008-09-02,0.3318,0.3181,0.3155
2008-09-03,0.3624,0.3299,0.315
2008-09-04,0.4244,0.4241,0.3322
2008-09-05,0.41,0.4153,0.3622
2008-09-06,0.4222,0.4248,0.3867
2008-09-07,0.3977,0.4108,0.4035
2008-09-08,0.3811,0.3955,0.402
2008-09-09,0.3684,0.3833,0.3993
2008-09-10,0.3587,0.3735,0.3965
2008-09-11,0.3784,0.3774,0.394
2008-09-12,0.409,0.4237,0.4081
2008-09-13,0.4086,0.4092,0.4105
2008-09-14,0.4093,0.4133,0.4105
2008-09-15,0.3867,0.4011,0.4095
2008-09-16,0.3741,0.3893,0.4072
2008-09-17,0.3653,0.3795,0.4049
2008-09-18,0.361,0.3715,0.4022
2008-09-19,0.3706,0.368,0.4
2008-09-20,0.3578,0.3641,0.3976
2008-09-21,0.3477,0.3588,0.3951
2008-09-22,0.3394,0.3534,0.3929
2008-09-23,0.333,0.3482,0.3905
2008-09-24,0.3289,0.3441,0.3883
2008-09-25,0.3278,0.341,0.3864
2008-09-26,0.3274,0.339,0.3845
2008-09-27,0.3231,0.3361,0.3822
2008-09-28,0.3182,0.3327,0.38
2008-09-29,0.3135,0.3295,0.3778
2008-09-30,0.309,0.3264,0.3753
2008-10-01,0.3062,0.3239,0.3733
2008-10-02,0.3078,0.3219,0.3713
2008-10-03,0.3094,0.3201,0.3693
2008-10-04,0.3096,0.3191,0.3674
2008-10-05,0.3078,0.3176,0.3653
2008-10-06,0.3681,0.3236,0.3635
2008-10-07,0.3517,0.332,0.362
2008-10-08,0.4136,0.3946,0.3663
2008-10-09,0.4141,0.4209,0.3838
2008-10-10,0.3932,0.406,0.3878
2008-10-11,0.3819,0.3958,0.3886
2008-10-12,0.3741,0.3879,0.388
2008-10-13,0.3816,0.3835,0.3873
2008-10-14,0.3745,0.3807,0.3865
2008-10-15,0.3669,0.3765,0.3855
2008-10-16,0.3679,0.3727,0.3847
2008-10-17,0.3687,0.3711,0.3837
2008-10-18,0.3595,0.3677,0.3826
2008-10-19,0.354,0.3638,0.3815
2008-10-20,0.3556,0.3611,0.3806
2008-10-21,0.3758,0.362,0.3799
2008-10-22,0.4199,0.3981,0.38
2008-10-23,0.4053,0.4125,0.3843
2008-10-24,0.3902,0.4018,0.3867
2008-10-25,0.3815,0.3938,0.387
2008-10-26,0.3741,0.387,0.3866
2008-10-27,0.3885,0.3856,0.386
2008-10-28,0.4306,0.428,0.3949
2008-10-29,0.4261,0.428,0.4103
2008-10-30,0.4114,0.4189,0.414
2008-10-31,0.4217,0.425,0.4187
2008-11-01,0.4272,0.4303,0.4348
2008-11-02,0.4239,0.4247,0.4357
2008-11-03,0.421,0.4143,0.4336
2008-11-04,0.4145,0.4069,0.4292
2008-11-05,0.4275,0.4239,0.428
2008-11-06,0.4243,0.4244,0.4289
2008-11-07,0.4035,0.4125,0.4273
2008-11-08,0.3912,0.3979,0.4243
2008-11-09,0.382,0.388,0.4203
2008-11-10,0.3761,0.3811,0.4159
2008-11-11,0.4002,0.3851,0.4112
2008-11-12,0.4149,0.4194,0.4118
2008-11-13,0.398,0.4107,0.4107
2008-11-14,0.3885,0.4019,0.4076
2008-11-15,0.382,0.3942,0.4038
2008-11-16,0.3783,0.3882,0.4
2008-11-17,0.3764,0.384,0.396
2008-11-18,0.3783,0.381,0.392
2008-11-19,0.3775,0.3801,0.3882
2008-11-20,0.3708,0.3777,0.3844
2008-11-21,0.3725,0.3753,0.3807
2008-11-22,0.3811,0.3768,0.3774
2008-11-23,0.3707,0.3756,0.3741
2008-11-24,0.3727,0.374,0.371
2008-11-25,0.3699,0.3729,0.368
2008-11-26,0.365,0.3711,0.3653
2008-11-27,0.3677,0.3693,0.3627
2008-11-28,0.3681,0.3689,0.3602
2008-11-29,0.3872,0.3773,0.358
2008-11-30,0.4114,0.4101,0.3597
2009-04-01,0.3587,0.3495,0.3115
2009-04-02,0.3587,0.3488,0.311
2009-04-03,0.4065,0.3722,0.3113
2009-04-04,0.3898,0.3822,0.3131
2009-04-05,0.3768,0.3762,0.3146
2009-04-06,0.3638,0.3688,0.315
2009-04-07,0.373,0.3634,0.315
2009-04-08,0.3858,0.3707,0.316
2009-04-09,0.3662,0.367,0.316
2009-04-10,0.3602,0.3614,0.3163
2009-04-11,0.3692,0.3583,0.3166
2009-04-12,0.3972,0.367,0.317
2009-04-13,0.3898,0.3775,0.3181
2009-04-14,0.376,0.3735,0.319
2009-04-15,0.3781,0.3681,0.3192
2009-04-16,0.4257,0.4107,0.3232
2009-04-17,0.4147,0.4153,0.3332
2009-04-18,0.4025,0.4082,0.3419
2009-04-19,0.4018,0.3976,0.3452
2009-04-20,0.4071,0.4019,0.348
2009-04-21,0.4076,0.4074,0.3523
2009-04-22,0.3901,0.4003,0.3558
2009-04-23,0.3717,0.3864,0.3565
2009-04-24,0.3602,0.3752,0.3556
2009-04-25,0.3586,0.3675,0.3546
2009-04-26,0.4208,0.4037,0.3589
2009-04-27,0.3996,0.4117,0.3732
2009-04-28,0.3892,0.3972,0.375
2009-04-29,0.3849,0.3898,0.375
2009-04-30,0.3693,0.3818,0.3744
2009-05-01,0.3584,0.3733,0.3726
2009-05-02,0.3535,0.366,0.3712
2009-05-03,0.3479,0.3599,0.3695
2009-05-04,0.3478,0.3543,0.3676
2009-05-05,0.344,0.3505,0.366
2009-05-06,0.3312,0.3443,0.364
2009-05-07,0.3217,0.3373,0.3613
2009-05-08,0.3198,0.3313,0.359
2009-05-09,0.3127,0.3267,0.3567
2009-05-10,0.3147,0.3224,0.3545
2009-05-11,0.3167,0.3192,0.3522
2009-05-12,0.3127,0.3152,0.3498
2009-05-13,0.3041,0.3112,0.3471
2009-05-14,0.3253,0.3092,0.3453
2009-05-15,0.4106,0.3726,0.3445
2009-05-16,0.3768,0.3805,0.3446
2009-05-17,0.3589,0.3698,0.3439
2009-05-18,0.3771,0.3654,0.3426
2009-05-19,0.3578,0.3606,0.3415
2009-05-20,0.3396,0.3518,0.3398
2009-05-21,0.3222,0.3416,0.3372
2009-05-22,0.3105,0.332,0.335
2009-05-23,0.2992,0.3232,0.3324
2009-05-24,0.286,0.3142,0.3297
2009-05-25,0.2711,0.3046,0.3267
2009-05-26,0.3181,0.3002,0.3246
2009-05-27,0.3331,0.3045,0.323
2009-05-28,0.3087,0.3017,0.3208
2009-05-29,0.2921,0.2973,0.3187
2009-05-30,0.3074,0.2929,0.3165
2009-05-31,0.3965,0.3213,0.3154
2009-06-01,0.3592,0.3368,0.3141
2009-06-02,0.3307,0.3316,0.3125
2009-06-03,0.3094,0.3229,0.3108
2009-06-04,0.2917,0.3136,0.3082
2009-06-05,0.3065,0.3071,0.3067
2009-06-06,0.3799,0.3158,0.306
2009-06-07,0.3596,0.3294,0.3051
2009-06-08,0.3682,0.3314,0.304
2009-06-09,0.4113,0.4055,0.3088
2009-06-10,0.3893,0.3918,0.3138
2009-06-11,0.3965,0.3873,0.3158
2009-06-12,0.3648,0.375,0.3163
2009-06-13,0.3443,0.3607,0.3156
2009-06-14,0.3366,0.3486,0.3145
2009-06-15,0.3514,0.3419,0.3135
2009-06-16,0.3507,0.3382,0.3125
2009-06-17,0.3265,0.3311,0.3108
2009-06-18,0.3535,0.3338,0.3094
2009-06-19,0.3898,0.363,0.3091
2009-06-20,0.372,0.37,0.31
2009-06-21,0.3515,0.3597,0.31
2009-06-22,0.3356,0.3494,0.3095
2009-06-23,0.3218,0.3394,0.3085
2009-06-24,0.3097,0.33,0.3071
2009-06-25,0.3013,0.3202,0.3055
2009-06-26,0.3203,0.3141,0.3042
2009-06-27,0.3245,0.3118,0.3026
2009-06-28,0.3056,0.3068,0.3012
2009-06-29,0.2874,0.2997,0.2992
2009-06-30,0.2727,0.292,0.2972
2009-07-01,0.261,0.2847,0.2952
2009-07-02,0.258,0.2778,0.2935
2009-07-03,0.2627,0.2727,0.2916
2009-07-04,0.2704,0.2679,0.29
2009-07-05,0.3166,0.2672,0.2885
2009-07-06,0.3151,0.2699,0.287
2009-07-07,0.2886,0.2677,0.2855
2009-07-08,0.2708,0.2643,0.2839
2009-07-09,0.2556,0.2602,0.2823
2009-07-10,0.2442,0.2565,0.2806
2009-07-11,0.2338,0.2525,0.2792
2009-07-12,0.222,0.2471,0.2773
2009-07-13,0.2127,0.2422,0.2755
2009-07-14,0.2053,0.2375,0.2739
2009-07-15,0.3498,0.2438,0.2724
2009-07-16,0.3397,0.2655,0.2712
2009-07-17,0.3619,0.2766,0.27
2009-07-18,0.3335,0.2893,0.2695
2009-07-19,0.3054,0.2872,0.2685
2009-07-20,0.2856,0.2823,0.2675
2009-07-21,0.268,0.2761,0.266
2009-07-22,0.2539,0.2701,0.2646
2009-07-23,0.2657,0.2651,0.2636
2009-07-24,0.2853,0.2626,0.2625
2009-07-25,0.2844,0.2608,0.2616
2009-07-26,0.2625,0.2566,0.2602
2009-07-27,0.2747,0.2523,0.2586
2009-07-28,0.3297,0.2592,0.2576
2009-07-29,0.2929,0.259,0.2565
2009-07-30,0.2671,0.2547,0.2552
2009-07-31,0.2478,0.2497,0.2539
2009-08-01,0.2322,0.2447,0.2525
2009-08-02,0.3549,0.255,0.2515
2009-08-03,0.3239,0.2656,0.251
2009-08-04,0.2947,0.265,0.2504
2009-08-05,0.271,0.2606,0.2491
2009-08-06,0.2561,0.2555,0.2476
2009-08-07,0.2724,0.2524,0.247
2009-08-08,0.2875,0.2522,0.2469
2009-08-09,0.2904,0.2515,0.2464
2009-08-10,0.3282,0.2563,0.246
2009-08-11,0.2971,0.2576,0.2454
2009-08-12,0.273,0.2547,0.2445
2009-08-13,0.2533,0.2505,0.2434
2009-08-14,0.2361,0.2451,0.2423
2009-08-15,0.222,0.2401,0.241
2009-08-16,0.2103,0.2352,0.2397
2009-08-17,0.2065,0.231,0.2387
2009-08-18,0.207,0.227,0.238
2009-08-19,0.2033,0.223,0.2366
2009-08-20,0.2042,0.2193,0.2358
2009-08-21,0.2001,0.216,0.235
2009-08-22,0.2039,0.2135,0.2344
2009-08-23,0.193,0.2101,0.2334
2009-08-24,0.1842,0.2067,0.2324
2009-08-25,0.2655,0.2065,0.232
2009-08-26,0.3008,0.2119,0.2315
2009-08-27,0.2826,0.2153,0.2306
2009-08-28,0.2607,0.2152,0.23
2009-08-29,0.2438,0.2141,0.2295
2009-08-30,0.228,0.212,0.2286
2009-08-31,0.2154,0.2096,0.228
2009-09-01,0.2067,0.2072,0.2274
2009-09-02,0.2563,0.2067,0.227
2009-09-03,0.314,0.2156,0.2268
2009-09-04,0.2958,0.2205,0.2265
2009-09-05,0.274,0.2222,0.226
2009-09-06,0.2547,0.2211,0.2255
2009-09-07,0.2393,0.2191,0.2247
2009-09-08,0.226,0.2166,0.2244
2009-09-09,0.2144,0.214,0.2235
2009-09-10,0.2048,0.2111,0.223
2009-09-11,0.1987,0.2094,0.2225
2009-09-12,0.1944,0.2075,0.222
2009-09-13,0.1897,0.206,0.2218
2009-09-14,0.1852,0.2043,0.2214
2009-09-15,0.1845,0.203,0.221
2009-09-16,0.3336,0.213,0.221
2009-09-17,0.3331,0.2403,0.2212
2009-09-18,0.3209,0.2464,0.221
2009-09-19,0.3578,0.2601,0.2215
2009-09-20,0.3547,0.2754,0.222
2009-09-21,0.3491,0.2888,0.222
2009-09-22,0.3264,0.2924,0.2226
2009-09-23,0.3102,0.2916,0.223
2009-09-24,0.2969,0.2886,0.223
2009-09-25,0.2868,0.2851,0.223
2009-09-26,0.2817,0.2823,0.223
2009-09-27,0.3014,0.2797,0.2235
2009-09-28,0.3292,0.2829,0.224
2009-09-29,0.3073,0.2827,0.224
2009-09-30,0.2918,0.2797,0.224
2009-10-01,0.28,0.2765,0.224
2009-10-02,0.2701,0.2732,0.224
2009-10-03,0.2619,0.2697,0.224
2009-10-04,0.255,0.2665,0.224
2009-10-05,0.249,0.263,0.2237
2009-10-06,0.2635,0.2606,0.224
2009-10-07,0.2742,0.2596,0.224
2009-10-08,0.3626,0.2908,0.224
2009-10-09,0.3938,0.3518,0.2258
2009-10-10,0.3736,0.3585,0.2282
2009-10-11,0.3573,0.3522,0.2306
2009-10-12,0.3488,0.3454,0.2325
2009-10-13,0.3383,0.3392,0.234
2009-10-14,0.3284,0.3329,0.2352
2009-10-15,0.3212,0.3272,0.2362
2009-10-16,0.3155,0.3222,0.237
2009-10-17,0.3175,0.3181,0.238
2009-10-18,0.3145,0.315,0.2387
2009-10-19,0.3088,0.3115,0.239
2009-10-20,0.3126,0.3086,0.2398
2009-10-21,0.3866,0.3458,0.2409
2009-10-22,0.4218,0.419,0.2611
2009-10-23,0.4066,0.409,0.2876
2009-10-24,0.388,0.3906,0.294
2009-10-25,0.3826,0.3815,0.2975
2009-10-26,0.3714,0.3739,0.2999
2009-10-27,0.361,0.3664,0.3016
2009-10-28,0.3534,0.3596,0.3028
2009-10-29,0.3471,0.3538,0.3032
2009-10-30,0.341,0.3485,0.304
2009-10-31,0.3362,0.3439,0.304
2009-11-01,0.3372,0.3402,0.305
2009-11-02,0.3902,0.3669,0.3055
2009-11-03,0.422,0.3995,0.3089
2009-11-04,0.4099,0.4047,0.3159
2009-11-05,0.4036,0.3969,0.3211
2009-11-06,0.3918,0.3934,0.3253
2009-11-07,0.3986,0.3895,0.3283
2009-11-08,0.3917,0.3917,0.3317
2009-11-09,0.3878,0.3856,0.3342
2009-11-10,0.3887,0.3832,0.3365
2009-11-11,0.3805,0.3805,0.3382
2009-11-12,0.3857,0.3778,0.3397
2009-11-13,0.3864,0.3799,0.3413
2009-11-14,0.3998,0.3824,0.3428
2009-11-15,0.3975,0.3919,0.3451
2009-11-16,0.3875,0.3882,0.3475
2009-11-17,0.3784,0.3827,0.349
2009-11-18,0.3949,0.3842,0.3504
2009-11-19,0.3787,0.3821,0.3518
2009-11-20,0.3693,0.377,0.3527
2009-11-21,0.3638,0.3722,0.353
2009-11-22,0.3845,0.3725,0.3535
2009-11-23,0.3835,0.3768,0.3542
2009-11-24,0.373,0.3755,0.355
2009-11-25,0.366,0.3722,0.3551
2009-11-26,0.3633,0.3692,0.356
2009-11-27,0.3596,0.3663,0.356
2009-11-28,0.3568,0.3639,0.356
2009-11-29,0.399,0.3775,0.3562
2009-11-30,0.4115,0.4113,0.364
2010-04-01,0.4145,0.4134,0.3908
2010-04-02,0.397,0.405,0.392
2010-04-03,0.4088,0.4081,0.393
2010-04-04,0.404,0.4168,0.4055
2010-04-05,0.3911,0.4052,0.4057
2010-04-06,0.38,0.3946,0.4045
2010-04-07,0.3946,0.3901,0.4033
2010-04-08,0.4083,0.4076,0.403
2010-04-09,0.3907,0.4022,0.4029
2010-04-10,0.3787,0.3932,0.4016
2010-04-11,0.3677,0.3835,0.4
2010-04-12,0.3681,0.3758,0.3978
2010-04-13,0.375,0.3728,0.3958
2010-04-14,0.3709,0.3706,0.3936
2010-04-15,0.3725,0.3672,0.3911
2010-04-16,0.3969,0.3778,0.389
2010-04-17,0.3744,0.3777,0.3869
2010-04-18,0.3659,0.3723,0.3843
2010-04-19,0.3582,0.3666,0.382
2010-04-20,0.3493,0.3606,0.3791
2010-04-21,0.3409,0.3544,0.3765
2010-04-22,0.3331,0.3481,0.3736
2010-04-23,0.3327,0.343,0.3709
2010-04-24,0.3286,0.3386,0.3679
2010-04-25,0.3173,0.3327,0.3647
2010-04-26,0.3076,0.3268,0.3615
2010-04-27,0.2984,0.3211,0.3582
2010-04-28,0.2895,0.315,0.3547
2010-04-29,0.281,0.3087,0.3515
2010-04-30,0.3047,0.3055,0.3486
2010-05-01,0.3827,0.3176,0.3467
2010-05-02,0.4093,0.3775,0.346
2010-05-03,0.3901,0.3902,0.347
2010-05-04,0.4274,0.4139,0.351
2010-05-05,0.4233,0.4213,0.3637
2010-05-06,0.4081,0.4119,0.3707
2010-05-07,0.3991,0.4025,0.3732
2010-05-08,0.4067,0.401,0.3743
2010-05-09,0.4165,0.4139,0.3774
2010-05-10,0.4186,0.4264,0.3967
2010-05-11,0.4132,0.4231,0.4127
2010-05-12,0.4135,0.4201,0.4205
2010-05-13,0.4118,0.4196,0.4251
2010-05-14,0.4163,0.4141,0.4231
2010-05-15,0.401,0.4056,0.4209
2010-05-16,0.388,0.3952,0.418
2010-05-17,0.3725,0.3836,0.4146
2010-05-18,0.3592,0.3731,0.4112
2010-05-19,0.346,0.3631,0.4075
2010-05-20,0.3353,0.3543,0.4035
2010-05-21,0.3279,0.3473,0.3998
2010-05-22,0.3203,0.3406,0.3955
2010-05-23,0.312,0.3336,0.391
2010-05-24,0.3024,0.3267,0.3861
2010-05-25,0.2908,0.3195,0.3812
2010-05-26,0.3099,0.3144,0.3765
2010-05-27,0.3604,0.3225,0.3727
2010-05-28,0.3424,0.3249,0.3693
2010-05-29,0.3293,0.3235,0.3657
2010-05-30,0.3239,0.321,0.3622
2010-05-31,0.371,0.3294,0.3599
2010-06-01,0.3508,0.3371,0.357
2010-06-02,0.3607,0.3374,0.3542
2010-06-03,0.3436,0.3373,0.3516
2010-06-04,0.3257,0.3322,0.3485
2010-06-05,0.3105,0.3248,0.3452
2010-06-06,0.3242,0.3191,0.3419
2010-06-07,0.3542,0.3246,0.3393
2010-06-08,0.365,0.3289,0.3372
2010-06-09,0.3566,0.3359,0.3351
2010-06-10,0.369,0.3375,0.3334
2010-06-11,0.3994,0.3705,0.3324
2010-06-12,0.3889,0.381,0.332
2010-06-13,0.3867,0.3785,0.3318
2010-06-14,0.4059,0.3956,0.333
2010-06-15,0.4229,0.4195,0.3421
2010-06-16,0.4247,0.4242,0.3558
2010-06-17,0.4069,0.4135,0.3659
2010-06-18,0.3991,0.4071,0.37
2010-06-19,0.3937,0.3971,0.3713
2010-06-20,0.3922,0.3917,0.3717
2010-06-21,0.3793,0.3863,0.3714
2010-06-22,0.3625,0.3773,0.3699
2010-06-23,0.347,0.3663,0.3672
2010-06-24,0.3332,0.3552,0.3645
2010-06-25,0.32,0.3442,0.3613
2010-06-26,0.3073,0.3339,0.3577
2010-06-27,0.2969,0.3243,0.3545
2010-06-28,0.2891,0.3163,0.3513
2010-06-29,0.2841,0.3089,0.3478
2010-06-30,0.2804,0.3026,0.3446
2010-07-01,0.2743,0.2964,0.3413
2010-07-02,0.2722,0.291,0.3377
2010-07-03,0.2633,0.2848,0.3344
2010-07-04,0.2634,0.2802,0.3312
2010-07-05,0.2534,0.2752,0.3278
2010-07-06,0.2397,0.2697,0.3245
2010-07-07,0.2273,0.2641,0.321
2010-07-08,0.2165,0.2581,0.3175
2010-07-09,0.2063,0.2522,0.3138
2010-07-10,0.2048,0.247,0.3106
2010-07-11,0.2113,0.2431,0.3076
2010-07-12,0.2309,0.2394,0.3047
2010-07-13,0.2755,0.2391,0.3022
2010-07-14,0.2551,0.2377,0.2997
2010-07-15,0.2432,0.2355,0.2971
2010-07-16,0.2378,0.2325,0.2945
2010-07-17,0.3052,0.2341,0.2922
2010-07-18,0.2797,0.236,0.2901
2010-07-19,0.2546,0.2338,0.2876
2010-07-20,0.2352,0.2305,0.2851
2010-07-21,0.2202,0.2274,0.2829
2010-07-22,0.252,0.226,0.2813
2010-07-23,0.3024,0.2299,0.2801
2010-07-24,0.2763,0.2311,0.2785
2010-07-25,0.2561,0.23,0.2767
2010-07-26,0.2437,0.2285,0.2754
2010-07-27,0.2412,0.2275,0.2742
2010-07-28,0.2334,0.2255,0.2725
2010-07-29,0.2228,0.223,0.271
2010-07-30,0.2133,0.2207,0.2695
2010-07-31,0.203,0.2179,0.2679
2010-08-01,0.1947,0.2145,0.266
2010-08-02,0.3049,0.2229,0.265
2010-08-03,0.3415,0.2605,0.2645
2010-08-04,0.3053,0.2637,0.2635
2010-08-05,0.2974,0.263,0.2625
2010-08-06,0.2787,0.2611,0.2615
2010-08-07,0.26,0.257,0.2605
2010-08-08,0.2447,0.2522,0.2591
2010-08-09,0.231,0.247,0.2575
2010-08-10,0.2193,0.2421,0.2565
2010-08-11,0.2111,0.2376,0.255
2010-08-12,0.2236,0.2341,0.254
2010-08-13,0.2348,0.2321,0.2535
2010-08-14,0.2252,0.2299,0.2525
2010-08-15,0.2533,0.2283,0.252
2010-08-16,0.2908,0.2305,0.2515
2010-08-17,0.2692,0.2305,0.2505
2010-08-18,0.254,0.229,0.2495
2010-08-19,0.2474,0.2274,0.2487
2010-08-20,0.2557,0.2265,0.2482
2010-08-21,0.2568,0.2254,0.2475
2010-08-22,0.2388,0.2227,0.2465
2010-08-23,0.2259,0.22,0.2455
2010-08-24,0.2212,0.2177,0.2445
2010-08-25,0.2094,0.2147,0.2435
2010-08-26,0.1984,0.2117,0.2425
2010-08-27,0.1994,0.2095,0.2415
2010-08-28,0.2017,0.2079,0.2406
2010-08-29,0.1948,0.206,0.2399
2010-08-30,0.1879,0.204,0.2393
2010-08-31,0.1827,0.202,0.2385
2010-09-01,0.1773,0.2,0.2375
2010-09-02,0.1721,0.198,0.2366
2010-09-03,0.1677,0.1959,0.2356
2010-09-04,0.1635,0.1934,0.2346
2010-09-05,0.1599,0.1913,0.2336
2010-09-06,0.1592,0.1895,0.2328
2010-09-07,0.3877,0.3079,0.2331
2010-09-08,0.405,0.4067,0.2429
2010-09-09,0.3942,0.3861,0.25
2010-09-10,0.3776,0.3762,0.254
2010-09-11,0.3569,0.3629,0.2566
2010-09-12,0.3443,0.3513,0.2579
2010-09-13,0.3359,0.3422,0.2589
2010-09-14,0.3231,0.3337,0.259
2010-09-15,0.3122,0.3254,0.2594
2010-09-16,0.3063,0.3182,0.2594
2010-09-17,0.3124,0.314,0.26
2010-09-18,0.3071,0.3101,0.26
2010-09-19,0.2987,0.3057,0.26
2010-09-20,0.2892,0.3005,0.2595
2010-09-21,0.2814,0.2955,0.259
2010-09-22,0.2748,0.2908,0.259
2010-09-23,0.2683,0.286,0.2585
2010-09-24,0.3295,0.287,0.258
2010-09-25,0.3678,0.3042,0.2587
2010-09-26,0.3463,0.3128,0.259
2010-09-27,0.3287,0.3131,0.259
2010-09-28,0.3189,0.3111,0.259
2010-09-29,0.3101,0.3085,0.26
2010-09-30,0.3168,0.3061,0.26
2010-10-01,0.3222,0.3052,0.26
2010-10-02,0.3101,0.3027,0.26
2010-10-03,0.3134,0.3003,0.26
2010-10-04,0.35,0.3147,0.26
2010-10-05,0.3739,0.3413,0.2609
2010-10-06,0.3511,0.341,0.2619
2010-10-07,0.3375,0.3362,0.2627
2010-10-08,0.3272,0.3308,0.263
2010-10-09,0.319,0.3256,0.2635
2010-10-10,0.343,0.3228,0.264
2010-10-11,0.4004,0.343,0.2648
2010-10-12,0.3771,0.3636,0.2667
2010-10-13,0.3593,0.358,0.2686
2010-10-14,0.3486,0.3515,0.2699
2010-10-15,0.341,0.3456,0.271
2010-10-16,0.3422,0.3411,0.272
2010-10-17,0.3539,0.3395,0.273
2010-10-18,0.3602,0.341,0.274
2010-10-19,0.3523,0.341,0.275
2010-10-20,0.35,0.3396,0.2759
2010-10-21,0.3401,0.3371,0.2764
2010-10-22,0.3328,0.3336,0.277
2010-10-23,0.3303,0.3305,0.2777
2010-10-24,0.3817,0.343,0.2783
2010-10-25,0.3915,0.3786,0.2808
2010-10-26,0.3746,0.3729,0.2836
2010-10-27,0.3665,0.3659,0.2857
2010-10-28,0.36,0.3598,0.2871
2010-10-29,0.3545,0.3546,0.2882
2010-10-30,0.402,0.3852,0.2915
2010-10-31,0.4282,0.428,0.3263
2010-11-01,0.4126,0.4194,0.36
2010-11-02,0.3943,0.404,0.3658
2010-11-03,0.3854,0.3945,0.3681
2010-11-04,0.378,0.3878,0.3692
2010-11-05,0.3727,0.3824,0.37
2010-11-06,0.3685,0.378,0.37
2010-11-07,0.3849,0.3777,0.37
2010-11-08,0.3906,0.382,0.37
2010-11-09,0.4067,0.3906,0.371
2010-11-10,0.4149,0.405,0.373
2010-11-11,0.3988,0.4042,0.3762
2010-11-12,0.3924,0.398,0.3782
2010-11-13,0.3831,0.3925,0.379
2010-11-14,0.4055,0.3942,0.3797
2010-11-15,0.4232,0.4233,0.3948
2010-11-16,0.418,0.4198,0.4075
2010-11-17,0.406,0.4127,0.4084
2010-11-18,0.4078,0.4097,0.408
2010-11-19,0.3969,0.4047,0.4072
2010-11-20,0.4111,0.4103,0.4069
2010-11-21,0.4153,0.4235,0.4181
2010-11-22,0.4078,0.4162,0.4176
2010-11-23,0.3962,0.4077,0.4158
2010-11-24,0.3879,0.3984,0.4137
2010-11-25,0.3854,0.3913,0.4115
2010-11-26,0.3815,0.3868,0.4093
2010-11-27,0.3749,0.3822,0.4073
2010-11-28,0.376,0.3786,0.4054
2010-11-29,0.3765,0.3768,0.4035
2010-11-30,0.372,0.375,0.4019
2011-04-01,0.3882,0.3971,0.3905
2011-04-02,0.3748,0.389,0.3895
2011-04-03,0.3667,0.381,0.3885
2011-04-04,0.3851,0.3787,0.3872
2011-04-05,0.3691,0.376,0.3856
2011-04-06,0.356,0.3692,0.3839
2011-04-07,0.3457,0.3616,0.3818
2011-04-08,0.3358,0.354,0.3791
2011-04-09,0.3265,0.3465,0.3768
2011-04-10,0.3184,0.3397,0.3741
2011-04-11,0.311,0.3334,0.3714
2011-04-12,0.3078,0.3286,0.369
2011-04-13,0.3031,0.3244,0.3665
2011-04-14,0.297,0.32,0.364
2011-04-15,0.291,0.3159,0.3613
2011-04-16,0.2851,0.3112,0.3587
2011-04-17,0.2799,0.307,0.3559
2011-04-18,0.2746,0.3026,0.353
2011-04-19,0.2683,0.2982,0.3502
2011-04-20,0.262,0.294,0.3473
2011-04-21,0.2588,0.2899,0.3445
2011-04-22,0.2548,0.286,0.3417
2011-04-23,0.2684,0.2836,0.3395
2011-04-24,0.2986,0.2842,0.3375
2011-04-25,0.2994,0.2842,0.3352
2011-04-26,0.2969,0.2836,0.333
2011-04-27,0.2813,0.2813,0.3301
2011-04-28,0.294,0.2799,0.3281
2011-04-29,0.3302,0.2834,0.3265
2011-04-30,0.3258,0.2881,0.3249
2011-05-01,0.3075,0.288,0.3228
2011-05-02,0.2914,0.2857,0.3202
2011-05-03,0.2945,0.2835,0.3185
2011-05-04,0.299,0.283,0.3169
2011-05-05,0.281,0.28,0.3143
2011-05-06,0.267,0.2762,0.3121
2011-05-07,0.2541,0.2718,0.31
2011-05-08,0.2415,0.2667,0.3075
2011-05-09,0.2334,0.2621,0.3051
2011-05-10,0.2262,0.258,0.303
2011-05-11,0.2362,0.2537,0.3009
2011-05-12,0.296,0.254,0.2994
2011-05-13,0.314,0.2602,0.2979
2011-05-14,0.3475,0.2692,0.2963
2011-05-15,0.3443,0.2911,0.2955
2011-05-16,0.3157,0.2921,0.2942
2011-05-17,0.2965,0.2888,0.2925
2011-05-18,0.3133,0.2857,0.2914
2011-05-19,0.3354,0.2906,0.29
2011-05-20,0.3262,0.2903,0.2885
2011-05-21,0.3446,0.2935,0.2875
2011-05-22,0.3603,0.3032,0.2865
2011-05-23,0.3374,0.3075,0.2852
2011-05-24,0.3092,0.3022,0.2839
2011-05-25,0.2874,0.2948,0.2821
2011-05-26,0.2945,0.2884,0.2805
2011-05-27,0.3163,0.2867,0.2795
2011-05-28,0.2938,0.2836,0.2781
2011-05-29,0.2745,0.2779,0.2765
2011-05-30,0.2612,0.2717,0.275
2011-05-31,0.3262,0.2738,0.274
2011-06-01,0.3743,0.2966,0.274
2011-06-02,0.35,0.3122,0.274
2011-06-03,0.3385,0.3112,0.2737
2011-06-04,0.3554,0.3142,0.2735
2011-06-05,0.3507,0.3194,0.2733
2011-06-06,0.3321,0.3169,0.273
2011-06-07,0.3164,0.3113,0.2725
2011-06-08,0.3899,0.3262,0.272
2011-06-09,0.3541,0.3359,0.2725
2011-06-10,0.3453,0.3305,0.2725
2011-06-11,0.3448,0.3278,0.2723
2011-06-12,0.3202,0.3208,0.2716
2011-06-13,0.3245,0.3138,0.271
2011-06-14,0.333,0.3119,0.2705
2011-06-15,0.311,0.3066,0.2695
2011-06-16,0.3423,0.307,0.269
2011-06-17,0.3674,0.3307,0.269
2011-06-18,0.3927,0.3457,0.2691
2011-06-19,0.3567,0.3488,0.27
2011-06-20,0.3331,0.3389,0.2697
2011-06-21,0.3211,0.3281,0.2695
2011-06-22,0.3471,0.3225,0.269
2011-06-23,0.3652,0.3345,0.269
2011-06-24,0.333,0.329,0.2685
2011-06-25,0.3089,0.3192,0.2676
2011-06-26,0.2893,0.3088,0.2666
2011-06-27,0.271,0.298,0.2652
2011-06-28,0.2542,0.2875,0.2637
2011-06-29,0.2472,0.2802,0.2626
2011-06-30,0.2411,0.274,0.2616
2011-07-01,0.2293,0.2665,0.2605
2011-07-02,0.2178,0.2589,0.2589
2011-07-03,0.2075,0.2517,0.2572
2011-07-04,0.2049,0.246,0.256
2011-07-05,0.2027,0.2411,0.2549
2011-07-06,0.1963,0.2358,0.2535
2011-07-07,0.2649,0.2389,0.2526
2011-07-08,0.3496,0.2915,0.252
2011-07-09,0.3136,0.2902,0.2514
2011-07-10,0.3379,0.2969,0.2506
2011-07-11,0.3585,0.3358,0.251
2011-07-12,0.3305,0.3275,0.251
2011-07-13,0.4175,0.3911,0.2625
2011-07-14,0.3903,0.3983,0.287
2011-07-15,0.3643,0.3775,0.2899
2011-07-16,0.347,0.3616,0.291
2011-07-17,0.4008,0.3928,0.2935
2011-07-18,0.3887,0.3955,0.3006
2011-07-19,0.3981,0.3945,0.3043
2011-07-20,0.3948,0.3914,0.3085
2011-07-21,0.376,0.38,0.3108
2011-07-22,0.3607,0.3685,0.3115
2011-07-23,0.3511,0.3587,0.3116
2011-07-24,0.342,0.3504,0.3115
2011-07-25,0.3535,0.3451,0.311
2011-07-26,0.3906,0.3566,0.3118
2011-07-27,0.3846,0.3773,0.3128
2011-07-28,0.3769,0.3704,0.3139
2011-07-29,0.3667,0.3658,0.3143
2011-07-30,0.3559,0.3579,0.3145
2011-07-31,0.3451,0.3505,0.3143
2011-08-01,0.3272,0.3409,0.3131
2011-08-02,0.3124,0.3312,0.3116
2011-08-03,0.3182,0.3231,0.3105
2011-08-04,0.3312,0.3199,0.3092
2011-08-05,0.328,0.3155,0.3076
2011-08-06,0.3467,0.3169,0.307
2011-08-07,0.3939,0.3481,0.307
2011-08-08,0.3617,0.3536,0.307
2011-08-09,0.341,0.3463,0.3066
2011-08-10,0.3255,0.338,0.3058
2011-08-11,0.311,0.3287,0.3046
2011-08-12,0.2975,0.3194,0.3034
2011-08-13,0.2857,0.3107,0.3019
2011-08-14,0.3261,0.306,0.3005
2011-08-15,0.3698,0.324,0.2998
2011-08-16,0.3391,0.3247,0.299
2011-08-17,0.3163,0.3187,0.2976
2011-08-18,0.2968,0.3106,0.2962
2011-08-19,0.2886,0.303,0.2945
2011-08-20,0.2898,0.297,0.2935
2011-08-21,0.2748,0.2906,0.2919
2011-08-22,0.2581,0.2833,0.29
2011-08-23,0.2436,0.2759,0.288
2011-08-24,0.2427,0.2695,0.2865
2011-08-25,0.3234,0.2712,0.2855
2011-08-26,0.3845,0.3243,0.2854
2011-08-27,0.3948,0.4,0.2925
2011-08-28,0.3714,0.3813,0.296
2011-08-29,0.3549,0.3671,0.2972
2011-08-30,0.3408,0.3551,0.2976
2011-08-31,0.3318,0.3447,0.2975
2011-09-01,0.331,0.3371,0.297
2011-09-02,0.319,0.3298,0.2965
2011-09-03,0.3257,0.3244,0.296
2011-09-04,0.4046,0.3538,0.2963
2011-09-05,0.387,0.3847,0.2991
2011-09-06,0.3645,0.3722,0.3009
2011-09-07,0.3526,0.3618,0.3018
2011-09-08,0.3428,0.3533,0.302
2011-09-09,0.3306,0.3441,0.3019
2011-09-10,0.3205,0.3359,0.3015
2011-09-11,0.3131,0.3287,0.301
2011-09-12,0.3079,0.3224,0.3004
2011-09-13,0.298,0.3157,0.2994
2011-09-14,0.2911,0.3099,0.2985
2011-09-15,0.2836,0.3043,0.2975
2011-09-16,0.2764,0.2985,0.2964
2011-09-17,0.3216,0.2963,0.2954
2011-09-18,0.3727,0.3174,0.295
2011-09-19,0.3547,0.3239,0.295
2011-09-20,0.3385,0.3248,0.2946
2011-09-21,0.3224,0.3212,0.2941
2011-09-22,0.3106,0.3165,0.2935
2011-09-23,0.3012,0.3118,0.2927
2011-09-24,0.294,0.3071,0.2923
2011-09-25,0.2962,0.3029,0.2915
2011-09-26,0.3027,0.3002,0.2907
2011-09-27,0.2917,0.2969,0.2901
2011-09-28,0.2818,0.2927,0.2894
2011-09-29,0.2737,0.2882,0.2885
2011-09-30,0.2663,0.2842,0.2875
2011-10-01,0.2598,0.2802,0.2865
2011-10-02,0.2537,0.2762,0.2855
2011-10-03,0.2476,0.2723,0.2845
2011-10-04,0.242,0.2685,0.2835
2011-10-05,0.237,0.2651,0.2826
2011-10-06,0.2352,0.262,0.2817
2011-10-07,0.2445,0.2595,0.281
2011-10-08,0.2564,0.2586,0.281
2011-10-09,0.309,0.2609,0.281
2011-10-10,0.3105,0.2664,0.2805
2011-10-11,0.2952,0.2682,0.28
2011-10-12,0.283,0.2677,0.2795
2011-10-13,0.2751,0.267,0.279
2011-10-14,0.2695,0.2665,0.2785
2011-10-15,0.2632,0.265,0.278
2011-10-16,0.2577,0.2632,0.2775
2011-10-17,0.2527,0.2615,0.277
2011-10-18,0.249,0.26,0.2764
2011-10-19,0.3167,0.2632,0.276
2011-10-20,0.3402,0.2787,0.276
2011-10-21,0.3186,0.2834,0.276
2011-10-22,0.3062,0.2847,0.276
2011-10-23,0.2977,0.2846,0.2755
2011-10-24,0.3039,0.2845,0.275
2011-10-25,0.4235,0.3877,0.2832
2011-10-26,0.3987,0.4057,0.304
2011-10-27,0.3849,0.3894,0.309
2011-10-28,0.4158,0.3976,0.313
2011-10-29,0.3947,0.3952,0.3179
2011-10-30,0.3831,0.386,0.3212
2011-10-31,0.376,0.3791,0.3235
2011-11-01,0.386,0.3755,0.3253
2011-11-02,0.416,0.3958,0.3279
2011-11-03,0.4264,0.4212,0.3396
2011-11-04,0.4297,0.4331,0.3904
2011-11-05,0.4186,0.4254,0.4308
2011-11-06,0.4213,0.4158,0.4289
2011-11-07,0.4117,0.4159,0.4245
2011-11-08,0.4087,0.4132,0.4211
2011-11-09,0.3962,0.4074,0.4186
2011-11-10,0.387,0.3971,0.4158
2011-11-11,0.3794,0.3889,0.413
2011-11-12,0.373,0.3821,0.4101
2011-11-13,0.3673,0.3765,0.4075
2011-11-14,0.3621,0.3715,0.4049
2011-11-15,0.3578,0.3672,0.4025
2011-11-16,0.3545,0.3636,0.4001
2011-11-17,0.352,0.3605,0.398
2011-11-18,0.3496,0.358,0.396
2011-11-19,0.3613,0.357,0.3943
2011-11-20,0.3675,0.3598,0.3926
2011-11-21,0.3588,0.3596,0.3914
2011-11-22,0.3531,0.3582,0.3896
2011-11-23,0.3487,0.3561,0.3884
2011-11-24,0.3455,0.354,0.3869
2011-11-25,0.343,0.3519,0.3855
2011-11-26,0.3413,0.35,0.3843
2011-11-27,0.34,0.3485,0.383
2011-11-28,0.3385,0.3466,0.3818
2011-11-29,0.3381,0.3457,0.3807
2011-11-30,0.3375,0.3447,0.3796
2012-04-01,0.2918,0.3144,0.3316
2012-04-02,0.2873,0.3102,0.3305
2012-04-03,0.2871,0.3065,0.3289
2012-04-04,0.3796,0.3187,0.328
2012-04-05,0.3789,0.3482,0.328
2012-04-06,0.3751,0.3525,0.3275
2012-04-07,0.3985,0.3673,0.3276
2012-04-08,0.389,0.383,0.3289
2012-04-09,0.3715,0.3764,0.33
2012-04-10,0.3907,0.3786,0.331
2012-04-11,0.411,0.414,0.338
2012-04-12,0.4136,0.4084,0.3435
2012-04-13,0.406,0.4128,0.3518
2012-04-14,0.397,0.3983,0.3556
2012-04-15,0.4195,0.4048,0.3582
2012-04-16,0.42,0.4167,0.365
2012-04-17,0.4124,0.4108,0.3705
2012-04-18,0.4153,0.4108,0.3746
2012-04-19,0.4187,0.4146,0.3797
2012-04-20,0.41,0.4109,0.3843
2012-04-21,0.4103,0.4088,0.387
2012-04-22,0.3993,0.405,0.3889
2012-04-23,0.398,0.3984,0.3895
2012-04-24,0.4147,0.4099,0.3908
2012-04-25,0.3945,0.4044,0.3923
2012-04-26,0.3835,0.3953,0.3924
2012-04-27,0.3795,0.3875,0.391
2012-04-28,0.3644,0.3794,0.3893
2012-04-29,0.4201,0.4195,0.3963
2012-04-30,0.4138,0.4195,0.4029
2012-05-01,0.4017,0.4158,0.4073
2012-05-02,0.4009,0.408,0.4065
2012-05-03,0.3997,0.4118,0.4067
2012-05-04,0.3938,0.4012,0.4055
2012-05-05,0.4205,0.4263,0.413
2012-05-06,0.403,0.4171,0.4159
2012-05-07,0.3856,0.4014,0.4139
2012-05-08,0.3818,0.3899,0.4114
2012-05-09,0.3938,0.3871,0.4091
2012-05-10,0.3744,0.3813,0.4063
2012-05-11,0.3553,0.3705,0.4028
2012-05-12,0.3589,0.363,0.4
2012-05-13,0.3507,0.3586,0.3974
2012-05-14,0.3345,0.3505,0.3942
2012-05-15,0.3233,0.3429,0.3909
2012-05-16,0.3159,0.3367,0.388
2012-05-17,0.3092,0.3305,0.3847
2012-05-18,0.3573,0.3305,0.382
2012-05-19,0.3516,0.3339,0.3792
2012-05-20,0.3784,0.3524,0.3771
2012-05-21,0.4233,0.4254,0.391
2012-05-22,0.4267,0.4294,0.411
2012-05-23,0.4042,0.4182,0.4184
2012-05-24,0.3886,0.4024,0.4161
2012-05-25,0.3913,0.3972,0.4131
2012-05-26,0.3959,0.403,0.4111
2012-05-27,0.4099,0.4009,0.4093
2012-05-28,0.3981,0.4063,0.4082
2012-05-29,0.3773,0.393,0.406
2012-05-30,0.3616,0.3792,0.4029
2012-05-31,0.3514,0.3676,0.4
2012-06-01,0.3402,0.3579,0.3967
2012-06-02,0.3265,0.3478,0.3932
2012-06-03,0.3798,0.3705,0.3905
2012-06-04,0.394,0.4025,0.391
2012-06-05,0.3759,0.3911,0.39
2012-06-06,0.374,0.3825,0.3885
2012-06-07,0.3787,0.3773,0.3869
2012-06-08,0.4188,0.4171,0.3885
2012-06-09,0.3909,0.4062,0.392
2012-06-10,0.3953,0.4013,0.392
2012-06-11,0.4042,0.4096,0.3932
2012-06-12,0.4098,0.4142,0.3958
2012-06-13,0.3954,0.405,0.397
2012-06-14,0.3784,0.3936,0.396
2012-06-15,0.3608,0.38,0.3934
2012-06-16,0.3442,0.3665,0.3905
2012-06-17,0.332,0.355,0.3874
2012-06-18,0.329,0.3447,0.3838
2012-06-19,0.3399,0.3402,0.3809
2012-06-20,0.4002,0.3662,0.3785
2012-06-21,0.3918,0.3874,0.3775
2012-06-22,0.3763,0.3897,0.3765
2012-06-23,0.3565,0.3761,0.3742
2012-06-24,0.3422,0.3639,0.3716
2012-06-25,0.3347,0.3542,0.3692
2012-06-26,0.3322,0.3475,0.367
2012-06-27,0.3193,0.3388,0.3639
2012-06-28,0.3052,0.3292,0.3606
2012-06-29,0.2885,0.3192,0.3567
2012-06-30,0.2754,0.3098,0.3529
2012-07-01,0.3968,0.3702,0.3529
2012-07-02,0.4095,0.4153,0.3681
2012-07-03,0.3829,0.3979,0.3705
2012-07-04,0.3768,0.3839,0.3695
2012-07-05,0.3905,0.3821,0.3685
2012-07-06,0.3887,0.3821,0.3676
2012-07-07,0.3658,0.375,0.3661
2012-07-08,0.3651,0.3667,0.364
2012-07-09,0.3485,0.359,0.3615
2012-07-10,0.3679,0.3543,0.3595
2012-07-11,0.3665,0.3582,0.3573
2012-07-12,0.3416,0.3512,0.355
2012-07-13,0.3261,0.343,0.3522
2012-07-14,0.3186,0.3347,0.3499
2012-07-15,0.3074,0.3273,0.3472
2012-07-16,0.2971,0.3204,0.3448
2012-07-17,0.2849,0.3123,0.3417
2012-07-18,0.2726,0.3041,0.3386
2012-07-19,0.2619,0.2962,0.3355
2012-07-20,0.2547,0.2892,0.3325
2012-07-21,0.2513,0.2837,0.3296
2012-07-22,0.242,0.2782,0.3268
2012-07-23,0.2325,0.2723,0.3238
2012-07-24,0.2238,0.2664,0.3207
2012-07-25,0.2157,0.2607,0.3176
2012-07-26,0.2077,0.2552,0.3146
2012-07-27,0.199,0.2497,0.3115
2012-07-28,0.2881,0.25,0.3093
2012-07-29,0.333,0.2657,0.3074
2012-07-30,0.2978,0.2663,0.3051
2012-07-31,0.2749,0.2632,0.3027
2012-08-01,0.2571,0.2591,0.3001
2012-08-02,0.261,0.2555,0.298
2012-08-03,0.2802,0.2537,0.2961
2012-08-04,0.2816,0.2511,0.294
2012-08-05,0.3292,0.2562,0.2925
2012-08-06,0.3471,0.2667,0.2911
2012-08-07,0.3153,0.2729,0.29
2012-08-08,0.2891,0.2706,0.2881
2012-08-09,0.2691,0.2665,0.2862
2012-08-10,0.2516,0.2615,0.2842
2012-08-11,0.2365,0.2561,0.2822
2012-08-12,0.2258,0.2512,0.2805
2012-08-13,0.2172,0.247,0.279
2012-08-14,0.2084,0.2422,0.2771
2012-08-15,0.2164,0.2379,0.2755
2012-08-16,0.358,0.2635,0.274
2012-08-17,0.3098,0.269,0.2725
2012-08-18,0.2832,0.2658,0.2711
2012-08-19,0.2609,0.2607,0.2695
2012-08-20,0.2436,0.2556,0.268
2012-08-21,0.2324,0.2507,0.2665
2012-08-22,0.2712,0.2475,0.2654
2012-08-23,0.3647,0.2668,0.2644
2012-08-24,0.3431,0.2805,0.2635
2012-08-25,0.3825,0.321,0.263
2012-08-26,0.3527,0.3282,0.263
2012-08-27,0.3248,0.3223,0.2626
2012-08-28,0.3548,0.3209,0.2629
2012-08-29,0.3549,0.3275,0.263
2012-08-30,0.3899,0.3503,0.2637
2012-08-31,0.3759,0.3614,0.2656
2012-09-01,0.3665,0.3574,0.2673
2012-09-02,0.3581,0.3527,0.2687
2012-09-03,0.3486,0.3472,0.2699
2012-09-04,0.3417,0.3413,0.2708
2012-09-05,0.3375,0.336,0.271
2012-09-06,0.3248,0.3297,0.271
2012-09-07,0.3116,0.3224,0.271
2012-09-08,0.2997,0.3146,0.2705
2012-09-09,0.2883,0.307,0.2696
2012-09-10,0.2782,0.3,0.269
2012-09-11,0.314,0.2963,0.2685
2012-09-12,0.3788,0.3136,0.2685
2012-09-13,0.3591,0.3248,0.269
2012-09-14,0.3434,0.3258,0.269
2012-09-15,0.3263,0.3222,0.269
2012-09-16,0.3139,0.3173,0.269
2012-09-17,0.3018,0.3111,0.2686
2012-09-18,0.3315,0.3122,0.2684
2012-09-19,0.3924,0.3735,0.2699
2012-09-20,0.364,0.3656,0.272
2012-09-21,0.3494,0.3558,0.2733
2012-09-22,0.3476,0.3483,0.2742
2012-09-23,0.3415,0.3426,0.275
2012-09-24,0.3955,0.3844,0.2773
2012-09-25,0.406,0.4019,0.2847
2012-09-26,0.4243,0.423,0.3125
2012-09-27,0.3962,0.4066,0.339
2012-09-28,0.3814,0.3915,0.3426
2012-09-29,0.3993,0.388,0.3442
2012-09-30,0.4021,0.402,0.3477
2012-10-01,0.3835,0.3922,0.3507
2012-10-02,0.3722,0.3829,0.352
2012-10-03,0.3657,0.375,0.352
2012-10-04,0.3637,0.3701,0.3525
2012-10-05,0.3567,0.3655,0.3525
2012-10-06,0.3492,0.3602,0.352
2012-10-07,0.3721,0.3595,0.3515
2012-10-08,0.3803,0.3624,0.351
2012-10-09,0.3906,0.3737,0.3518
2012-10-10,0.379,0.3748,0.352
2012-10-11,0.3928,0.3806,0.3526
2012-10-12,0.394,0.3979,0.3552
2012-10-13,0.3781,0.3882,0.357
2012-10-14,0.384,0.3822,0.358
2012-10-15,0.3836,0.3828,0.359
2012-10-16,0.3724,0.3781,0.359
2012-10-17,0.3832,0.376,0.36
2012-10-18,0.3818,0.3785,0.36
2012-10-19,0.3686,0.375,0.3603
2012-10-20,0.3619,0.3705,0.3605
2012-10-21,0.3585,0.3664,0.36
2012-10-22,0.3673,0.3645,0.36
2012-10-23,0.3625,0.3635,0.3596
2012-10-24,0.3552,0.361,0.359
2012-10-25,0.3495,0.3578,0.3589
2012-10-26,0.4075,0.3807,0.3588
2012-10-27,0.4073,0.4196,0.3784
2012-10-28,0.3902,0.4035,0.3837
2012-10-29,0.3817,0.3945,0.3842
2012-10-30,0.3791,0.3882,0.384
2012-10-31,0.396,0.3928,0.3841
2012-11-01,0.4039,0.4082,0.3863
2012-11-02,0.396,0.4019,0.3879
2012-11-03,0.3938,0.3971,0.3887
2012-11-04,0.4166,0.411,0.3907
2012-11-05,0.4055,0.4171,0.3993
2012-11-06,0.4018,0.4071,0.4009
2012-11-07,0.3955,0.4041,0.4006
2012-11-08,0.3853,0.3972,0.4
2012-11-09,0.3818,0.3912,0.3991
2012-11-10,0.4198,0.4175,0.4045
2012-11-11,0.4136,0.4185,0.414
2012-11-12,0.3983,0.4113,0.4134
2012-11-13,0.3883,0.4012,0.4117
2012-11-14,0.3812,0.3925,0.4098
2012-11-15,0.3755,0.3857,0.4078
2012-11-16,0.3706,0.38,0.4058
2012-11-17,0.3676,0.3755,0.4038
2012-11-18,0.3648,0.3719,0.402
2012-11-19,0.3618,0.3688,0.4002
2012-11-20,0.3577,0.3656,0.3984
2012-11-21,0.3662,0.3634,0.3965
2012-11-22,0.3762,0.3676,0.3953
2012-11-23,0.3658,0.3675,0.3939
2012-11-24,0.3686,0.3663,0.3927
2012-11-25,0.379,0.3689,0.3918
2012-11-26,0.4164,0.3973,0.3931
2012-11-27,0.4213,0.4265,0.4153
2012-11-28,0.4293,0.4289,0.4196
2012-11-29,0.4081,0.4197,0.4222
2012-11-30,0.3947,0.4062,0.4201
2013-04-01,0.395,0.4032,0.4212
2013-04-02,0.4102,0.3999,0.4192
2013-04-03,0.3963,0.4022,0.4175
2013-04-04,0.3851,0.392,0.4154
2013-04-05,0.3975,0.3885,0.4134
2013-04-06,0.395,0.39,0.4115
2013-04-07,0.3842,0.3869,0.4091
2013-04-08,0.3915,0.384,0.4066
2013-04-09,0.3965,0.3886,0.4042
2013-04-10,0.383,0.3873,0.4017
2013-04-11,0.3937,0.3873,0.3989
2013-04-12,0.4064,0.4109,0.398
2013-04-13,0.3885,0.4015,0.397
2013-04-14,0.3747,0.391,0.3942
2013-04-15,0.3627,0.3805,0.3908
2013-04-16,0.354,0.3712,0.3873
2013-04-17,0.3443,0.3626,0.3835
2013-04-18,0.337,0.3543,0.3795
2013-04-19,0.3758,0.3549,0.3762
2013-04-20,0.3993,0.3719,0.3739
2013-04-21,0.3978,0.3873,0.3724
2013-04-22,0.3833,0.3861,0.3709
2013-04-23,0.3696,0.3797,0.369
2013-04-24,0.3576,0.3715,0.3661
2013-04-25,0.3471,0.3633,0.363
2013-04-26,0.366,0.359,0.3605
2013-04-27,0.4281,0.4172,0.3635
2013-04-28,0.4208,0.4215,0.3739
2013-04-29,0.4269,0.4261,0.3885
2013-04-30,0.4265,0.4294,0.4104
2013-05-01,0.4154,0.4271,0.4327
2013-05-02,0.3948,0.4004,0.4298
2013-05-03,0.4205,0.4114,0.4254
2013-05-04,0.3972,0.4056,0.4232
2013-05-05,0.3813,0.3919,0.4203
2013-05-06,0.3674,0.3793,0.4164
2013-05-07,0.3563,0.3692,0.4119
2013-05-08,0.3539,0.3615,0.407
2013-05-09,0.3866,0.3624,0.4022
2013-05-10,0.407,0.4053,0.3992
2013-05-11,0.3849,0.3976,0.3965
2013-05-12,0.3745,0.3883,0.3931
2013-05-13,0.3639,0.3793,0.3893
2013-05-14,0.3555,0.3704,0.3852
2013-05-15,0.407,0.382,0.3818
2013-05-16,0.4188,0.4237,0.3979
2013-05-17,0.4144,0.4154,0.4018
2013-05-18,0.4233,0.4255,0.4115
2013-05-19,0.4136,0.4216,0.4255
2013-05-20,0.3945,0.4047,0.423
2013-05-21,0.3879,0.3921,0.42
2013-05-22,0.3823,0.3847,0.4172
2013-05-23,0.3747,0.3774,0.4137
2013-05-24,0.3738,0.3722,0.4097
2013-05-25,0.3993,0.3754,0.4056
2013-05-26,0.3854,0.3823,0.4021
2013-05-27,0.3679,0.3759,0.3979
2013-05-28,0.388,0.3807,0.3939
2013-05-29,0.4092,0.4072,0.3921
2013-05-30,0.4082,0.4102,0.392
2013-05-31,0.4057,0.407,0.3917
2013-06-01,0.3971,0.4031,0.3907
2013-06-02,0.3808,0.394,0.3888
2013-06-03,0.3665,0.3836,0.3853
2013-06-04,0.3545,0.3728,0.3813
2013-06-05,0.3444,0.363,0.3771
2013-06-06,0.333,0.3531,0.3727
2013-06-07,0.3212,0.3431,0.3681
2013-06-08,0.3231,0.335,0.3637
2013-06-09,0.368,0.3365,0.3605
2013-06-10,0.3678,0.3449,0.3575
2013-06-11,0.3486,0.3438,0.354
2013-06-12,0.3304,0.3381,0.3504
2013-06-13,0.347,0.3391,0.3465
2013-06-14,0.3795,0.3669,0.344
2013-06-15,0.3615,0.3613,0.3414
2013-06-16,0.3512,0.3546,0.3388
2013-06-17,0.3278,0.3442,0.3354
2013-06-18,0.3085,0.3328,0.3316
2013-06-19,0.3196,0.3242,0.3285
2013-06-20,0.3356,0.3222,0.326
2013-06-21,0.3227,0.3186,0.3233
2013-06-22,0.3101,0.3134,0.3206
2013-06-23,0.294,0.307,0.3177
2013-06-24,0.2835,0.301,0.3151
2013-06-25,0.2757,0.2958,0.3129
2013-06-26,0.2664,0.2902,0.3102
2013-06-27,0.2566,0.2843,0.3079
2013-06-28,0.2581,0.28,0.3056
2013-06-29,0.2677,0.2784,0.3044
2013-06-30,0.2693,0.276,0.3027
2013-07-01,0.255,0.2706,0.3
2013-07-02,0.2438,0.265,0.2971
2013-07-03,0.2928,0.263,0.2955
2013-07-04,0.2916,0.2638,0.294
2013-07-05,0.271,0.2609,0.2917
2013-07-06,0.2529,0.2565,0.2891
2013-07-07,0.2367,0.2512,0.2866
2013-07-08,0.2263,0.2461,0.2841
2013-07-09,0.2476,0.2424,0.282
2013-07-10,0.3094,0.2426,0.2805
2013-07-11,0.3263,0.2524,0.2787
2013-07-12,0.2907,0.253,0.277
2013-07-13,0.2653,0.2492,0.2749
2013-07-14,0.2448,0.2447,0.2728
2013-07-15,0.2275,0.2397,0.2703
2013-07-16,0.2127,0.2347,0.2682
2013-07-17,0.2619,0.2315,0.2666
2013-07-18,0.3349,0.2372,0.2655
2013-07-19,0.3582,0.2657,0.2647
2013-07-20,0.3494,0.3041,0.2644
2013-07-21,0.3261,0.3026,0.2635
2013-07-22,0.3119,0.297,0.2624
2013-07-23,0.3087,0.2926,0.2615
2013-07-24,0.2894,0.287,0.2603
2013-07-25,0.2734,0.2805,0.259
2013-07-26,0.2569,0.2738,0.2576
2013-07-27,0.2388,0.2661,0.2562
2013-07-28,0.3256,0.2942,0.2551
2013-07-29,0.4066,0.4076,0.2664
2013-07-30,0.3767,0.3846,0.2735
2013-07-31,0.3553,0.3673,0.2754
2013-08-01,0.3354,0.352,0.2758
2013-08-02,0.3146,0.3374,0.2755
2013-08-03,0.2986,0.3245,0.2745
2013-08-04,0.3454,0.3189,0.2736
2013-08-05,0.3331,0.3173,0.2726
2013-08-06,0.31,0.3106,0.2716
2013-08-07,0.3586,0.3272,0.2716
2013-08-08,0.4216,0.4126,0.2815
2013-08-09,0.392,0.3984,0.2945
2013-08-10,0.3672,0.3791,0.2971
2013-08-11,0.3485,0.364,0.298
2013-08-12,0.3329,0.3507,0.2976
2013-08-13,0.3195,0.3392,0.2966
2013-08-14,0.306,0.3289,0.2956
2013-08-15,0.2935,0.3192,0.2945
2013-08-16,0.2833,0.3103,0.2932
2013-08-17,0.277,0.3024,0.2916
2013-08-18,0.2758,0.2958,0.2905
2013-08-19,0.2691,0.2901,0.2894
2013-08-20,0.2595,0.2843,0.2878
2013-08-21,0.2477,0.2779,0.2861
2013-08-22,0.2378,0.2713,0.2845
2013-08-23,0.2285,0.2651,0.2829
2013-08-24,0.2352,0.2605,0.2815
2013-08-25,0.2434,0.2571,0.2805
2013-08-26,0.238,0.2537,0.2793
2013-08-27,0.2633,0.2517,0.2784
2013-08-28,0.2898,0.2527,0.2775
2013-08-29,0.2737,0.252,0.2765
2013-08-30,0.2588,0.2496,0.2755
2013-08-31,0.2452,0.2466,0.274
2013-09-01,0.234,0.2435,0.2725
2013-09-02,0.2238,0.2402,0.2715
2013-09-03,0.2133,0.2365,0.27
2013-09-04,0.2048,0.233,0.2685
2013-09-05,0.1963,0.2291,0.267
2013-09-06,0.1898,0.2255,0.2655
2013-09-07,0.2422,0.224,0.2645
2013-09-08,0.406,0.3076,0.2644
2013-09-09,0.3734,0.3608,0.266
2013-09-10,0.3536,0.3531,0.2671
2013-09-11,0.341,0.3452,0.268
2013-09-12,0.3384,0.339,0.269
2013-09-13,0.3327,0.3339,0.269
2013-09-14,0.3259,0.3282,0.2698
2013-09-15,0.3684,0.3306,0.27
2013-09-16,0.3559,0.334,0.2708
2013-09-17,0.3449,0.3335,0.271
2013-09-18,0.3381,0.33,0.2718
2013-09-19,0.3367,0.3277,0.272
2013-09-20,0.326,0.3243,0.272
2013-09-21,0.317,0.32,0.272
2013-09-22,0.3061,0.3146,0.272
2013-09-23,0.2968,0.3089,0.2715
2013-09-24,0.2883,0.3035,0.271
2013-09-25,0.2822,0.2984,0.2706
2013-09-26,0.2781,0.2941,0.2704
2013-09-27,0.272,0.2895,0.2696
2013-09-28,0.2674,0.2855,0.269
2013-09-29,0.3837,0.3204,0.2693
2013-09-30,0.3778,0.3599,0.2708
2013-10-01,0.36,0.3557,0.2723
2013-10-02,0.3502,0.3492,0.2733
2013-10-03,0.345,0.3435,0.274
2013-10-04,0.3595,0.3419,0.275
2013-10-05,0.3981,0.381,0.2772
2013-10-06,0.3774,0.3756,0.2805
2013-10-07,0.3673,0.3679,0.2828
2013-10-08,0.3587,0.361,0.2845
2013-10-09,0.3518,0.3549,0.2858
2013-10-10,0.354,0.3504,0.2868
2013-10-11,0.3663,0.349,0.2879
2013-10-12,0.3892,0.3569,0.2889
2013-10-13,0.3997,0.3848,0.2916
2013-10-14,0.4015,0.3881,0.2951
2013-10-15,0.4143,0.4005,0.3002
2013-10-16,0.4013,0.3989,0.3066
2013-10-17,0.3849,0.3881,0.3108
2013-10-18,0.3719,0.3782,0.3131
2013-10-19,0.3689,0.371,0.3147
2013-10-20,0.3965,0.3747,0.3164
2013-10-21,0.4048,0.3914,0.3193
2013-10-22,0.4014,0.3899,0.3227
2013-10-23,0.4273,0.4261,0.3448
2013-10-24,0.4009,0.4108,0.3639
2013-10-25,0.3912,0.3986,0.3671
2013-10-26,0.3819,0.391,0.3687
2013-10-27,0.4073,0.4102,0.3726
2013-10-28,0.3911,0.4034,0.3777
2013-10-29,0.4037,0.4013,0.379
2013-10-30,0.3857,0.3958,0.38
2013-10-31,0.3774,0.389,0.38
2013-11-01,0.3728,0.3834,0.38
2013-11-02,0.3997,0.3864,0.38
2013-11-03,0.4133,0.4096,0.3816
2013-11-04,0.4136,0.4095,0.3845
2013-11-05,0.4183,0.4162,0.3884
2013-11-06,0.4066,0.4147,0.393
2013-11-07,0.3931,0.4048,0.3948
2013-11-08,0.3974,0.4006,0.395
2013-11-09,0.4021,0.4073,0.3957
2013-11-10,0.4171,0.4187,0.3979
2013-11-11,0.3999,0.4139,0.4027
2013-11-12,0.3883,0.4029,0.4026
2013-11-13,0.3806,0.3945,0.4015
2013-11-14,0.3787,0.3882,0.4004
2013-11-15,0.387,0.3853,0.3992
2013-11-16,0.385,0.3845,0.3979
2013-11-17,0.3839,0.3833,0.3967
2013-11-18,0.3953,0.3854,0.396
2013-11-19,0.4065,0.3955,0.395
2013-11-20,0.3943,0.3983,0.3958
2013-11-21,0.3896,0.3949,0.3951
2013-11-22,0.3844,0.3922,0.395
2013-11-23,0.3821,0.3887,0.3944
2013-11-24,0.4017,0.3922,0.394
2013-11-25,0.3943,0.398,0.394
2013-11-26,0.3838,0.3938,0.394
2013-11-27,0.3787,0.3893,0.3939
2013-11-28,0.3765,0.3854,0.393
2013-11-29,0.3745,0.3821,0.3926
2013-11-30,0.3798,0.3801,0.392
2014-04-01,0.3295,0.3388,0.3167
2014-04-02,0.3245,0.3348,0.3156
2014-04-03,0.3199,0.3303,0.3145
2014-04-04,0.3255,0.3271,0.3133
2014-04-05,0.325,0.3249,0.3119
2014-04-06,0.3144,0.3212,0.3105
2014-04-07,0.3042,0.3166,0.309
2014-04-08,0.3416,0.3153,0.3075
2014-04-09,0.3313,0.3164,0.3062
2014-04-10,0.3137,0.3132,0.3045
2014-04-11,0.3018,0.309,0.303
2014-04-12,0.2929,0.3045,0.3015
2014-04-13,0.2825,0.2996,0.2999
2014-04-14,0.273,0.2945,0.2983
2014-04-15,0.2644,0.2894,0.2965
2014-04-16,0.2567,0.2846,0.295
2014-04-17,0.2497,0.2796,0.2935
2014-04-18,0.2442,0.275,0.2917
2014-04-19,0.2425,0.2715,0.2905
2014-04-20,0.2616,0.2691,0.2895
2014-04-21,0.339,0.2733,0.289
2014-04-22,0.3582,0.2838,0.2883
2014-04-23,0.3608,0.305,0.2875
2014-04-24,0.3356,0.3082,0.2865
2014-04-25,0.3777,0.3211,0.286
2014-04-26,0.3655,0.3373,0.286
2014-04-27,0.3679,0.3403,0.286
2014-04-28,0.3699,0.3416,0.286
2014-04-29,0.3612,0.3448,0.286
2014-04-30,0.3532,0.3417,0.286
2014-05-01,0.3487,0.3392,0.286
2014-05-02,0.3775,0.3427,0.2866
2014-05-03,0.3626,0.3465,0.287
2014-05-04,0.3452,0.3431,0.287
2014-05-05,0.3277,0.3353,0.2866
2014-05-06,0.3148,0.3271,0.286
2014-05-07,0.3367,0.3231,0.2857
2014-05-08,0.3319,0.3208,0.2854
2014-05-09,0.3167,0.3157,0.2844
2014-05-10,0.3035,0.3102,0.2835
2014-05-11,0.2967,0.3047,0.2825
2014-05-12,0.2875,0.2994,0.2815
2014-05-13,0.2875,0.295,0.2806
2014-05-14,0.2866,0.2912,0.2796
2014-05-15,0.2782,0.2872,0.2787
2014-05-16,0.268,0.2827,0.2776
2014-05-17,0.2563,0.2771,0.2765
2014-05-18,0.2455,0.2711,0.275
2014-05-19,0.2383,0.2661,0.2736
2014-05-20,0.2373,0.2621,0.2726
2014-05-21,0.2337,0.2576,0.2715
2014-05-22,0.2586,0.2548,0.2706
2014-05-23,0.2913,0.2545,0.27
2014-05-24,0.3109,0.2562,0.269
2014-05-25,0.2891,0.2559,0.2676
2014-05-26,0.2906,0.2542,0.2665
2014-05-27,0.3497,0.2658,0.266
2014-05-28,0.3131,0.271,0.2654
2014-05-29,0.2943,0.2695,0.2644
2014-05-30,0.3035,0.2682,0.2635
2014-05-31,0.3089,0.2692,0.2625
2014-06-01,0.2835,0.2662,0.2615
2014-06-02,0.2681,0.2627,0.2605
2014-06-03,0.2562,0.259,0.2595
2014-06-04,0.26,0.256,0.2587
2014-06-05,0.2573,0.2532,0.2576
2014-06-06,0.241,0.2481,0.2565
2014-06-07,0.2254,0.2426,0.255
2014-06-08,0.2098,0.2365,0.2531
2014-06-09,0.1968,0.2307,0.2515
2014-06-10,0.1906,0.2255,0.2499
2014-06-11,0.1931,0.2208,0.2482
2014-06-12,0.2033,0.2165,0.2465
2014-06-13,0.226,0.2135,0.2455
2014-06-14,0.2412,0.2113,0.2445
2014-06-15,0.2294,0.2095,0.2434
2014-06-16,0.2167,0.2075,0.2424
2014-06-17,0.2131,0.2051,0.2413
2014-06-18,0.2596,0.2045,0.2404
2014-06-19,0.2882,0.2098,0.2397
2014-06-20,0.2595,0.2109,0.2386
2014-06-21,0.2355,0.2085,0.2375
2014-06-22,0.2186,0.2055,0.236
2014-06-23,0.2492,0.2037,0.235
2014-06-24,0.2937,0.2075,0.2345
2014-06-25,0.2716,0.2097,0.2335
2014-06-26,0.2464,0.2084,0.2325
2014-06-27,0.23,0.2065,0.2315
2014-06-28,0.2297,0.2044,0.2306
2014-06-29,0.3653,0.2258,0.23
2014-06-30,0.3194,0.2413,0.2298
2014-07-01,0.2905,0.2422,0.2294
2014-07-02,0.314,0.243,0.229
2014-07-03,0.3098,0.2472,0.2285
2014-07-04,0.3218,0.249,0.228
2014-07-05,0.3302,0.2601,0.2278
2014-07-06,0.3166,0.2609,0.2274
2014-07-07,0.417,0.3419,0.228
2014-07-08,0.4002,0.3945,0.236
2014-07-09,0.3945,0.3816,0.2414
2014-07-10,0.3961,0.3792,0.2457
2014-07-11,0.3789,0.3736,0.2496
2014-07-12,0.3659,0.3632,0.2523
2014-07-13,0.359,0.354,0.254
2014-07-14,0.3693,0.3505,0.2552
2014-07-15,0.3412,0.342,0.256
2014-07-16,0.3191,0.3303,0.2559
2014-07-17,0.3004,0.3187,0.2555
2014-07-18,0.2828,0.3073,0.2545
2014-07-19,0.2649,0.2965,0.2535
2014-07-20,0.3232,0.2985,0.253
2014-07-21,0.3653,0.3287,0.2538
2014-07-22,0.36,0.3327,0.2543
2014-07-23,0.3604,0.3318,0.255
2014-07-24,0.3775,0.3415,0.2555
2014-07-25,0.3724,0.3417,0.256
2014-07-26,0.3922,0.3527,0.2569
2014-07-27,0.3671,0.3552,0.258
2014-07-28,0.3667,0.349,0.2592
2014-07-29,0.4105,0.3687,0.261
2014-07-30,0.3958,0.3844,0.2651
2014-07-31,0.3695,0.373,0.268
2014-08-01,0.3493,0.3584,0.2693
2014-08-02,0.3957,0.3602,0.2703
2014-08-03,0.3987,0.3745,0.2722
2014-08-04,0.3998,0.3954,0.2767
2014-08-05,0.3852,0.3937,0.283
2014-08-06,0.3617,0.3742,0.2858
2014-08-07,0.353,0.3606,0.2868
2014-08-08,0.3673,0.3535,0.287
2014-08-09,0.4123,0.3872,0.2891
2014-08-10,0.3809,0.3895,0.2938
2014-08-11,0.3662,0.3745,0.296
2014-08-12,0.3524,0.3628,0.297
2014-08-13,0.3846,0.3764,0.2981
2014-08-14,0.3685,0.3738,0.2999
2014-08-15,0.3562,0.3632,0.301
2014-08-16,0.3449,0.354,0.301
2014-08-17,0.3314,0.3447,0.3007
2014-08-18,0.3186,0.3347,0.3002
2014-08-19,0.3542,0.3312,0.2995
2014-08-20,0.332,0.3278,0.2985
2014-08-21,0.3178,0.3222,0.2976
2014-08-22,0.3059,0.316,0.2965
2014-08-23,0.2982,0.3098,0.2955
2014-08-24,0.2893,0.3044,0.2946
2014-08-25,0.2785,0.2982,0.2935
2014-08-26,0.2982,0.2942,0.2927
2014-08-27,0.312,0.2937,0.2917
2014-08-28,0.2943,0.2902,0.2905
2014-08-29,0.3376,0.2932,0.29
2014-08-30,0.357,0.3151,0.29
2014-08-31,0.3298,0.3152,0.2894
2014-09-01,0.3118,0.3112,0.2885
2014-09-02,0.2973,0.3058,0.2875
2014-09-03,0.2848,0.2999,0.2865
2014-09-04,0.2745,0.294,0.2855
2014-09-05,0.2795,0.2883,0.2845
2014-09-06,0.2927,0.2852,0.2835
2014-09-07,0.3002,0.2818,0.2825
2014-09-08,0.3421,0.2851,0.2815
2014-09-09,0.3737,0.3007,0.281
2014-09-10,0.3612,0.3232,0.281
2014-09-11,0.336,0.3226,0.2806
2014-09-12,0.3169,0.3176,0.2804
2014-09-13,0.3045,0.312,0.2798
2014-09-14,0.2957,0.3071,0.2795
2014-09-15,0.3182,0.3035,0.279
2014-09-16,0.3403,0.3074,0.2785
2014-09-17,0.3335,0.3075,0.278
2014-09-18,0.3488,0.3112,0.278
2014-09-19,0.3705,0.3198,0.2784
2014-09-20,0.3879,0.3463,0.2791
2014-09-21,0.3702,0.3565,0.2807
2014-09-22,0.3525,0.3503,0.2818
2014-09-23,0.338,0.3429,0.282
2014-09-24,0.3738,0.3464,0.283
2014-09-25,0.3777,0.363,0.2847
2014-09-26,0.3575,0.3572,0.286
2014-09-27,0.3435,0.3493,0.2868
2014-09-28,0.3324,0.3415,0.287
2014-09-29,0.3684,0.3399,0.2871
2014-09-30,0.3915,0.356,0.2882
2014-10-01,0.3681,0.3595,0.2897
2014-10-02,0.3533,0.3542,0.2904
2014-10-03,0.3419,0.3476,0.291
2014-10-04,0.3361,0.3416,0.291
2014-10-05,0.3364,0.3369,0.2918
2014-10-06,0.342,0.3341,0.292
2014-10-07,0.3916,0.3432,0.292
2014-10-08,0.4058,0.373,0.2938
2014-10-09,0.3896,0.3783,0.2969
2014-10-10,0.4265,0.4202,0.3173
2014-10-11,0.412,0.4225,0.3767
2014-10-12,0.4141,0.4125,0.385
2014-10-13,0.4242,0.4307,0.4185
2014-10-14,0.4066,0.4122,0.4238
2014-10-15,0.3925,0.4008,0.4192
2014-10-16,0.3831,0.3913,0.4154
2014-10-17,0.3736,0.3833,0.4118
2014-10-18,0.365,0.3758,0.4083
2014-10-19,0.3581,0.3695,0.4051
2014-10-20,0.353,0.3642,0.402
2014-10-21,0.3487,0.3596,0.3991
2014-10-22,0.3465,0.3559,0.3966
2014-10-23,0.344,0.3532,0.3942
2014-10-24,0.3393,0.3505,0.392
2014-10-25,0.3353,0.3473,0.3898
2014-10-26,0.3326,0.3448,0.3877
2014-10-27,0.3302,0.3421,0.3856
2014-10-28,0.3305,0.3405,0.3838
2014-10-29,0.3294,0.3389,0.3822
2014-10-30,0.3261,0.337,0.3804
2014-10-31,0.3234,0.335,0.3785
2014-11-01,0.3209,0.333,0.3769
2014-11-02,0.32,0.3315,0.3755
2014-11-03,0.3838,0.3644,0.3748
2014-11-04,0.4308,0.4345,0.4115
2014-11-05,0.4136,0.415,0.4307
2014-11-06,0.3943,0.4006,0.4252
2014-11-07,0.3856,0.3898,0.4205
2014-11-08,0.3791,0.383,0.4166
2014-11-09,0.4095,0.3933,0.4135
2014-11-10,0.4059,0.4138,0.4132
2014-11-11,0.4225,0.421,0.4143
2014-11-12,0.4183,0.4255,0.4188
2014-11-13,0.4005,0.4146,0.4203
2014-11-14,0.4086,0.4101,0.4192
2014-11-15,0.4098,0.4149,0.4341
2014-11-16,0.4039,0.3958,0.4277
2014-11-17,0.4143,0.4055,0.4238
2014-11-18,0.4158,0.4106,0.4218
2014-11-19,0.399,0.4062,0.4203
2014-11-20,0.3865,0.396,0.4182
2014-11-21,0.379,0.3875,0.416
2014-11-22,0.3734,0.381,0.4137
2014-11-23,0.3694,0.3759,0.4113
2014-11-24,0.3646,0.3715,0.4089
2014-11-25,0.3992,0.3759,0.4066
2014-11-26,0.4252,0.4152,0.4072
2014-11-27,0.4276,0.428,0.4161
2014-11-28,0.4201,0.4255,0.4211
2014-11-29,0.3995,0.4128,0.421
2014-11-30,0.4119,0.4078,0.4196
2015-04-01,0.3732,0.3807,0.3668
2015-04-02,0.3667,0.3755,0.3655
2015-04-03,0.3637,0.3713,0.3642
2015-04-04,0.3826,0.37,0.3625
2015-04-05,0.3846,0.3769,0.3614
2015-04-06,0.3663,0.373,0.3598
2015-04-07,0.355,0.3668,0.358
2015-04-08,0.3465,0.3601,0.356
2015-04-09,0.3377,0.3534,0.3536
2015-04-10,0.3292,0.3468,0.3511
2015-04-11,0.3255,0.3406,0.3488
2015-04-12,0.3225,0.3357,0.3462
2015-04-13,0.3135,0.33,0.3439
2015-04-14,0.3032,0.3238,0.341
2015-04-15,0.2936,0.3173,0.3382
2015-04-16,0.2882,0.3117,0.3358
2015-04-17,0.3337,0.3104,0.3336
2015-04-18,0.3532,0.3185,0.3323
2015-04-19,0.3707,0.3262,0.3308
2015-04-20,0.3669,0.3419,0.3296
2015-04-21,0.3427,0.3398,0.328
2015-04-22,0.3258,0.334,0.326
2015-04-23,0.3136,0.3274,0.3238
2015-04-24,0.3037,0.3209,0.3216
2015-04-25,0.34,0.3181,0.3198
2015-04-26,0.3754,0.3283,0.3188
2015-04-27,0.429,0.4149,0.3263
2015-04-28,0.4013,0.4111,0.343
2015-04-29,0.3798,0.3925,0.3458
2015-04-30,0.3664,0.3799,0.3456
2015-05-01,0.3747,0.3732,0.3451
2015-05-02,0.3728,0.3713,0.3454
2015-05-03,0.3749,0.3686,0.3446
2015-05-04,0.3872,0.3706,0.3437
2015-05-05,0.3806,0.3697,0.343
2015-05-06,0.3829,0.3743,0.3425
2015-05-07,0.3612,0.3678,0.3415
2015-05-08,0.3671,0.3619,0.3405
2015-05-09,0.369,0.3627,0.3393
2015-05-10,0.3469,0.3555,0.3375
2015-05-11,0.3311,0.3466,0.3356
2015-05-12,0.316,0.3369,0.3331
2015-05-13,0.3021,0.327,0.3305
2015-05-14,0.2941,0.3178,0.328
2015-05-15,0.3336,0.3143,0.3262
2015-05-16,0.359,0.3234,0.3246
2015-05-17,0.3348,0.3236,0.3231
2015-05-18,0.3158,0.3188,0.3211
2015-05-19,0.3068,0.3136,0.3194
2015-05-20,0.3033,0.31,0.3177
2015-05-21,0.2968,0.3052,0.316
2015-05-22,0.2842,0.2998,0.314
2015-05-23,0.2725,0.294,0.3119
2015-05-24,0.2635,0.2885,0.31
2015-05-25,0.2588,0.2836,0.308
2015-05-26,0.2578,0.2793,0.3062
2015-05-27,0.2486,0.2743,0.3041
2015-05-28,0.2375,0.2683,0.302
2015-05-29,0.2275,0.2621,0.2991
2015-05-30,0.2196,0.2567,0.297
2015-05-31,0.2121,0.2517,0.2947
2015-06-01,0.2218,0.247,0.2925
2015-06-02,0.2623,0.2445,0.2902
2015-06-03,0.2444,0.241,0.288
2015-06-04,0.2295,0.237,0.2857
2015-06-05,0.217,0.2326,0.2831
2015-06-06,0.2088,0.228,0.2809
2015-06-07,0.2312,0.2253,0.2786
2015-06-08,0.2334,0.223,0.2768
2015-06-09,0.2378,0.221,0.275
2015-06-10,0.2296,0.219,0.273
2015-06-11,0.2256,0.2167,0.2712
2015-06-12,0.2575,0.2205,0.2695
2015-06-13,0.3363,0.279,0.2686
2015-06-14,0.3545,0.2855,0.268
2015-06-15,0.3544,0.305,0.2676
2015-06-16,0.3687,0.3136,0.2671
2015-06-17,0.3588,0.3324,0.2675
2015-06-18,0.3289,0.3259,0.267
2015-06-19,0.3159,0.3184,0.2666
2015-06-20,0.2978,0.31,0.2657
2015-06-21,0.2844,0.302,0.2654
2015-06-22,0.2714,0.2938,0.2641
2015-06-23,0.2588,0.2855,0.2627
2015-06-24,0.2467,0.2778,0.2615
2015-06-25,0.2345,0.2695,0.2601
2015-06-26,0.222,0.2614,0.2585
2015-06-27,0.2113,0.2538,0.2569
2015-06-28,0.2008,0.2465,0.2551
2015-06-29,0.191,0.2394,0.2532
2015-06-30,0.1827,0.2328,0.2515
2015-07-01,0.1747,0.2263,0.2498
2015-07-02,0.1684,0.2205,0.2479
2015-07-03,0.1638,0.2153,0.246
2015-07-04,0.1578,0.2101,0.2441
2015-07-05,0.1566,0.2056,0.2425
2015-07-06,0.1595,0.2017,0.241
2015-07-07,0.1613,0.1983,0.2394
2015-07-08,0.1647,0.1952,0.2379
2015-07-09,0.1599,0.1924,0.2365
2015-07-10,0.1553,0.1896,0.235
2015-07-11,0.1512,0.1867,0.2332
2015-07-12,0.1477,0.184,0.2315
2015-07-13,0.1455,0.1819,0.2302
2015-07-14,0.144,0.1794,0.2288
2015-07-15,0.1422,0.1772,0.2272
2015-07-16,0.1409,0.1752,0.2259
2015-07-17,0.1395,0.1735,0.2245
2015-07-18,0.2362,0.1735,0.2235
2015-07-19,0.2734,0.1761,0.2226
2015-07-20,0.276,0.1813,0.2218
2015-07-21,0.2457,0.1826,0.221
2015-07-22,0.2958,0.1933,0.22
2015-07-23,0.3422,0.2536,0.2196
2015-07-24,0.2975,0.2549,0.219
2015-07-25,0.2751,0.2512,0.2185
2015-07-26,0.2529,0.2465,0.218
2015-07-27,0.2358,0.2415,0.2174
2015-07-28,0.2203,0.236,0.2166
2015-07-29,0.2325,0.2324,0.216
2015-07-30,0.2465,0.2307,0.216
2015-07-31,0.2306,0.2273,0.2156
2015-08-01,0.2946,0.2265,0.215
2015-08-02,0.2978,0.2307,0.215
2015-08-03,0.2679,0.2292,0.2145
2015-08-04,0.2743,0.2275,0.214
2015-08-05,0.2653,0.2266,0.2135
2015-08-06,0.2419,0.2231,0.2127
2015-08-07,0.2221,0.2191,0.2124
2015-08-08,0.2427,0.2162,0.212
2015-08-09,0.3698,0.2593,0.2118
2015-08-10,0.338,0.2754,0.212
2015-08-11,0.3068,0.2755,0.212
2015-08-12,0.2828,0.2705,0.2115
2015-08-13,0.3088,0.2676,0.211
2015-08-14,0.3964,0.3483,0.2125
2015-08-15,0.3693,0.363,0.2156
2015-08-16,0.346,0.3501,0.2179
2015-08-17,0.3285,0.3379,0.2194
2015-08-18,0.3172,0.3275,0.2207
2015-08-19,0.3069,0.3182,0.221
2015-08-20,0.2915,0.3087,0.2213
2015-08-21,0.2771,0.2991,0.2215
2015-08-22,0.2646,0.2902,0.2213
2015-08-23,0.3031,0.2875,0.221
2015-08-24,0.4078,0.3541,0.2228
2015-08-25,0.3675,0.3601,0.2255
2015-08-26,0.3432,0.3473,0.2272
2015-08-27,0.3238,0.335,0.2281
2015-08-28,0.308,0.3235,0.229
2015-08-29,0.2933,0.313,0.229
2015-08-30,0.2785,0.3028,0.229
2015-08-31,0.2658,0.2937,0.2287
2015-09-01,0.3644,0.3041,0.229
2015-09-02,0.3517,0.3228,0.2295
2015-09-03,0.3335,0.3191,0.23
2015-09-04,0.32,0.3142,0.2304
2015-09-05,0.3051,0.308,0.231
2015-09-06,0.2954,0.3027,0.231
2015-09-07,0.285,0.297,0.231
2015-09-08,0.2743,0.2906,0.231
2015-09-09,0.2648,0.2842,0.2308
2015-09-10,0.2567,0.2782,0.2305
2015-09-11,0.2555,0.2735,0.23
2015-09-12,0.2766,0.2705,0.23
2015-09-13,0.4057,0.3209,0.2311
2015-09-14,0.3974,0.4027,0.252
2015-09-15,0.3823,0.3826,0.2579
2015-09-16,0.4242,0.4019,0.2644
2015-09-17,0.4125,0.421,0.3073
2015-09-18,0.3858,0.3959,0.3238
2015-09-19,0.3762,0.3832,0.3263
2015-09-20,0.3673,0.3747,0.3278
2015-09-21,0.3564,0.3665,0.328
2015-09-22,0.35,0.3594,0.328
2015-09-23,0.3521,0.3546,0.328
2015-09-24,0.3433,0.3503,0.3282
2015-09-25,0.3342,0.3449,0.3278
2015-09-26,0.3281,0.3401,0.3274
2015-09-27,0.3222,0.3352,0.3266
2015-09-28,0.316,0.3303,0.326
2015-09-29,0.3125,0.3258,0.3253
2015-09-30,0.3076,0.3214,0.3245
2015-10-01,0.322,0.3183,0.3235
2015-10-02,0.3522,0.3209,0.323
2015-10-03,0.3992,0.3698,0.3278
2015-10-04,0.4038,0.4098,0.3466
2015-10-05,0.4017,0.4007,0.3509
2015-10-06,0.408,0.3994,0.354
2015-10-07,0.3939,0.399,0.3571
2015-10-08,0.3791,0.3894,0.3588
2015-10-09,0.3705,0.3815,0.3595
2015-10-10,0.3635,0.375,0.3595
2015-10-11,0.3574,0.3693,0.359
2015-10-12,0.3898,0.3767,0.3591
2015-10-13,0.403,0.404,0.3622
2015-10-14,0.3867,0.3954,0.3648
2015-10-15,0.3877,0.389,0.366
2015-10-16,0.3846,0.3872,0.367
2015-10-17,0.3747,0.3823,0.367
2015-10-18,0.3714,0.378,0.367
2015-10-19,0.3687,0.3747,0.367
2015-10-20,0.3615,0.3708,0.3666
2015-10-21,0.3567,0.3669,0.366
2015-10-22,0.3542,0.3638,0.3658
2015-10-23,0.353,0.3611,0.365
2015-10-24,0.349,0.3581,0.3645
2015-10-25,0.3478,0.3553,0.3638
2015-10-26,0.3447,0.353,0.363
2015-10-27,0.3489,0.3503,0.3623
2015-10-28,0.4158,0.3928,0.367
2015-10-29,0.4002,0.4114,0.3799
2015-10-30,0.387,0.3997,0.382
2015-10-31,0.3785,0.3913,0.382
2015-11-01,0.3725,0.3847,0.3816
2015-11-02,0.3665,0.3789,0.3807
2015-11-03,0.4012,0.397,0.3807
2015-11-04,0.4102,0.4088,0.3837
2015-11-05,0.3961,0.4053,0.386
2015-11-06,0.3847,0.3968,0.387
2015-11-07,0.3777,0.39,0.3865
2015-11-08,0.3723,0.3842,0.3856
2015-11-09,0.3674,0.3791,0.3847
2015-11-10,0.3634,0.3745,0.3836
2015-11-11,0.3591,0.3703,0.3826
2015-11-12,0.3562,0.3665,0.3815
2015-11-13,0.3533,0.3632,0.3805
2015-11-14,0.3501,0.36,0.3794
2015-11-15,0.3463,0.3568,0.3783
2015-11-16,0.3436,0.354,0.377
2015-11-17,0.342,0.3515,0.3758
2015-11-18,0.34,0.3491,0.3746
2015-11-19,0.3375,0.347,0.3735
2015-11-20,0.3442,0.3455,0.3726
2015-11-21,0.4024,0.3715,0.372
2015-11-22,0.3798,0.3796,0.372
2015-11-23,0.3713,0.3776,0.372
2015-11-24,0.3685,0.3749,0.372
2015-11-25,0.395,0.3776,0.372
2015-11-26,0.4,0.3935,0.3726
2015-11-27,0.3855,0.3911,0.3738
2015-11-28,0.387,0.388,0.3745
2015-11-29,0.3895,0.3873,0.375
2015-11-30,0.3934,0.3891,0.3758
2016-04-01,0.4239,0.4202,0.3948
2016-04-02,0.4094,0.414,0.3996
2016-04-03,0.4266,0.4249,0.4048
2016-04-04,0.4108,0.4194,0.4131
2016-04-05,0.4224,0.4273,0.4215
2016-04-06,0.3927,0.4068,0.4296
2016-04-07,0.3775,0.3883,0.424
2016-04-08,0.3679,0.3775,0.4193
2016-04-09,0.3611,0.3698,0.4152
2016-04-10,0.3517,0.363,0.4112
2016-04-11,0.3469,0.3571,0.4076
2016-04-12,0.3445,0.3531,0.4044
2016-04-13,0.3735,0.3537,0.4013
2016-04-14,0.3726,0.3622,0.3985
2016-04-15,0.3737,0.3614,0.3958
2016-04-16,0.381,0.3646,0.3932
2016-04-17,0.4022,0.3759,0.391
2016-04-18,0.3918,0.3872,0.3895
2016-04-19,0.3755,0.3836,0.3873
2016-04-20,0.3621,0.376,0.385
2016-04-21,0.3568,0.3687,0.3825
2016-04-22,0.3735,0.3656,0.3802
2016-04-23,0.4125,0.3889,0.379
2016-04-24,0.3929,0.395,0.3785
2016-04-25,0.376,0.3874,0.3775
2016-04-26,0.3706,0.3804,0.376
2016-04-27,0.3643,0.3745,0.374
2016-04-28,0.3528,0.3673,0.3715
2016-04-29,0.3431,0.3596,0.369
2016-04-30,0.3642,0.3556,0.3666
2016-05-01,0.3964,0.3688,0.3653
2016-05-02,0.3926,0.3783,0.364
2016-05-03,0.3785,0.3779,0.3626
2016-05-04,0.3626,0.3715,0.361
2016-05-05,0.3478,0.3629,0.3586
2016-05-06,0.3343,0.3537,0.356
2016-05-07,0.3235,0.3451,0.353
2016-05-08,0.319,0.3375,0.3504
2016-05-09,0.3772,0.3389,0.3485
2016-05-10,0.41,0.3888,0.3481
2016-05-11,0.4226,0.4135,0.3514
2016-05-12,0.4255,0.424,0.3621
2016-05-13,0.4166,0.4187,0.3712
2016-05-14,0.406,0.4126,0.378
2016-05-15,0.3874,0.3999,0.3796
2016-05-16,0.3709,0.3874,0.3786
2016-05-17,0.3591,0.3767,0.3769
2016-05-18,0.3705,0.3695,0.3747
2016-05-19,0.3962,0.38,0.3734
2016-05-20,0.3777,0.3798,0.3717
2016-05-21,0.3582,0.3712,0.3696
2016-05-22,0.3658,0.3644,0.3671
2016-05-23,0.3876,0.3773,0.3655
2016-05-24,0.3672,0.3729,0.364
2016-05-25,0.3624,0.3672,0.3625
2016-05-26,0.3543,0.3619,0.3603
2016-05-27,0.3376,0.3532,0.3577
2016-05-28,0.3445,0.3449,0.355
2016-05-29,0.4224,0.3986,0.3548
2016-05-30,0.3987,0.4051,0.359
2016-05-31,0.4063,0.3986,0.361
2016-06-01,0.4141,0.4122,0.3648
2016-06-02,0.4065,0.4053,0.3686
2016-06-03,0.3978,0.4035,0.3715
2016-06-04,0.3973,0.3991,0.3725
2016-06-05,0.3975,0.403,0.3739
2016-06-06,0.3808,0.392,0.3745
2016-06-07,0.3922,0.3922,0.3736
2016-06-08,0.3924,0.3988,0.3743
2016-06-09,0.3757,0.3878,0.3736
2016-06-10,0.3622,0.3765,0.372
2016-06-11,0.3598,0.3686,0.3701
2016-06-12,0.3463,0.3606,0.3679
2016-06-13,0.3692,0.3568,0.366
2016-06-14,0.3712,0.3602,0.3642
2016-06-15,0.3698,0.3585,0.3624
2016-06-16,0.4128,0.3887,0.3613
2016-06-17,0.3915,0.3922,0.362
2016-06-18,0.3976,0.3886,0.3622
2016-06-19,0.3967,0.3915,0.363
2016-06-20,0.3805,0.3861,0.3633
2016-06-21,0.3831,0.3804,0.3627
2016-06-22,0.3666,0.3747,0.3613
2016-06-23,0.3454,0.3632,0.3589
2016-06-24,0.332,0.3513,0.356
2016-06-25,0.3582,0.3464,0.3538
2016-06-26,0.3652,0.353,0.3518
2016-06-27,0.3386,0.3465,0.3491
2016-06-28,0.3215,0.338,0.3465
2016-06-29,0.3256,0.3295,0.3437
2016-06-30,0.3776,0.342,0.3412
2016-07-01,0.3487,0.3412,0.3391
2016-07-02,0.3403,0.3365,0.3372
2016-07-03,0.3291,0.3317,0.3351
2016-07-04,0.3098,0.3238,0.3325
2016-07-05,0.3069,0.3164,0.3301
2016-07-06,0.2925,0.3095,0.3274
2016-07-07,0.2773,0.3015,0.3246
2016-07-08,0.2661,0.2938,0.3219
2016-07-09,0.2544,0.2865,0.3189
2016-07-10,0.2415,0.2787,0.3158
2016-07-11,0.2882,0.2823,0.3131
2016-07-12,0.3985,0.3457,0.312
2016-07-13,0.364,0.3551,0.3122
2016-07-14,0.356,0.3489,0.3115
2016-07-15,0.3507,0.3452,0.3106
2016-07-16,0.3275,0.3368,0.3093
2016-07-17,0.3088,0.3269,0.3075
2016-07-18,0.2939,0.317,0.3059
2016-07-19,0.2795,0.3072,0.3033
2016-07-20,0.2645,0.2976,0.3011
2016-07-21,0.2828,0.2909,0.2995
2016-07-22,0.4106,0.3548,0.2993
2016-07-23,0.4094,0.4031,0.3047
2016-07-24,0.3859,0.3908,0.3089
2016-07-25,0.3631,0.375,0.3101
2016-07-26,0.3445,0.361,0.3098
2016-07-27,0.3289,0.3483,0.3091
2016-07-28,0.315,0.3371,0.3078
2016-07-29,0.3027,0.3269,0.3062
2016-07-30,0.3002,0.3174,0.3045
2016-07-31,0.3977,0.3558,0.3042
2016-08-01,0.3821,0.3839,0.306
2016-08-02,0.3559,0.3687,0.3068
2016-08-03,0.338,0.3552,0.3065
2016-08-04,0.3561,0.3523,0.3056
2016-08-05,0.381,0.3741,0.306
2016-08-06,0.3555,0.3639,0.3066
2016-08-07,0.3358,0.352,0.3062
2016-08-08,0.3196,0.3401,0.3051
2016-08-09,0.3119,0.3308,0.304
2016-08-10,0.3031,0.3234,0.303
2016-08-11,0.2908,0.3151,0.3015
2016-08-12,0.2795,0.307,0.3001
2016-08-13,0.2691,0.299,0.2982
2016-08-14,0.2579,0.291,0.2963
2016-08-15,0.2468,0.2832,0.2945
2016-08-16,0.2449,0.2764,0.2925
2016-08-17,0.2602,0.2713,0.2911
2016-08-18,0.2792,0.2685,0.2897
2016-08-19,0.275,0.2666,0.2886
2016-08-20,0.3309,0.2695,0.288
2016-08-21,0.3357,0.2829,0.2871
2016-08-22,0.3035,0.282,0.2855
2016-08-23,0.2828,0.2778,0.2841
2016-08-24,0.266,0.2727,0.2825
2016-08-25,0.25,0.2672,0.281
2016-08-26,0.2366,0.2616,0.2791
2016-08-27,0.2254,0.256,0.2775
2016-08-28,0.217,0.2508,0.276
2016-08-29,0.2147,0.2466,0.2745
2016-08-30,0.2081,0.2427,0.2734
2016-08-31,0.2037,0.239,0.272
2016-09-01,0.2002,0.2353,0.2705
2016-09-02,0.1933,0.2313,0.2691
2016-09-03,0.1872,0.2275,0.2675
2016-09-04,0.1814,0.2239,0.2661
2016-09-05,0.18,0.221,0.2646
2016-09-06,0.1797,0.2186,0.2636
2016-09-07,0.1753,0.2156,0.2625
2016-09-08,0.1712,0.2127,0.261
2016-09-09,0.1679,0.2101,0.2595
2016-09-10,0.1703,0.208,0.2585
2016-09-11,0.172,0.206,0.2575
2016-09-12,0.1691,0.204,0.2565
2016-09-13,0.1652,0.202,0.2549
2016-09-14,0.178,0.2005,0.254
2016-09-15,0.2864,0.2031,0.2537
2016-09-16,0.2989,0.2076,0.253
2016-09-17,0.3112,0.2161,0.253
2016-09-18,0.3076,0.223,0.253
2016-09-19,0.3038,0.2292,0.2525
2016-09-20,0.2843,0.232,0.252
2016-09-21,0.2681,0.2325,0.2515
2016-09-22,0.2554,0.2318,0.2508
2016-09-23,0.245,0.2305,0.2504
2016-09-24,0.2362,0.229,0.2496
2016-09-25,0.2322,0.2273,0.249
2016-09-26,0.2349,0.2265,0.249
2016-09-27,0.2304,0.2255,0.2485
2016-09-28,0.2246,0.2241,0.248
2016-09-29,0.2173,0.2221,0.2474
2016-09-30,0.2119,0.2205,0.2468
2016-10-01,0.26,0.2205,0.247
2016-10-02,0.3095,0.2272,0.2466
2016-10-03,0.289,0.231,0.246
2016-10-04,0.2719,0.2321,0.246
2016-10-05,0.2593,0.2315,0.2455
2016-10-06,0.2502,0.2311,0.245
2016-10-07,0.2436,0.2305,0.245
2016-10-08,0.2376,0.2295,0.2445
2016-10-09,0.2325,0.2285,0.244
2016-10-10,0.2278,0.2276,0.244
2016-10-11,0.2232,0.2266,0.244
2016-10-12,0.2208,0.2256,0.244
2016-10-13,0.3601,0.2414,0.244
2016-10-14,0.422,0.3608,0.245
2016-10-15,0.3958,0.3955,0.2522
2016-10-16,0.3787,0.3803,0.2574
2016-10-17,0.3991,0.378,0.261
2016-10-18,0.3939,0.3828,0.2652
2016-10-19,0.3755,0.3745,0.2687
2016-10-20,0.3646,0.3662,0.2713
2016-10-21,0.3571,0.3591,0.2732
2016-10-22,0.3504,0.353,0.2747
2016-10-23,0.3494,0.348,0.2758
2016-10-24,0.3571,0.3457,0.277
2016-10-25,0.3901,0.3558,0.2783
2016-10-26,0.3773,0.3655,0.2802
2016-10-27,0.3634,0.3615,0.282
2016-10-28,0.3525,0.3554,0.2832
2016-10-29,0.3439,0.3492,0.2841
2016-10-30,0.3376,0.3437,0.285
2016-10-31,0.3325,0.3389,0.2858
2016-11-01,0.3281,0.3346,0.286
2016-11-02,0.3249,0.3312,0.2861
2016-11-03,0.3211,0.3277,0.287
2016-11-04,0.3216,0.3248,0.287
2016-11-05,0.4096,0.3498,0.2874
2016-11-06,0.3998,0.3895,0.2909
2016-11-07,0.3807,0.3815,0.2946
2016-11-08,0.3714,0.3734,0.2972
2016-11-09,0.3734,0.368,0.2992
2016-11-10,0.3946,0.3704,0.301
2016-11-11,0.4076,0.3895,0.3039
2016-11-12,0.3858,0.3859,0.3075
2016-11-13,0.3831,0.3793,0.3102
2016-11-14,0.386,0.3778,0.3127
2016-11-15,0.3725,0.3735,0.3145
2016-11-16,0.366,0.3682,0.316
2016-11-17,0.3614,0.3641,0.3172
2016-11-18,0.3805,0.3633,0.3183
2016-11-19,0.3962,0.3775,0.3198
2016-11-20,0.3869,0.3774,0.3218
2016-11-21,0.4317,0.4198,0.339
2016-11-22,0.42,0.4297,0.3961
2016-11-23,0.3957,0.4116,0.4135
2016-11-24,0.4205,0.4206,0.4132
2016-11-25,0.4163,0.4266,0.4251
2016-11-26,0.3982,0.4113,0.4225
2016-11-27,0.3873,0.3983,0.419
2016-11-28,0.3807,0.3893,0.4155
2016-11-29,0.3745,0.3827,0.4124
2016-11-30,0.3695,0.3774,0.4095
2017-04-01,0.4016,0.379,0.3845
2017-04-02,0.4022,0.3945,0.3851
2017-04-03,0.3893,0.3944,0.386
2017-04-04,0.3767,0.3878,0.3852
2017-04-05,0.3706,0.3805,0.3835
2017-04-06,0.367,0.3759,0.3825
2017-04-07,0.3584,0.3702,0.3814
2017-04-08,0.3467,0.3608,0.3775
2017-04-09,0.3361,0.3518,0.3747
2017-04-10,0.3255,0.3421,0.3721
2017-04-11,0.3189,0.334,0.3691
2017-04-12,0.311,0.3275,0.3663
2017-04-13,0.2899,0.3116,0.3529
2017-04-14,0.2815,0.3042,0.3493
2017-04-15,0.2789,0.2993,0.3465
2017-04-16,0.2788,0.2967,0.3454
2017-04-17,0.2744,0.2935,0.3431
2017-04-18,0.272,0.2931,0.3405
2017-04-19,0.2709,0.2935,0.339
2017-04-20,0.2676,0.2906,0.3372
2017-04-21,0.2591,0.2846,0.3329
2017-04-22,0.2456,0.2755,0.326
2017-04-23,0.2358,0.2677,0.3202
2017-04-24,0.2274,0.2605,0.3145
2017-04-25,0.2698,0.2561,0.31
2017-04-26,0.3787,0.2874,0.309
2017-04-27,0.3442,0.3059,0.3085
2017-04-28,0.3261,0.3074,0.3071
2017-04-29,0.3131,0.3057,0.3067
2017-04-30,0.3349,0.3043,0.3045
2017-05-01,0.3953,0.3344,0.305
2017-05-02,0.4013,0.364,0.3063
2017-05-03,0.395,0.3799,0.3077
2017-05-04,0.3953,0.38,0.3088
2017-05-05,0.3708,0.3726,0.3101
2017-05-06,0.3933,0.3746,0.3098
2017-05-07,0.3878,0.387,0.3126
2017-05-08,0.3738,0.3782,0.3149
2017-05-09,0.361,0.3694,0.3164
2017-05-10,0.3536,0.3601,0.3154
2017-05-11,0.3985,0.3786,0.3161
2017-05-12,0.4114,0.4027,0.3202
2017-05-13,0.4027,0.3944,0.3235
2017-05-14,0.3972,0.4017,0.3284
2017-05-15,0.3747,0.3854,0.3302
2017-05-16,0.358,0.3715,0.3275
2017-05-17,0.3425,0.3581,0.3245
2017-05-18,0.3337,0.3471,0.3225
2017-05-19,0.4027,0.3638,0.3215
2017-05-20,0.3846,0.3767,0.323
2017-05-21,0.3659,0.369,0.3233
2017-05-22,0.3465,0.3573,0.3198
2017-05-23,0.3314,0.3465,0.3165
2017-05-24,0.3176,0.3348,0.3129
2017-05-25,0.302,0.322,0.3075
2017-05-26,0.2875,0.3104,0.303
2017-05-27,0.2742,0.3,0.2999
2017-05-28,0.2609,0.2894,0.2959
2017-05-29,0.2466,0.279,0.2916
2017-05-30,0.2365,0.2696,0.288
2017-05-31,0.2335,0.2642,0.2865
2017-06-01,0.2444,0.2605,0.2855
2017-06-02,0.2645,0.2598,0.2868
2017-06-03,0.3331,0.2664,0.2833
2017-06-04,0.3583,0.2966,0.283
2017-06-05,0.3267,0.3013,0.2847
2017-06-06,0.3131,0.2991,0.284
2017-06-07,0.2993,0.2957,0.283
2017-06-08,0.2847,0.2901,0.2815
2017-06-09,0.298,0.2834,0.279
2017-06-10,0.2806,0.2786,0.2772
2017-06-11,0.2612,0.2695,0.2735
2017-06-12,0.2432,0.2587,0.2676
2017-06-13,0.2467,0.2525,0.2654
2017-06-14,0.283,0.2511,0.2648
2017-06-15,0.2563,0.2451,0.2616
2017-06-16,0.2424,0.2384,0.258
2017-06-17,0.2263,0.2322,0.2551
2017-06-18,0.2104,0.2246,0.251
2017-06-19,0.198,0.2182,0.248
2017-06-20,0.1897,0.2125,0.245
2017-06-21,0.1993,0.2069,0.2419
2017-06-22,0.2012,0.2041,0.2409
2017-06-23,0.2107,0.1986,0.2368
2017-06-24,0.2127,0.196,0.2351
2017-06-25,0.2373,0.1892,0.2301
2017-06-26,0.2304,0.1858,0.2268
2017-06-27,0.2376,0.1853,0.2257
2017-06-28,0.2388,0.1805,0.221
2017-06-29,0.2362,0.1815,0.221
2017-06-30,0.2323,0.183,0.2224
2017-07-01,0.241,0.185,0.223
2017-07-02,0.2448,0.186,0.223
2017-07-03,0.2321,0.1855,0.2218
2017-07-04,0.2154,0.1831,0.2199
2017-07-05,0.196,0.1765,0.2149
2017-07-06,0.1783,0.17,0.209
2017-07-07,0.1714,0.1635,0.203
2017-07-08,0.1635,0.152,0.192
2017-07-09,0.1722,0.1473,0.188
2017-07-10,0.2143,0.154,0.1965
2017-07-11,0.2495,0.1713,0.205
2017-07-12,0.2597,0.1855,0.2085
2017-07-13,0.2359,0.1831,0.2045
2017-07-14,0.2183,0.18,0.2021
2017-07-15,0.2025,0.1765,0.1995
2017-07-16,0.1907,0.1745,0.1985
2017-07-17,0.1802,0.172,0.1969
2017-07-18,0.1725,0.1695,0.195
2017-07-19,0.1655,0.1672,0.1935
2017-07-20,0.2133,0.1695,0.1955
2017-07-21,0.2126,0.1731,0.2005
2017-07-22,0.2245,0.172,0.1995
2017-07-23,0.2719,0.1739,0.198
2017-07-24,0.2543,0.1746,0.1962
2017-07-25,0.2637,0.1769,0.1965
2017-07-26,0.2703,0.1815,0.197
2017-07-27,0.2527,0.1836,0.197
2017-07-28,0.2332,0.1814,0.1945
2017-07-29,0.217,0.1775,0.191
2017-07-30,0.2486,0.1815,0.1945
2017-07-31,0.231,0.1807,0.193
2017-08-01,0.2174,0.1815,0.195
2017-08-02,0.2102,0.1775,0.192
2017-08-03,0.2148,0.171,0.1847
2017-08-04,0.201,0.1656,0.1815
2017-08-05,0.1901,0.1615,0.1785
2017-08-06,0.1898,0.1565,0.1755
2017-08-07,0.1782,0.155,0.175
2017-08-08,0.2953,0.1586,0.175
2017-08-09,0.265,0.1628,0.176
2017-08-10,0.2467,0.166,0.1765
2017-08-11,0.2449,0.172,0.178
2017-08-12,0.2527,0.176,0.18
2017-08-13,0.2346,0.1752,0.179
2017-08-14,0.2205,0.1745,0.178
2017-08-15,0.2127,0.17,0.174
2017-08-16,0.2034,0.1695,0.174
2017-08-17,0.1927,0.1655,0.1713
2017-08-18,0.196,0.1591,0.167
2017-08-19,0.1965,0.1585,0.1665
2017-08-20,0.1875,0.157,0.1661
2017-08-21,0.1798,0.156,0.166
2017-08-22,0.1698,0.153,0.165
2017-08-23,0.1641,0.1505,0.161
2017-08-24,0.1792,0.1527,0.1634
2017-08-25,0.1847,0.154,0.166
2017-08-26,0.1782,0.153,0.1634
2017-08-27,0.1716,0.1505,0.1595
2017-08-28,0.1655,0.146,0.154
2017-08-29,0.1535,0.142,0.1495
2017-08-30,0.1539,0.14,0.1475
2017-08-31,0.3541,0.1645,0.1484
2017-09-01,0.3028,0.1778,0.1461
2017-09-02,0.2846,0.182,0.1447
2017-09-03,0.2771,0.1887,0.1465
2017-09-04,0.2556,0.1903,0.147
2017-09-05,0.24,0.1905,0.1474
2017-09-06,0.2267,0.1885,0.1474
2017-09-07,0.217,0.1877,0.148
2017-09-08,0.2098,0.1872,0.1485
2017-09-09,0.2465,0.1877,0.1498
2017-09-10,0.2543,0.1902,0.1508
2017-09-11,0.2437,0.192,0.1525
2017-09-12,0.2365,0.1921,0.1536
2017-09-13,0.2373,0.1926,0.154
2017-09-14,0.2284,0.191,0.154
2017-09-15,0.2238,0.1916,0.155
2017-09-16,0.2214,0.1931,0.156
2017-09-17,0.2258,0.1935,0.1563
2017-09-18,0.259,0.1949,0.157
2017-09-19,0.2726,0.1973,0.158
2017-09-20,0.2721,0.2006,0.159
2017-09-21,0.2564,0.2014,0.1598
2017-09-22,0.2385,0.1993,0.1555
2017-09-23,0.235,0.1991,0.1565
2017-09-24,0.2267,0.1975,0.1554
2017-09-25,0.2314,0.1953,0.1551
2017-09-26,0.2588,0.1993,0.158
2017-09-27,0.2515,0.2026,0.16
2017-09-28,0.241,0.2024,0.16
2017-09-29,0.2302,0.2016,0.158
2017-09-30,0.2618,0.2007,0.153
2017-10-01,0.2946,0.2058,0.153
2017-10-02,0.2861,0.2098,0.154
2017-10-03,0.2822,0.2133,0.1545
2017-10-04,0.2695,0.214,0.1545
2017-10-05,0.2491,0.2085,0.151
2017-10-06,0.2409,0.206,0.15
2017-10-07,0.2343,0.205,0.15
2017-10-08,0.227,0.2035,0.15
2017-10-09,0.2214,0.202,0.149
2017-10-10,0.2153,0.1996,0.1475
2017-10-11,0.2091,0.1982,0.147
2017-10-12,0.2035,0.1965,0.147
2017-10-13,0.1976,0.194,0.1465
2017-10-14,0.1924,0.1925,0.1465
2017-10-15,0.1886,0.191,0.147
2017-10-16,0.1859,0.1901,0.1472
2017-10-17,0.188,0.1885,0.147
2017-10-18,0.1861,0.187,0.147
2017-10-19,0.1877,0.1877,0.148
2017-10-20,0.1858,0.187,0.148
2017-10-21,0.1865,0.1866,0.1485
2017-10-22,0.1905,0.187,0.1495
2017-10-23,0.1979,0.187,0.15
2017-10-24,0.1969,0.1865,0.15
2017-10-25,0.1955,0.186,0.1505
2017-10-26,0.1934,0.1845,0.1485
2017-10-27,0.1901,0.1824,0.148
2017-10-28,0.1895,0.179,0.146
2017-10-29,0.1898,0.179,0.147
2017-10-30,0.1951,0.178,0.1475
2017-10-31,0.1928,0.1775,0.148
2017-11-01,0.1911,0.1775,0.149
2017-11-02,0.1911,0.178,0.1505
2017-11-03,0.1895,0.1778,0.15
2017-11-04,0.217,0.1767,0.149
2017-11-05,0.3748,0.2631,0.1492
2017-11-06,0.3355,0.2846,0.1512
2017-11-07,0.3208,0.2875,0.1545
2017-11-08,0.3145,0.2882,0.1553
2017-11-09,0.3059,0.2877,0.1565
2017-11-10,0.2992,0.2855,0.158
2017-11-11,0.2998,0.2842,0.1591
2017-11-12,0.3112,0.2836,0.1605
2017-11-13,0.3236,0.2818,0.1615
2017-11-14,0.3144,0.2833,0.1631
2017-11-15,0.3083,0.283,0.1645
2017-11-16,0.3063,0.2829,0.1661
2017-11-17,0.307,0.2827,0.167
2017-11-18,0.3096,0.2825,0.1675
2017-11-19,0.3103,0.286,0.1721
2017-11-20,0.3148,0.2875,0.1729
2017-11-21,0.3085,0.2871,0.173
2017-11-22,0.3019,0.2851,0.173
2017-11-23,0.2978,0.2846,0.1755
2017-11-24,0.2965,0.284,0.176
2017-11-25,0.3422,0.2865,0.1765
2017-11-26,0.3344,0.2938,0.1782
2017-11-27,0.321,0.296,0.1798
2017-11-28,0.3155,0.296,0.1805
2017-11-29,0.3122,0.296,0.1815
2017-11-30,0.3067,0.2943,0.1825
2018-04-01,0.3742,0.3818,0.3811
2018-04-02,0.3651,0.3759,0.38
2018-04-03,0.3588,0.3698,0.3784
2018-04-04,0.4062,0.3999,0.378
2018-04-05,0.3978,0.411,0.3843
2018-04-06,0.3842,0.398,0.385
2018-04-07,0.3787,0.3895,0.3847
2018-04-08,0.3766,0.3822,0.3833
2018-04-09,0.3917,0.3821,0.381
2018-04-10,0.4215,0.4053,0.382
2018-04-11,0.4217,0.4167,0.3869
2018-04-12,0.4131,0.4225,0.3995
2018-04-13,0.4063,0.412,0.402
2018-04-14,0.4022,0.4077,0.402
2018-04-15,0.3869,0.3982,0.3999
2018-04-16,0.3761,0.39,0.399
2018-04-17,0.366,0.3812,0.3977
2018-04-18,0.3549,0.3709,0.395
2018-04-19,0.3451,0.3616,0.3925
2018-04-20,0.3315,0.3512,0.3882
2018-04-21,0.3243,0.3416,0.3925
2018-04-22,0.3107,0.3336,0.3895
2018-04-23,0.3075,0.3255,0.3849
2018-04-24,0.3533,0.3317,0.3818
2018-04-25,0.3296,0.3295,0.3783
2018-04-26,0.3158,0.3247,0.3747
2018-04-27,0.301,0.3171,0.3695
2018-04-28,0.3124,0.3135,0.3675
2018-04-29,0.3559,0.3276,0.3653
2018-04-30,0.4118,0.4014,0.368
2018-05-01,0.4183,0.4133,0.3727
2018-05-02,0.4009,0.4074,0.3764
2018-05-03,0.3864,0.3973,0.3778
2018-05-04,0.3793,0.3891,0.3785
2018-05-05,0.3717,0.3821,0.3786
2018-05-06,0.364,0.3745,0.3768
2018-05-07,0.3902,0.3757,0.3746
2018-05-08,0.397,0.3902,0.3745
2018-05-09,0.4071,0.4033,0.3757
2018-05-10,0.4041,0.4042,0.3775
2018-05-11,0.3847,0.3961,0.3788
2018-05-12,0.3717,0.3833,0.3755
2018-05-13,0.4215,0.403,0.3766
2018-05-14,0.4307,0.4243,0.3829
2018-05-15,0.4243,0.4246,0.3943
2018-05-16,0.4021,0.4125,0.3988
2018-05-17,0.3989,0.4061,0.3995
2018-05-18,0.3853,0.3975,0.3973
2018-05-19,0.3718,0.3855,0.3948
2018-05-20,0.3773,0.3774,0.3927
2018-05-21,0.3838,0.383,0.3909
2018-05-22,0.3811,0.3789,0.389
2018-05-23,0.3867,0.3789,0.3876
2018-05-24,0.3784,0.3775,0.3862
2018-05-25,0.3735,0.3738,0.3851
2018-05-26,0.3598,0.366,0.382
2018-05-27,0.3778,0.3643,0.3794
2018-05-28,0.4118,0.3864,0.3794
2018-05-29,0.3874,0.3896,0.3785
2018-05-30,0.3978,0.3917,0.3783
2018-05-31,0.3868,0.3896,0.3795
2018-06-01,0.3822,0.3861,0.379
2018-06-02,0.3682,0.3787,0.3767
2018-06-03,0.3758,0.3733,0.3744
2018-06-04,0.392,0.3761,0.3725
2018-06-05,0.3898,0.386,0.3754
2018-06-06,0.395,0.3928,0.38
2018-06-07,0.3853,0.3856,0.379
2018-06-08,0.4007,0.3915,0.3776
2018-06-09,0.3999,0.3917,0.3774
2018-06-10,0.3833,0.3871,0.377
2018-06-11,0.4093,0.4009,0.3808
2018-06-12,0.4117,0.4112,0.3787
2018-06-13,0.411,0.4179,0.3877
2018-06-14,0.3879,0.4022,0.3895
2018-06-15,0.3759,0.3895,0.388
2018-06-16,0.3615,0.377,0.3848
2018-06-17,0.3533,0.3679,0.3827
2018-06-18,0.3422,0.3587,0.3806
2018-06-19,0.3299,0.3477,0.3767
2018-06-20,0.3166,0.3368,0.3733
2018-06-21,0.3062,0.3265,0.3697
2018-06-22,0.2915,0.3157,0.365
2018-06-23,0.278,0.306,0.3606
2018-06-24,0.2656,0.297,0.3556
2018-06-25,0.2572,0.2908,0.3522
2018-06-26,0.247,0.2835,0.3482
2018-06-27,0.2341,0.274,0.3427
2018-06-28,0.224,0.2669,0.3381
2018-06-29,0.2188,0.2625,0.3348
2018-06-30,0.2141,0.2586,0.3317
2018-07-01,0.2051,0.2521,0.3268
2018-07-02,0.2007,0.2459,0.3218
2018-07-03,0.212,0.239,0.3171
2018-07-04,0.2252,0.236,0.3161
2018-07-05,0.3371,0.2527,0.3125
2018-07-06,0.3377,0.2777,0.3102
2018-07-07,0.3085,0.2784,0.3079
2018-07-08,0.2839,0.2732,0.304
2018-07-09,0.2643,0.2672,0.3007
2018-07-10,0.2477,0.2608,0.2977
2018-07-11,0.235,0.2551,0.2948
2018-07-12,0.2251,0.2501,0.2921
2018-07-13,0.2168,0.2447,0.2892
2018-07-14,0.211,0.2399,0.2871
2018-07-15,0.2084,0.2364,0.2855
2018-07-16,0.2235,0.2325,0.2831
2018-07-17,0.2148,0.234,0.2856
2018-07-18,0.2065,0.231,0.2844
2018-07-19,0.1995,0.2265,0.2819
2018-07-20,0.2297,0.222,0.2784
2018-07-21,0.3459,0.2374,0.278
2018-07-22,0.3124,0.2482,0.2769
2018-07-23,0.283,0.2471,0.2746
2018-07-24,0.2626,0.2435,0.2724
2018-07-25,0.2306,0.2385,0.2705
2018-07-26,0.2208,0.2335,0.268
2018-07-27,0.2112,0.2291,0.2664
2018-07-28,0.3018,0.2499,0.2685
2018-07-29,0.349,0.3086,0.2685
2018-07-30,0.3174,0.3006,0.2637
2018-07-31,0.3098,0.2957,0.2619
2018-08-01,0.2956,0.2907,0.2614
2018-08-02,0.2868,0.287,0.262
2018-08-03,0.2686,0.2793,0.2601
2018-08-04,0.2541,0.272,0.2581
2018-08-05,0.2414,0.264,0.2556
2018-08-06,0.2359,0.2487,0.2495
2018-08-07,0.2431,0.2445,0.2475
2018-08-08,0.2593,0.2411,0.2475
2018-08-09,0.2799,0.2386,0.245
2018-08-10,0.305,0.2436,0.2447
2018-08-11,0.2785,0.2416,0.243
2018-08-12,0.2574,0.2358,0.2389
2018-08-13,0.3234,0.2344,0.236
2018-08-14,0.3444,0.2655,0.2363
2018-08-15,0.3118,0.2691,0.236
2018-08-16,0.2871,0.2649,0.234
2018-08-17,0.3191,0.2645,0.2335
2018-08-18,0.3289,0.2724,0.233
2018-08-19,0.2992,0.2701,0.2307
2018-08-20,0.2736,0.2627,0.227
2018-08-21,0.271,0.256,0.2245
2018-08-22,0.2707,0.2525,0.224
2018-08-23,0.2691,0.2493,0.2325
2018-08-24,0.2547,0.2425,0.2285
2018-08-25,0.2504,0.2419,0.2295
2018-08-26,0.245,0.2406,0.2304
2018-08-27,0.2302,0.235,0.2275
2018-08-28,0.217,0.228,0.2226
2018-08-29,0.2102,0.2255,0.223
2018-08-30,0.2053,0.2227,0.223
2018-08-31,0.2031,0.2209,0.223
2018-09-01,0.2032,0.2191,0.224
2018-09-02,0.1991,0.217,0.224
2018-09-03,0.1943,0.214,0.2231
2018-09-04,0.1877,0.21,0.2215
2018-09-05,0.1783,0.2041,0.218
2018-09-06,0.2748,0.2151,0.2215
2018-09-07,0.3394,0.2456,0.223
2018-09-08,0.3039,0.2498,0.2224
2018-09-09,0.2821,0.2483,0.2205
2018-09-10,0.2646,0.2441,0.2185
2018-09-11,0.2456,0.2396,0.2185
2018-09-12,0.2401,0.2331,0.2147
2018-09-13,0.2312,0.227,0.212
2018-09-14,0.2331,0.2241,0.21
2018-09-15,0.2248,0.2215,0.2096
2018-09-16,0.2151,0.219,0.206
2018-09-17,0.2083,0.2165,0.2035
2018-09-18,0.2006,0.2134,0.2025
2018-09-19,0.1937,0.2091,0.2
2018-09-20,0.187,0.2068,0.2005
2018-09-21,0.1871,0.2041,0.2
2018-09-22,0.2126,0.2035,0.2005
2018-09-23,0.2043,0.2015,0.2
2018-09-24,0.2195,0.2,0.1995
2018-09-25,0.2138,0.2004,0.2006
2018-09-26,0.2062,0.1981,0.2
2018-09-27,0.1983,0.1946,0.197
2018-09-28,0.193,0.1919,0.195
2018-09-29,0.1895,0.191,0.196
2018-09-30,0.2164,0.193,0.198
2018-10-01,0.2352,0.194,0.1985
2018-10-02,0.2375,0.1955,0.2
2018-10-03,0.2305,0.1955,0.1995
2018-10-04,0.2241,0.1956,0.2
2018-10-05,0.215,0.1936,0.199
2018-10-06,0.2101,0.1925,0.199
2018-10-07,0.3285,0.2172,0.1985
2018-10-08,0.3273,0.2467,0.1995
2018-10-09,0.303,0.2519,0.2005
2018-10-10,0.3274,0.2543,0.2002
2018-10-11,0.3683,0.28,0.2011
2018-10-12,0.338,0.292,0.2025
2018-10-13,0.3191,0.2928,0.2029
2018-10-14,0.3087,0.2914,0.203
2018-10-15,0.3235,0.2903,0.2025
2018-10-16,0.3183,0.2891,0.2025
2018-10-17,0.3053,0.288,0.2032
2018-10-18,0.294,0.2847,0.2032
2018-10-19,0.2845,0.2807,0.203
2018-10-20,0.278,0.278,0.2039
2018-10-21,0.2705,0.274,0.2032
2018-10-22,0.2651,0.2711,0.2037
2018-10-23,0.2601,0.2681,0.2037
2018-10-24,0.2551,0.265,0.203
2018-10-25,0.2523,0.2613,0.2023
2018-10-26,0.25,0.2595,0.2035
2018-10-27,0.2717,0.2588,0.204
2018-10-28,0.3044,0.2613,0.2055
2018-10-29,0.3495,0.2701,0.2061
2018-10-30,0.344,0.2807,0.207
2018-10-31,0.4347,0.3945,0.215
2018-11-01,0.4298,0.4265,0.2678
2018-11-02,0.4083,0.404,0.2857
2018-11-03,0.401,0.3947,0.2915
2018-11-04,0.3873,0.3858,0.2958
2018-11-05,0.3837,0.3785,0.2991
2018-11-06,0.4291,0.416,0.3147
2018-11-07,0.4216,0.4176,0.3339
2018-11-08,0.4098,0.4158,0.3457
2018-11-09,0.4235,0.4186,0.3576
2018-11-10,0.4139,0.4133,0.3698
2018-11-11,0.4277,0.4216,0.3766
2018-11-12,0.4311,0.4291,0.3887
2018-11-13,0.4175,0.4216,0.3974
2018-11-14,0.3981,0.411,0.4006
2018-11-15,0.3895,0.4023,0.4005
2018-11-16,0.383,0.3956,0.3986
2018-11-17,0.3965,0.3937,0.397
2018-11-18,0.396,0.3996,0.396
2018-11-19,0.3858,0.3954,0.3953
2018-11-20,0.3884,0.3918,0.3946
2018-11-21,0.419,0.4167,0.3965
2018-11-22,0.3988,0.4113,0.4
2018-11-23,0.4252,0.4217,0.4066
2018-11-24,0.4074,0.4221,0.4231
2018-11-25,0.4022,0.408,0.4207
2018-11-26,0.3983,0.403,0.4176
2018-11-27,0.3966,0.3982,0.4155
2018-11-28,0.3883,0.3925,0.4132
2018-11-29,0.3852,0.3874,0.4097
2018-11-30,0.4112,0.4014,0.4081
2019-04-01,0.2738,0.295,0.3336
2019-04-02,0.2656,0.2885,0.3284
2019-04-03,0.3095,0.2851,0.3271
2019-04-04,0.3282,0.2885,0.329
2019-04-05,0.32,0.292,0.3284
2019-04-06,0.3365,0.2961,0.3275
2019-04-07,0.351,0.3058,0.3277
2019-04-08,0.3345,0.3079,0.3237
2019-04-09,0.3355,0.3082,0.322
2019-04-10,0.3248,0.3107,0.3215
2019-04-11,0.3292,0.3126,0.3215
2019-04-12,0.3206,0.3131,0.3218
2019-04-13,0.3077,0.3095,0.3195
2019-04-14,0.2963,0.3029,0.3155
2019-04-15,0.2872,0.2981,0.3125
2019-04-16,0.341,0.2989,0.311
2019-04-17,0.3368,0.3054,0.31
2019-04-18,0.3152,0.3029,0.307
2019-04-19,0.2972,0.2975,0.3031
2019-04-20,0.2837,0.289,0.298
2019-04-21,0.2887,0.2865,0.299
2019-04-22,0.3039,0.2846,0.2971
2019-04-23,0.3257,0.281,0.2926
2019-04-24,0.4006,0.3114,0.291
2019-04-25,0.4277,0.3856,0.2972
2019-04-26,0.4282,0.4251,0.3283
2019-04-27,0.4196,0.4163,0.341
2019-04-28,0.4008,0.4042,0.3462
2019-04-29,0.3942,0.3948,0.3493
2019-04-30,0.3815,0.3862,0.35
2019-05-01,0.3693,0.3782,0.3497
2019-05-02,0.3609,0.3699,0.348
2019-05-03,0.3598,0.3638,0.348
2019-05-04,0.3668,0.36,0.348
2019-05-05,0.3685,0.3609,0.348
2019-05-06,0.358,0.359,0.3495
2019-05-07,0.3475,0.3535,0.3475
2019-05-08,0.3805,0.3585,0.344
2019-05-09,0.3784,0.3644,0.344
2019-05-10,0.3645,0.363,0.344
2019-05-11,0.3525,0.3549,0.3404
2019-05-12,0.355,0.3507,0.3395
2019-05-13,0.344,0.3459,0.3375
2019-05-14,0.3284,0.3385,0.3341
2019-05-15,0.3135,0.3287,0.3295
2019-05-16,0.3029,0.3215,0.3265
2019-05-17,0.3267,0.3166,0.324
2019-05-18,0.3605,0.3216,0.3245
2019-05-19,0.3963,0.3447,0.325
2019-05-20,0.3704,0.3515,0.326
2019-05-21,0.3595,0.351,0.326
2019-05-22,0.3426,0.3452,0.324
2019-05-23,0.3242,0.3348,0.3199
2019-05-24,0.314,0.3263,0.3174
2019-05-25,0.3136,0.3217,0.317
2019-05-26,0.3106,0.3174,0.3157
2019-05-27,0.3008,0.3117,0.3134
2019-05-28,0.3018,0.3072,0.312
2019-05-29,0.299,0.3042,0.3115
2019-05-30,0.2905,0.3001,0.3104
2019-05-31,0.2809,0.2948,0.308
2019-06-01,0.2667,0.2859,0.3039
2019-06-02,0.2513,0.2728,0.2962
2019-06-03,0.2392,0.2616,0.2913
2019-06-04,0.3152,0.2625,0.2868
2019-06-05,0.2947,0.2548,0.2802
2019-06-06,0.3132,0.257,0.28
2019-06-07,0.3003,0.2585,0.2794
2019-06-08,0.2928,0.2583,0.278
2019-06-09,0.3383,0.2687,0.276
2019-06-10,0.4006,0.3324,0.2771
2019-06-11,0.42,0.3981,0.2825
2019-06-12,0.3984,0.399,0.2887
2019-06-13,0.3695,0.3795,0.2918
2019-06-14,0.3778,0.3675,0.2926
2019-06-15,0.4141,0.4037,0.2972
2019-06-16,0.3933,0.4,0.3036
2019-06-17,0.3627,0.3766,0.305
2019-06-18,0.3368,0.3558,0.3035
2019-06-19,0.311,0.3374,0.3012
2019-06-20,0.3407,0.3255,0.299
2019-06-21,0.3636,0.3238,0.2985
2019-06-22,0.3591,0.3283,0.2986
2019-06-23,0.3335,0.3252,0.2975
2019-06-24,0.3114,0.3168,0.2958
2019-06-25,0.2902,0.3068,0.2935
2019-06-26,0.2673,0.2941,0.2902
2019-06-27,0.2507,0.2836,0.2875
2019-06-28,0.2355,0.2725,0.2845
2019-06-29,0.2213,0.2632,0.282
2019-06-30,0.2106,0.2547,0.2794
2019-07-01,0.2348,0.2488,0.2776
2019-07-02,0.231,0.2455,0.2765
2019-07-03,0.263,0.2332,0.2722
2019-07-04,0.2498,0.2319,0.2718
2019-07-05,0.2346,0.2281,0.2702
2019-07-06,0.2292,0.2285,0.27
2019-07-07,0.2455,0.2275,0.271
2019-07-08,0.2577,0.2254,0.2704
2019-07-09,0.263,0.2262,0.2699
2019-07-10,0.2649,0.2311,0.2716
2019-07-11,0.2497,0.2319,0.271
2019-07-12,0.2388,0.2308,0.2705
2019-07-13,0.221,0.2226,0.2652
2019-07-14,0.2091,0.2188,0.2635
2019-07-15,0.2003,0.2153,0.2615
2019-07-16,0.1953,0.2137,0.2596
2019-07-17,0.1881,0.211,0.258
2019-07-18,0.1806,0.2076,0.256
2019-07-19,0.1715,0.2023,0.2531
2019-07-20,0.1649,0.198,0.251
2019-07-21,0.1532,0.1882,0.2465
2019-07-22,0.1521,0.1872,0.2446
2019-07-23,0.1485,0.1811,0.242
2019-07-24,0.1506,0.184,0.242
2019-07-25,0.1543,0.186,0.2421
2019-07-26,0.163,0.189,0.2425
2019-07-27,0.3077,0.2048,0.243
2019-07-28,0.403,0.3696,0.2461
2019-07-29,0.3702,0.3759,0.25
2019-07-30,0.3469,0.3578,0.2507
2019-07-31,0.3298,0.3438,0.2507
2019-08-01,0.3154,0.3315,0.2505
2019-08-02,0.3016,0.3193,0.25
2019-08-03,0.283,0.3066,0.248
2019-08-04,0.2686,0.2955,0.2467
2019-08-05,0.2717,0.2845,0.245
2019-08-06,0.2636,0.2767,0.2415
2019-08-07,0.306,0.2728,0.24
2019-08-08,0.2999,0.273,0.2402
2019-08-09,0.2799,0.2668,0.2385
2019-08-10,0.3627,0.2908,0.2385
2019-08-11,0.363,0.3162,0.24
2019-08-12,0.3582,0.321,0.241
2019-08-13,0.3333,0.3188,0.241
2019-08-14,0.3142,0.3128,0.242
2019-08-15,0.2968,0.3044,0.241
2019-08-16,0.2839,0.2971,0.2405
2019-08-17,0.264,0.2853,0.2365
2019-08-18,0.2517,0.2762,0.2345
2019-08-19,0.4,0.3086,0.2319
2019-08-20,0.4156,0.3713,0.2313
2019-08-21,0.3845,0.3823,0.2372
2019-08-22,0.3631,0.3668,0.2408
2019-08-23,0.3453,0.353,0.2425
2019-08-24,0.3273,0.3387,0.2426
2019-08-25,0.3093,0.3245,0.2413
2019-08-26,0.2936,0.3116,0.24
2019-08-27,0.2833,0.3025,0.24
2019-08-28,0.2755,0.2938,0.2393
2019-08-29,0.2712,0.2893,0.2391
2019-08-30,0.2585,0.2803,0.2375
2019-08-31,0.2616,0.2704,0.2365
2019-09-01,0.2762,0.2657,0.2355
2019-09-02,0.285,0.2669,0.2365
2019-09-03,0.2719,0.2647,0.2366
2019-09-04,0.2566,0.2582,0.2352
2019-09-05,0.2452,0.25,0.233
2019-09-06,0.2414,0.248,0.233
2019-09-07,0.2354,0.2462,0.2331
2019-09-08,0.2343,0.242,0.2315
2019-09-09,0.2315,0.237,0.2305
2019-09-10,0.2368,0.237,0.2305
2019-09-11,0.2431,0.2375,0.231
2019-09-12,0.232,0.2341,0.23
2019-09-13,0.2191,0.2274,0.2271
2019-09-14,0.2082,0.221,0.2252
2019-09-15,0.1983,0.2143,0.2235
2019-09-16,0.1931,0.2135,0.2245
2019-09-17,0.1838,0.209,0.2245
2019-09-18,0.1781,0.2064,0.224
2019-09-19,0.1767,0.206,0.224
2019-09-20,0.1782,0.207,0.2245
2019-09-21,0.1819,0.2079,0.225
2019-09-22,0.2649,0.213,0.225
2019-09-23,0.3312,0.2259,0.2265
2019-09-24,0.3397,0.2367,0.2265
2019-09-25,0.3259,0.25,0.226
2019-09-26,0.3056,0.2543,0.226
2019-09-27,0.2875,0.2545,0.226
2019-09-28,0.2734,0.2531,0.2254
2019-09-29,0.2613,0.2505,0.225
2019-09-30,0.2433,0.2445,0.2225
2019-10-01,0.2457,0.2424,0.223
2019-10-02,0.2888,0.2437,0.224
2019-10-03,0.2803,0.2442,0.224
2019-10-04,0.2708,0.245,0.226
2019-10-05,0.265,0.245,0.227
2019-10-06,0.2647,0.2445,0.2275
2019-10-07,0.2696,0.245,0.228
2019-10-08,0.2606,0.244,0.228
2019-10-09,0.273,0.2395,0.2266
2019-10-10,0.284,0.2407,0.226
2019-10-11,0.2762,0.2424,0.2279
2019-10-12,0.269,0.243,0.229
2019-10-13,0.2645,0.2429,0.229
2019-10-14,0.2597,0.241,0.227
2019-10-15,0.3779,0.2882,0.226
2019-10-16,0.3508,0.3192,0.227
2019-10-17,0.3661,0.3255,0.229
2019-10-18,0.4145,0.3658,0.2313
2019-10-19,0.4142,0.3861,0.2346
2019-10-20,0.4364,0.4284,0.2555
2019-10-21,0.4242,0.4225,0.2941
2019-10-22,0.4162,0.409,0.3039
2019-10-23,0.4192,0.4123,0.3136
2019-10-24,0.4113,0.418,0.3513
2019-10-25,0.3882,0.3998,0.3567
2019-10-26,0.3687,0.3846,0.358
2019-10-27,0.3619,0.3752,0.358
2019-10-28,0.3549,0.3658,0.3575
2019-10-29,0.351,0.3595,0.357
2019-10-30,0.3466,0.3562,0.357
2019-10-31,0.3815,0.3597,0.3575
2019-11-01,0.3929,0.3695,0.358
2019-11-02,0.4171,0.4091,0.3605
2019-11-03,0.4152,0.4127,0.3662
2019-11-04,0.4075,0.4077,0.3708
2019-11-05,0.4073,0.41,0.3755
2019-11-06,0.3974,0.4035,0.3786
2019-11-07,0.3966,0.3982,0.3803
2019-11-08,0.3929,0.3949,0.381
2019-11-09,0.3822,0.3898,0.381
2019-11-10,0.3798,0.3887,0.3815
2019-11-11,0.3757,0.3855,0.381
2019-11-12,0.3682,0.3795,0.3804
2019-11-13,0.3673,0.3766,0.38
2019-11-14,0.3694,0.3752,0.3793
2019-11-15,0.3733,0.3761,0.379
2019-11-16,0.3724,0.3794,0.3795
2019-11-17,0.3711,0.3759,0.379
2019-11-18,0.3771,0.3779,0.3786
2019-11-19,0.3858,0.3805,0.3785
2019-11-20,0.4058,0.3903,0.3783
2019-11-21,0.4292,0.4202,0.3833
2019-11-22,0.4319,0.4332,0.4074
2019-11-23,0.4325,0.4332,0.436
2019-11-24,0.4242,0.4295,0.4321
2019-11-25,0.3985,0.4092,0.4274
2019-11-26,0.384,0.3934,0.4221
2019-11-27,0.407,0.4003,0.4175
2019-11-28,0.3885,0.395,0.4148
2019-11-29,0.3826,0.3887,0.411
2019-11-30,0.3705,0.3811,0.409
2020-04-01,0.3093,0.3197,0.3337
2020-04-02,0.3076,0.3187,0.3335
2020-04-03,0.2945,0.3129,0.3306
2020-04-04,0.2904,0.3085,0.3264
2020-04-05,0.2841,0.3036,0.3215
2020-04-06,0.2681,0.2925,0.3161
2020-04-07,0.2601,0.286,0.313
2020-04-08,0.2545,0.2815,0.3092
2020-04-09,0.2491,0.2771,0.3066
2020-04-10,0.235,0.2662,0.2996
2020-04-11,0.2225,0.2576,0.2959
2020-04-12,0.2168,0.2522,0.2925
2020-04-13,0.2115,0.2484,0.2908
2020-04-14,0.2072,0.2436,0.288
2020-04-15,0.2052,0.2427,0.2862
2020-04-16,0.2036,0.2402,0.2844
2020-04-17,0.1991,0.2357,0.282
2020-04-18,0.1993,0.2342,0.2811
2020-04-19,0.2811,0.2335,0.278
2020-04-20,0.3172,0.2391,0.2785
2020-04-21,0.3688,0.2621,0.2745
2020-04-22,0.3695,0.2884,0.273
2020-04-23,0.3869,0.3198,0.2735
2020-04-24,0.3525,0.3244,0.2699
2020-04-25,0.3315,0.3193,0.2675
2020-04-26,0.3404,0.3159,0.2658
2020-04-27,0.3734,0.3302,0.2655
2020-04-28,0.4228,0.3921,0.267
2020-04-29,0.3762,0.3709,0.2675
2020-04-30,0.3754,0.3651,0.2696
2020-05-01,0.4073,0.376,0.2725
2020-05-02,0.4047,0.3834,0.2756
2020-05-03,0.4175,0.4045,0.2823
2020-05-04,0.386,0.3902,0.2882
2020-05-05,0.3587,0.3701,0.2893
2020-05-06,0.3483,0.3589,0.2902
2020-05-07,0.3342,0.346,0.2893
2020-05-08,0.3142,0.3323,0.2884
2020-05-09,0.2997,0.3218,0.2875
2020-05-10,0.3209,0.3234,0.289
2020-05-11,0.3997,0.3492,0.2889
2020-05-12,0.3777,0.3623,0.2903
2020-05-13,0.4128,0.387,0.2931
2020-05-14,0.4054,0.4034,0.2989
2020-05-15,0.4049,0.3977,0.3038
2020-05-16,0.3874,0.3876,0.307
2020-05-17,0.3658,0.3743,0.3083
2020-05-18,0.3484,0.361,0.3085
2020-05-19,0.3308,0.3473,0.307
2020-05-20,0.3102,0.3321,0.3042
2020-05-21,0.2953,0.3201,0.3021
2020-05-22,0.2835,0.3097,0.3001
2020-05-23,0.3296,0.2983,0.2974
2020-05-24,0.3474,0.309,0.2976
2020-05-25,0.3198,0.3071,0.2969
2020-05-26,0.2933,0.2977,0.294
2020-05-27,0.2746,0.2891,0.2909
2020-05-28,0.2606,0.2815,0.2882
2020-05-29,0.245,0.2719,0.2851
2020-05-30,0.2354,0.2651,0.2832
2020-05-31,0.2368,0.2615,0.2825
2020-06-01,0.24,0.2615,0.283
2020-06-02,0.2411,0.2536,0.2793
2020-06-03,0.3108,0.2566,0.2795
2020-06-04,0.3622,0.2829,0.2805
2020-06-05,0.3485,0.2988,0.28
2020-06-06,0.3267,0.3007,0.2795
2020-06-07,0.3775,0.3133,0.2781
2020-06-08,0.3365,0.3122,0.2775
2020-06-09,0.3401,0.3112,0.2765
2020-06-10,0.3408,0.3126,0.2762
2020-06-11,0.3238,0.3106,0.276
2020-06-12,0.4245,0.3738,0.2768
2020-06-13,0.4204,0.414,0.2865
2020-06-14,0.3892,0.3922,0.2912
2020-06-15,0.3709,0.3768,0.2938
2020-06-16,0.3637,0.3608,0.294
2020-06-17,0.3393,0.3455,0.294
2020-06-18,0.3396,0.3385,0.294
2020-06-19,0.3203,0.3304,0.2944
2020-06-20,0.3098,0.323,0.2935
2020-06-21,0.2958,0.3136,0.2912
2020-06-22,0.2893,0.3068,0.2887
2020-06-23,0.2766,0.298,0.2871
2020-06-24,0.2553,0.2832,0.2829
2020-06-25,0.2405,0.273,0.28
2020-06-26,0.2585,0.2654,0.2777
2020-06-27,0.2914,0.2646,0.2774
2020-06-28,0.2828,0.2617,0.2761
2020-06-29,0.2679,0.2587,0.2759
2020-06-30,0.2615,0.2611,0.277
2020-07-01,0.2597,0.2577,0.2763
2020-07-02,0.2772,0.2536,0.2748
2020-07-03,0.2773,0.2521,0.2734
2020-07-04,0.2598,0.2487,0.2721
2020-07-05,0.2395,0.2421,0.2688
2020-07-06,0.221,0.2339,0.2641
2020-07-07,0.2088,0.2284,0.2606
2020-07-08,0.1979,0.2238,0.2589
2020-07-09,0.1873,0.2181,0.2539
2020-07-10,0.2115,0.2112,0.2505
2020-07-11,0.3038,0.2132,0.2486
2020-07-12,0.2708,0.2141,0.2466
2020-07-13,0.2457,0.2115,0.2448
2020-07-14,0.226,0.2071,0.2424
2020-07-15,0.216,0.2046,0.2415
2020-07-16,0.2149,0.2051,0.2414
2020-07-17,0.2146,0.2056,0.2415
2020-07-18,0.2118,0.2075,0.242
2020-07-19,0.2002,0.2044,0.24
2020-07-20,0.1908,0.202,0.2407
2020-07-21,0.1888,0.1925,0.2339
2020-07-22,0.2269,0.1905,0.2309
2020-07-23,0.208,0.1874,0.2245
2020-07-24,0.19,0.1806,0.2222
2020-07-25,0.1796,0.1775,0.2195
2020-07-26,0.158,0.1665,0.2139
2020-07-27,0.152,0.1626,0.2095
2020-07-28,0.1606,0.159,0.2061
2020-07-29,0.2129,0.1543,0.201
2020-07-30,0.1975,0.1545,0.202
2020-07-31,0.1856,0.1545,0.2032
2020-08-01,0.175,0.1555,0.2022
2020-08-02,0.1851,0.16,0.206
2020-08-03,0.1922,0.1605,0.2055
2020-08-04,0.19,0.161,0.207
2020-08-05,0.1822,0.1605,0.206
2020-08-06,0.1726,0.1595,0.2055
2020-08-07,0.1623,0.157,0.2042
2020-08-08,0.1568,0.1568,0.205
2020-08-09,0.1552,0.154,0.2019
2020-08-10,0.1663,0.157,0.2055
2020-08-11,0.1855,0.163,0.212
2020-08-12,0.1919,0.1635,0.2122
2020-08-13,0.2093,0.1651,0.2144
2020-08-14,0.2527,0.1689,0.2148
2020-08-15,0.2347,0.171,0.2147
2020-08-16,0.2422,0.1722,0.2155
2020-08-17,0.2753,0.1766,0.2126
2020-08-18,0.2521,0.178,0.2111
2020-08-19,0.2311,0.177,0.209
2020-08-20,0.2162,0.1765,0.207
2020-08-21,0.1999,0.174,0.2025
2020-08-22,0.2157,0.1715,0.198
2020-08-23,0.1974,0.1717,0.1965
2020-08-24,0.1928,0.1731,0.1975
2020-08-25,0.1896,0.176,0.2007
2020-08-26,0.1687,0.1685,0.1957
2020-08-27,0.1618,0.1666,0.1955
2020-08-28,0.2165,0.1638,0.1975
2020-08-29,0.2494,0.165,0.1961
2020-08-30,0.2389,0.1665,0.1875
2020-08-31,0.2368,0.1684,0.1895
2020-09-01,0.2281,0.1698,0.193
2020-09-02,0.2151,0.1697,0.1916
2020-09-03,0.2041,0.1692,0.194
2020-09-04,0.1924,0.1676,0.194
2020-09-05,0.1815,0.1664,0.195
2020-09-06,0.1732,0.165,0.195
2020-09-07,0.1705,0.1642,0.1931
2020-09-08,0.1652,0.1635,0.1916
2020-09-09,0.1694,0.1645,0.1935
2020-09-10,0.1772,0.1646,0.192
2020-09-11,0.1721,0.1625,0.1911
2020-09-12,0.1672,0.1629,0.1881
2020-09-13,0.1641,0.1635,0.1885
2020-09-14,0.1608,0.1632,0.1877
2020-09-15,0.1575,0.1626,0.1875
2020-09-16,0.1601,0.1645,0.189
2020-09-17,0.1542,0.164,0.19
2020-09-18,0.1505,0.163,0.1895
2020-09-19,0.1705,0.163,0.191
2020-09-20,0.2686,0.1628,0.188
2020-09-21,0.3418,0.2035,0.1905
2020-09-22,0.3429,0.2276,0.1898
2020-09-23,0.3545,0.2784,0.189
2020-09-24,0.3514,0.2849,0.1899
2020-09-25,0.3648,0.3156,0.1931
2020-09-26,0.3742,0.3226,0.1957
2020-09-27,0.3782,0.327,0.1957
2020-09-28,0.4055,0.3584,0.1982
2020-09-29,0.3758,0.3647,0.2024
2020-09-30,0.3585,0.3553,0.206
2020-10-01,0.3535,0.3461,0.2075
2020-10-02,0.4099,0.3857,0.2123
2020-10-03,0.4192,0.41,0.2341
2020-10-04,0.4047,0.3942,0.2431
2020-10-05,0.3872,0.3841,0.2494
2020-10-06,0.3837,0.3744,0.2531
2020-10-07,0.3734,0.3677,0.256
2020-10-08,0.3579,0.359,0.2581
2020-10-09,0.3464,0.3506,0.2603
2020-10-10,0.3421,0.3447,0.2605
2020-10-11,0.3527,0.3428,0.262
2020-10-12,0.3517,0.3405,0.2632
2020-10-13,0.3569,0.3393,0.264
2020-10-14,0.365,0.3397,0.2649
2020-10-15,0.3586,0.341,0.2657
2020-10-16,0.3633,0.3425,0.267
2020-10-17,0.3545,0.3421,0.2683
2020-10-18,0.3474,0.3408,0.2691
2020-10-19,0.3384,0.3373,0.27
2020-10-20,0.3405,0.3341,0.2705
2020-10-21,0.3596,0.3321,0.2707
2020-10-22,0.3861,0.34,0.2713
2020-10-23,0.4217,0.3976,0.2796
2020-10-24,0.4026,0.4044,0.2929
2020-10-25,0.3921,0.3913,0.2989
2020-10-26,0.4211,0.4156,0.3074
2020-10-27,0.3922,0.3986,0.3152
2020-10-28,0.3853,0.388,0.319
2020-10-29,0.3809,0.3831,0.322
2020-10-30,0.3705,0.3761,0.3238
2020-10-31,0.3592,0.3678,0.325
2020-11-01,0.3518,0.3609,0.326
2020-11-02,0.3459,0.3551,0.3258
2020-11-03,0.348,0.3512,0.3261
2020-11-04,0.3461,0.3498,0.3266
2020-11-05,0.3451,0.3488,0.327
2020-11-06,0.3411,0.3467,0.3273
2020-11-07,0.3494,0.3459,0.3276
2020-11-08,0.3932,0.3553,0.328
2020-11-09,0.3778,0.3652,0.3288
2020-11-10,0.3673,0.3637,0.3295
2020-11-11,0.3618,0.361,0.331
2020-11-12,0.3547,0.358,0.3313
2020-11-13,0.3486,0.3538,0.331
2020-11-14,0.3459,0.3502,0.331
2020-11-15,0.3567,0.3492,0.3315
2020-11-16,0.3807,0.3582,0.332
2020-11-17,0.3645,0.36,0.3325
2020-11-18,0.3515,0.3557,0.332
2020-11-19,0.3483,0.3536,0.3335
2020-11-20,0.3478,0.3522,0.334
2020-11-21,0.3465,0.3511,0.3344
2020-11-22,0.3439,0.349,0.3348
2020-11-23,0.3419,0.3474,0.335
2020-11-24,0.3391,0.3453,0.335
2020-11-25,0.3397,0.344,0.335
2020-11-26,0.3482,0.3448,0.335
2020-11-27,0.3464,0.3446,0.335
2020-11-28,0.3451,0.3456,0.336
2020-11-29,0.3435,0.3455,0.336
2020-11-30,0.3392,0.3438,0.336
2021-04-01,0.2792,0.3041,0.3547
2021-04-02,0.2712,0.2976,0.3505
2021-04-03,0.265,0.2938,0.3487
2021-04-04,0.2599,0.2892,0.3447
2021-04-05,0.2553,0.285,0.3424
2021-04-06,0.2571,0.2815,0.3443
2021-04-07,0.2589,0.2817,0.3435
2021-04-08,0.257,0.2792,0.3411
2021-04-09,0.2544,0.2745,0.3366
2021-04-10,0.2556,0.2717,0.3331
2021-04-11,0.2888,0.2741,0.3332
2021-04-12,0.3465,0.2846,0.3327
2021-04-13,0.3261,0.2896,0.3316
2021-04-14,0.3154,0.2915,0.3302
2021-04-15,0.305,0.2904,0.328
2021-04-16,0.2973,0.2898,0.3272
2021-04-17,0.2966,0.2902,0.327
2021-04-18,0.293,0.29,0.3282
2021-04-19,0.2839,0.2866,0.3248
2021-04-20,0.2764,0.2836,0.3234
2021-04-21,0.2744,0.278,0.3155
2021-04-22,0.2708,0.276,0.3127
2021-04-23,0.2642,0.2726,0.3095
2021-04-24,0.2494,0.2661,0.3062
2021-04-25,0.2448,0.264,0.3057
2021-04-26,0.2372,0.2642,0.3118
2021-04-27,0.2394,0.2626,0.3132
2021-04-28,0.2809,0.2612,0.3109
2021-04-29,0.3274,0.2657,0.3087
2021-04-30,0.3587,0.2759,0.3081
2021-05-01,0.3988,0.3068,0.3065
2021-05-02,0.3647,0.3301,0.3063
2021-05-03,0.3398,0.3291,0.3042
2021-05-04,0.3164,0.32,0.302
2021-05-05,0.3111,0.3082,0.2986
2021-05-06,0.3137,0.304,0.296
2021-05-07,0.3169,0.3041,0.2955
2021-05-08,0.3015,0.3001,0.2927
2021-05-09,0.2859,0.2921,0.2886
2021-05-10,0.379,0.3442,0.2915
2021-05-11,0.4242,0.4261,0.3395
2021-05-12,0.3938,0.403,0.3515
2021-05-13,0.3856,0.3894,0.353
2021-05-14,0.3745,0.3801,0.3533
2021-05-15,0.3976,0.3805,0.3543
2021-05-16,0.4046,0.3938,0.3559
2021-05-17,0.3837,0.3897,0.3571
2021-05-18,0.3886,0.3832,0.3573
2021-05-19,0.3908,0.3843,0.3585
2021-05-20,0.3715,0.3781,0.3585
2021-05-21,0.3767,0.374,0.359
2021-05-22,0.4021,0.3991,0.3605
2021-05-23,0.376,0.3875,0.3612
2021-05-24,0.3619,0.3751,0.3596
2021-05-25,0.3571,0.3673,0.3559
2021-05-26,0.3431,0.3587,0.3545
2021-05-27,0.3245,0.3455,0.351
2021-05-28,0.3167,0.3349,0.3471
2021-05-29,0.3002,0.3216,0.3407
2021-05-30,0.2818,0.3093,0.3375
2021-05-31,0.2988,0.3,0.3331
2021-06-01,0.3266,0.295,0.3301
2021-06-02,0.3374,0.2984,0.3315
2021-06-03,0.305,0.2968,0.3318
2021-06-04,0.2988,0.2925,0.3289
2021-06-05,0.3529,0.3001,0.3282
2021-06-06,0.3345,0.3079,0.3265
2021-06-07,0.3265,0.3084,0.3254
2021-06-08,0.3256,0.3085,0.325
2021-06-09,0.305,0.304,0.3221
2021-06-10,0.2948,0.2989,0.3189
2021-06-11,0.2795,0.2928,0.3165
2021-06-12,0.2627,0.2831,0.3104
2021-06-13,0.2496,0.2753,0.306
2021-06-14,0.2393,0.2692,0.3042
2021-06-15,0.223,0.2589,0.2976
2021-06-16,0.2177,0.2548,0.2977
2021-06-17,0.2109,0.2498,0.2953
2021-06-18,0.2099,0.2445,0.2915
2021-06-19,0.2124,0.2401,0.2871
2021-06-20,0.2262,0.2384,0.2854
2021-06-21,0.3273,0.2425,0.2846
2021-06-22,0.3368,0.2491,0.2831
2021-06-23,0.337,0.2558,0.282
2021-06-24,0.3721,0.2784,0.2827
2021-06-25,0.3432,0.2958,0.2817
2021-06-26,0.314,0.294,0.2805
2021-06-27,0.2965,0.2884,0.2785
2021-06-28,0.2879,0.2841,0.2777
2021-06-29,0.2807,0.2803,0.2766
2021-06-30,0.2682,0.2751,0.2755
2021-07-01,0.2557,0.2691,0.2741
2021-07-02,0.2444,0.2632,0.2721
2021-07-03,0.2763,0.259,0.2707
2021-07-04,0.3115,0.2591,0.27
2021-07-05,0.2846,0.257,0.2677
2021-07-06,0.3616,0.2922,0.2661
2021-07-07,0.4021,0.374,0.2678
2021-07-08,0.4113,0.411,0.2786
2021-07-09,0.3904,0.3931,0.2855
2021-07-10,0.3905,0.3818,0.2872
2021-07-11,0.3778,0.3734,0.2885
2021-07-12,0.3935,0.3842,0.2901
2021-07-13,0.4107,0.4143,0.3101
2021-07-14,0.4078,0.4002,0.3173
2021-07-15,0.3933,0.3942,0.3218
2021-07-16,0.3849,0.3847,0.3246
2021-07-17,0.3776,0.3763,0.3256
2021-07-18,0.3614,0.3655,0.3255
2021-07-19,0.3488,0.3585,0.3254
2021-07-20,0.3326,0.3472,0.3242
2021-07-21,0.3107,0.3302,0.321
2021-07-22,0.2935,0.3169,0.3183
2021-07-23,0.2768,0.3039,0.3151
2021-07-24,0.2793,0.2981,0.3146
2021-07-25,0.2893,0.29,0.312
2021-07-26,0.2751,0.2827,0.3081
2021-07-27,0.2594,0.2745,0.3053
2021-07-28,0.3385,0.2783,0.3061
2021-07-29,0.315,0.2805,0.3066
2021-07-30,0.3302,0.2799,0.3044
2021-07-31,0.3487,0.2882,0.3024
2021-08-01,0.3749,0.3116,0.3035
2021-08-02,0.3392,0.3156,0.303
2021-08-03,0.3559,0.3178,0.3027
2021-08-04,0.381,0.3259,0.3035
2021-08-05,0.3626,0.3407,0.3036
2021-08-06,0.3409,0.3375,0.3045
2021-08-07,0.3636,0.3371,0.3029
2021-08-08,0.3605,0.3456,0.3034
2021-08-09,0.3397,0.3405,0.3036
2021-08-10,0.3212,0.3312,0.3006
2021-08-11,0.3117,0.32,0.2956
2021-08-12,0.3022,0.3068,0.2895
2021-08-13,0.354,0.3059,0.29
2021-08-14,0.3208,0.3022,0.2865
2021-08-15,0.3097,0.2972,0.2855
2021-08-16,0.302,0.2922,0.2831
2021-08-17,0.2861,0.2873,0.2815
2021-08-18,0.2722,0.2811,0.277
2021-08-19,0.2641,0.2773,0.276
2021-08-20,0.2529,0.2702,0.272
2021-08-21,0.2394,0.2613,0.2674
2021-08-22,0.2283,0.2543,0.2636
2021-08-23,0.2235,0.2475,0.2577
2021-08-24,0.2191,0.2435,0.2554
2021-08-25,0.2191,0.2394,0.2549
2021-08-26,0.2128,0.2331,0.2506
2021-08-27,0.2026,0.2259,0.244
2021-08-28,0.1967,0.222,0.2415
2021-08-29,0.1914,0.2185,0.239
2021-08-30,0.19,0.2169,0.239
2021-08-31,0.1862,0.2146,0.2385
2021-09-01,0.1788,0.21,0.2361
2021-09-02,0.175,0.2057,0.2345
2021-09-03,0.197,0.2045,0.2341
2021-09-04,0.2088,0.2045,0.235
2021-09-05,0.2145,0.1983,0.229
2021-09-06,0.2122,0.192,0.2255
2021-09-07,0.2013,0.1881,0.222
2021-09-08,0.1901,0.1835,0.2185
2021-09-09,0.1982,0.177,0.2125
2021-09-10,0.2733,0.1757,0.2085
2021-09-11,0.2676,0.1759,0.2005
2021-09-12,0.2429,0.173,0.191
2021-09-13,0.2235,0.1695,0.182
2021-09-14,0.217,0.1695,0.1812
2021-09-15,0.2675,0.1712,0.1811
2021-09-16,0.3814,0.3142,0.1822
2021-09-17,0.3657,0.338,0.1832
2021-09-18,0.3622,0.3343,0.1845
2021-09-19,0.3937,0.3546,0.185
2021-09-20,0.3962,0.3609,0.1885
2021-09-21,0.3794,0.3632,0.1933
2021-09-22,0.359,0.3539,0.1963
2021-09-23,0.3425,0.3426,0.1984
2021-09-24,0.3295,0.3323,0.1992
2021-09-25,0.3225,0.325,0.2007
2021-09-26,0.394,0.3547,0.2022
2021-09-27,0.3612,0.3469,0.2039
2021-09-28,0.3437,0.3392,0.2061
2021-09-29,0.3331,0.3313,0.2073
2021-09-30,0.3254,0.3262,0.2093
2021-10-01,0.3177,0.3203,0.211
2021-10-02,0.312,0.314,0.2125
2021-10-03,0.4042,0.3609,0.2179
2021-10-04,0.4361,0.4325,0.2639
2021-10-05,0.4101,0.409,0.2815
2021-10-06,0.3892,0.3916,0.2883
2021-10-07,0.3679,0.3753,0.2908
2021-10-08,0.3591,0.3645,0.292
2021-10-09,0.3491,0.3553,0.2925
2021-10-10,0.345,0.349,0.2937
2021-10-11,0.334,0.3408,0.2935
2021-10-12,0.3387,0.3437,0.2976
2021-10-13,0.336,0.3408,0.301
2021-10-14,0.3279,0.3347,0.301
2021-10-15,0.322,0.33,0.301
2021-10-16,0.3143,0.3241,0.301
2021-10-17,0.31,0.3195,0.3005
2021-10-18,0.3008,0.313,0.2995
2021-10-19,0.2931,0.307,0.299
2021-10-20,0.311,0.3055,0.299
2021-10-21,0.3508,0.31,0.299
2021-10-22,0.3316,0.3145,0.298
2021-10-23,0.3228,0.314,0.297
2021-10-24,0.3148,0.3116,0.296
2021-10-25,0.31,0.3101,0.296
2021-10-26,0.3105,0.3135,0.298
2021-10-27,0.3065,0.311,0.298
2021-10-28,0.3029,0.3083,0.2975
2021-10-29,0.3162,0.3045,0.295
2021-10-30,0.4291,0.405,0.3052
2021-10-31,0.4238,0.4214,0.3264
2021-11-01,0.4216,0.4252,0.3537
2021-11-02,0.3979,0.4052,0.3662
2021-11-03,0.4086,0.4072,0.3704
2021-11-04,0.3883,0.3982,0.3725
2021-11-05,0.3803,0.3905,0.3743
2021-11-06,0.3773,0.3866,0.375
2021-11-07,0.3767,0.3851,0.375
2021-11-08,0.3716,0.3809,0.375
2021-11-09,0.3644,0.3733,0.3746
2021-11-10,0.3605,0.3702,0.374
2021-11-11,0.3636,0.3689,0.3739
2021-11-12,0.3627,0.3688,0.372
2021-11-13,0.3637,0.3693,0.368
2021-11-14,0.3684,0.3685,0.3665
2021-11-15,0.3739,0.3685,0.3655
2021-11-16,0.3696,0.3695,0.366
2021-11-17,0.3643,0.3676,0.3645
2021-11-18,0.3637,0.3675,0.366
2021-11-19,0.3605,0.3671,0.3681
2021-11-20,0.3545,0.3633,0.3674
2021-11-21,0.354,0.3612,0.3665
2021-11-22,0.359,0.3605,0.3663
2021-11-23,0.3555,0.358,0.367
2021-11-24,0.3552,0.3576,0.3675
2021-11-25,0.4054,0.3783,0.3675
2021-11-26,0.387,0.3892,0.3675
2021-11-27,0.378,0.3858,0.3702
2021-11-28,0.3727,0.3816,0.371
2021-11-29,0.3693,0.3782,0.371
2021-11-30,0.3659,0.375,0.371
2022-04-01,0.3289,0.3103,0.3405
2022-04-02,0.3192,0.3099,0.3357
2022-04-03,0.3147,0.3108,0.335
2022-04-04,0.3162,0.3105,0.3341
2022-04-05,0.3221,0.3111,0.3315
2022-04-06,0.3354,0.3097,0.328
2022-04-07,0.3342,0.3069,0.323
2022-04-08,0.3256,0.3076,0.3209
2022-04-09,0.3189,0.3091,0.32
2022-04-10,0.3041,0.3007,0.3128
2022-04-11,0.2889,0.2902,0.304
2022-04-12,0.278,0.2831,0.298
2022-04-13,0.2622,0.2761,0.2978
2022-04-14,0.2504,0.27,0.2926
2022-04-15,0.247,0.2655,0.291
2022-04-16,0.2435,0.2639,0.2915
2022-04-17,0.2316,0.256,0.2878
2022-04-18,0.2217,0.2493,0.2844
2022-04-19,0.2149,0.2448,0.2812
2022-04-20,0.2352,0.2423,0.279
2022-04-21,0.3202,0.2461,0.2775
2022-04-22,0.31,0.2545,0.282
2022-04-23,0.3695,0.29,0.285
2022-04-24,0.3902,0.3282,0.2855
2022-04-25,0.3662,0.3387,0.2879
2022-04-26,0.3445,0.3368,0.2885
2022-04-27,0.3291,0.3308,0.2889
2022-04-28,0.3114,0.3207,0.288
2022-04-29,0.2998,0.3116,0.2864
2022-04-30,0.2895,0.3048,0.286
2022-05-01,0.2807,0.296,0.2844
2022-05-02,0.2741,0.2918,0.2835
2022-05-03,0.277,0.2898,0.2835
2022-05-04,0.36,0.2952,0.281
2022-05-05,0.3775,0.3187,0.281
2022-05-06,0.3759,0.3447,0.2834
2022-05-07,0.3541,0.3429,0.283
2022-05-08,0.3384,0.3362,0.281
2022-05-09,0.3295,0.3316,0.282
2022-05-10,0.3172,0.3275,0.2865
2022-05-11,0.3058,0.3202,0.2859
2022-05-12,0.2868,0.3079,0.2827
2022-05-13,0.2945,0.2999,0.28
2022-05-14,0.2939,0.2986,0.2805
2022-05-15,0.281,0.2913,0.2786
2022-05-16,0.284,0.284,0.2771
2022-05-17,0.2895,0.2776,0.2751
2022-05-18,0.2645,0.2656,0.2682
2022-05-19,0.2492,0.2518,0.2595
2022-05-20,0.2285,0.2434,0.256
2022-05-21,0.2181,0.237,0.2534
2022-05-22,0.2108,0.2335,0.2515
2022-05-23,0.2248,0.2312,0.2456
2022-05-24,0.2638,0.233,0.2471
2022-05-25,0.254,0.2356,0.2506
2022-05-26,0.2444,0.2355,0.2505
2022-05-27,0.2348,0.233,0.251
2022-05-28,0.226,0.2306,0.2486
2022-05-29,0.2159,0.2271,0.2472
2022-05-30,0.2111,0.2259,0.2485
2022-05-31,0.2734,0.2263,0.249
2022-06-01,0.3274,0.2425,0.2497
2022-06-02,0.3205,0.2493,0.2415
2022-06-03,0.3015,0.2502,0.2371
2022-06-04,0.2877,0.2482,0.2404
2022-06-05,0.2628,0.2421,0.236
2022-06-06,0.2474,0.2382,0.2338
2022-06-07,0.2289,0.233,0.2297
2022-06-08,0.2418,0.2313,0.2315
2022-06-09,0.256,0.231,0.2324
2022-06-10,0.2429,0.2282,0.2315
2022-06-11,0.2222,0.2218,0.2285
2022-06-12,0.1989,0.2125,0.2261
2022-06-13,0.2277,0.2107,0.227
2022-06-14,0.2137,0.21,0.2296
2022-06-15,0.2033,0.2025,0.2224
2022-06-16,0.2292,0.194,0.2135
2022-06-17,0.2105,0.1907,0.2125
2022-06-18,0.1925,0.1865,0.2105
2022-06-19,0.1797,0.1836,0.2085
2022-06-20,0.1667,0.1796,0.2061
2022-06-21,0.1614,0.1775,0.2026
2022-06-22,0.273,0.1825,0.207
2022-06-23,0.326,0.1899,0.1985
2022-06-24,0.3332,0.2036,0.189
2022-06-25,0.3206,0.2222,0.189
2022-06-26,0.3154,0.2275,0.1935
2022-06-27,0.2889,0.2288,0.1975
2022-06-28,0.2775,0.2299,0.1985
2022-06-29,0.254,0.2266,0.1965
2022-06-30,0.2925,0.2285,0.1925
2022-07-01,0.3725,0.3143,0.1915
2022-07-02,0.3293,0.3109,0.193
2022-07-03,0.297,0.2951,0.1895
2022-07-04,0.2807,0.2827,0.189
2022-07-05,0.2839,0.2777,0.19
2022-07-06,0.2656,0.2704,0.1905
2022-07-07,0.2488,0.2625,0.1902
2022-07-08,0.2358,0.2553,0.19
2022-07-09,0.2213,0.2468,0.1895
2022-07-10,0.2083,0.2385,0.1885
2022-07-11,0.1988,0.2322,0.1884
2022-07-12,0.1923,0.2278,0.189
2022-07-13,0.1843,0.2225,0.1886
2022-07-14,0.1725,0.2137,0.1874
2022-07-15,0.1661,0.2082,0.1865
2022-07-16,0.1657,0.206,0.1874
2022-07-17,0.1652,0.2043,0.188
2022-07-18,0.1629,0.2016,0.188
2022-07-19,0.1555,0.1951,0.1871
2022-07-20,0.1628,0.1906,0.186
2022-07-21,0.1547,0.1882,0.1845
2022-07-22,0.1593,0.1912,0.184
2022-07-23,0.1939,0.1941,0.1875
2022-07-24,0.2,0.194,0.1889
2022-07-25,0.1864,0.1881,0.1895
2022-07-26,0.1898,0.1871,0.1916
2022-07-27,0.1821,0.1852,0.1914
2022-07-28,0.1889,0.1829,0.191
2022-07-29,0.2328,0.1857,0.1881
2022-07-30,0.2559,0.1877,0.1875
2022-07-31,0.2309,0.1849,0.1882
2022-08-01,0.2115,0.182,0.1877
2022-08-02,0.1954,0.1787,0.1872
2022-08-03,0.1793,0.1741,0.1865
2022-08-04,0.166,0.1701,0.1854
2022-08-05,0.1755,0.1656,0.184
2022-08-06,0.1546,0.1645,0.1866
2022-08-07,0.157,0.1661,0.1915
2022-08-08,0.1569,0.1672,0.1876
2022-08-09,0.1568,0.1686,0.1868
2022-08-10,0.1532,0.1676,0.1862
2022-08-11,0.1533,0.1677,0.1855
2022-08-12,0.1421,0.164,0.185
2022-08-13,0.1472,0.1665,0.185
2022-08-14,0.305,0.1896,0.186
2022-08-15,0.3331,0.2467,0.186
2022-08-16,0.2945,0.2467,0.185
2022-08-17,0.367,0.2741,0.1831
2022-08-18,0.3722,0.3239,0.19
2022-08-19,0.3623,0.3278,0.1955
2022-08-20,0.3397,0.3243,0.1993
2022-08-21,0.3187,0.3162,0.199
2022-08-22,0.3028,0.3079,0.2
2022-08-23,0.2899,0.2998,0.2013
2022-08-24,0.2751,0.2906,0.2014
2022-08-25,0.2577,0.2795,0.1975
2022-08-26,0.2562,0.2742,0.1992
2022-08-27,0.2527,0.2708,0.204
2022-08-28,0.2507,0.2687,0.211
2022-08-29,0.2477,0.262,0.21
2022-08-30,0.2437,0.2572,0.2085
2022-08-31,0.294,0.255,0.206
2022-09-01,0.2762,0.2535,0.207
2022-09-02,0.267,0.2515,0.2085
2022-09-03,0.3592,0.2713,0.2112
2022-09-04,0.344,0.283,0.2125
2022-09-05,0.3143,0.2827,0.211
2022-09-06,0.3114,0.2811,0.2108
2022-09-07,0.3282,0.2883,0.2119
2022-09-08,0.351,0.2948,0.212
2022-09-09,0.3245,0.2967,0.2118
2022-09-10,0.3078,0.2941,0.2122
2022-09-11,0.2921,0.2882,0.2107
2022-09-12,0.2738,0.2791,0.2083
2022-09-13,0.2637,0.2727,0.207
2022-09-14,0.2803,0.27,0.2072
2022-09-15,0.3557,0.2977,0.209
2022-09-16,0.3455,0.3056,0.2105
2022-09-17,0.3312,0.3067,0.2122
2022-09-18,0.318,0.3048,0.2137
2022-09-19,0.3038,0.2998,0.2133
2022-09-20,0.293,0.2946,0.214
2022-09-21,0.2833,0.2894,0.214
2022-09-22,0.2755,0.2845,0.214
2022-09-23,0.2818,0.2805,0.2145
2022-09-24,0.4097,0.3426,0.2169
2022-09-25,0.3893,0.3512,0.222
2022-09-26,0.3705,0.3585,0.2253
2022-09-27,0.3646,0.3534,0.228
2022-09-28,0.3709,0.3493,0.2301
2022-09-29,0.3749,0.351,0.2321
2022-09-30,0.3639,0.3489,0.2337
2022-10-01,0.3525,0.3444,0.2347
2022-10-02,0.3419,0.3392,0.236
2022-10-03,0.3329,0.3336,0.2375
2022-10-04,0.3232,0.3267,0.238
2022-10-05,0.3111,0.3184,0.238
2022-10-06,0.3064,0.3125,0.238
2022-10-07,0.3128,0.3077,0.238
2022-10-08,0.323,0.3048,0.238
2022-10-09,0.3351,0.3079,0.238
2022-10-10,0.3224,0.3071,0.239
2022-10-11,0.312,0.3047,0.239
2022-10-12,0.3062,0.3019,0.2397
2022-10-13,0.3113,0.3011,0.24
2022-10-14,0.3346,0.3048,0.2411
2022-10-15,0.334,0.3085,0.242
2022-10-16,0.3229,0.307,0.241
2022-10-17,0.3141,0.3045,0.241
2022-10-18,0.3077,0.3053,0.239
2022-10-19,0.3061,0.3067,0.2377
2022-10-20,0.3813,0.3175,0.2381
2022-10-21,0.4302,0.4181,0.248
2022-10-22,0.3961,0.3942,0.249
2022-10-23,0.3958,0.3823,0.254
2022-10-24,0.4049,0.3956,0.259
2022-10-25,0.3772,0.3766,0.2628
2022-10-26,0.3652,0.3675,0.2669
2022-10-27,0.3545,0.3585,0.2687
2022-10-28,0.3388,0.3483,0.2696
2022-10-29,0.33,0.339,0.2696
2022-10-30,0.311,0.3263,0.2685
2022-10-31,0.3187,0.3179,0.2673
2022-11-01,0.4108,0.3995,0.2728
2022-11-02,0.3881,0.3921,0.2816
2022-11-03,0.382,0.3803,0.2855
2022-11-04,0.3986,0.3819,0.2887
2022-11-05,0.3983,0.3904,0.2927
2022-11-06,0.3787,0.3805,0.2961
2022-11-07,0.3732,0.375,0.299
2022-11-08,0.3738,0.3664,0.3003
2022-11-09,0.4301,0.4188,0.315
2022-11-10,0.4093,0.4083,0.3304
2022-11-11,0.3988,0.3973,0.3352
2022-11-12,0.3871,0.3882,0.3376
2022-11-13,0.3755,0.3787,0.3388
2022-11-14,0.3863,0.3768,0.3398
2022-11-15,0.4098,0.389,0.3414
2022-11-16,0.4013,0.3964,0.3442
2022-11-17,0.3935,0.3918,0.3469
2022-11-18,0.3929,0.3908,0.3495
2022-11-19,0.3885,0.3889,0.3517
2022-11-20,0.385,0.3845,0.3531
2022-11-21,0.3945,0.3833,0.3541
2022-11-22,0.3971,0.3911,0.3559
2022-11-23,0.3969,0.3905,0.358
2022-11-24,0.386,0.3868,0.3597
2022-11-25,0.3964,0.3873,0.3605
2022-11-26,0.3962,0.3937,0.3625
2022-11-27,0.386,0.3902,0.3639
2022-11-28,0.4009,0.3917,0.3644
2022-11-29,0.4047,0.3986,0.3665
2022-11-30,0.3965,0.397,0.3689
2023-04-01,0.3778,0.3767,0.4005
2023-04-02,0.3965,0.3808,0.4002
2023-04-03,0.3985,0.3926,0.4001
2023-04-04,0.3856,0.3914,0.4005
2023-04-05,0.3753,0.3849,0.3988
2023-04-06,0.3691,0.3788,0.3978
2023-04-07,0.367,0.3756,0.3971
2023-04-08,0.357,0.3678,0.3952
2023-04-09,0.3519,0.3598,0.3922
2023-04-10,0.3455,0.3536,0.3902
2023-04-11,0.339,0.3458,0.3861
2023-04-12,0.3415,0.3444,0.3846
2023-04-13,0.3504,0.3435,0.382
2023-04-14,0.3678,0.3459,0.3803
2023-04-15,0.3912,0.3567,0.38
2023-04-16,0.3916,0.3725,0.3796
2023-04-17,0.3833,0.3761,0.378
2023-04-18,0.3967,0.3815,0.3763
2023-04-19,0.3975,0.3958,0.3768
2023-04-20,0.4064,0.3986,0.3781
2023-04-21,0.4186,0.4167,0.3836
2023-04-22,0.4202,0.4158,0.3877
2023-04-23,0.4167,0.4184,0.3928
2023-04-24,0.4032,0.4131,0.397
2023-04-25,0.3942,0.404,0.3976
2023-04-26,0.3871,0.3967,0.3966
2023-04-27,0.384,0.3892,0.3955
2023-04-28,0.385,0.3852,0.3945
2023-04-29,0.3958,0.3842,0.392
2023-04-30,0.3805,0.3844,0.3922
2023-05-01,0.3723,0.3782,0.391
2023-05-02,0.3642,0.3719,0.3897
2023-05-03,0.3487,0.3627,0.3873
2023-05-04,0.3275,0.3479,0.3815
2023-05-05,0.3045,0.3313,0.3751
2023-05-06,0.3067,0.3251,0.372
2023-05-07,0.3816,0.3327,0.369
2023-05-08,0.3742,0.3561,0.369
2023-05-09,0.3832,0.362,0.3683
2023-05-10,0.3812,0.3765,0.3675
2023-05-11,0.3785,0.3744,0.367
2023-05-12,0.3975,0.3809,0.367
2023-05-13,0.4203,0.4092,0.3682
2023-05-14,0.4099,0.4083,0.3717
2023-05-15,0.3999,0.4057,0.3756
2023-05-16,0.3929,0.3924,0.376
2023-05-17,0.3922,0.3931,0.3773
2023-05-18,0.3823,0.3878,0.377
2023-05-19,0.3827,0.3825,0.376
2023-05-20,0.3845,0.3814,0.376
2023-05-21,0.3969,0.3876,0.3755
2023-05-22,0.4007,0.3922,0.3755
2023-05-23,0.4035,0.4046,0.3769
2023-05-24,0.3979,0.4004,0.3779
2023-05-25,0.3918,0.3968,0.3798
2023-05-26,0.3798,0.3872,0.3796
2023-05-27,0.3701,0.3784,0.3781
2023-05-28,0.3964,0.385,0.3775
2023-05-29,0.393,0.3998,0.3785
2023-05-30,0.3955,0.4044,0.3805
2023-05-31,0.3906,0.3935,0.381
2023-06-01,0.3901,0.3873,0.3797
2023-06-02,0.3875,0.3802,0.3785
2023-06-03,0.4074,0.4034,0.3794
2023-06-04,0.412,0.4158,0.3823
2023-06-05,0.398,0.4081,0.3839
2023-06-06,0.3796,0.3938,0.3841
2023-06-07,0.3735,0.3831,0.3825
2023-06-08,0.362,0.3691,0.38
2023-06-09,0.3824,0.376,0.3777
2023-06-10,0.41,0.4191,0.3838
2023-06-11,0.393,0.4031,0.3869
2023-06-12,0.4052,0.4033,0.3873
2023-06-13,0.4156,0.4186,0.3918
2023-06-14,0.4,0.4128,0.3965
2023-06-15,0.3791,0.3965,0.3956
2023-06-16,0.3613,0.3803,0.3928
2023-06-17,0.3445,0.3653,0.3895
2023-06-18,0.3323,0.3548,0.3873
2023-06-19,0.3254,0.3472,0.3835
2023-06-20,0.3065,0.3352,0.3806
2023-06-21,0.3063,0.3258,0.3769
2023-06-22,0.3545,0.3312,0.3735
2023-06-23,0.3767,0.371,0.3713
2023-06-24,0.3508,0.3627,0.369
2023-06-25,0.3315,0.3507,0.3658
2023-06-26,0.313,0.3366,0.3617
2023-06-27,0.2914,0.3168,0.3545
2023-06-28,0.2691,0.2986,0.3467
2023-06-29,0.296,0.2938,0.3436
2023-06-30,0.4017,0.3465,0.347
2023-07-01,0.37,0.3565,0.3505
2023-07-02,0.3631,0.3567,0.3511
2023-07-03,0.3534,0.3549,0.3536
2023-07-04,0.3372,0.3477,0.3539
2023-07-05,0.322,0.3386,0.3513
2023-07-06,0.3214,0.3319,0.35
2023-07-07,0.3572,0.3309,0.3465
2023-07-08,0.3424,0.331,0.3455
2023-07-09,0.3159,0.3227,0.3422
2023-07-10,0.2987,0.3143,0.34
2023-07-11,0.295,0.3082,0.3395
2023-07-12,0.3199,0.2999,0.3367
2023-07-13,0.3297,0.3013,0.3375
2023-07-14,0.3063,0.2993,0.34
2023-07-15,0.2903,0.2937,0.3373
2023-07-16,0.3311,0.2935,0.3365
2023-07-17,0.327,0.2968,0.3388
2023-07-18,0.3028,0.2938,0.3357
2023-07-19,0.2809,0.2862,0.3252
2023-07-20,0.2657,0.2811,0.3226
2023-07-21,0.254,0.2759,0.3215
2023-07-22,0.2485,0.2736,0.324
2023-07-23,0.2399,0.2692,0.3224
2023-07-24,0.3557,0.3037,0.3216
2023-07-25,0.3503,0.3235,0.3256
2023-07-26,0.3298,0.3222,0.328
2023-07-27,0.3133,0.3176,0.3267
2023-07-28,0.2982,0.3096,0.3221
2023-07-29,0.2866,0.3025,0.3196
2023-07-30,0.3132,0.301,0.3185
2023-07-31,0.2934,0.2959,0.3168
2023-08-01,0.2746,0.287,0.3092
2023-08-02,0.2645,0.2811,0.3066
2023-08-03,0.2591,0.2773,0.3066
2023-08-04,0.2795,0.2752,0.308
2023-08-05,0.2945,0.2755,0.3076
2023-08-06,0.2832,0.274,0.3075
2023-08-07,0.271,0.2705,0.3062
2023-08-08,0.2587,0.2668,0.3051
2023-08-09,0.2408,0.2591,0.2996
2023-08-10,0.2257,0.2516,0.2942
2023-08-11,0.2153,0.246,0.2912
2023-08-12,0.202,0.2382,0.2859
2023-08-13,0.2246,0.234,0.2815
2023-08-14,0.2186,0.2341,0.2816
2023-08-15,0.225,0.2303,0.279
2023-08-16,0.2247,0.2245,0.2735
2023-08-17,0.2335,0.2207,0.269
2023-08-18,0.24,0.2192,0.2665
2023-08-19,0.2213,0.214,0.2623
2023-08-20,0.2017,0.206,0.2575
2023-08-21,0.1877,0.2004,0.2537
2023-08-22,0.1777,0.1953,0.2495
2023-08-23,0.1687,0.1913,0.2465
2023-08-24,0.1668,0.1915,0.2464
2023-08-25,0.1793,0.189,0.2442
2023-08-26,0.2705,0.2055,0.258
2023-08-27,0.3699,0.26,0.265
2023-08-28,0.3467,0.2735,0.27
2023-08-29,0.3279,0.2797,0.2686
2023-08-30,0.3083,0.2808,0.2687
2023-08-31,0.2907,0.2781,0.2674
2023-09-01,0.2697,0.2711,0.2585
2023-09-02,0.2563,0.2652,0.2548
2023-09-03,0.2458,0.2603,0.2544
2023-09-04,0.2322,0.2536,0.2506
2023-09-05,0.2158,0.2451,0.2452
2023-09-06,0.2045,0.2381,0.2416
2023-09-07,0.1983,0.2338,0.241
2023-09-08,0.1876,0.2265,0.2371
2023-09-09,0.1805,0.2211,0.2347
2023-09-10,0.1735,0.2156,0.2325
2023-09-11,0.1697,0.2112,0.2305
2023-09-12,0.183,0.2064,0.2279
2023-09-13,0.2378,0.2023,0.2281
2023-09-14,0.2456,0.2035,0.2301
2023-09-15,0.2398,0.2053,0.233
2023-09-16,0.2587,0.2051,0.2325
2023-09-17,0.2605,0.2067,0.233
2023-09-18,0.3341,0.2125,0.2325
2023-09-19,0.2983,0.2176,0.232
2023-09-20,0.281,0.222,0.237
2023-09-21,0.3222,0.2275,0.2375
2023-09-22,0.3459,0.2442,0.234
2023-09-23,0.3413,0.2713,0.237
2023-09-24,0.3153,0.2757,0.2375
2023-09-25,0.2952,0.2735,0.235
2023-09-26,0.2771,0.2681,0.2315
2023-09-27,0.2636,0.2635,0.2282
2023-09-28,0.2513,0.2585,0.2256
2023-09-29,0.2425,0.2545,0.2245
2023-09-30,0.2373,0.2518,0.2255
2023-10-01,0.2305,0.2481,0.225
2023-10-02,0.2196,0.2416,0.2205
2023-10-03,0.2159,0.239,0.221
2023-10-04,0.2156,0.2381,0.223
2023-10-05,0.2155,0.2375,0.2235
2023-10-06,0.209,0.2335,0.2222
2023-10-07,0.198,0.227,0.2185
2023-10-08,0.187,0.2202,0.2155
2023-10-09,0.181,0.2161,0.2129
2023-10-10,0.177,0.213,0.2121
2023-10-11,0.1751,0.2111,0.2125
2023-10-12,0.1695,0.2065,0.2105
2023-10-13,0.1656,0.203,0.2095
2023-10-14,0.1681,0.2039,0.2112
2023-10-15,0.1785,0.211,0.219
2023-10-16,0.1852,0.2143,0.222
2023-10-17,0.1898,0.2151,0.2235
2023-10-18,0.2718,0.2263,0.2248
2023-10-19,0.434,0.4149,0.2396
2023-10-20,0.4249,0.4239,0.2978
2023-10-21,0.3954,0.3989,0.3105
2023-10-22,0.3896,0.3899,0.3145
2023-10-23,0.4074,0.3932,0.318
2023-10-24,0.4235,0.4272,0.3566
2023-10-25,0.4044,0.4071,0.3647
2023-10-26,0.4169,0.4116,0.3686
2023-10-27,0.4078,0.4143,0.3754
2023-10-28,0.3915,0.4014,0.3783
2023-10-29,0.4163,0.4054,0.3799
2023-10-30,0.43,0.4272,0.3876
2023-10-31,0.4059,0.417,0.398
2023-11-01,0.3994,0.4075,0.3995
2023-11-02,0.4188,0.4231,0.4056
2023-11-03,0.406,0.4161,0.4114
2023-11-04,0.4182,0.4158,0.4104
2023-11-05,0.4104,0.4212,0.4138
2023-11-06,0.4007,0.4091,0.4123
2023-11-07,0.3963,0.4016,0.41
2023-11-08,0.3922,0.3976,0.4078
2023-11-09,0.4183,0.4131,0.407
2023-11-10,0.4248,0.4255,0.411
2023-11-11,0.4052,0.4153,0.4117
2023-11-12,0.4168,0.4161,0.4115
2023-11-13,0.4045,0.4131,0.4115
2023-11-14,0.3924,0.4041,0.4109
2023-11-15,0.3789,0.3934,0.4087
2023-11-16,0.373,0.3821,0.4081
2023-11-17,0.3636,0.3718,0.4075
2023-11-18,0.3613,0.3675,0.4037
2023-11-19,0.3541,0.3621,0.4045
2023-11-20,0.3448,0.3537,0.4033
2023-11-21,0.3485,0.3497,0.4012
2023-11-22,0.3527,0.35,0.3984
2023-11-23,0.3482,0.3495,0.3949
2023-11-24,0.3525,0.3505,0.3936
2023-11-25,0.3521,0.351,0.3898
2023-11-26,0.3481,0.351,0.3884
2023-11-27,0.3569,0.3518,0.388
2023-11-28,0.3687,0.3546,0.3855
2023-11-29,0.3617,0.3557,0.3829
2023-11-30,0.4158,0.3811,0.3838
2024-04-01,0.4109,0.4116,0.4343
2024-04-02,0.39,0.3928,0.4273
2024-04-03,0.3765,0.3822,0.4181
2024-04-04,0.3722,0.373,0.4083
2024-04-05,0.3618,0.3693,0.399
2024-04-06,0.3505,0.365,0.3901
2024-04-07,0.3447,0.3622,0.3769
2024-04-08,0.3461,0.3624,0.3713
2024-04-09,0.4216,0.41,0.3711
2024-04-10,0.4039,0.4067,0.3679
2024-04-11,0.3923,0.3969,0.3673
2024-04-12,0.3835,0.3856,0.358
2024-04-13,0.3636,0.372,0.3439
2024-04-14,0.3422,0.358,0.3342
2024-04-15,0.3259,0.3451,0.326
2024-04-16,0.3268,0.3382,0.3224
2024-04-17,0.3323,0.3355,0.3202
2024-04-18,0.3313,0.332,0.3134
2024-04-19,0.3276,0.328,0.3069
2024-04-20,0.33,0.323,0.3042
2024-04-21,0.3208,0.3205,0.303
2024-04-22,0.3216,0.321,0.3039
2024-04-23,0.3259,0.3234,0.3065
2024-04-24,0.32,0.3215,0.3078
2024-04-25,0.3197,0.3184,0.3065
2024-04-26,0.3533,0.3205,0.306
2024-04-27,0.3871,0.3366,0.3039
2024-04-28,0.4332,0.4153,0.3171
2024-04-29,0.4232,0.4223,0.3436
2024-04-30,0.4042,0.4071,0.3523
2024-05-01,0.4163,0.4105,0.3557
2024-05-02,0.433,0.4305,0.375
2024-05-03,0.4106,0.415,0.3882
2024-05-04,0.4007,0.4063,0.3899
2024-05-05,0.3914,0.3973,0.39
2024-05-06,0.4165,0.4012,0.389
2024-05-07,0.4073,0.4069,0.389
2024-05-08,0.4025,0.3999,0.3891
2024-05-09,0.3816,0.3901,0.3872
2024-05-10,0.3666,0.3809,0.3841
2024-05-11,0.353,0.3698,0.3799
2024-05-12,0.3624,0.3656,0.3775
2024-05-13,0.3629,0.3604,0.3755
2024-05-14,0.398,0.3765,0.3744
2024-05-15,0.4248,0.4254,0.385
2024-05-16,0.4179,0.4215,0.3995
2024-05-17,0.4134,0.4179,0.4025
2024-05-18,0.4105,0.413,0.4036
2024-05-19,0.4075,0.4151,0.4053
2024-05-20,0.3983,0.4081,0.4055
2024-05-21,0.3949,0.4008,0.405
2024-05-22,0.3862,0.3935,0.4038
2024-05-23,0.3907,0.3867,0.4027
2024-05-24,0.4015,0.3924,0.4015
2024-05-25,0.3974,0.409,0.4015
2024-05-26,0.3952,0.3991,0.3987
2024-05-27,0.4144,0.4146,0.3998
2024-05-28,0.3992,0.4102,0.4019
2024-05-29,0.3885,0.3999,0.4006
2024-05-30,0.39,0.3933,0.3996
2024-05-31,0.3856,0.389,0.3986
2024-06-01,0.3789,0.3817,0.3974
2024-06-02,0.3825,0.3775,0.3965
2024-06-03,0.3767,0.3747,0.3956
2024-06-04,0.3627,0.3693,0.3923
2024-06-05,0.3456,0.3598,0.3892
2024-06-06,0.3326,0.3493,0.3841
2024-06-07,0.3572,0.3458,0.3807
2024-06-08,0.3785,0.3642,0.3763
2024-06-09,0.3899,0.3718,0.3767
2024-06-10,0.3942,0.4022,0.3779
2024-06-11,0.3821,0.3917,0.3778
2024-06-12,0.3732,0.3836,0.3765
2024-06-13,0.3587,0.3741,0.3747
2024-06-14,0.3637,0.3664,0.3718
2024-06-15,0.3964,0.3785,0.3706
2024-06-16,0.3755,0.3787,0.3687
2024-06-17,0.3557,0.3689,0.367
2024-06-18,0.3395,0.3579,0.3622
2024-06-19,0.326,0.3472,0.358
2024-06-20,0.374,0.3491,0.3594
2024-06-21,0.4041,0.3822,0.3583
2024-06-22,0.3842,0.3878,0.3577
2024-06-23,0.3801,0.3805,0.3575
2024-06-24,0.3718,0.3734,0.3552
2024-06-25,0.3833,0.3713,0.3529
2024-06-26,0.3926,0.3843,0.3519
2024-06-27,0.3706,0.3758,0.3505
2024-06-28,0.3557,0.3618,0.3487
2024-06-29,0.3678,0.3577,0.3465
2024-06-30,0.3801,0.3697,0.3455
2024-07-01,0.3697,0.367,0.346
2024-07-02,0.3585,0.3613,0.3446
2024-07-03,0.3489,0.3542,0.3421
2024-07-04,0.3403,0.3483,0.3405
2024-07-05,0.325,0.3389,0.3371
2024-07-06,0.3629,0.3571,0.3326
2024-07-07,0.3844,0.3828,0.3329
2024-07-08,0.362,0.3705,0.3322
2024-07-09,0.3407,0.3565,0.3271
2024-07-10,0.3759,0.3647,0.3255
2024-07-11,0.4081,0.4042,0.3302
2024-07-12,0.4205,0.4211,0.3393
2024-07-13,0.3922,0.4018,0.3449
2024-07-14,0.3722,0.3855,0.3459
2024-07-15,0.3673,0.3747,0.346
2024-07-16,0.3645,0.3689,0.3457
2024-07-17,0.3476,0.3609,0.3451
2024-07-18,0.3316,0.3497,0.3425
2024-07-19,0.3205,0.3367,0.3375
2024-07-20,0.3092,0.3208,0.3366
2024-07-21,0.4035,0.3553,0.3318
2024-07-22,0.369,0.3515,0.3316
2024-07-23,0.3457,0.3469,0.3305
2024-07-24,0.3301,0.3397,0.3291
2024-07-25,0.3165,0.3318,0.3272
2024-07-26,0.3024,0.3214,0.3231
2024-07-27,0.2891,0.3113,0.3192
2024-07-28,0.2805,0.3041,0.317
2024-07-29,0.2697,0.2965,0.3149
2024-07-30,0.2609,0.2899,0.3126
2024-07-31,0.2498,0.2797,0.3109
2024-08-01,0.2417,0.2726,0.3085
2024-08-02,0.2585,0.2686,0.3074
2024-08-03,0.2397,0.2637,0.3042
2024-08-04,0.2298,0.26,0.303
2024-08-05,0.223,0.2566,0.3019
2024-08-06,0.2168,0.2508,0.2994
2024-08-07,0.2166,0.2506,0.2984
2024-08-08,0.2285,0.2481,0.2966
2024-08-09,0.2188,0.2441,0.2946
2024-08-10,0.2065,0.2371,0.2907
2024-08-11,0.1977,0.2325,0.2879
2024-08-12,0.1881,0.2271,0.2851
2024-08-13,0.1825,0.224,0.2834
2024-08-14,0.2099,0.2239,0.2828
2024-08-15,0.3367,0.2485,0.2802
2024-08-16,0.3195,0.2575,0.2761
2024-08-17,0.327,0.262,0.2768
2024-08-18,0.3307,0.271,0.2785
2024-08-19,0.314,0.2755,0.2817
2024-08-20,0.2969,0.2751,0.2829
2024-08-21,0.2797,0.2716,0.2807
2024-08-22,0.2658,0.2676,0.2791
2024-08-23,0.2465,0.2596,0.275
2024-08-24,0.2278,0.2502,0.2701
2024-08-25,0.2537,0.2484,0.27
2024-08-26,0.2752,0.249,0.27
2024-08-27,0.2592,0.2461,0.2683
2024-08-28,0.2443,0.2416,0.2659
2024-08-29,0.2299,0.237,0.263
2024-08-30,0.2169,0.232,0.2608
2024-08-31,0.2065,0.2276,0.2591
2024-09-01,0.2025,0.224,0.2576
2024-09-02,0.2058,0.2154,0.2511
2024-09-03,0.2103,0.2143,0.25
2024-09-04,0.3294,0.225,0.2505
2024-09-05,0.406,0.3516,0.2561
2024-09-06,0.3893,0.3912,0.2657
2024-09-07,0.3846,0.3805,0.2693
2024-09-08,0.4201,0.4155,0.279
2024-09-09,0.4035,0.4086,0.2995
2024-09-10,0.3815,0.3892,0.3048
2024-09-11,0.3736,0.3768,0.3071
2024-09-12,0.3757,0.3726,0.309
2024-09-13,0.3684,0.3662,0.3097
2024-09-14,0.3595,0.3586,0.31
2024-09-15,0.3478,0.3523,0.31
2024-09-16,0.3378,0.3456,0.31
2024-09-17,0.3398,0.3415,0.3095
2024-09-18,0.3416,0.3378,0.309
2024-09-19,0.3306,0.3325,0.3085
2024-09-20,0.3186,0.3264,0.3075
2024-09-21,0.3116,0.3208,0.306
2024-09-22,0.3598,0.3218,0.305
2024-09-23,0.3705,0.339,0.305
2024-09-24,0.3587,0.3415,0.305
2024-09-25,0.356,0.3432,0.3054
2024-09-26,0.4168,0.3879,0.311
2024-09-27,0.4003,0.4045,0.3222
2024-09-28,0.3908,0.3922,0.3264
2024-09-29,0.3836,0.3875,0.3293
2024-09-30,0.3835,0.3814,0.3308
2024-10-01,0.3767,0.3765,0.3319
2024-10-02,0.3792,0.373,0.3328
2024-10-03,0.3714,0.3688,0.3328
2024-10-04,0.3673,0.3645,0.333
2024-10-05,0.3543,0.3585,0.333
2024-10-06,0.3761,0.3606,0.333
2024-10-07,0.3954,0.3804,0.3342
2024-10-08,0.4264,0.4312,0.3747
2024-10-09,0.4152,0.4185,0.3891
2024-10-10,0.4076,0.42,0.3981
2024-10-11,0.3907,0.4055,0.4
2024-10-12,0.387,0.3977,0.399
2024-10-13,0.3858,0.3935,0.3979
2024-10-14,0.3787,0.3863,0.3965
2024-10-15,0.3752,0.3821,0.3955
2024-10-16,0.4338,0.4178,0.3987
2024-10-17,0.4315,0.4345,0.4223
2024-10-18,0.4132,0.4243,0.4275
2024-10-19,0.4062,0.4126,0.4247
2024-10-20,0.3927,0.4018,0.4215
2024-10-21,0.3813,0.3911,0.4171
2024-10-22,0.38,0.3834,0.4145
2024-10-23,0.3772,0.3811,0.4119
2024-10-24,0.3806,0.3818,0.4086
2024-10-25,0.3973,0.3839,0.4057
2024-10-26,0.4042,0.3899,0.4046
2024-10-27,0.4045,0.4031,0.4044
2024-10-28,0.3894,0.4,0.4035
2024-10-29,0.3783,0.3898,0.399
2024-10-30,0.3711,0.382,0.3943
2024-10-31,0.3625,0.375,0.3927
2024-11-01,0.352,0.3664,0.3923
2024-11-02,0.355,0.3627,0.3934
2024-11-03,0.3523,0.3598,0.393
2024-11-04,0.3427,0.3561,0.3888
2024-11-05,0.3382,0.3525,0.388
2024-11-06,0.3524,0.3505,0.3878
2024-11-07,0.342,0.3486,0.3867
2024-11-08,0.343,0.3468,0.3865
2024-11-09,0.3445,0.3464,0.3853
2024-11-10,0.3437,0.3443,0.3841
2024-11-11,0.3431,0.3427,0.3828
2024-11-12,0.3534,0.3461,0.3782
2024-11-13,0.3363,0.3358,0.3707
2024-11-14,0.3294,0.3355,0.37
2024-11-15,0.3312,0.3371,0.3724
2024-11-16,0.3256,0.3351,0.3727
2024-11-17,0.3261,0.3343,0.3689
2024-11-18,0.3333,0.3343,0.3647
2024-11-19,0.3335,0.3362,0.3673
2024-11-20,0.3902,0.3651,0.3748
2024-11-21,0.3976,0.3812,0.3695
2024-11-22,0.3791,0.3803,0.3698
2024-11-23,0.3758,0.3823,0.3718
2024-11-24,0.4,0.3849,0.3773
2024-11-25,0.4343,0.4245,0.3951
2024-11-26,0.408,0.4242,0.4282
2024-11-27,0.3984,0.406,0.4207
2024-11-28,0.397,0.3986,0.4192
2024-11-29,0.3913,0.3925,0.4218
2024-11-30,0.377,0.3845,0.4187
2025-04-01,0.3483,0.3859,0.3718
2025-04-02,0.3687,0.379,0.3642
2025-04-03,0.3491,0.3707,0.3658
2025-04-04,0.3356,0.3714,0.3475
2025-04-05,0.3397,0.3699,0.3411
2025-04-06,0.2995,0.3392,0.3459
2025-04-07,0.2948,0.334,0.3558
2025-04-08,0.2787,0.3202,0.3931
2025-04-09,0.2509,0.307,0.4137
2025-04-10,0.244,0.3101,0.4271
2025-04-11,0.2764,0.3186,0.4242
2025-04-12,0.3211,0.3235,0.4127
2025-04-13,0.3571,0.3364,0.4252
2025-04-14,0.3783,0.3461,0.4136
2025-04-15,0.4227,0.3865,0.406
2025-04-16,0.4276,0.431,0.4082
2025-04-17,0.4143,0.4214,0.4157
2025-04-18,0.3979,0.4123,0.4155
2025-04-19,0.4093,0.4047,0.414
2025-04-20,0.4171,0.423,0.4158
2025-04-21,0.3911,0.4079,0.4165
2025-04-22,0.3838,0.397,0.4152
2025-04-23,0.3995,0.4036,0.4179
2025-04-24,0.4005,0.401,0.4159
2025-04-25,0.3891,0.3971,0.414
2025-04-26,0.3645,0.3827,0.4125
2025-04-27,0.3526,0.3692,0.4069
2025-04-28,0.3469,0.3558,0.4018
2025-04-29,0.3588,0.3635,0.4102
2025-04-30,0.3062,0.346,0.4086
2025-05-01,0.2856,0.3354,0.4094
2025-05-02,0.2562,0.3192,0.4185
2025-05-03,0.2982,0.2892,0.4102
2025-05-04,0.3445,0.2955,0.4
2025-05-05,0.3891,0.3447,0.3907
2025-05-06,0.3731,0.352,0.3831
2025-05-07,0.378,0.354,0.3696
2025-05-08,0.385,0.3593,0.3566
2025-05-09,0.3845,0.3633,0.3517
2025-05-10,0.3868,0.3686,0.3441
2025-05-11,0.3942,0.3792,0.3449
2025-05-12,0.4081,0.3965,0.3435
2025-05-13,0.3881,0.3911,0.3455
2025-05-14,0.3728,0.3786,0.3455
2025-05-15,0.3402,0.3663,0.3413
2025-05-16,0.3086,0.3507,0.3357
2025-05-17,0.2925,0.3343,0.3318
2025-05-18,0.2819,0.3215,0.3286
2025-05-19,0.2762,0.311,0.3253
2025-05-20,0.3227,0.3008,0.3232
2025-05-21,0.2938,0.292,0.319
2025-05-22,0.3095,0.289,0.3165
2025-05-23,0.2941,0.2855,0.3141
2025-05-24,0.2675,0.2777,0.3103
2025-05-25,0.2507,0.2705,0.3079
2025-05-26,0.2084,0.2629,0.3052
2025-05-27,0.199,0.2554,0.3021
2025-05-28,0.1852,0.2447,0.2982
2025-05-29,0.1746,0.232,0.2927
2025-05-30,0.1579,0.2164,0.2858
2025-05-31,0.1332,0.1894,0.2717
2025-06-01,0.1527,0.1929,0.2727
2025-06-02,0.2225,0.1966,0.2748
2025-06-03,0.3225,0.2397,0.2743
2025-06-04,0.3671,0.2748,0.2601
2025-06-05,0.3578,0.3273,0.2571
2025-06-06,0.3255,0.3183,0.2531
2025-06-07,0.3375,0.3128,0.2503
2025-06-08,0.2998,0.3033,0.2436
2025-06-09,0.2702,0.292,0.2407
2025-06-10,0.2467,0.2804,0.2358
2025-06-11,0.2097,0.2583,0.2245
2025-06-12,0.1733,0.2336,0.2176
2025-06-13,0.1599,0.2196,0.2169
2025-06-14,0.1537,0.2095,0.216
2025-06-15,0.1665,0.1932,0.2097
2025-06-16,0.1832,0.1927,0.2113
2025-06-17,0.1708,0.1928,0.2142
2025-06-18,0.1577,0.1844,0.2121
2025-06-19,0.1501,0.1785,0.2102
2025-06-20,0.1474,0.176,0.2108
2025-06-21,0.153,0.1782,0.2125
2025-06-22,0.13,0.1646,0.2056
2025-06-23,0.1762,0.173,0.2153
2025-06-24,0.1574,0.1648,0.2112
2025-06-25,0.1431,0.1504,0.2018
2025-06-26,0.1247,0.15,0.1946
2025-06-27,0.1298,0.15,0.1985
2025-06-28,0.1283,0.15,0.1959
2025-06-29,0.1137,0.15,0.1915
2025-06-30,0.1225,0.15,0.1948
2025-07-01,0.1365,0.15,0.2093
2025-07-02,0.1415,0.1501,0.2102
2025-07-03,0.171,0.151,0.2185
2025-07-04,0.1592,0.1475,0.2172
2025-07-05,0.1413,0.1467,0.2098
2025-07-06,0.157,0.147,0.2055
2025-07-07,0.1785,0.147,0.2031
2025-07-08,0.1749,0.1475,0.202
2025-07-09,0.1631,0.148,0.2007
2025-07-10,0.1377,0.148,0.1961
2025-07-11,0.1289,0.148,0.1915
2025-07-12,0.1339,0.148,0.1899
2025-07-13,0.2108,0.1492,0.1872
2025-07-14,0.1879,0.15,0.183
2025-07-15,0.1784,0.15,0.1826
2025-07-16,0.175,0.1508,0.1856
2025-07-17,0.1407,0.151,0.1745
2025-07-18,0.1361,0.151,0.1715
2025-07-19,0.3102,0.191,0.172
2025-07-20,0.3214,0.2005,0.1645
2025-07-21,0.3435,0.2167,0.1663
2025-07-22,0.2851,0.221,0.1671
2025-07-23,0.2868,0.2205,0.1662
2025-07-24,0.3246,0.2384,0.1641
2025-07-25,0.2933,0.2397,0.1665
2025-07-26,0.2877,0.2408,0.1704
2025-07-27,0.2676,0.2359,0.1727
2025-07-28,0.2788,0.2329,0.184
2025-07-29,0.2638,0.2313,0.199
2025-07-30,0.2259,0.2219,0.1923
2025-07-31,0.21,0.2173,0.192
2025-08-01,0.19,0.2108,0.1911
2025-08-02,0.1779,0.205,0.191
2025-08-03,0.184,0.2061,0.1909
2025-08-04,0.1685,0.2001,0.1892
2025-08-05,0.1429,0.1886,0.1845
2025-08-06,0.139,0.183,0.1843
2025-08-07,0.1314,0.1769,0.1985
2025-08-08,0.1303,0.1721,0.199
2025-08-09,0.1305,0.1677,0.1986
2025-08-10,0.132,0.1646,0.1975
2025-08-11,0.132,0.162,0.1961
2025-08-12,0.132,0.1593,0.1945
2025-08-13,0.1325,0.1664,0.1988
2025-08-14,0.1761,0.1852,0.2087
2025-08-15,0.1758,0.1777,0.2123
2025-08-16,0.1549,0.1668,0.21
2025-08-17,0.1501,0.1696,0.2105
2025-08-18,0.141,0.1608,0.2075
2025-08-19,0.159,0.158,0.2079
2025-08-20,0.3193,0.179,0.2237
2025-08-21,0.3129,0.2239,0.2236
2025-08-22,0.2854,0.2269,0.2221
2025-08-23,0.2348,0.218,0.2192
2025-08-24,0.1849,0.2058,0.2141
2025-08-25,0.1606,0.1969,0.2135
2025-08-26,0.156,0.1924,0.2154
2025-08-27,0.1794,0.1843,0.2156
2025-08-28,0.3656,0.2096,0.185
2025-08-29,0.3422,0.2373,0.1924
2025-08-30,0.3312,0.2536,0.2041
2025-08-31,0.2966,0.2532,0.2017
2025-09-01,0.4125,0.3683,0.2048
2025-09-02,0.3839,0.3879,0.2173
2025-09-03,0.3581,0.3681,0.2215
2025-09-04,0.3898,0.3806,0.225
2025-09-05,0.3783,0.3785,0.2295
2025-09-06,0.3531,0.3618,0.2325
2025-09-07,0.3215,0.3461,0.2335
2025-09-08,0.3073,0.3307,0.229
2025-09-09,0.3405,0.3238,0.2282
2025-09-10,0.3192,0.318,0.229
2025-09-11,0.2955,0.3078,0.2288
2025-09-12,0.2835,0.3012,0.2299
2025-09-13,0.292,0.298,0.2333
2025-09-14,0.3107,0.2956,0.2369
2025-09-15,0.2997,0.2898,0.2371
2025-09-16,0.2707,0.2755,0.2322
2025-09-17,0.2657,0.2745,0.2344
2025-09-18,0.2444,0.2652,0.2335
2025-09-19,0.2159,0.2505,0.2288
2025-09-20,0.1952,0.2389,0.2256
2025-09-21,0.3425,0.2626,0.2228
2025-09-22,0.4082,0.3887,0.2282
2025-09-23,0.3886,0.3838,0.2359
2025-09-24,0.3867,0.3753,0.2425
2025-09-25,0.3787,0.3696,0.2474
2025-09-26,0.3891,0.3677,0.2513
2025-09-27,0.372,0.3662,0.2543
2025-09-28,0.3554,0.3576,0.2568
2025-09-29,0.348,0.3502,0.2589
2025-09-30,0.3363,0.3429,0.2596
2025-10-01,0.3323,0.3385,0.261
2025-10-02,0.325,0.3335,0.262
2025-10-03,0.3267,0.3338,0.2647
2025-10-04,0.3232,0.3271,0.2643
2025-10-05,0.3116,0.3198,0.2632
2025-10-06,0.2942,0.3137,0.263
2025-10-07,0.2825,0.3068,0.2633
2025-10-08,0.2779,0.3015,0.263
2025-10-09,0.2838,0.3006,0.264
2025-10-10,0.29,0.3017,0.265
2025-10-11,0.2767,0.2937,0.264
2025-10-12,0.2788,0.2944,0.2653
2025-10-13,0.2776,0.294,0.266
2025-10-14,0.2852,0.2978,0.268
2025-10-15,0.2958,0.3038,0.27
2025-10-16,0.3023,0.3074,0.271
2025-10-17,0.3061,0.3103,0.2725
2025-10-18,0.2973,0.3053,0.272
2025-10-19,0.2978,0.3025,0.272
2025-10-20,0.403,0.3553,0.2741
2025-10-21,0.3913,0.3622,0.2799
2025-10-22,0.4001,0.374,0.2819
2025-10-23,0.4097,0.3899,0.286
2025-10-24,0.4052,0.396,0.2924
2025-10-25,0.396,0.3984,0.2999
2025-10-26,0.3864,0.3864,0.3036
2025-10-27,0.3796,0.379,0.3062
2025-10-28,0.37,0.3727,0.3082
2025-10-29,0.3964,0.3821,0.3102
2025-10-30,0.3998,0.4013,0.3147
2025-10-31,0.3786,0.3892,0.3184
2025-11-01,0.4047,0.3886,0.3214
2025-11-02,0.421,0.416,0.3282
2025-11-03,0.3926,0.3993,0.3337
2025-11-04,0.381,0.3882,0.3374
2025-11-05,0.347,0.3774,0.3385
2025-11-06,0.3709,0.3713,0.3395
2025-11-07,0.3839,0.3737,0.339
2025-11-08,0.3747,0.3733,0.3408
2025-11-09,0.3732,0.3711,0.3428
2025-11-10,0.379,0.3707,0.3455
2025-11-11,0.3747,0.3703,0.3468
2025-11-12,0.3567,0.3671,0.347
2025-11-13,0.3562,0.3654,0.348
2025-11-14,0.3441,0.3617,0.348
2025-11-15,0.4207,0.3974,0.3499
2025-11-16,0.4211,0.4247,0.3636
2025-11-17,0.4054,0.4088,0.3714
2025-11-18,0.393,0.4005,0.3743
2025-11-19,0.3827,0.3933,0.3755
2025-11-20,0.3785,0.3875,0.376
2025-11-21,0.3742,0.3836,0.376
2025-11-22,0.3715,0.3804,0.376
2025-11-23,0.3821,0.3787,0.376
2025-11-24,0.4098,0.3903,0.376
2025-11-25,0.392,0.397,0.3774
2025-11-26,0.3831,0.3921,0.3784
2025-11-27,0.3782,0.3876,0.379
2025-11-28,0.3957,0.388,0.379
2025-11-29,0.4103,0.4019,0.38
2025-11-30,0.3958,0.4004,0.3818
2026-04-01,0.3261,0.3227,0.3255
2026-04-02,0.3257,0.3225,0.3242
2026-04-03,0.3125,0.3188,0.3228
2026-04-04,0.3028,0.3166,0.3218
2026-04-05,0.2831,0.3115,0.3205
2026-04-06,0.2514,0.304,0.3181
2026-04-07,0.2242,0.2889,0.3142
2026-04-08,0.2191,0.2807,0.3127
2026-04-09,0.1944,0.2632,0.3096
2026-04-10,0.1869,0.2512,0.309
2026-04-11,0.1916,0.2388,0.3023
2026-04-12,0.3335,0.2416,0.3124
2026-04-13,0.3857,0.2779,0.3198
2026-04-14,0.3707,0.3102,0.3208
2026-04-15,0.3375,0.3159,0.3203
2026-04-16,0.3079,0.312,0.318
2026-04-17,0.2852,0.3044,0.313
2026-04-18,0.2742,0.3012,0.314
2026-04-19,0.2819,0.2979,0.3109
2026-04-20,0.2599,0.2816,0.3076
2026-04-21,0.2343,0.2672,0.3038
2026-04-22,0.2432,0.2717,0.3043
2026-04-23,0.2683,0.2799,0.3061
2026-04-24,0.2515,0.2743,0.3042
2026-04-25,0.228,0.2617,0.3016
2026-04-26,0.2108,0.2535,0.2944
2026-04-27,0.1997,0.248,0.2938
2026-04-28,0.2705,0.2501,0.2963
2026-04-29,0.3319,0.265,0.2941
2026-04-30,0.3148,0.269,0.2847
2026-05-01,0.288,0.2677,0.2845
2026-05-02,0.2653,0.2641,0.2792
2026-05-03,0.2956,0.2622,0.2763
2026-05-04,0.387,0.2868,0.271
2026-05-05,0.4165,0.3764,0.276
2026-05-06,0.4238,0.419,0.2914
2026-05-07,0.3999,0.404,0.306
2026-05-08,0.3754,0.3862,0.3102
2026-05-09,0.3739,0.3735,0.312
2026-05-10,0.3964,0.3698,0.3128
2026-05-11,0.406,0.3962,0.3164
2026-05-12,0.3718,0.352,0.2369
2026-05-13,0.3467,0.3362,0.2128
2026-05-14,0.3585,0.3312,0.2089
2026-05-15,0.3737,0.3323,0.2108
2026-05-16,0.3913,0.3467,0.2147
2026-05-17,0.3721,0.3522,0.218
2026-05-18,0.3238,0.3404,0.2198
2026-05-19,0.3014,0.3222,0.219
2026-05-20,0.26,0.3085,0.219
2026-05-21,0.2408,0.292,0.2183
2026-05-22,0.2112,0.2675,0.2127
2026-05-23,0.1947,0.2563,0.2116
2026-05-24,0.1872,0.2467,0.2121
2026-05-25,0.1719,0.236,0.2125
2026-05-26,0.1513,0.223,0.2135
2026-05-27,0.1457,0.2188,0.2165
2026-05-28,0.1458,0.2079,0.2145
2026-05-29,0.1417,0.1928,0.2089
2026-05-30,0.1627,0.193,0.2106
2026-05-31,0.1722,0.187,0.208
2026-06-01,0.1798,0.1839,0.2072
2026-06-02,0.1818,0.1841,0.2073
2026-06-03,0.1863,0.1901,0.209
2026-06-04,0.2992,0.2121,0.21
2026-06-05,0.3362,0.2506,0.21
2026-06-06,0.2826,0.2492,0.2097
2026-06-07,0.2321,0.2378,0.2071
2026-06-08,0.2309,0.2269,0.2031
2026-06-09,0.2743,0.2201,0.2053
2026-06-10,0.2569,0.2231,0.2107
2026-06-11,0.2271,0.2205,0.212
2026-06-12,0.1955,0.2108,0.2101
2026-06-13,0.1685,0.2003,0.2064
2026-06-14,0.1493,0.1888,0.2035
2026-06-15,0.1497,0.1821,0.2031
2026-06-16,0.1387,0.1743,0.2007
2026-06-17,0.1523,0.1727,0.2001
2026-06-18,0.1545,0.1693,0.1992
2026-06-19,0.1506,0.1638,0.1975
2026-06-20,0.1507,0.1622,0.1967
2026-06-21,0.1457,0.1603,0.1953
2026-06-22,0.1439,0.1604,0.194
2026-06-23,0.1574,0.1657,0.1942
2026-06-24,0.16,0.1694,0.1953
2026-06-25,0.1603,0.1661,0.1926
2026-06-26,0.1285,0.1622,0.1888
2026-06-27,0.1175,0.1587,0.1845
2026-06-28,0.1203,0.1565,0.1842
2026-06-29,0.1329,0.1554,0.1887
2026-06-30,0.1451,0.096,0.2031
2026-07-01,0.145,0.0966,0.2014
2026-07-02,0.1378,0.097,0.2006
2026-07-03,0.1305,0.0973,0.1982
2026-07-04,0.1374,0.098,0.199
2026-07-05,0.1348,0.098,0.1957
2026-07-06,0.1228,0.0987,0.1923
2026-07-07,0.1285,0.099,0.1904
2026-07-08,0.1373,0.099,0.1899
2026-07-09,0.127,0.099,0.1865
2026-07-10,0.1279,0.0999,0.185
2026-07-11,0.1996,0.1003,0.1934
2026-07-12,0.1561,0.1009,0.1917
2026-07-13,0.1133,0.101,0.1869
2026-07-14,0.1193,0.101,0.187
2026-07-15,0.1592,0.1019,0.1803
2026-07-16,0.2132,0.1036,0.18
2026-07-17,0.2027,0.1048,0.2038
2026-07-18,0.1145,0.1051,0.2038
2026-07-19,0.1623,0.106,0.21
2026-07-20,0.1716,0.1065,0.2106
2026-07-21,0.1597,0.1071,0.213
2026-07-22,0.1545,0.108,0.2127
2026-07-23,0.1515,0.1085,0.214
2026-07-24,0.1465,0.109,0.214
2026-07-25,0.1566,0.1096,0.2089
2026-07-26,0.3116,0.1293,0.201
2026-07-27,0.2355,0.1353,0.2004
2026-07-28,0.1757,0.137,0.1992
2026-07-29,0.1439,0.137,0.1928
2026-07-30,0.1502,0.1371,0.1981
2026-07-31,0.1595,0.1376,0.2015
2026-08-01,0.1661,0.138,0.2028
2026-08-02,0.1638,0.138,0.1995
2026-08-03,0.1543,0.1387,0.1989
2026-08-04,0.1515,0.139,0.1924
2026-08-05,0.206,0.1397,0.1843
2026-08-06,0.1817,0.1404,0.1852
2026-08-07,0.1683,0.141,0.1836
2026-08-08,0.1595,0.141,0.1857
2026-08-09,0.1655,0.141,0.1857
2026-08-10,0.2011,0.1413,0.1815
2026-08-11,0.1958,0.142,0.1792
2026-08-12,0.1857,0.1427,0.179
2026-08-13,0.1369,0.143,0.1732
2026-08-14,0.1299,0.143,0.1789
2026-08-15,0.1747,0.143,0.1873
2026-08-16,0.1745,0.1433,0.15
2026-08-17,0.2298,0.1451,0.15
2026-08-18,0.2132,0.1465,0.1508
2026-08-19,0.1776,0.147,0.153
2026-08-20,0.1842,0.1473,0.148
2026-08-21,0.3574,0.1845,0.15
2026-08-22,0.2185,0.1875,0.1503
2026-08-23,0.1808,0.1739,0.1504
2026-08-24,0.1737,0.1586,0.146
2026-08-25,0.1933,0.1567,0.147
2026-08-26,0.2118,0.1673,0.147
2026-08-27,0.1835,0.1614,0.1471
2026-08-28,0.2553,0.1595,0.148
2026-08-29,0.2579,0.1594,0.148
2026-08-30,0.2171,0.1572,0.1482
2026-08-31,0.2001,0.1593,0.149
2026-09-01,0.1915,0.171,0.149
2026-09-02,0.1948,0.1846,0.1493
2026-09-03,0.1855,0.1859,0.15
2026-09-04,0.1656,0.182,0.15
2026-09-05,0.1665,0.1847,0.1504
2026-09-06,0.1667,0.1836,0.151
2026-09-07,0.1526,0.1775,0.1505
2026-09-08,0.1487,0.1733,0.1537
2026-09-09,0.1974,0.1759,0.1556
2026-09-10,0.2255,0.1775,0.1547
2026-09-11,0.1975,0.1753,0.1663
2026-09-12,0.1749,0.168,0.163
2026-09-13,0.1584,0.1624,0.1646
2026-09-14,0.1427,0.1595,0.1649
2026-09-15,0.1393,0.161,0.1653
2026-09-16,0.1429,0.16,0.164
2026-09-17,0.1487,0.1616,0.1662
2026-09-18,0.148,0.1661,0.1668
2026-09-19,0.1411,0.1621,0.1615
2026-09-20,0.1505,0.1633,0.1687
2026-09-21,0.1395,0.16,0.1673
2026-09-22,0.1393,0.1593,0.1671
2026-09-23,0.143,0.1658,0.1702
2026-09-24,0.157,0.1681,0.1725
2026-09-25,0.1608,0.1662,0.1732
2026-09-26,0.1608,0.1645,0.175
2026-09-27,0.1571,0.1634,0.176
2026-09-28,0.1512,0.1624,0.175
2026-09-29,0.1491,0.1615,0.175
2026-09-30,0.2581,0.1789,0.155
2026-10-01,0.379,0.2735,0.1557
2026-10-02,0.3452,0.2928,0.1566
2026-10-03,0.3232,0.2895,0.1545
2026-10-04,0.2946,0.2817,0.1533
2026-10-05,0.2805,0.2797,0.1549
2026-10-06,0.2501,0.2663,0.15
2026-10-07,0.3653,0.2918,0.1507
